{
"type": "FeatureCollection",
"name": "marnet_densified_",
"crs": { "type": "name", "properties": { "name": "urn:ogc:def:crs:OGC:1.3:CRS84" } },
"features": [
{ "type": "Feature", "properties": { "id": 1 }, "geometry": { "type": "LineString", "coordinates": [ [ -180.0, -50.0 ], [ -174.563, -45.1104 ], [ -170.0, -40.0 ] ] } },
{ "type": "Feature", "properties": { "id": 2 }, "geometry": { "type": "LineString", "coordinates": [ [ -92.8863, 28.2242 ], [ -92.5705, 27.8421 ] ] } },
{ "type": "Feature", "properties": { "id": 3 }, "geometry": { "type": "LineString", "coordinates": [ [ -92.8863, 28.2242 ], [ -90.8482, 26.185 ] ] } },
{ "type": "Feature", "properties": { "id": 4 }, "geometry": { "type": "LineString", "coordinates": [ [ -92.5705, 27.8421 ], [ -91.5578, 27.9158 ] ] } },
{ "type": "Feature", "properties": { "id": 5 }, "geometry": { "type": "LineString", "coordinates": [ [ -92.5705, 27.8421 ], [ -92.3207, 29.4539 ] ] } },
{ "type": "Feature", "properties": { "id": 6 }, "geometry": { "type": "LineString", "coordinates": [ [ -92.5705, 27.8421 ], [ -91.9167, 26.1842 ] ] } },
{ "type": "Feature", "properties": { "id": 7 }, "geometry": { "type": "LineString", "coordinates": [ [ -91.9939, 29.6201 ], [ -92.0255, 29.5854 ], [ -92.0381, 29.583 ], [ -92.1091, 29.5094 ], [ -92.1335, 29.3897 ], [ -91.5578, 27.9158 ] ] } },
{ "type": "Feature", "properties": { "id": 8 }, "geometry": { "type": "LineString", "coordinates": [ [ -91.9167, 26.1842 ], [ -90.8482, 26.185 ] ] } },
{ "type": "Feature", "properties": { "id": 9 }, "geometry": { "type": "LineString", "coordinates": [ [ -91.5578, 27.9158 ], [ -91.9167, 26.1842 ] ] } },
{ "type": "Feature", "properties": { "id": 10 }, "geometry": { "type": "LineString", "coordinates": [ [ -91.9167, 26.1842 ], [ -88.9569, 23.9557 ], [ -86.05, 21.7333 ] ] } },
{ "type": "Feature", "properties": { "id": 11 }, "geometry": { "type": "LineString", "coordinates": [ [ -91.0, 26.0 ], [ -91.9167, 26.1842 ] ] } },
{ "type": "Feature", "properties": { "id": 12 }, "geometry": { "type": "LineString", "coordinates": [ [ -170.7, -14.4 ], [ -170.0, -10.0 ] ] } },
{ "type": "Feature", "properties": { "id": 13 }, "geometry": { "type": "LineString", "coordinates": [ [ -89.8999, 28.2842 ], [ -90.1455, 28.0154 ], [ -91.5578, 27.9158 ] ] } },
{ "type": "Feature", "properties": { "id": 14 }, "geometry": { "type": "LineString", "coordinates": [ [ -91.2981, 28.4308 ], [ -91.5578, 27.9158 ] ] } },
{ "type": "Feature", "properties": { "id": 15 }, "geometry": { "type": "LineString", "coordinates": [ [ -91.5483, 28.5839 ], [ -91.5578, 27.9158 ] ] } },
{ "type": "Feature", "properties": { "id": 16 }, "geometry": { "type": "LineString", "coordinates": [ [ -91.5493, 29.1858 ], [ -91.5483, 28.5839 ] ] } },
{ "type": "Feature", "properties": { "id": 17 }, "geometry": { "type": "LineString", "coordinates": [ [ -91.5483, 28.5839 ], [ -91.2981, 28.4308 ] ] } },
{ "type": "Feature", "properties": { "id": 18 }, "geometry": { "type": "LineString", "coordinates": [ [ -90.9528, 29.1678 ], [ -90.9592, 29.0816 ], [ -91.0064, 29.0013 ], [ -91.2981, 28.4308 ] ] } },
{ "type": "Feature", "properties": { "id": 19 }, "geometry": { "type": "LineString", "coordinates": [ [ -91.2981, 28.4308 ], [ -89.8999, 28.2842 ] ] } },
{ "type": "Feature", "properties": { "id": 20 }, "geometry": { "type": "LineString", "coordinates": [ [ -91.0, 13.5 ], [ -89.5, 13.1 ] ] } },
{ "type": "Feature", "properties": { "id": 21 }, "geometry": { "type": "LineString", "coordinates": [ [ -89.5, 13.1 ], [ -89.7166, 13.1597 ], [ -91.0, 13.5 ] ] } },
{ "type": "Feature", "properties": { "id": 22 }, "geometry": { "type": "LineString", "coordinates": [ [ -170.7, -14.4 ], [ -170.6925, -14.3503 ], [ -170.0, -10.0 ] ] } },
{ "type": "Feature", "properties": { "id": 23 }, "geometry": { "type": "LineString", "coordinates": [ [ -89.0, 28.8 ], [ -91.0, 26.0 ] ] } },
{ "type": "Feature", "properties": { "id": 24 }, "geometry": { "type": "LineString", "coordinates": [ [ -86.0, 22.0 ], [ -91.0, 26.0 ] ] } },
{ "type": "Feature", "properties": { "id": 25 }, "geometry": { "type": "LineString", "coordinates": [ [ -82.7, 24.3 ], [ -86.821, 25.206 ], [ -91.0, 26.0 ] ] } },
{ "type": "Feature", "properties": { "id": 26 }, "geometry": { "type": "LineString", "coordinates": [ [ -90.8482, 26.185 ], [ -86.05, 21.7333 ] ] } },
{ "type": "Feature", "properties": { "id": 27 }, "geometry": { "type": "LineString", "coordinates": [ [ -90.8482, 26.185 ], [ -89.8711, 26.1842 ] ] } },
{ "type": "Feature", "properties": { "id": 28 }, "geometry": { "type": "LineString", "coordinates": [ [ -90.3009, 30.2948 ], [ -90.1328, 30.2544 ], [ -90.0958, 30.2474 ], [ -90.0347, 30.0314 ], [ -90.0303, 30.0178 ], [ -90.0268, 30.007 ], [ -90.02, 29.989 ] ] } },
{ "type": "Feature", "properties": { "id": 29 }, "geometry": { "type": "LineString", "coordinates": [ [ -90.2269, 29.0829 ], [ -89.8999, 28.2842 ] ] } },
{ "type": "Feature", "properties": { "id": 30 }, "geometry": { "type": "LineString", "coordinates": [ [ -90.02, 29.989 ], [ -90.022, 29.9807 ], [ -90.0266, 29.9668 ] ] } },
{ "type": "Feature", "properties": { "id": 31 }, "geometry": { "type": "LineString", "coordinates": [ [ -90.02, 29.989 ], [ -90.0216, 29.9827 ], [ -90.0235, 29.9764 ], [ -90.0266, 29.9668 ] ] } },
{ "type": "Feature", "properties": { "id": 32 }, "geometry": { "type": "LineString", "coordinates": [ [ -90.0266, 29.9668 ], [ -90.0278, 29.963 ], [ -90.0284, 29.9594 ], [ -90.0275, 29.9568 ], [ -90.0283, 29.9547 ], [ -90.0199, 29.9502 ], [ -90.0018, 29.94 ], [ -89.9619, 29.9227 ], [ -89.9359, 29.9222 ], [ -89.9619, 29.6743 ], [ -89.7933, 29.5713 ], [ -89.6876, 29.4799 ], [ -89.6676, 29.4643 ], [ -89.6473, 29.4576 ], [ -89.6236, 29.4582 ], [ -89.6068, 29.451 ], [ -89.6008, 29.4408 ], [ -89.6077, 29.4182 ], [ -89.6073, 29.4108 ], [ -89.6019, 29.3993 ], [ -89.5939, 29.3906 ], [ -89.5885, 29.385 ], [ -89.5663, 29.3726 ], [ -89.5413, 29.3646 ], [ -89.5285, 29.3625 ], [ -89.5091, 29.3564 ], [ -89.4848, 29.3426 ], [ -89.4704, 29.3463 ], [ -89.4541, 29.3645 ], [ -89.433, 29.3605 ], [ -89.4054, 29.3443 ], [ -89.3558, 29.2866 ] ] } },
{ "type": "Feature", "properties": { "id": 33 }, "geometry": { "type": "LineString", "coordinates": [ [ -90.02, 29.989 ], [ -90.0136, 29.9949 ], [ -89.9921, 29.9985 ], [ -89.9291, 30.0077 ], [ -89.8841, 29.9776 ], [ -89.8404, 29.9424 ], [ -89.8091, 29.9168 ], [ -89.7092, 29.8656 ], [ -89.6786, 29.8567 ], [ -89.6264, 29.8422 ], [ -89.6215, 29.8402 ], [ -89.6006, 29.8258 ], [ -89.5758, 29.8086 ], [ -89.3875, 29.6768 ], [ -89.1283, 29.4962 ], [ -89.1204, 29.4918 ] ] } },
{ "type": "Feature", "properties": { "id": 34 }, "geometry": { "type": "LineString", "coordinates": [ [ -80.0, -60.0 ], [ -90.0, -60.0 ] ] } },
{ "type": "Feature", "properties": { "id": 35 }, "geometry": { "type": "LineString", "coordinates": [ [ -80.0, -50.0 ], [ -84.3743, -55.1031 ], [ -90.0, -60.0 ] ] } },
{ "type": "Feature", "properties": { "id": 36 }, "geometry": { "type": "LineString", "coordinates": [ [ -90.0, -50.0 ], [ -89.9957, -55.0021 ], [ -90.0, -60.0 ] ] } },
{ "type": "Feature", "properties": { "id": 37 }, "geometry": { "type": "LineString", "coordinates": [ [ -170.7, -14.4 ], [ -170.0, -20.0 ] ] } },
{ "type": "Feature", "properties": { "id": 38 }, "geometry": { "type": "LineString", "coordinates": [ [ -90.0, -50.0 ], [ -80.0, -50.0 ] ] } },
{ "type": "Feature", "properties": { "id": 39 }, "geometry": { "type": "LineString", "coordinates": [ [ -90.0, -50.0 ], [ -84.563, -45.1104 ], [ -80.0, -40.0 ] ] } },
{ "type": "Feature", "properties": { "id": 40 }, "geometry": { "type": "LineString", "coordinates": [ [ -90.0, -50.0 ], [ -89.997, -45.0022 ], [ -90.0, -40.0 ] ] } },
{ "type": "Feature", "properties": { "id": 41 }, "geometry": { "type": "LineString", "coordinates": [ [ -90.0, -50.0 ], [ -85.2289, -54.9724 ], [ -80.0, -60.0 ] ] } },
{ "type": "Feature", "properties": { "id": 42 }, "geometry": { "type": "LineString", "coordinates": [ [ -170.0, -20.0 ], [ -170.0967, -19.1816 ], [ -170.7, -14.4 ] ] } },
{ "type": "Feature", "properties": { "id": 43 }, "geometry": { "type": "LineString", "coordinates": [ [ -80.0, -30.0 ], [ -84.6948, -35.1041 ], [ -90.0, -40.0 ] ] } },
{ "type": "Feature", "properties": { "id": 44 }, "geometry": { "type": "LineString", "coordinates": [ [ -90.0, -30.0 ], [ -89.9979, -35.0021 ], [ -90.0, -40.0 ] ] } },
{ "type": "Feature", "properties": { "id": 45 }, "geometry": { "type": "LineString", "coordinates": [ [ -80.0, -50.0 ], [ -85.2847, -45.0325 ], [ -90.0, -40.0 ] ] } },
{ "type": "Feature", "properties": { "id": 46 }, "geometry": { "type": "LineString", "coordinates": [ [ -80.0, -40.0 ], [ -85.0004, -40.1068 ], [ -90.0, -40.0 ] ] } },
{ "type": "Feature", "properties": { "id": 47 }, "geometry": { "type": "LineString", "coordinates": [ [ -90.0, -30.0 ], [ -84.7972, -25.085 ], [ -80.0, -20.0 ] ] } },
{ "type": "Feature", "properties": { "id": 48 }, "geometry": { "type": "LineString", "coordinates": [ [ -90.0, -30.0 ], [ -89.9986, -25.0017 ], [ -90.0, -20.0 ] ] } },
{ "type": "Feature", "properties": { "id": 49 }, "geometry": { "type": "LineString", "coordinates": [ [ -90.0, -30.0 ], [ -85.3071, -35.1023 ], [ -80.0, -40.0 ] ] } },
{ "type": "Feature", "properties": { "id": 50 }, "geometry": { "type": "LineString", "coordinates": [ [ -80.0, -30.0 ], [ -85.0005, -30.0935 ], [ -90.0, -30.0 ] ] } },
{ "type": "Feature", "properties": { "id": 51 }, "geometry": { "type": "LineString", "coordinates": [ [ -90.0, -20.0 ], [ -87.4073, -17.5444 ], [ -84.8837, -15.0555 ], [ -82.4181, -12.5389 ], [ -80.0, -10.0 ] ] } },
{ "type": "Feature", "properties": { "id": 52 }, "geometry": { "type": "LineString", "coordinates": [ [ -90.0, -20.0 ], [ -89.9992, -15.0011 ], [ -90.0, -10.0 ] ] } },
{ "type": "Feature", "properties": { "id": 53 }, "geometry": { "type": "LineString", "coordinates": [ [ -80.0, -30.0 ], [ -85.2045, -25.0836 ], [ -90.0, -20.0 ] ] } },
{ "type": "Feature", "properties": { "id": 54 }, "geometry": { "type": "LineString", "coordinates": [ [ -80.0, -20.0 ], [ -85.0004, -20.0692 ], [ -90.0, -20.0 ] ] } },
{ "type": "Feature", "properties": { "id": 55 }, "geometry": { "type": "LineString", "coordinates": [ [ -81.8, -0.9 ], [ -85.8692, -5.4642 ], [ -90.0, -10.0 ] ] } },
{ "type": "Feature", "properties": { "id": 56 }, "geometry": { "type": "LineString", "coordinates": [ [ -90.0, -10.0 ], [ -89.9997, -5.0004 ], [ -90.0, -0.00003 ] ] } },
{ "type": "Feature", "properties": { "id": 57 }, "geometry": { "type": "LineString", "coordinates": [ [ -80.0, -20.0 ], [ -82.5937, -17.5438 ], [ -85.1175, -15.0547 ], [ -87.5827, -12.5384 ], [ -90.0, -10.0 ] ] } },
{ "type": "Feature", "properties": { "id": 58 }, "geometry": { "type": "LineString", "coordinates": [ [ -160.0, -50.0 ], [ -170.0, -50.0 ] ] } },
{ "type": "Feature", "properties": { "id": 59 }, "geometry": { "type": "LineString", "coordinates": [ [ -90.0, -10.0 ], [ -85.0002, -10.0367 ], [ -80.0, -10.0 ] ] } },
{ "type": "Feature", "properties": { "id": 60 }, "geometry": { "type": "LineString", "coordinates": [ [ -80.0, 7.0 ], [ -85.0185, 3.5134 ], [ -90.0, -0.00003 ] ] } },
{ "type": "Feature", "properties": { "id": 61 }, "geometry": { "type": "LineString", "coordinates": [ [ -87.6, 12.0 ], [ -88.8134, 6.002 ], [ -90.0, -0.00003 ] ] } },
{ "type": "Feature", "properties": { "id": 62 }, "geometry": { "type": "LineString", "coordinates": [ [ -80.0, -10.0 ], [ -82.5336, -7.5167 ], [ -85.0384, -5.019 ], [ -87.524, -2.5119 ], [ -90.0, -0.00003 ] ] } },
{ "type": "Feature", "properties": { "id": 63 }, "geometry": { "type": "LineString", "coordinates": [ [ -81.8, -0.9 ], [ -85.9003, -0.4512 ], [ -90.0, -0.00003 ] ] } },
{ "type": "Feature", "properties": { "id": 64 }, "geometry": { "type": "LineString", "coordinates": [ [ -89.8999, 28.2842 ], [ -89.5864, 28.6394 ] ] } },
{ "type": "Feature", "properties": { "id": 65 }, "geometry": { "type": "LineString", "coordinates": [ [ -89.8999, 28.2842 ], [ -89.8711, 26.1842 ] ] } },
{ "type": "Feature", "properties": { "id": 66 }, "geometry": { "type": "LineString", "coordinates": [ [ -89.8999, 28.2842 ], [ -88.4725, 28.1053 ] ] } },
{ "type": "Feature", "properties": { "id": 67 }, "geometry": { "type": "LineString", "coordinates": [ [ -89.8711, 26.1842 ], [ -85.7171, 26.3095 ] ] } },
{ "type": "Feature", "properties": { "id": 68 }, "geometry": { "type": "LineString", "coordinates": [ [ -89.8711, 26.1842 ], [ -86.05, 21.7333 ] ] } },
{ "type": "Feature", "properties": { "id": 69 }, "geometry": { "type": "LineString", "coordinates": [ [ -82.7, 24.3 ], [ -86.2788, 23.2396 ], [ -89.8, 22.1 ] ] } },
{ "type": "Feature", "properties": { "id": 70 }, "geometry": { "type": "LineString", "coordinates": [ [ -89.8, 22.1 ], [ -86.0, 22.0 ] ] } },
{ "type": "Feature", "properties": { "id": 71 }, "geometry": { "type": "LineString", "coordinates": [ [ -89.5864, 28.6394 ], [ -89.3702, 28.716 ] ] } },
{ "type": "Feature", "properties": { "id": 72 }, "geometry": { "type": "LineString", "coordinates": [ [ -170.0, -40.0 ], [ -175.3071, -35.1023 ], [ -180.0, -30.0 ] ] } },
{ "type": "Feature", "properties": { "id": 73 }, "geometry": { "type": "LineString", "coordinates": [ [ -170.0, -50.0 ], [ -164.563, -45.1105 ], [ -160.0, -40.0 ] ] } },
{ "type": "Feature", "properties": { "id": 74 }, "geometry": { "type": "LineString", "coordinates": [ [ -89.4328, 28.8137 ], [ -89.5864, 28.6394 ] ] } },
{ "type": "Feature", "properties": { "id": 75 }, "geometry": { "type": "LineString", "coordinates": [ [ -89.5, 13.1 ], [ -88.1, 12.7 ] ] } },
{ "type": "Feature", "properties": { "id": 76 }, "geometry": { "type": "LineString", "coordinates": [ [ -89.5, 13.1 ], [ -89.3428, 13.0565 ], [ -88.1, 12.7 ] ] } },
{ "type": "Feature", "properties": { "id": 77 }, "geometry": { "type": "LineString", "coordinates": [ [ -89.2549, 29.1604 ], [ -89.2575, 29.1364 ], [ -89.2617, 29.1258 ], [ -89.2855, 29.0821 ], [ -89.2908, 29.0764 ], [ -89.3031, 29.0664 ], [ -89.3102, 29.06 ], [ -89.3193, 29.0441 ], [ -89.3338, 29.0277 ], [ -89.3573, 28.9988 ], [ -89.3889, 28.9614 ], [ -89.4248, 28.9116 ], [ -89.4317, 28.9048 ], [ -89.4328, 28.8137 ] ] } },
{ "type": "Feature", "properties": { "id": 78 }, "geometry": { "type": "LineString", "coordinates": [ [ -89.4328, 28.8137 ], [ -89.3702, 28.716 ] ] } },
{ "type": "Feature", "properties": { "id": 79 }, "geometry": { "type": "LineString", "coordinates": [ [ -89.4104, 29.0756 ], [ -89.3882, 29.0986 ], [ -89.3718, 29.1184 ], [ -89.3599, 29.1371 ], [ -89.3529, 29.1663 ], [ -89.346, 29.1795 ], [ -89.3397, 29.1955 ], [ -89.3422, 29.2087 ], [ -89.3416, 29.2285 ], [ -89.3454, 29.2467 ], [ -89.3495, 29.2605 ], [ -89.3514, 29.265 ], [ -89.3508, 29.2707 ], [ -89.3468, 29.2749 ] ] } },
{ "type": "Feature", "properties": { "id": 80 }, "geometry": { "type": "LineString", "coordinates": [ [ -89.3702, 28.716 ], [ -89.0089, 28.9357 ] ] } },
{ "type": "Feature", "properties": { "id": 81 }, "geometry": { "type": "LineString", "coordinates": [ [ -89.3702, 28.716 ], [ -87.659, 25.2355 ], [ -86.05, 21.7333 ] ] } },
{ "type": "Feature", "properties": { "id": 82 }, "geometry": { "type": "LineString", "coordinates": [ [ -89.3702, 28.716 ], [ -89.291, 28.6086 ], [ -88.4725, 28.1053 ] ] } },
{ "type": "Feature", "properties": { "id": 83 }, "geometry": { "type": "LineString", "coordinates": [ [ -89.3558, 29.2866 ], [ -89.3545, 29.2891 ], [ -89.3501, 29.29 ], [ -89.3477, 29.2933 ], [ -89.3432, 29.2939 ], [ -89.333, 29.2986 ], [ -89.3295, 29.2995 ], [ -89.3231, 29.3073 ], [ -89.3232, 29.3079 ], [ -89.3225, 29.3097 ], [ -89.3194, 29.313 ], [ -89.3166, 29.3177 ], [ -89.3163, 29.3198 ], [ -89.3137, 29.3242 ], [ -89.3125, 29.3276 ], [ -89.3093, 29.3319 ], [ -89.3066, 29.3344 ], [ -89.3041, 29.3379 ], [ -89.3018, 29.3487 ], [ -89.3011, 29.3558 ], [ -89.2992, 29.3601 ], [ -89.2985, 29.3637 ], [ -89.2998, 29.3975 ], [ -89.1204, 29.4918 ] ] } },
{ "type": "Feature", "properties": { "id": 84 }, "geometry": { "type": "LineString", "coordinates": [ [ -89.3558, 29.2866 ], [ -89.3468, 29.2749 ] ] } },
{ "type": "Feature", "properties": { "id": 85 }, "geometry": { "type": "LineString", "coordinates": [ [ -89.3468, 29.2749 ], [ -89.3029, 29.238 ], [ -89.2718, 29.1938 ], [ -89.2609, 29.1719 ], [ -89.2549, 29.1604 ] ] } },
{ "type": "Feature", "properties": { "id": 86 }, "geometry": { "type": "LineString", "coordinates": [ [ -89.2549, 29.1604 ], [ -89.2476, 29.1405 ], [ -89.2426, 29.1314 ], [ -89.241, 29.1122 ], [ -89.2364, 29.1033 ], [ -89.2189, 29.0805 ], [ -89.2129, 29.0735 ], [ -89.2028, 29.0529 ], [ -89.1816, 29.0273 ], [ -89.1782, 29.0245 ], [ -89.1658, 29.0162 ], [ -89.1597, 29.0101 ], [ -89.1423, 28.9956 ], [ -89.137, 28.9888 ], [ -89.0089, 28.9357 ] ] } },
{ "type": "Feature", "properties": { "id": 87 }, "geometry": { "type": "LineString", "coordinates": [ [ -89.1204, 29.4918 ], [ -88.9828, 29.4279 ] ] } },
{ "type": "Feature", "properties": { "id": 88 }, "geometry": { "type": "LineString", "coordinates": [ [ -89.0, 28.8 ], [ -89.0089, 28.9357 ] ] } },
{ "type": "Feature", "properties": { "id": 89 }, "geometry": { "type": "LineString", "coordinates": [ [ -89.0089, 28.9357 ], [ -88.4725, 28.1053 ] ] } },
{ "type": "Feature", "properties": { "id": 90 }, "geometry": { "type": "LineString", "coordinates": [ [ -86.0, 22.0 ], [ -87.4559, 25.4086 ], [ -89.0, 28.8 ] ] } },
{ "type": "Feature", "properties": { "id": 91 }, "geometry": { "type": "LineString", "coordinates": [ [ -170.0, -50.0 ], [ -169.997, -45.0022 ], [ -170.0, -40.0 ] ] } },
{ "type": "Feature", "properties": { "id": 92 }, "geometry": { "type": "LineString", "coordinates": [ [ -89.0, 28.8 ], [ -85.8107, 26.5543 ], [ -82.7, 24.3 ] ] } },
{ "type": "Feature", "properties": { "id": 93 }, "geometry": { "type": "LineString", "coordinates": [ [ -88.9828, 29.4279 ], [ -88.9391, 29.4534 ] ] } },
{ "type": "Feature", "properties": { "id": 94 }, "geometry": { "type": "LineString", "coordinates": [ [ -88.9391, 29.4534 ], [ -88.7254, 29.6376 ], [ -88.5671, 29.7545 ], [ -88.3169, 29.9504 ] ] } },
{ "type": "Feature", "properties": { "id": 95 }, "geometry": { "type": "LineString", "coordinates": [ [ -88.4725, 28.1053 ], [ -86.281, 28.1578 ] ] } },
{ "type": "Feature", "properties": { "id": 96 }, "geometry": { "type": "LineString", "coordinates": [ [ -88.4725, 28.1053 ], [ -85.7171, 26.3095 ] ] } },
{ "type": "Feature", "properties": { "id": 97 }, "geometry": { "type": "LineString", "coordinates": [ [ -88.3169, 29.9504 ], [ -88.0972, 30.1015 ] ] } },
{ "type": "Feature", "properties": { "id": 98 }, "geometry": { "type": "LineString", "coordinates": [ [ -88.3169, 29.9504 ], [ -87.145, 25.8472 ], [ -86.05, 21.7333 ] ] } },
{ "type": "Feature", "properties": { "id": 99 }, "geometry": { "type": "LineString", "coordinates": [ [ -88.3169, 29.9504 ], [ -87.3464, 29.0228 ] ] } },
{ "type": "Feature", "properties": { "id": 100 }, "geometry": { "type": "LineString", "coordinates": [ [ -88.1, 12.7 ], [ -87.6, 12.0 ] ] } },
{ "type": "Feature", "properties": { "id": 101 }, "geometry": { "type": "LineString", "coordinates": [ [ -88.0972, 30.1015 ], [ -87.2889, 30.2318 ] ] } },
{ "type": "Feature", "properties": { "id": 102 }, "geometry": { "type": "LineString", "coordinates": [ [ -88.0972, 30.1015 ], [ -87.9928, 30.0943 ], [ -87.4091, 29.3574 ], [ -87.3464, 29.0228 ] ] } },
{ "type": "Feature", "properties": { "id": 103 }, "geometry": { "type": "LineString", "coordinates": [ [ -87.8, 16.25 ], [ -87.3, 18.3 ] ] } },
{ "type": "Feature", "properties": { "id": 104 }, "geometry": { "type": "LineString", "coordinates": [ [ -87.8, 16.25 ], [ -87.6304, 16.9579 ], [ -87.3, 18.3 ] ] } },
{ "type": "Feature", "properties": { "id": 105 }, "geometry": { "type": "LineString", "coordinates": [ [ -170.0, -40.0 ], [ -164.6948, -35.1041 ], [ -160.0, -30.0 ] ] } },
{ "type": "Feature", "properties": { "id": 106 }, "geometry": { "type": "LineString", "coordinates": [ [ -83.75, 16.0 ], [ -87.8, 16.25 ] ] } },
{ "type": "Feature", "properties": { "id": 107 }, "geometry": { "type": "LineString", "coordinates": [ [ -83.75, 16.0 ], [ -87.1206, 16.2215 ], [ -87.8, 16.25 ] ] } },
{ "type": "Feature", "properties": { "id": 108 }, "geometry": { "type": "LineString", "coordinates": [ [ -87.6, 12.0 ], [ -86.8, 11.1 ] ] } },
{ "type": "Feature", "properties": { "id": 109 }, "geometry": { "type": "LineString", "coordinates": [ [ -87.6, 12.0 ], [ -86.9906, 11.317 ], [ -86.8, 11.1 ] ] } },
{ "type": "Feature", "properties": { "id": 110 }, "geometry": { "type": "LineString", "coordinates": [ [ -87.2889, 30.2318 ], [ -87.2811, 30.2003 ], [ -87.2778, 29.6665 ], [ -87.3464, 29.0228 ] ] } },
{ "type": "Feature", "properties": { "id": 111 }, "geometry": { "type": "LineString", "coordinates": [ [ -87.3464, 29.0228 ], [ -86.6796, 25.3802 ], [ -86.05, 21.7333 ] ] } },
{ "type": "Feature", "properties": { "id": 112 }, "geometry": { "type": "LineString", "coordinates": [ [ -87.3464, 29.0228 ], [ -86.281, 28.1578 ] ] } },
{ "type": "Feature", "properties": { "id": 113 }, "geometry": { "type": "LineString", "coordinates": [ [ -87.3, 18.3 ], [ -86.0, 22.0 ] ] } },
{ "type": "Feature", "properties": { "id": 114 }, "geometry": { "type": "LineString", "coordinates": [ [ -87.2889, 30.2318 ], [ -86.8421, 30.3017 ], [ -86.3455, 30.2803 ], [ -85.7988, 29.8451 ], [ -85.7744, 29.8381 ] ] } },
{ "type": "Feature", "properties": { "id": 115 }, "geometry": { "type": "LineString", "coordinates": [ [ -87.2889, 30.2318 ], [ -85.7744, 29.8381 ] ] } },
{ "type": "Feature", "properties": { "id": 116 }, "geometry": { "type": "LineString", "coordinates": [ [ -86.8, 11.1 ], [ -86.6, 10.0 ] ] } },
{ "type": "Feature", "properties": { "id": 117 }, "geometry": { "type": "LineString", "coordinates": [ [ -86.6, 10.0 ], [ -84.9, 9.2 ] ] } },
{ "type": "Feature", "properties": { "id": 118 }, "geometry": { "type": "LineString", "coordinates": [ [ -85.7708, 28.8725 ], [ -86.281, 28.1578 ] ] } },
{ "type": "Feature", "properties": { "id": 119 }, "geometry": { "type": "LineString", "coordinates": [ [ -86.281, 28.1578 ], [ -81.825, 24.2187 ] ] } },
{ "type": "Feature", "properties": { "id": 120 }, "geometry": { "type": "LineString", "coordinates": [ [ -86.281, 28.1578 ], [ -84.6525, 27.5833 ] ] } },
{ "type": "Feature", "properties": { "id": 121 }, "geometry": { "type": "LineString", "coordinates": [ [ -86.069, 21.8058 ], [ -78.3729, 16.2058 ], [ -61.9, 12.0 ] ] } },
{ "type": "Feature", "properties": { "id": 122 }, "geometry": { "type": "LineString", "coordinates": [ [ -170.0, -40.0 ], [ -169.9977, -35.0021 ], [ -170.0, -30.0 ] ] } },
{ "type": "Feature", "properties": { "id": 123 }, "geometry": { "type": "LineString", "coordinates": [ [ -81.825, 24.2187 ], [ -86.05, 21.7333 ] ] } },
{ "type": "Feature", "properties": { "id": 124 }, "geometry": { "type": "LineString", "coordinates": [ [ -84.2612, 25.5211 ], [ -86.05, 21.7333 ] ] } },
{ "type": "Feature", "properties": { "id": 125 }, "geometry": { "type": "LineString", "coordinates": [ [ -86.0, 22.0 ], [ -86.05, 21.7333 ] ] } },
{ "type": "Feature", "properties": { "id": 126 }, "geometry": { "type": "LineString", "coordinates": [ [ -82.7, 24.3 ], [ -86.0, 22.0 ] ] } },
{ "type": "Feature", "properties": { "id": 127 }, "geometry": { "type": "LineString", "coordinates": [ [ -83.75, 16.0 ], [ -86.0, 22.0 ] ] } },
{ "type": "Feature", "properties": { "id": 128 }, "geometry": { "type": "LineString", "coordinates": [ [ -86.0, 22.0 ], [ -85.8613, 21.8452 ], [ -82.7561, 18.3378 ], [ -80.5, 14.3 ] ] } },
{ "type": "Feature", "properties": { "id": 129 }, "geometry": { "type": "LineString", "coordinates": [ [ -86.0, 22.0 ], [ -81.2293, 18.8456 ], [ -61.9, 12.0 ] ] } },
{ "type": "Feature", "properties": { "id": 130 }, "geometry": { "type": "LineString", "coordinates": [ [ -83.9, 21.6 ], [ -86.0, 22.0 ] ] } },
{ "type": "Feature", "properties": { "id": 131 }, "geometry": { "type": "LineString", "coordinates": [ [ -75.0, 63.2 ], [ -86.0, 61.1 ] ] } },
{ "type": "Feature", "properties": { "id": 132 }, "geometry": { "type": "LineString", "coordinates": [ [ -86.0, 61.1 ], [ -93.6, 59.0 ], [ -86.0, 61.1 ] ] } },
{ "type": "Feature", "properties": { "id": 133 }, "geometry": { "type": "LineString", "coordinates": [ [ -160.0, -50.0 ], [ -165.2833, -45.0317 ], [ -170.0, -40.0 ] ] } },
{ "type": "Feature", "properties": { "id": 134 }, "geometry": { "type": "LineString", "coordinates": [ [ -86.0, 61.1 ], [ -83.0, 57.0 ] ] } },
{ "type": "Feature", "properties": { "id": 135 }, "geometry": { "type": "LineString", "coordinates": [ [ -85.8613, 21.8452 ], [ -79.5594, 15.9102 ], [ -80.0, 9.75 ] ] } },
{ "type": "Feature", "properties": { "id": 136 }, "geometry": { "type": "LineString", "coordinates": [ [ -85.7744, 29.8381 ], [ -85.4898, 29.861 ], [ -85.4716, 29.8731 ] ] } },
{ "type": "Feature", "properties": { "id": 137 }, "geometry": { "type": "LineString", "coordinates": [ [ -85.7196, 30.13 ], [ -85.7195, 30.1271 ], [ -85.7248, 30.1234 ], [ -85.7312, 30.1173 ], [ -85.7744, 29.8381 ] ] } },
{ "type": "Feature", "properties": { "id": 138 }, "geometry": { "type": "LineString", "coordinates": [ [ -85.7744, 29.8381 ], [ -85.7708, 28.8725 ] ] } },
{ "type": "Feature", "properties": { "id": 139 }, "geometry": { "type": "LineString", "coordinates": [ [ -85.7744, 29.8381 ], [ -85.4991, 29.4988 ], [ -83.4318, 28.9201 ] ] } },
{ "type": "Feature", "properties": { "id": 140 }, "geometry": { "type": "LineString", "coordinates": [ [ -85.7708, 28.8725 ], [ -84.6525, 27.5833 ] ] } },
{ "type": "Feature", "properties": { "id": 141 }, "geometry": { "type": "LineString", "coordinates": [ [ -84.6525, 27.5833 ], [ -85.7171, 26.3095 ] ] } },
{ "type": "Feature", "properties": { "id": 142 }, "geometry": { "type": "LineString", "coordinates": [ [ -84.2612, 25.5211 ], [ -85.7171, 26.3095 ] ] } },
{ "type": "Feature", "properties": { "id": 143 }, "geometry": { "type": "LineString", "coordinates": [ [ -84.9, 9.2 ], [ -81.4, 6.9 ] ] } },
{ "type": "Feature", "properties": { "id": 144 }, "geometry": { "type": "LineString", "coordinates": [ [ -83.3816, 27.6012 ], [ -84.6525, 27.5833 ] ] } },
{ "type": "Feature", "properties": { "id": 145 }, "geometry": { "type": "LineString", "coordinates": [ [ -83.4318, 28.9201 ], [ -84.6525, 27.5833 ] ] } },
{ "type": "Feature", "properties": { "id": 146 }, "geometry": { "type": "LineString", "coordinates": [ [ -84.3327, 29.998 ], [ -84.2711, 30.0089 ], [ -84.1747, 30.0099 ], [ -83.8421, 29.9386 ], [ -83.7626, 29.8895 ] ] } },
{ "type": "Feature", "properties": { "id": 147 }, "geometry": { "type": "LineString", "coordinates": [ [ -82.6626, 26.4507 ], [ -83.7391, 25.8329 ], [ -84.2612, 25.5211 ] ] } },
{ "type": "Feature", "properties": { "id": 148 }, "geometry": { "type": "LineString", "coordinates": [ [ -83.3816, 27.6012 ], [ -84.2612, 25.5211 ] ] } },
{ "type": "Feature", "properties": { "id": 149 }, "geometry": { "type": "LineString", "coordinates": [ [ -81.825, 24.2187 ], [ -84.2612, 25.5211 ] ] } },
{ "type": "Feature", "properties": { "id": 150 }, "geometry": { "type": "LineString", "coordinates": [ [ -83.9, 21.6 ], [ -82.7, 22.3 ] ] } },
{ "type": "Feature", "properties": { "id": 151 }, "geometry": { "type": "LineString", "coordinates": [ [ -160.0, -40.0 ], [ -165.0004, -40.1068 ], [ -170.0, -40.0 ] ] } },
{ "type": "Feature", "properties": { "id": 152 }, "geometry": { "type": "LineString", "coordinates": [ [ -83.9, 21.6 ], [ -78.2, 19.0 ] ] } },
{ "type": "Feature", "properties": { "id": 153 }, "geometry": { "type": "LineString", "coordinates": [ [ -83.9, 21.6 ], [ -80.9348, 20.3138 ], [ -78.2, 19.0 ] ] } },
{ "type": "Feature", "properties": { "id": 154 }, "geometry": { "type": "LineString", "coordinates": [ [ -83.7626, 29.8895 ], [ -83.6621, 29.8274 ], [ -83.5018, 29.6411 ], [ -83.3654, 29.3792 ], [ -83.4255, 29.2596 ], [ -83.3184, 29.2007 ], [ -83.116, 29.1092 ], [ -83.0208, 28.9415 ] ] } },
{ "type": "Feature", "properties": { "id": 155 }, "geometry": { "type": "LineString", "coordinates": [ [ -83.7626, 29.8895 ], [ -83.7378, 29.8742 ] ] } },
{ "type": "Feature", "properties": { "id": 156 }, "geometry": { "type": "LineString", "coordinates": [ [ -82.7, 14.6 ], [ -83.75, 16.0 ] ] } },
{ "type": "Feature", "properties": { "id": 157 }, "geometry": { "type": "LineString", "coordinates": [ [ -83.0208, 28.9415 ], [ -83.4318, 28.9201 ] ] } },
{ "type": "Feature", "properties": { "id": 158 }, "geometry": { "type": "LineString", "coordinates": [ [ -83.4318, 28.9201 ], [ -83.438, 28.1675 ], [ -83.3816, 27.6012 ] ] } },
{ "type": "Feature", "properties": { "id": 159 }, "geometry": { "type": "LineString", "coordinates": [ [ -83.4, 12.2 ], [ -82.7, 14.6 ] ] } },
{ "type": "Feature", "properties": { "id": 160 }, "geometry": { "type": "LineString", "coordinates": [ [ -82.9, 10.0 ], [ -83.4, 12.2 ] ] } },
{ "type": "Feature", "properties": { "id": 161 }, "geometry": { "type": "LineString", "coordinates": [ [ -83.4, 12.2 ], [ -82.9628, 10.2829 ], [ -82.9, 10.0 ] ] } },
{ "type": "Feature", "properties": { "id": 162 }, "geometry": { "type": "LineString", "coordinates": [ [ -83.3816, 27.6012 ], [ -82.8234, 26.6896 ], [ -82.6626, 26.4507 ] ] } },
{ "type": "Feature", "properties": { "id": 163 }, "geometry": { "type": "LineString", "coordinates": [ [ -83.0024, 27.5864 ], [ -83.3816, 27.6012 ] ] } },
{ "type": "Feature", "properties": { "id": 164 }, "geometry": { "type": "LineString", "coordinates": [ [ -83.0208, 28.9415 ], [ -83.0157, 28.9244 ], [ -82.9975, 28.8498 ], [ -82.9975, 28.7513 ], [ -82.9944, 28.3701 ], [ -82.9972, 28.2644 ], [ -83.0491, 28.1837 ], [ -83.0647, 28.162 ], [ -83.0072, 27.9362 ], [ -82.9996, 27.7875 ], [ -83.0035, 27.5997 ], [ -83.0024, 27.5864 ] ] } },
{ "type": "Feature", "properties": { "id": 165 }, "geometry": { "type": "LineString", "coordinates": [ [ -83.0024, 27.5864 ], [ -82.9828, 27.4921 ], [ -82.6844, 27.2105 ], [ -82.6211, 27.1159 ], [ -82.3773, 26.7074 ], [ -82.3226, 26.6665 ] ] } },
{ "type": "Feature", "properties": { "id": 166 }, "geometry": { "type": "LineString", "coordinates": [ [ -83.0, 57.0 ], [ -79.7, 53.8 ], [ -83.0, 57.0 ] ] } },
{ "type": "Feature", "properties": { "id": 167 }, "geometry": { "type": "LineString", "coordinates": [ [ -170.0, -30.0 ], [ -164.7972, -25.0849 ], [ -160.0, -20.0 ] ] } },
{ "type": "Feature", "properties": { "id": 168 }, "geometry": { "type": "LineString", "coordinates": [ [ -82.9, 10.0 ], [ -80.0, 9.75 ] ] } },
{ "type": "Feature", "properties": { "id": 169 }, "geometry": { "type": "LineString", "coordinates": [ [ -82.7, 14.6 ], [ -80.5, 14.3 ] ] } },
{ "type": "Feature", "properties": { "id": 170 }, "geometry": { "type": "LineString", "coordinates": [ [ -82.7, 22.3 ], [ -80.75, 21.6 ] ] } },
{ "type": "Feature", "properties": { "id": 171 }, "geometry": { "type": "LineString", "coordinates": [ [ -82.7, 22.3 ], [ -82.6884, 22.296 ], [ -80.75, 21.6 ] ] } },
{ "type": "Feature", "properties": { "id": 172 }, "geometry": { "type": "LineString", "coordinates": [ [ -82.2, 23.25 ], [ -82.7, 24.3 ] ] } },
{ "type": "Feature", "properties": { "id": 173 }, "geometry": { "type": "LineString", "coordinates": [ [ -79.0, 23.0 ], [ -82.7, 24.3 ] ] } },
{ "type": "Feature", "properties": { "id": 174 }, "geometry": { "type": "LineString", "coordinates": [ [ -82.7, 24.3 ], [ -81.825, 24.2187 ] ] } },
{ "type": "Feature", "properties": { "id": 175 }, "geometry": { "type": "LineString", "coordinates": [ [ -82.2522, 26.4952 ], [ -82.6626, 26.4507 ] ] } },
{ "type": "Feature", "properties": { "id": 176 }, "geometry": { "type": "LineString", "coordinates": [ [ -82.3226, 26.6665 ], [ -82.6626, 26.4507 ] ] } },
{ "type": "Feature", "properties": { "id": 177 }, "geometry": { "type": "LineString", "coordinates": [ [ -82.6626, 26.4507 ], [ -82.4822, 26.2819 ], [ -82.0978, 25.6217 ], [ -82.0286, 25.1618 ], [ -82.0927, 24.6799 ], [ -82.0471, 24.4172 ], [ -81.825, 24.2187 ] ] } },
{ "type": "Feature", "properties": { "id": 178 }, "geometry": { "type": "LineString", "coordinates": [ [ -82.3226, 26.6665 ], [ -82.2772, 26.519 ], [ -82.2522, 26.4952 ] ] } },
{ "type": "Feature", "properties": { "id": 179 }, "geometry": { "type": "LineString", "coordinates": [ [ -82.2522, 26.4952 ], [ -82.1616, 26.4028 ], [ -82.0138, 26.3622 ], [ -81.9921, 26.3568 ], [ -81.9144, 26.0435 ], [ -81.7129, 25.7693 ], [ -81.5207, 25.0404 ] ] } },
{ "type": "Feature", "properties": { "id": 180 }, "geometry": { "type": "LineString", "coordinates": [ [ -170.0, -30.0 ], [ -169.9986, -25.0017 ], [ -170.0, -20.0 ] ] } },
{ "type": "Feature", "properties": { "id": 181 }, "geometry": { "type": "LineString", "coordinates": [ [ -81.25, -3.0 ], [ -81.9, -5.25 ] ] } },
{ "type": "Feature", "properties": { "id": 182 }, "geometry": { "type": "LineString", "coordinates": [ [ -81.9, -5.25 ], [ -80.2, -7.3 ] ] } },
{ "type": "Feature", "properties": { "id": 183 }, "geometry": { "type": "LineString", "coordinates": [ [ -80.2, -7.3 ], [ -81.5607, -5.6477 ], [ -81.9, -5.25 ] ] } },
{ "type": "Feature", "properties": { "id": 184 }, "geometry": { "type": "LineString", "coordinates": [ [ -79.815, 25.7903 ], [ -79.9482, 25.3329 ], [ -80.0286, 25.1157 ], [ -80.3533, 24.7537 ], [ -80.8143, 24.504 ], [ -81.825, 24.2187 ] ] } },
{ "type": "Feature", "properties": { "id": 185 }, "geometry": { "type": "LineString", "coordinates": [ [ -81.5207, 25.0404 ], [ -81.8201, 24.7616 ], [ -81.8204, 24.541 ], [ -81.825, 24.2187 ] ] } },
{ "type": "Feature", "properties": { "id": 186 }, "geometry": { "type": "LineString", "coordinates": [ [ -81.825, 24.2187 ], [ -77.7989, 22.9608 ], [ -73.8486, 21.6102 ], [ -69.9723, 20.1758 ], [ -66.1668, 18.6667 ] ] } },
{ "type": "Feature", "properties": { "id": 187 }, "geometry": { "type": "LineString", "coordinates": [ [ -80.3, 1.2 ], [ -81.8, -0.9 ] ] } },
{ "type": "Feature", "properties": { "id": 188 }, "geometry": { "type": "LineString", "coordinates": [ [ -81.8, -0.9 ], [ -80.9033, 3.0505 ], [ -80.0, 7.0 ] ] } },
{ "type": "Feature", "properties": { "id": 189 }, "geometry": { "type": "LineString", "coordinates": [ [ -81.8, -0.9 ], [ -81.25, -3.0 ] ] } },
{ "type": "Feature", "properties": { "id": 190 }, "geometry": { "type": "LineString", "coordinates": [ [ -81.4, 6.9 ], [ -80.0, 7.0 ] ] } },
{ "type": "Feature", "properties": { "id": 191 }, "geometry": { "type": "LineString", "coordinates": [ [ -81.2, 30.4 ], [ -81.1905, 30.2861 ] ] } },
{ "type": "Feature", "properties": { "id": 192 }, "geometry": { "type": "LineString", "coordinates": [ [ -160.0, -40.0 ], [ -165.3071, -35.1023 ], [ -170.0, -30.0 ] ] } },
{ "type": "Feature", "properties": { "id": 193 }, "geometry": { "type": "LineString", "coordinates": [ [ -71.2, 21.7 ], [ -76.3728, 25.7074 ], [ -81.2, 30.4 ] ] } },
{ "type": "Feature", "properties": { "id": 194 }, "geometry": { "type": "LineString", "coordinates": [ [ -81.1905, 30.2861 ], [ -81.1137, 29.9152 ] ] } },
{ "type": "Feature", "properties": { "id": 195 }, "geometry": { "type": "LineString", "coordinates": [ [ 103.6, 1.1 ], [ 104.482294, 1.341312 ] ] } },
{ "type": "Feature", "properties": { "id": 196 }, "geometry": { "type": "LineString", "coordinates": [ [ -81.1137, 29.9152 ], [ -80.7948, 29.0791 ] ] } },
{ "type": "Feature", "properties": { "id": 197 }, "geometry": { "type": "LineString", "coordinates": [ [ 103.6, 1.1 ], [ 103.859252, 0.347932 ], [ 104.137095, -0.58662 ], [ 105.063239, -2.168977 ], [ 105.686282, -2.345649 ], [ 105.905189, -2.892342 ], [ 106.1, -3.0 ] ] } },
{ "type": "Feature", "properties": { "id": 198 }, "geometry": { "type": "LineString", "coordinates": [ [ -79.9545, 25.7921 ], [ -79.9567, 25.7608 ], [ -80.0872, 25.5421 ], [ -80.0934, 25.4796 ], [ -80.1694, 25.2375 ], [ -80.3256, 25.0394 ], [ -80.4332, 24.9561 ], [ -80.7641, 24.7402 ], [ -81.0362, 24.6356 ], [ -81.1122, 24.6271 ] ] } },
{ "type": "Feature", "properties": { "id": 199 }, "geometry": { "type": "LineString", "coordinates": [ [ -80.9, 24.6 ], [ -81.1122, 24.6271 ] ] } },
{ "type": "Feature", "properties": { "id": 200 }, "geometry": { "type": "LineString", "coordinates": [ [ -79.0, 23.0 ], [ -80.9, 24.6 ] ] } },
{ "type": "Feature", "properties": { "id": 201 }, "geometry": { "type": "LineString", "coordinates": [ [ -80.7948, 29.0791 ], [ -80.4402, 28.4472 ], [ -80.4347, 28.4248 ] ] } },
{ "type": "Feature", "properties": { "id": 202 }, "geometry": { "type": "LineString", "coordinates": [ [ -80.75, 21.6 ], [ -78.2, 19.0 ] ] } },
{ "type": "Feature", "properties": { "id": 203 }, "geometry": { "type": "LineString", "coordinates": [ [ -80.5, 14.3 ], [ -78.2, 19.0 ] ] } },
{ "type": "Feature", "properties": { "id": 204 }, "geometry": { "type": "LineString", "coordinates": [ [ -80.5, 14.3 ], [ -80.0, 9.75 ] ] } },
{ "type": "Feature", "properties": { "id": 205 }, "geometry": { "type": "LineString", "coordinates": [ [ -160.0, -30.0 ], [ -165.0005, -30.0936 ], [ -170.0, -30.0 ] ] } },
{ "type": "Feature", "properties": { "id": 206 }, "geometry": { "type": "LineString", "coordinates": [ [ -70.0, 13.0 ], [ -75.2353, 13.7038 ], [ -80.5, 14.3 ] ] } },
{ "type": "Feature", "properties": { "id": 207 }, "geometry": { "type": "LineString", "coordinates": [ [ -80.4347, 28.4248 ], [ -79.6882, 28.4937 ] ] } },
{ "type": "Feature", "properties": { "id": 208 }, "geometry": { "type": "LineString", "coordinates": [ [ -80.4347, 28.4248 ], [ -80.4249, 28.3836 ], [ -80.2419, 27.9097 ], [ -80.0986, 27.5819 ] ] } },
{ "type": "Feature", "properties": { "id": 209 }, "geometry": { "type": "LineString", "coordinates": [ [ -76.6149, 25.9475 ], [ -63.0953, 28.362 ], [ -52.7967, 29.3933 ], [ -50.0, 30.0 ] ] } },
{ "type": "Feature", "properties": { "id": 210 }, "geometry": { "type": "LineString", "coordinates": [ [ -78.0, 3.9 ], [ -80.3, 1.2 ] ] } },
{ "type": "Feature", "properties": { "id": 211 }, "geometry": { "type": "LineString", "coordinates": [ [ -80.3, 1.2 ], [ -79.8285, 1.7741 ], [ -78.0, 3.9 ] ] } },
{ "type": "Feature", "properties": { "id": 212 }, "geometry": { "type": "LineString", "coordinates": [ [ -80.3, 1.2 ], [ -99.644, 15.5163 ], [ -78.0, 3.9 ] ] } },
{ "type": "Feature", "properties": { "id": 213 }, "geometry": { "type": "LineString", "coordinates": [ [ -80.2, -7.3 ], [ -80.0, -10.0 ] ] } },
{ "type": "Feature", "properties": { "id": 214 }, "geometry": { "type": "LineString", "coordinates": [ [ -79.2207, 32.2439 ], [ -79.79, 31.9811 ], [ -79.9246, 31.7801 ], [ -80.0292, 31.6806 ], [ -80.055, 31.2087 ], [ -80.066, 30.8186 ], [ -80.1228, 30.3972 ] ] } },
{ "type": "Feature", "properties": { "id": 215 }, "geometry": { "type": "LineString", "coordinates": [ [ -80.1228, 30.3972 ], [ -79.6882, 28.4937 ] ] } },
{ "type": "Feature", "properties": { "id": 216 }, "geometry": { "type": "LineString", "coordinates": [ [ -80.1228, 30.3972 ], [ -76.7809, 25.3577 ], [ -73.8, 20.0 ] ] } },
{ "type": "Feature", "properties": { "id": 217 }, "geometry": { "type": "LineString", "coordinates": [ [ 122.1825, 37.8155 ], [ 124.1, 38.05 ], [ 123.2, 37.1 ] ] } },
{ "type": "Feature", "properties": { "id": 218 }, "geometry": { "type": "LineString", "coordinates": [ [ -80.1228, 30.3972 ], [ -76.544, 27.4076 ], [ -73.0316, 24.4585 ], [ -69.7214, 21.3384 ], [ -66.1668, 18.6667 ] ] } },
{ "type": "Feature", "properties": { "id": 219 }, "geometry": { "type": "LineString", "coordinates": [ [ -80.0986, 27.5819 ], [ -80.0488, 27.4715 ] ] } },
{ "type": "Feature", "properties": { "id": 220 }, "geometry": { "type": "LineString", "coordinates": [ [ -80.0986, 27.5819 ], [ -79.3211, 27.4491 ] ] } },
{ "type": "Feature", "properties": { "id": 221 }, "geometry": { "type": "LineString", "coordinates": [ [ -80.0488, 27.4715 ], [ -79.9599, 27.2097 ], [ -79.9479, 27.1678 ] ] } },
{ "type": "Feature", "properties": { "id": 222 }, "geometry": { "type": "LineString", "coordinates": [ [ 123.2, 37.1 ], [ 125.5, 37.4 ], [ 126.074087, 37.526233 ] ] } },
{ "type": "Feature", "properties": { "id": 223 }, "geometry": { "type": "LineString", "coordinates": [ [ -170.0, -30.0 ], [ -175.0005, -30.0935 ], [ -180.0, -30.0 ] ] } },
{ "type": "Feature", "properties": { "id": 224 }, "geometry": { "type": "LineString", "coordinates": [ [ -80.0, -50.0 ], [ -79.9957, -55.0021 ], [ -80.0, -60.0 ] ] } },
{ "type": "Feature", "properties": { "id": 225 }, "geometry": { "type": "LineString", "coordinates": [ [ -70.0, -60.0001 ], [ -80.0, -60.0 ] ] } },
{ "type": "Feature", "properties": { "id": 226 }, "geometry": { "type": "LineString", "coordinates": [ [ -80.0, -50.0 ], [ -79.997, -45.0022 ], [ -80.0, -40.0 ] ] } },
{ "type": "Feature", "properties": { "id": 227 }, "geometry": { "type": "LineString", "coordinates": [ [ -72.0, -33.0 ], [ -75.8198, -36.5676 ], [ -80.0, -40.0 ] ] } },
{ "type": "Feature", "properties": { "id": 228 }, "geometry": { "type": "LineString", "coordinates": [ [ -80.0, -30.0 ], [ -79.9979, -35.0021 ], [ -80.0, -40.0 ] ] } },
{ "type": "Feature", "properties": { "id": 229 }, "geometry": { "type": "LineString", "coordinates": [ [ -76.5, -46.5001 ], [ -78.356, -43.2666 ], [ -80.0, -40.0 ] ] } },
{ "type": "Feature", "properties": { "id": 230 }, "geometry": { "type": "LineString", "coordinates": [ [ -80.0, -30.0 ], [ -79.9986, -25.0017 ], [ -80.0, -20.0 ] ] } },
{ "type": "Feature", "properties": { "id": 231 }, "geometry": { "type": "LineString", "coordinates": [ [ -72.0, -33.0 ], [ -76.063, -31.5575 ], [ -80.0, -30.0 ] ] } },
{ "type": "Feature", "properties": { "id": 232 }, "geometry": { "type": "LineString", "coordinates": [ [ -80.0, -20.0 ], [ -79.9992, -15.0011 ], [ -80.0, -10.0 ] ] } },
{ "type": "Feature", "properties": { "id": 233 }, "geometry": { "type": "LineString", "coordinates": [ [ -72.8, -29.6 ], [ -76.9618, -24.9673 ], [ -80.0, -20.0 ] ] } },
{ "type": "Feature", "properties": { "id": 234 }, "geometry": { "type": "LineString", "coordinates": [ [ -80.0, -10.0 ], [ -72.8, -29.6 ] ] } },
{ "type": "Feature", "properties": { "id": 235 }, "geometry": { "type": "LineString", "coordinates": [ [ -77.7, -12.0 ], [ -80.0, -10.0 ] ] } },
{ "type": "Feature", "properties": { "id": 236 }, "geometry": { "type": "LineString", "coordinates": [ [ -160.0, -30.0 ], [ -165.2045, -25.0836 ], [ -170.0, -20.0 ] ] } },
{ "type": "Feature", "properties": { "id": 237 }, "geometry": { "type": "LineString", "coordinates": [ [ -78.0, 3.9 ], [ -80.0, 7.0 ] ] } },
{ "type": "Feature", "properties": { "id": 238 }, "geometry": { "type": "LineString", "coordinates": [ [ -75.25, 11.7 ], [ -80.0, 9.75 ] ] } },
{ "type": "Feature", "properties": { "id": 239 }, "geometry": { "type": "LineString", "coordinates": [ [ -69.75, 17.5 ], [ -74.9584, 13.6778 ], [ -80.0, 9.75 ] ] } },
{ "type": "Feature", "properties": { "id": 240 }, "geometry": { "type": "LineString", "coordinates": [ [ -75.0, 18.5 ], [ -77.5478, 14.1387 ], [ -80.0, 9.75 ] ] } },
{ "type": "Feature", "properties": { "id": 241 }, "geometry": { "type": "LineString", "coordinates": [ [ -80.0, 9.75 ], [ -78.0323, 9.5375 ], [ -77.0765, 8.6153 ], [ -75.25, 11.7 ] ] } },
{ "type": "Feature", "properties": { "id": 242 }, "geometry": { "type": "LineString", "coordinates": [ [ -79.9386, 25.9805 ], [ -79.9545, 25.7921 ] ] } },
{ "type": "Feature", "properties": { "id": 243 }, "geometry": { "type": "LineString", "coordinates": [ [ -79.9545, 25.7921 ], [ -79.815, 25.7903 ] ] } },
{ "type": "Feature", "properties": { "id": 244 }, "geometry": { "type": "LineString", "coordinates": [ [ -79.9479, 27.1678 ], [ -79.8904, 26.7929 ] ] } },
{ "type": "Feature", "properties": { "id": 245 }, "geometry": { "type": "LineString", "coordinates": [ [ -79.9386, 25.9805 ], [ -79.5356, 26.0942 ] ] } },
{ "type": "Feature", "properties": { "id": 246 }, "geometry": { "type": "LineString", "coordinates": [ [ -79.8904, 26.7929 ], [ -79.8863, 26.7658 ], [ -79.8872, 26.7467 ], [ -79.8891, 26.6483 ], [ -79.9385, 26.0985 ], [ -79.937, 26.0795 ], [ -79.9386, 25.9805 ] ] } },
{ "type": "Feature", "properties": { "id": 247 }, "geometry": { "type": "LineString", "coordinates": [ [ -160.0, -20.0 ], [ -165.0004, -20.0692 ], [ -170.0, -20.0 ] ] } },
{ "type": "Feature", "properties": { "id": 248 }, "geometry": { "type": "LineString", "coordinates": [ [ -79.8904, 26.7929 ], [ -79.3328, 26.7372 ] ] } },
{ "type": "Feature", "properties": { "id": 249 }, "geometry": { "type": "LineString", "coordinates": [ [ -79.5356, 26.0942 ], [ -79.815, 25.7903 ] ] } },
{ "type": "Feature", "properties": { "id": 250 }, "geometry": { "type": "LineString", "coordinates": [ [ -79.8, 32.75 ], [ -74.8286, 31.4643 ], [ -70.0, 30.0 ] ] } },
{ "type": "Feature", "properties": { "id": 251 }, "geometry": { "type": "LineString", "coordinates": [ [ -79.6882, 28.4937 ], [ -79.3211, 27.4491 ] ] } },
{ "type": "Feature", "properties": { "id": 252 }, "geometry": { "type": "LineString", "coordinates": [ [ -79.3328, 26.7372 ], [ -79.5356, 26.0942 ] ] } },
{ "type": "Feature", "properties": { "id": 253 }, "geometry": { "type": "LineString", "coordinates": [ [ -79.3211, 27.4491 ], [ -79.3328, 26.7372 ] ] } },
{ "type": "Feature", "properties": { "id": 254 }, "geometry": { "type": "LineString", "coordinates": [ [ -77.8929, 33.1436 ], [ -79.3211, 27.4491 ] ] } },
{ "type": "Feature", "properties": { "id": 255 }, "geometry": { "type": "LineString", "coordinates": [ [ -79.2207, 32.2439 ], [ -79.3211, 27.4491 ] ] } },
{ "type": "Feature", "properties": { "id": 256 }, "geometry": { "type": "LineString", "coordinates": [ [ -77.8929, 33.1436 ], [ -78.1343, 32.9347 ], [ -78.6433, 32.6892 ], [ -79.2207, 32.2439 ] ] } },
{ "type": "Feature", "properties": { "id": 257 }, "geometry": { "type": "LineString", "coordinates": [ [ -79.2207, 32.2439 ], [ -76.3617, 26.1507 ], [ -73.8, 20.0 ] ] } },
{ "type": "Feature", "properties": { "id": 258 }, "geometry": { "type": "LineString", "coordinates": [ [ -81.4, 6.9 ], [ -86.956, 5.8851 ], [ -92.4917, 4.816 ], [ -98.0102, 3.7029 ], [ -103.5149, 2.556 ], [ -109.0098, 1.3858 ], [ -114.4995, 0.2031 ], [ -119.9884, -0.9815 ], [ -125.481, -2.1572 ], [ -130.982, -3.3131 ], [ -136.4953, -4.4388 ], [ -142.0248, -5.5238 ], [ -147.5736, -6.5582 ], [ -153.1443, -7.532 ], [ -158.7385, -8.436 ], [ -164.3571, -9.2614 ], [ -170.0, -10.0 ] ] } },
{ "type": "Feature", "properties": { "id": 259 }, "geometry": { "type": "LineString", "coordinates": [ [ -79.2207, 32.2439 ], [ -75.6655, 28.9619 ], [ -72.3317, 25.5924 ], [ -69.1495, 22.0278 ], [ -66.1668, 18.6667 ] ] } },
{ "type": "Feature", "properties": { "id": 260 }, "geometry": { "type": "LineString", "coordinates": [ [ -79.0, 23.0 ], [ -75.2, 21.5 ] ] } },
{ "type": "Feature", "properties": { "id": 261 }, "geometry": { "type": "LineString", "coordinates": [ [ -78.8, 26.3 ], [ -75.7692, 28.8372 ], [ -72.5903, 31.3028 ], [ -69.2449, 33.6855 ], [ -65.7143, 35.9725 ], [ -61.9797, 38.1497 ], [ -58.0238, 40.2014 ], [ -53.8316, 42.1102 ], [ -49.3923, 43.8573 ], [ -44.7008, 45.4228 ], [ -39.7613, 46.7862 ], [ -34.5883, 47.9273 ], [ -29.2087, 48.827 ], [ -23.6625, 49.4691 ], [ -18.0015, 49.841 ], [ -12.2866, 49.9352 ], [ -6.5833, 49.75 ] ] } },
{ "type": "Feature", "properties": { "id": 262 }, "geometry": { "type": "LineString", "coordinates": [ [ -78.8, 26.3 ], [ -77.5, 24.9 ] ] } },
{ "type": "Feature", "properties": { "id": 263 }, "geometry": { "type": "LineString", "coordinates": [ [ -78.2, 19.0 ], [ -75.1, 19.7 ] ] } },
{ "type": "Feature", "properties": { "id": 264 }, "geometry": { "type": "LineString", "coordinates": [ [ -61.9, 12.0 ], [ -78.2, 19.0 ] ] } },
{ "type": "Feature", "properties": { "id": 265 }, "geometry": { "type": "LineString", "coordinates": [ [ -78.2, 19.0 ], [ -75.0, 18.5 ] ] } },
{ "type": "Feature", "properties": { "id": 266 }, "geometry": { "type": "LineString", "coordinates": [ [ -78.2, 19.0 ], [ -76.6482, 18.7727 ], [ -75.0, 18.5 ] ] } },
{ "type": "Feature", "properties": { "id": 267 }, "geometry": { "type": "LineString", "coordinates": [ [ -75.1081, 35.2318 ], [ -75.478, 35.0301 ], [ -75.7745, 34.794 ], [ -76.0644, 34.63 ], [ -76.264, 34.2168 ], [ -77.8929, 33.1436 ] ] } },
{ "type": "Feature", "properties": { "id": 268 }, "geometry": { "type": "LineString", "coordinates": [ [ -77.8929, 33.1436 ], [ -76.7764, 29.8711 ], [ -75.7303, 26.5887 ], [ -74.7418, 23.2978 ], [ -73.8, 20.0 ] ] } },
{ "type": "Feature", "properties": { "id": 269 }, "geometry": { "type": "LineString", "coordinates": [ [ -77.8929, 33.1436 ], [ -74.5529, 29.4585 ], [ -71.4334, 25.9937 ], [ -68.3159, 22.5004 ], [ -66.1668, 18.6667 ] ] } },
{ "type": "Feature", "properties": { "id": 270 }, "geometry": { "type": "LineString", "coordinates": [ [ -170.0, -10.0 ], [ -167.4667, -7.5169 ], [ -164.9621, -5.0193 ], [ -162.4763, -2.512 ], [ -160.0, -0.00002 ] ] } },
{ "type": "Feature", "properties": { "id": 271 }, "geometry": { "type": "LineString", "coordinates": [ [ -77.0, -13.7 ], [ -77.7, -12.0 ] ] } },
{ "type": "Feature", "properties": { "id": 272 }, "geometry": { "type": "LineString", "coordinates": [ [ -77.0, -13.7 ], [ -77.4616, -12.5704 ], [ -77.7, -12.0 ] ] } },
{ "type": "Feature", "properties": { "id": 273 }, "geometry": { "type": "LineString", "coordinates": [ [ -77.5, 24.9 ], [ -75.2, 21.5 ] ] } },
{ "type": "Feature", "properties": { "id": 274 }, "geometry": { "type": "LineString", "coordinates": [ [ -72.8, -29.6 ], [ -77.0, -13.7 ] ] } },
{ "type": "Feature", "properties": { "id": 275 }, "geometry": { "type": "LineString", "coordinates": [ [ -77.0, -13.7 ], [ -72.7, -17.3 ] ] } },
{ "type": "Feature", "properties": { "id": 276 }, "geometry": { "type": "LineString", "coordinates": [ [ -5.75, 35.95 ], [ -18.3875, 36.29 ], [ -28.1874, 36.5022 ], [ -38.91, 36.1836 ], [ -51.5223, 34.6437 ], [ -57.7916, 32.4371 ], [ -69.0025, 29.1243 ], [ -76.6149, 25.9475 ] ] } },
{ "type": "Feature", "properties": { "id": 277 }, "geometry": { "type": "LineString", "coordinates": [ [ -76.5, -46.5001 ], [ -75.5, -43.5001 ] ] } },
{ "type": "Feature", "properties": { "id": 278 }, "geometry": { "type": "LineString", "coordinates": [ [ -76.4345, 38.5713 ], [ -76.4292, 38.5384 ], [ -76.3673, 38.4303 ], [ -76.3394, 38.3792 ], [ -76.3364, 38.3526 ], [ -76.3318, 38.3391 ], [ -76.2868, 38.1871 ], [ -76.2597, 38.0958 ], [ -76.2329, 38.0431 ], [ -76.1936, 37.9644 ], [ -76.1757, 37.9285 ], [ -76.1685, 37.9133 ], [ -76.1514, 37.8805 ], [ -76.1605, 37.8521 ], [ -76.1673, 37.8314 ], [ -76.1752, 37.8076 ], [ -76.1836, 37.7817 ], [ -76.1789, 37.7405 ], [ -76.1725, 37.6881 ], [ -76.171, 37.6579 ], [ -76.1625, 37.5709 ], [ -76.1596, 37.5346 ], [ -76.1525, 37.4661 ], [ -76.1374, 37.3617 ], [ -76.1256, 37.3299 ], [ -76.1124, 37.294 ], [ -76.1375, 37.232 ], [ -76.1444, 37.2175 ], [ -76.1542, 37.1867 ], [ -76.1496, 37.1472 ], [ -76.108, 37.092 ], [ -76.0623, 37.0262 ], [ -76.0085, 36.9585 ], [ -75.9599, 36.9485 ], [ -75.8067, 36.8468 ] ] } },
{ "type": "Feature", "properties": { "id": 279 }, "geometry": { "type": "LineString", "coordinates": [ [ -74.5315, 38.3084 ], [ -75.0202, 37.6502 ], [ -75.1485, 37.4694 ], [ -75.287, 37.2901 ], [ -75.4399, 37.0813 ], [ -75.8067, 36.8468 ] ] } },
{ "type": "Feature", "properties": { "id": 280 }, "geometry": { "type": "LineString", "coordinates": [ [ -75.8067, 36.8468 ], [ -75.7447, 36.809 ], [ -75.3372, 36.6311 ] ] } },
{ "type": "Feature", "properties": { "id": 281 }, "geometry": { "type": "LineString", "coordinates": [ [ -75.5, -43.5001 ], [ -75.0, -41.3 ] ] } },
{ "type": "Feature", "properties": { "id": 282 }, "geometry": { "type": "LineString", "coordinates": [ [ -75.3372, 36.6311 ], [ -75.0737, 35.8144 ] ] } },
{ "type": "Feature", "properties": { "id": 283 }, "geometry": { "type": "LineString", "coordinates": [ [ -75.3372, 36.6311 ], [ -72.682, 32.22 ], [ -70.327, 27.7409 ], [ -68.1721, 23.2195 ], [ -66.1668, 18.6667 ] ] } },
{ "type": "Feature", "properties": { "id": 284 }, "geometry": { "type": "LineString", "coordinates": [ [ -170.0, -10.0 ], [ -169.9997, -5.0004 ], [ -170.0, -0.00002 ] ] } },
{ "type": "Feature", "properties": { "id": 285 }, "geometry": { "type": "LineString", "coordinates": [ [ -75.3218, 39.2494 ], [ -75.3936, 39.3111 ], [ -75.3384, 39.2637 ], [ -75.3218, 39.2494 ] ] } },
{ "type": "Feature", "properties": { "id": 286 }, "geometry": { "type": "LineString", "coordinates": [ [ -75.3218, 39.2494 ], [ -75.3016, 39.2314 ], [ -75.2867, 39.207 ], [ -75.2711, 39.18 ], [ -75.2383, 39.142 ], [ -75.2128, 39.1137 ], [ -75.1861, 39.0837 ], [ -75.1436, 39.0061 ], [ -75.1262, 38.9747 ], [ -75.1114, 38.9472 ], [ -75.0972, 38.9208 ], [ -75.059, 38.8498 ] ] } },
{ "type": "Feature", "properties": { "id": 287 }, "geometry": { "type": "LineString", "coordinates": [ [ -70.0, 13.0 ], [ -75.25, 11.7 ] ] } },
{ "type": "Feature", "properties": { "id": 288 }, "geometry": { "type": "LineString", "coordinates": [ [ -75.2, 21.5 ], [ -73.9, 20.0 ] ] } },
{ "type": "Feature", "properties": { "id": 289 }, "geometry": { "type": "LineString", "coordinates": [ [ -75.2, 21.5 ], [ -72.0, 20.3 ] ] } },
{ "type": "Feature", "properties": { "id": 290 }, "geometry": { "type": "LineString", "coordinates": [ [ -75.059, 38.8498 ], [ -75.1177, 38.7992 ], [ -75.1178, 38.7815 ] ] } },
{ "type": "Feature", "properties": { "id": 291 }, "geometry": { "type": "LineString", "coordinates": [ [ -75.1081, 35.2318 ], [ -72.0628, 37.9102 ], [ -68.7925, 40.5034 ] ] } },
{ "type": "Feature", "properties": { "id": 292 }, "geometry": { "type": "LineString", "coordinates": [ [ -75.0737, 35.8144 ], [ -75.1081, 35.2318 ] ] } },
{ "type": "Feature", "properties": { "id": 293 }, "geometry": { "type": "LineString", "coordinates": [ [ -75.1081, 35.2318 ], [ -74.7475, 31.4281 ], [ -74.4126, 27.6213 ], [ -74.0982, 23.8119 ], [ -73.8, 20.0 ] ] } },
{ "type": "Feature", "properties": { "id": 294 }, "geometry": { "type": "LineString", "coordinates": [ [ -73.9, 20.0 ], [ -75.1, 19.7 ] ] } },
{ "type": "Feature", "properties": { "id": 295 }, "geometry": { "type": "LineString", "coordinates": [ [ -75.1, 19.7 ], [ -75.0, 18.5 ] ] } },
{ "type": "Feature", "properties": { "id": 296 }, "geometry": { "type": "LineString", "coordinates": [ [ -75.1, 35.6 ], [ -67.449, 37.7934 ], [ -59.3921, 39.4669 ], [ -51.0125, 40.5637 ], [ -42.4372, 41.0429 ], [ -33.8222, 40.8847 ], [ -25.3307, 40.099 ], [ -17.1054, 38.7192 ], [ -9.25, 36.8 ] ] } },
{ "type": "Feature", "properties": { "id": 297 }, "geometry": { "type": "LineString", "coordinates": [ [ -60.0, 40.0 ], [ -67.7743, 38.0408 ], [ -75.1, 35.6 ] ] } },
{ "type": "Feature", "properties": { "id": 298 }, "geometry": { "type": "LineString", "coordinates": [ [ -69.5, 40.3 ], [ -75.1, 35.6 ] ] } },
{ "type": "Feature", "properties": { "id": 299 }, "geometry": { "type": "LineString", "coordinates": [ [ -75.1, 35.6 ], [ -75.0737, 35.8144 ] ] } },
{ "type": "Feature", "properties": { "id": 300 }, "geometry": { "type": "LineString", "coordinates": [ [ -75.1, 35.6 ], [ -72.4667, 32.7151 ], [ -70.0, 30.0 ] ] } },
{ "type": "Feature", "properties": { "id": 301 }, "geometry": { "type": "LineString", "coordinates": [ [ -64.8, 32.3 ], [ -69.8509, 34.0519 ], [ -75.1, 35.6 ] ] } },
{ "type": "Feature", "properties": { "id": 302 }, "geometry": { "type": "LineString", "coordinates": [ [ -75.0737, 35.8144 ], [ -74.5315, 38.3084 ] ] } },
{ "type": "Feature", "properties": { "id": 303 }, "geometry": { "type": "LineString", "coordinates": [ [ -75.059, 38.8498 ], [ -75.0095, 38.79 ] ] } },
{ "type": "Feature", "properties": { "id": 304 }, "geometry": { "type": "LineString", "coordinates": [ [ -75.0095, 38.79 ], [ -74.8373, 38.6023 ] ] } },
{ "type": "Feature", "properties": { "id": 305 }, "geometry": { "type": "LineString", "coordinates": [ [ -75.0095, 38.79 ], [ -74.5647, 38.6565 ] ] } },
{ "type": "Feature", "properties": { "id": 306 }, "geometry": { "type": "LineString", "coordinates": [ [ -74.5743, 38.787 ], [ -74.7648, 38.7884 ], [ -75.0095, 38.79 ] ] } },
{ "type": "Feature", "properties": { "id": 307 }, "geometry": { "type": "LineString", "coordinates": [ [ -160.0, -10.0 ], [ -165.0002, -10.0367 ], [ -170.0, -10.0 ] ] } },
{ "type": "Feature", "properties": { "id": 308 }, "geometry": { "type": "LineString", "coordinates": [ [ -75.0, -41.3 ], [ -73.9, -36.9 ] ] } },
{ "type": "Feature", "properties": { "id": 309 }, "geometry": { "type": "LineString", "coordinates": [ [ -73.9, 20.0 ], [ -75.0, 18.5 ] ] } },
{ "type": "Feature", "properties": { "id": 310 }, "geometry": { "type": "LineString", "coordinates": [ [ -75.0, 18.5 ], [ -73.0, 17.3 ] ] } },
{ "type": "Feature", "properties": { "id": 311 }, "geometry": { "type": "LineString", "coordinates": [ [ -64.5, 61.1 ], [ -75.0, 63.2 ] ] } },
{ "type": "Feature", "properties": { "id": 312 }, "geometry": { "type": "LineString", "coordinates": [ [ -74.8373, 38.6023 ], [ -74.5315, 38.3084 ] ] } },
{ "type": "Feature", "properties": { "id": 313 }, "geometry": { "type": "LineString", "coordinates": [ [ -74.8373, 38.6023 ], [ -74.5502, 38.5317 ] ] } },
{ "type": "Feature", "properties": { "id": 314 }, "geometry": { "type": "LineString", "coordinates": [ [ -74.5743, 38.787 ], [ -68.7925, 40.5034 ] ] } },
{ "type": "Feature", "properties": { "id": 315 }, "geometry": { "type": "LineString", "coordinates": [ [ -74.5743, 38.787 ], [ -74.573, 38.7342 ], [ -74.5647, 38.6565 ] ] } },
{ "type": "Feature", "properties": { "id": 316 }, "geometry": { "type": "LineString", "coordinates": [ [ -74.5647, 38.6565 ], [ -74.5502, 38.5317 ] ] } },
{ "type": "Feature", "properties": { "id": 317 }, "geometry": { "type": "LineString", "coordinates": [ [ -74.5502, 38.5317 ], [ -74.5315, 38.3084 ] ] } },
{ "type": "Feature", "properties": { "id": 318 }, "geometry": { "type": "LineString", "coordinates": [ [ -74.5315, 38.3084 ], [ -74.3266, 33.7364 ], [ -74.139, 29.1608 ], [ -73.9645, 24.5818 ], [ -73.8, 20.0 ] ] } },
{ "type": "Feature", "properties": { "id": 319 }, "geometry": { "type": "LineString", "coordinates": [ [ -74.5315, 38.3084 ], [ -72.1002, 33.4582 ], [ -69.9433, 28.5593 ], [ -67.983, 23.6258 ], [ -66.1668, 18.6667 ] ] } },
{ "type": "Feature", "properties": { "id": 320 }, "geometry": { "type": "LineString", "coordinates": [ [ -170.0, -0.00002 ], [ -165.0, -0.00002 ], [ -160.0, -0.00002 ] ] } },
{ "type": "Feature", "properties": { "id": 321 }, "geometry": { "type": "LineString", "coordinates": [ [ -72.1973, 41.2514 ], [ -72.2207, 41.2453 ], [ -72.3449, 41.2143 ], [ -72.3958, 41.2043 ], [ -72.5164, 41.1806 ], [ -72.6061, 41.1632 ], [ -72.6505, 41.1538 ], [ -72.6963, 41.1426 ], [ -72.7486, 41.1315 ], [ -72.7942, 41.1227 ], [ -72.8201, 41.1201 ], [ -72.8457, 41.1167 ], [ -72.8679, 41.114 ], [ -72.9613, 41.1045 ], [ -73.0282, 41.0964 ], [ -73.0578, 41.0938 ], [ -73.1602, 41.0479 ], [ -73.193, 41.038 ], [ -73.2643, 41.0412 ], [ -73.3041, 41.0258 ], [ -73.3616, 41.0149 ], [ -73.4279, 41.0025 ], [ -73.4385, 41.0009 ], [ -73.4462, 40.9989 ], [ -73.4641, 40.9959 ], [ -73.4912, 40.9908 ], [ -73.5329, 40.9834 ], [ -73.5497, 40.98 ], [ -73.577, 40.9752 ], [ -73.6173, 40.9677 ], [ -73.6283, 40.9602 ], [ -73.641, 40.9504 ], [ -73.652, 40.9422 ], [ -73.6656, 40.9319 ], [ -73.6751, 40.9243 ], [ -73.6819, 40.9186 ], [ -73.696, 40.9072 ], [ -73.7129, 40.8943 ], [ -73.7387, 40.8708 ], [ -73.7541, 40.8541 ], [ -73.7631, 40.8439 ], [ -73.7795, 40.8246 ], [ -73.7809, 40.8128 ], [ -73.7824, 40.8017 ], [ -73.8035, 40.8032 ], [ -73.8297, 40.8034 ], [ -73.8378, 40.8005 ], [ -73.8541, 40.7982 ], [ -73.8688, 40.7953 ], [ -73.9044, 40.7974 ], [ -73.9143, 40.7912 ], [ -73.938, 40.7792 ], [ -73.9498, 40.7662 ], [ -73.9666, 40.7348 ], [ -73.9663, 40.7237 ], [ -73.9734, 40.7139 ], [ -73.9779, 40.7081 ], [ -73.9993, 40.7045 ], [ -74.0081, 40.6951 ], [ -74.0111, 40.687 ], [ -74.0488, 40.6676 ], [ -74.0631, 40.6465 ], [ -74.0561, 40.6285 ] ] } },
{ "type": "Feature", "properties": { "id": 322 }, "geometry": { "type": "LineString", "coordinates": [ [ -74.0561, 40.6285 ], [ -74.0456, 40.6061 ] ] } },
{ "type": "Feature", "properties": { "id": 323 }, "geometry": { "type": "LineString", "coordinates": [ [ -74.0561, 40.6285 ], [ -74.0494, 40.6143 ], [ -74.0456, 40.6061 ] ] } },
{ "type": "Feature", "properties": { "id": 324 }, "geometry": { "type": "LineString", "coordinates": [ [ -74.0456, 40.6061 ], [ -74.0396, 40.5937 ], [ -74.031, 40.564 ], [ -74.0226, 40.5373 ], [ -74.0106, 40.5253 ], [ -73.9393, 40.498 ], [ -73.8929, 40.4799 ], [ -73.8129, 40.4456 ] ] } },
{ "type": "Feature", "properties": { "id": 325 }, "geometry": { "type": "LineString", "coordinates": [ [ -69.5, 40.3 ], [ -74.0, 40.6 ], [ -74.0456, 40.6061 ] ] } },
{ "type": "Feature", "properties": { "id": 326 }, "geometry": { "type": "LineString", "coordinates": [ [ -72.0, -33.0 ], [ -73.9, -36.9 ] ] } },
{ "type": "Feature", "properties": { "id": 327 }, "geometry": { "type": "LineString", "coordinates": [ [ -73.9, 20.0 ], [ -73.8, 20.0 ] ] } },
{ "type": "Feature", "properties": { "id": 328 }, "geometry": { "type": "LineString", "coordinates": [ [ -72.0, 20.3 ], [ -73.9, 20.0 ] ] } },
{ "type": "Feature", "properties": { "id": 329 }, "geometry": { "type": "LineString", "coordinates": [ [ -73.9, 20.0 ], [ -73.1, 19.1 ], [ -73.9, 20.0 ] ] } },
{ "type": "Feature", "properties": { "id": 330 }, "geometry": { "type": "LineString", "coordinates": [ [ -73.8129, 40.4456 ], [ -73.7932, 40.3456 ], [ -73.783, 40.0331 ] ] } },
{ "type": "Feature", "properties": { "id": 331 }, "geometry": { "type": "LineString", "coordinates": [ [ -73.8129, 40.4456 ], [ -72.4725, 39.4965 ] ] } },
{ "type": "Feature", "properties": { "id": 332 }, "geometry": { "type": "LineString", "coordinates": [ [ -73.3345, 40.4313 ], [ -73.8129, 40.4456 ] ] } },
{ "type": "Feature", "properties": { "id": 333 }, "geometry": { "type": "LineString", "coordinates": [ [ -170.0, -0.00002 ], [ -167.5237, 2.512 ], [ -165.0379, 5.0192 ], [ -162.5333, 7.5169 ], [ -160.0, 10.0 ] ] } },
{ "type": "Feature", "properties": { "id": 334 }, "geometry": { "type": "LineString", "coordinates": [ [ -68.7925, 40.5034 ], [ -70.267, 35.4039 ], [ -71.5636, 30.2839 ], [ -72.7297, 25.1481 ], [ -73.8, 20.0 ] ] } },
{ "type": "Feature", "properties": { "id": 335 }, "geometry": { "type": "LineString", "coordinates": [ [ -67.7575, 44.0943 ], [ -69.6153, 38.1103 ], [ -71.1876, 32.0948 ], [ -72.5624, 26.056 ], [ -73.8, 20.0 ] ] } },
{ "type": "Feature", "properties": { "id": 336 }, "geometry": { "type": "LineString", "coordinates": [ [ -71.4738, 41.0726 ], [ -72.1669, 35.8157 ], [ -72.7704, 30.5504 ], [ -73.3088, 25.2781 ], [ -73.8, 20.0 ] ] } },
{ "type": "Feature", "properties": { "id": 337 }, "geometry": { "type": "LineString", "coordinates": [ [ -72.4725, 39.4965 ], [ -72.5888, 36.2227 ], [ -72.932, 32.172 ], [ -73.244, 28.1177 ], [ -73.5315, 24.0602 ], [ -73.8, 20.0 ] ] } },
{ "type": "Feature", "properties": { "id": 338 }, "geometry": { "type": "LineString", "coordinates": [ [ -73.3345, 40.4313 ], [ -73.783, 40.0331 ] ] } },
{ "type": "Feature", "properties": { "id": 339 }, "geometry": { "type": "LineString", "coordinates": [ [ -170.0, -0.00002 ], [ -175.0, -0.00002 ], [ -180.0, -0.00002 ] ] } },
{ "type": "Feature", "properties": { "id": 340 }, "geometry": { "type": "LineString", "coordinates": [ [ -73.3345, 40.4313 ], [ -71.6331, 40.4556 ] ] } },
{ "type": "Feature", "properties": { "id": 341 }, "geometry": { "type": "LineString", "coordinates": [ [ -71.6894, 40.9975 ], [ -72.4247, 40.7393 ], [ -73.3345, 40.4313 ] ] } },
{ "type": "Feature", "properties": { "id": 342 }, "geometry": { "type": "LineString", "coordinates": [ [ -73.0, 17.3 ], [ -69.75, 17.5 ] ] } },
{ "type": "Feature", "properties": { "id": 343 }, "geometry": { "type": "LineString", "coordinates": [ [ -61.9, 12.0 ], [ -67.3869, 14.7026 ], [ -73.0, 17.3 ] ] } },
{ "type": "Feature", "properties": { "id": 344 }, "geometry": { "type": "LineString", "coordinates": [ [ -72.8, -29.6 ], [ -72.0, -33.0 ] ] } },
{ "type": "Feature", "properties": { "id": 345 }, "geometry": { "type": "LineString", "coordinates": [ [ -170.0, -0.00002 ], [ -170.0002, 5.0004 ], [ -170.0, 10.0 ] ] } },
{ "type": "Feature", "properties": { "id": 346 }, "geometry": { "type": "LineString", "coordinates": [ [ -72.7, -17.3 ], [ -71.0, -18.9 ] ] } },
{ "type": "Feature", "properties": { "id": 347 }, "geometry": { "type": "LineString", "coordinates": [ [ -72.4725, 39.4965 ], [ -70.6309, 34.3243 ], [ -69.0025, 29.1243 ], [ -67.5286, 23.9033 ], [ -66.1668, 18.6667 ] ] } },
{ "type": "Feature", "properties": { "id": 348 }, "geometry": { "type": "LineString", "coordinates": [ [ -72.2321, 15.6874 ], [ -69.7486, 14.4364 ], [ -61.8055, 10.6839 ], [ -61.0, 11.0 ] ] } },
{ "type": "Feature", "properties": { "id": 349 }, "geometry": { "type": "LineString", "coordinates": [ [ -71.4771, 41.3103 ], [ -71.6217, 41.3065 ], [ -71.849, 41.2953 ], [ -71.9146, 41.304 ], [ -71.971, 41.2919 ], [ -72.0108, 41.2857 ], [ -72.0758, 41.2757 ], [ -72.1973, 41.2514 ] ] } },
{ "type": "Feature", "properties": { "id": 350 }, "geometry": { "type": "LineString", "coordinates": [ [ -72.1973, 41.2514 ], [ -71.4738, 41.0726 ] ] } },
{ "type": "Feature", "properties": { "id": 351 }, "geometry": { "type": "LineString", "coordinates": [ [ -71.2, 21.7 ], [ -72.0, 20.3 ] ] } },
{ "type": "Feature", "properties": { "id": 352 }, "geometry": { "type": "LineString", "coordinates": [ [ -72.0, 20.3 ], [ -68.9, 19.75 ] ] } },
{ "type": "Feature", "properties": { "id": 353 }, "geometry": { "type": "LineString", "coordinates": [ [ -71.4738, 41.0726 ], [ -71.6894, 40.9975 ] ] } },
{ "type": "Feature", "properties": { "id": 354 }, "geometry": { "type": "LineString", "coordinates": [ [ -71.6331, 40.4556 ], [ -71.6894, 40.9975 ] ] } },
{ "type": "Feature", "properties": { "id": 355 }, "geometry": { "type": "LineString", "coordinates": [ [ -71.6331, 40.4556 ], [ -68.7925, 40.5034 ] ] } },
{ "type": "Feature", "properties": { "id": 356 }, "geometry": { "type": "LineString", "coordinates": [ [ -71.5504, 9.7649 ], [ -71.6053, 10.6083 ], [ -71.5504, 11.1693 ], [ -70.3089, 11.6755 ], [ -70.1881, 12.5455 ], [ -70.0, 13.0 ] ] } },
{ "type": "Feature", "properties": { "id": 357 }, "geometry": { "type": "LineString", "coordinates": [ [ -71.4771, 41.3103 ], [ -71.3336, 41.417 ] ] } },
{ "type": "Feature", "properties": { "id": 358 }, "geometry": { "type": "LineString", "coordinates": [ [ -71.4771, 41.3103 ], [ -71.4738, 41.0726 ] ] } },
{ "type": "Feature", "properties": { "id": 359 }, "geometry": { "type": "LineString", "coordinates": [ [ -71.3569, 41.1171 ], [ -71.3729, 41.1095 ], [ -71.3907, 41.1047 ], [ -71.4738, 41.0726 ] ] } },
{ "type": "Feature", "properties": { "id": 360 }, "geometry": { "type": "LineString", "coordinates": [ [ -71.4738, 41.0726 ], [ -69.9008, 35.4989 ], [ -68.528, 29.9034 ], [ -67.2971, 24.2913 ], [ -66.1668, 18.6667 ] ] } },
{ "type": "Feature", "properties": { "id": 361 }, "geometry": { "type": "LineString", "coordinates": [ [ -71.1677, 41.325 ], [ -71.3569, 41.1171 ] ] } },
{ "type": "Feature", "properties": { "id": 362 }, "geometry": { "type": "LineString", "coordinates": [ [ -160.0, -10.0 ], [ -162.5336, -7.5167 ], [ -165.0384, -5.019 ], [ -167.524, -2.5119 ], [ -170.0, -0.00002 ] ] } },
{ "type": "Feature", "properties": { "id": 363 }, "geometry": { "type": "LineString", "coordinates": [ [ -68.7925, 40.5034 ], [ -70.0158, 40.7029 ], [ -71.3569, 41.1171 ] ] } },
{ "type": "Feature", "properties": { "id": 364 }, "geometry": { "type": "LineString", "coordinates": [ [ -71.25, 41.5 ], [ -71.3336, 41.417 ] ] } },
{ "type": "Feature", "properties": { "id": 365 }, "geometry": { "type": "LineString", "coordinates": [ [ -71.3336, 41.417 ], [ -71.1957, 41.417 ] ] } },
{ "type": "Feature", "properties": { "id": 366 }, "geometry": { "type": "LineString", "coordinates": [ [ -71.2, 21.7 ], [ -68.9, 19.75 ] ] } },
{ "type": "Feature", "properties": { "id": 367 }, "geometry": { "type": "LineString", "coordinates": [ [ -71.1957, 41.417 ], [ -71.0037, 41.4535 ] ] } },
{ "type": "Feature", "properties": { "id": 368 }, "geometry": { "type": "LineString", "coordinates": [ [ -70.6704, 41.4908 ], [ -70.7476, 41.4521 ], [ -70.8432, 41.4056 ], [ -70.8663, 41.3977 ], [ -70.8921, 41.3891 ], [ -71.1677, 41.325 ] ] } },
{ "type": "Feature", "properties": { "id": 369 }, "geometry": { "type": "LineString", "coordinates": [ [ -71.0037, 41.4535 ], [ -71.117, 41.374 ], [ -71.1677, 41.325 ] ] } },
{ "type": "Feature", "properties": { "id": 370 }, "geometry": { "type": "LineString", "coordinates": [ [ -70.7415, 41.5963 ], [ -70.8421, 41.5197 ], [ -70.9421, 41.4761 ], [ -71.0037, 41.4535 ] ] } },
{ "type": "Feature", "properties": { "id": 371 }, "geometry": { "type": "LineString", "coordinates": [ [ -70.481, 41.7813 ], [ -70.5026, 41.7739 ], [ -70.511, 41.7728 ], [ -70.5481, 41.776 ], [ -70.5549, 41.7747 ], [ -70.5645, 41.7691 ], [ -70.5684, 41.7635 ], [ -70.5762, 41.7543 ], [ -70.5922, 41.7465 ], [ -70.6097, 41.7434 ], [ -70.6204, 41.7395 ], [ -70.6306, 41.7323 ], [ -70.6319, 41.731 ], [ -70.6398, 41.7231 ], [ -70.6781, 41.6824 ], [ -70.6944, 41.6391 ], [ -70.6974, 41.6309 ], [ -70.7415, 41.5963 ] ] } },
{ "type": "Feature", "properties": { "id": 372 }, "geometry": { "type": "LineString", "coordinates": [ [ -160.0, 10.0 ], [ -164.9998, 10.0367 ], [ -170.0, 10.0 ] ] } },
{ "type": "Feature", "properties": { "id": 373 }, "geometry": { "type": "LineString", "coordinates": [ [ -70.7415, 41.5963 ], [ -70.6983, 41.5269 ], [ -70.6908, 41.5202 ], [ -70.685, 41.5191 ], [ -70.6799, 41.52 ], [ -70.6704, 41.4908 ] ] } },
{ "type": "Feature", "properties": { "id": 374 }, "geometry": { "type": "LineString", "coordinates": [ [ -67.7575, 44.0943 ], [ -67.7858, 44.0844 ], [ -67.8231, 44.0691 ], [ -67.8554, 44.0567 ], [ -67.8845, 44.0453 ], [ -67.9145, 44.0318 ], [ -67.9434, 44.0219 ], [ -67.9714, 44.011 ], [ -67.9989, 43.9991 ], [ -68.036, 43.9846 ], [ -68.0894, 43.9634 ], [ -68.1336, 43.944 ], [ -68.1766, 43.9261 ], [ -68.2185, 43.9091 ], [ -68.2687, 43.8896 ], [ -68.306, 43.8737 ], [ -68.376, 43.8445 ], [ -68.4501, 43.8147 ], [ -68.4809, 43.8015 ], [ -68.5038, 43.7924 ], [ -68.5262, 43.7826 ], [ -68.5492, 43.7727 ], [ -68.5713, 43.7645 ], [ -68.5917, 43.756 ], [ -68.6183, 43.7451 ], [ -68.6396, 43.7363 ], [ -68.6632, 43.7263 ], [ -68.6867, 43.7174 ], [ -68.711, 43.707 ], [ -68.7372, 43.6972 ], [ -68.7628, 43.686 ], [ -68.7885, 43.6757 ], [ -68.814, 43.6656 ], [ -68.8231, 43.6618 ], [ -68.8327, 43.6592 ], [ -68.8402, 43.6567 ], [ -68.8482, 43.6523 ], [ -68.8579, 43.6489 ], [ -68.8659, 43.6455 ], [ -68.8731, 43.6426 ], [ -68.8809, 43.639 ], [ -68.8884, 43.6357 ], [ -68.8947, 43.6332 ], [ -68.9035, 43.6292 ], [ -68.9124, 43.6261 ], [ -68.9215, 43.6223 ], [ -68.9303, 43.6177 ], [ -68.9386, 43.6144 ], [ -68.9473, 43.6108 ], [ -68.9559, 43.6078 ], [ -68.9625, 43.6045 ], [ -68.9697, 43.6014 ], [ -68.9754, 43.5997 ], [ -68.983, 43.5971 ], [ -68.9901, 43.5932 ], [ -68.9998, 43.59 ], [ -69.0319, 43.5782 ], [ -69.067, 43.563 ], [ -69.0984, 43.5492 ], [ -69.129, 43.5374 ], [ -69.1641, 43.5235 ], [ -69.1943, 43.5107 ], [ -69.2286, 43.4967 ], [ -69.2621, 43.4833 ], [ -69.3059, 43.4656 ], [ -69.3693, 43.4425 ], [ -69.4421, 43.4216 ], [ -69.5235, 43.3969 ], [ -69.9058, 43.1127 ], [ -70.047, 43.0696 ], [ -70.0878, 43.0162 ], [ -70.132, 42.958 ], [ -70.164, 42.9151 ], [ -70.1934, 42.8694 ], [ -70.2201, 42.828 ], [ -70.2431, 42.7922 ], [ -70.2751, 42.7408 ], [ -70.3083, 42.6888 ], [ -70.3303, 42.654 ], [ -70.4069, 42.6271 ], [ -70.466, 42.5706 ], [ -70.4821, 42.5554 ], [ -70.5029, 42.5354 ], [ -70.517, 42.522 ], [ -70.527, 42.5128 ], [ -70.5514, 42.4894 ], [ -70.6333, 42.4108 ], [ -70.661, 42.3842 ], [ -70.6925, 42.3542 ] ] } },
{ "type": "Feature", "properties": { "id": 375 }, "geometry": { "type": "LineString", "coordinates": [ [ -70.6925, 42.3542 ], [ -70.7125, 42.2816 ], [ -70.6477, 42.2194 ], [ -70.6161, 42.1958 ], [ -70.592, 42.1459 ], [ -70.5803, 42.1219 ], [ -70.536, 42.0264 ], [ -70.5195, 41.988 ] ] } },
{ "type": "Feature", "properties": { "id": 376 }, "geometry": { "type": "LineString", "coordinates": [ [ -70.6925, 42.3542 ], [ -70.5626, 42.3184 ], [ -70.4577, 42.2904 ], [ -70.3935, 42.2725 ], [ -70.328, 42.2549 ], [ -70.2609, 42.2369 ], [ -70.1918, 42.2143 ], [ -70.1183, 42.1947 ] ] } },
{ "type": "Feature", "properties": { "id": 377 }, "geometry": { "type": "LineString", "coordinates": [ [ -70.6704, 41.4908 ], [ -70.6342, 41.5038 ], [ -70.5527, 41.4794 ], [ -70.3501, 41.4589 ], [ -70.2864, 41.4528 ], [ -70.2305, 41.4442 ], [ -70.1995, 41.4515 ] ] } },
{ "type": "Feature", "properties": { "id": 378 }, "geometry": { "type": "LineString", "coordinates": [ [ -70.5195, 41.988 ], [ -70.3394, 42.0251 ] ] } },
{ "type": "Feature", "properties": { "id": 379 }, "geometry": { "type": "LineString", "coordinates": [ [ -70.5195, 41.988 ], [ -70.4594, 41.8478 ], [ -70.481, 41.7813 ] ] } },
{ "type": "Feature", "properties": { "id": 380 }, "geometry": { "type": "LineString", "coordinates": [ [ -70.481, 41.7813 ], [ -70.3394, 42.0251 ] ] } },
{ "type": "Feature", "properties": { "id": 381 }, "geometry": { "type": "LineString", "coordinates": [ [ -68.0, -52.4 ], [ -70.45, -52.7501 ] ] } },
{ "type": "Feature", "properties": { "id": 382 }, "geometry": { "type": "LineString", "coordinates": [ [ -70.3394, 42.0251 ], [ -70.1183, 42.1947 ] ] } },
{ "type": "Feature", "properties": { "id": 383 }, "geometry": { "type": "LineString", "coordinates": [ [ -70.1615, 41.7724 ], [ -70.3394, 42.0251 ] ] } },
{ "type": "Feature", "properties": { "id": 384 }, "geometry": { "type": "LineString", "coordinates": [ [ -70.189, 41.9997 ], [ -70.3394, 42.0251 ] ] } },
{ "type": "Feature", "properties": { "id": 385 }, "geometry": { "type": "LineString", "coordinates": [ [ -70.1995, 41.4515 ], [ -70.1724, 41.4577 ], [ -70.0641, 41.4823 ] ] } },
{ "type": "Feature", "properties": { "id": 386 }, "geometry": { "type": "LineString", "coordinates": [ [ -70.1995, 41.4515 ], [ -70.0641, 41.4823 ] ] } },
{ "type": "Feature", "properties": { "id": 387 }, "geometry": { "type": "LineString", "coordinates": [ [ -70.1183, 42.1947 ], [ -69.8936, 42.1322 ], [ -69.7009, 41.848 ] ] } },
{ "type": "Feature", "properties": { "id": 388 }, "geometry": { "type": "LineString", "coordinates": [ [ -70.0641, 41.4823 ], [ -69.4593, 41.4882 ] ] } },
{ "type": "Feature", "properties": { "id": 389 }, "geometry": { "type": "LineString", "coordinates": [ [ -70.0641, 41.4823 ], [ -69.3457, 41.3218 ] ] } },
{ "type": "Feature", "properties": { "id": 390 }, "geometry": { "type": "LineString", "coordinates": [ [ -60.0, -60.0 ], [ -70.0, -60.0001 ] ] } },
{ "type": "Feature", "properties": { "id": 391 }, "geometry": { "type": "LineString", "coordinates": [ [ -157.67, 21.1667 ], [ -160.8861, 18.445 ], [ -164.0019, 15.6704 ], [ -167.0345, 12.8524 ], [ -170.0, 10.0 ] ] } },
{ "type": "Feature", "properties": { "id": 392 }, "geometry": { "type": "LineString", "coordinates": [ [ -70.0, 13.0 ], [ -60.3334, 17.3628 ], [ -50.8192, 22.8284 ], [ -38.7342, 28.2769 ], [ -24.4959, 32.5575 ], [ -15.0038, 34.3539 ], [ -5.75, 35.95 ] ] } },
{ "type": "Feature", "properties": { "id": 393 }, "geometry": { "type": "LineString", "coordinates": [ [ -70.0, 13.0 ], [ -66.6, 17.3 ] ] } },
{ "type": "Feature", "properties": { "id": 394 }, "geometry": { "type": "LineString", "coordinates": [ [ -68.5, 12.1 ], [ -70.0, 13.0 ] ] } },
{ "type": "Feature", "properties": { "id": 395 }, "geometry": { "type": "LineString", "coordinates": [ [ -68.5, 12.1 ], [ -68.7656, 12.2629 ], [ -69.849, 12.9115 ], [ -70.0, 13.0 ] ] } },
{ "type": "Feature", "properties": { "id": 396 }, "geometry": { "type": "LineString", "coordinates": [ [ -61.9, 12.0 ], [ -65.942, 12.5294 ], [ -70.0, 13.0 ] ] } },
{ "type": "Feature", "properties": { "id": 397 }, "geometry": { "type": "LineString", "coordinates": [ [ -60.0, 30.0 ], [ -64.9995, 30.0935 ], [ -70.0, 30.0 ] ] } },
{ "type": "Feature", "properties": { "id": 398 }, "geometry": { "type": "LineString", "coordinates": [ [ -5.75, 35.95 ], [ -13.89, 37.1828 ], [ -22.2384, 37.8518 ], [ -30.6735, 37.9302 ], [ -39.0614, 37.4136 ], [ -47.2741, 36.3184 ], [ -55.2082, 34.6827 ], [ -62.7947, 32.5571 ], [ -70.0, 30.0 ] ] } },
{ "type": "Feature", "properties": { "id": 399 }, "geometry": { "type": "LineString", "coordinates": [ [ -5.75, 35.95 ], [ -64.6416, 31.9639 ], [ -70.0, 30.0 ] ] } },
{ "type": "Feature", "properties": { "id": 400 }, "geometry": { "type": "LineString", "coordinates": [ [ -64.8, 32.3 ], [ -70.0, 30.0 ] ] } },
{ "type": "Feature", "properties": { "id": 401 }, "geometry": { "type": "LineString", "coordinates": [ [ -69.5, 40.3 ], [ -70.0, 30.0 ] ] } },
{ "type": "Feature", "properties": { "id": 402 }, "geometry": { "type": "LineString", "coordinates": [ [ -70.0, 30.0 ], [ -72.974487, 31.632806 ], [ -72.973531, 31.632317 ], [ -70.0, 30.0 ] ] } },
{ "type": "Feature", "properties": { "id": 403 }, "geometry": { "type": "LineString", "coordinates": [ [ -170.0, 20.0 ], [ -170.0008, 15.0011 ], [ -170.0, 10.0 ] ] } },
{ "type": "Feature", "properties": { "id": 404 }, "geometry": { "type": "LineString", "coordinates": [ [ -68.9, 19.75 ], [ -69.4289, 24.8776 ], [ -70.0, 30.0 ] ] } },
{ "type": "Feature", "properties": { "id": 405 }, "geometry": { "type": "LineString", "coordinates": [ [ -60.0, 20.0 ], [ -64.7955, 25.0836 ], [ -70.0, 30.0 ] ] } },
{ "type": "Feature", "properties": { "id": 406 }, "geometry": { "type": "LineString", "coordinates": [ [ -69.8888, 41.8407 ], [ -69.7009, 41.848 ] ] } },
{ "type": "Feature", "properties": { "id": 407 }, "geometry": { "type": "LineString", "coordinates": [ [ -67.95, 18.5 ], [ -69.75, 17.5 ] ] } },
{ "type": "Feature", "properties": { "id": 408 }, "geometry": { "type": "LineString", "coordinates": [ [ -69.75, 17.5 ], [ -66.6, 17.3 ] ] } },
{ "type": "Feature", "properties": { "id": 409 }, "geometry": { "type": "LineString", "coordinates": [ [ -69.7009, 41.848 ], [ -69.642, 41.7615 ], [ -69.5906, 41.6827 ], [ -69.5275, 41.5917 ] ] } },
{ "type": "Feature", "properties": { "id": 410 }, "geometry": { "type": "LineString", "coordinates": [ [ -69.25, 41.8 ], [ -69.5275, 41.5917 ] ] } },
{ "type": "Feature", "properties": { "id": 411 }, "geometry": { "type": "LineString", "coordinates": [ [ -69.5275, 41.5917 ], [ -69.4593, 41.4882 ] ] } },
{ "type": "Feature", "properties": { "id": 412 }, "geometry": { "type": "LineString", "coordinates": [ [ -20.0, 40.0 ], [ -25.9351, 41.1999 ], [ -32.0626, 42.0901 ], [ -38.3322, 42.6501 ], [ -44.6814, 42.8665 ], [ -51.0402, 42.733 ], [ -57.3379, 42.2526 ], [ -63.5093, 41.4359 ], [ -69.5, 40.3 ] ] } },
{ "type": "Feature", "properties": { "id": 413 }, "geometry": { "type": "LineString", "coordinates": [ [ -69.5, 40.3 ], [ -68.7925, 40.5034 ] ] } },
{ "type": "Feature", "properties": { "id": 414 }, "geometry": { "type": "LineString", "coordinates": [ [ -69.5, 40.3 ], [ -64.2, 42.3 ] ] } },
{ "type": "Feature", "properties": { "id": 415 }, "geometry": { "type": "LineString", "coordinates": [ [ -69.5, 40.3 ], [ -69.25, 41.8 ] ] } },
{ "type": "Feature", "properties": { "id": 416 }, "geometry": { "type": "LineString", "coordinates": [ [ -69.5, 40.3 ], [ -66.9931, 36.3343 ], [ -64.8, 32.3 ] ] } },
{ "type": "Feature", "properties": { "id": 417 }, "geometry": { "type": "LineString", "coordinates": [ [ -160.0, -0.00002 ], [ -162.476, 2.5118 ], [ -164.9616, 5.019 ], [ -167.4664, 7.5167 ], [ -170.0, 10.0 ] ] } },
{ "type": "Feature", "properties": { "id": 418 }, "geometry": { "type": "LineString", "coordinates": [ [ -60.0, 40.0 ], [ -64.7392, 40.2463 ], [ -69.5, 40.3 ] ] } },
{ "type": "Feature", "properties": { "id": 419 }, "geometry": { "type": "LineString", "coordinates": [ [ -69.4593, 41.4882 ], [ -69.3457, 41.3218 ] ] } },
{ "type": "Feature", "properties": { "id": 420 }, "geometry": { "type": "LineString", "coordinates": [ [ -69.3457, 41.3218 ], [ -68.7925, 40.5034 ] ] } },
{ "type": "Feature", "properties": { "id": 421 }, "geometry": { "type": "LineString", "coordinates": [ [ -69.25, 41.8 ], [ -64.2, 42.3 ] ] } },
{ "type": "Feature", "properties": { "id": 422 }, "geometry": { "type": "LineString", "coordinates": [ [ -60.0, 20.0 ], [ -64.4532, 19.9296 ], [ -68.9, 19.75 ] ] } },
{ "type": "Feature", "properties": { "id": 423 }, "geometry": { "type": "LineString", "coordinates": [ [ -170.0, 20.0 ], [ -163.8579, 20.6917 ], [ -157.67, 21.1667 ] ] } },
{ "type": "Feature", "properties": { "id": 424 }, "geometry": { "type": "LineString", "coordinates": [ [ -68.9, 19.75 ], [ -64.634, 24.9425 ], [ -60.0, 30.0 ] ] } },
{ "type": "Feature", "properties": { "id": 425 }, "geometry": { "type": "LineString", "coordinates": [ [ -67.95, 18.5 ], [ -68.9, 19.75 ] ] } },
{ "type": "Feature", "properties": { "id": 426 }, "geometry": { "type": "LineString", "coordinates": [ [ -64.35, 18.9 ], [ -68.9, 19.75 ] ] } },
{ "type": "Feature", "properties": { "id": 427 }, "geometry": { "type": "LineString", "coordinates": [ [ -68.7925, 40.5034 ], [ -65.4, 43.2 ] ] } },
{ "type": "Feature", "properties": { "id": 428 }, "geometry": { "type": "LineString", "coordinates": [ [ -68.7925, 40.5034 ], [ -68.0237, 35.0558 ], [ -67.3457, 29.5995 ], [ -66.7329, 24.136 ], [ -66.1668, 18.6667 ] ] } },
{ "type": "Feature", "properties": { "id": 429 }, "geometry": { "type": "LineString", "coordinates": [ [ -66.75, 11.0 ], [ -68.5, 12.1 ] ] } },
{ "type": "Feature", "properties": { "id": 430 }, "geometry": { "type": "LineString", "coordinates": [ [ -68.0, -52.4 ], [ -65.4, -47.75 ] ] } },
{ "type": "Feature", "properties": { "id": 431 }, "geometry": { "type": "LineString", "coordinates": [ [ -67.95, 18.5 ], [ -66.0, 18.7 ] ] } },
{ "type": "Feature", "properties": { "id": 432 }, "geometry": { "type": "LineString", "coordinates": [ [ -5.75, 35.95 ], [ -10.1424, 35.8502 ], [ -14.5159, 35.5925 ], [ -18.8537, 35.1792 ], [ -23.1406, 34.6142 ], [ -27.3629, 33.9022 ], [ -31.5096, 33.0496 ], [ -35.5717, 32.0633 ], [ -39.5427, 30.951 ], [ -43.4184, 29.7204 ], [ -47.1972, 28.3801 ], [ -50.8793, 26.9387 ], [ -54.4666, 25.4045 ], [ -57.9624, 23.7856 ], [ -61.3711, 22.0901 ], [ -64.6983, 20.3258 ], [ -67.95, 18.5 ] ] } },
{ "type": "Feature", "properties": { "id": 433 }, "geometry": { "type": "LineString", "coordinates": [ [ -40.0, 40.0 ], [ -44.2375, 37.6913 ], [ -48.2133, 35.24 ], [ -51.9519, 32.6658 ], [ -55.4786, 29.9865 ], [ -58.8184, 27.2173 ], [ -61.9953, 24.372 ], [ -65.0321, 21.4627 ], [ -67.95, 18.5 ] ] } },
{ "type": "Feature", "properties": { "id": 434 }, "geometry": { "type": "LineString", "coordinates": [ [ -170.0, 20.0 ], [ -165.2028, 25.0849 ], [ -160.0, 30.0 ] ] } },
{ "type": "Feature", "properties": { "id": 435 }, "geometry": { "type": "LineString", "coordinates": [ [ -66.6, 17.3 ], [ -67.95, 18.5 ] ] } },
{ "type": "Feature", "properties": { "id": 436 }, "geometry": { "type": "LineString", "coordinates": [ [ -66.7618, 44.2835 ], [ -66.8026, 44.2613 ], [ -66.8532, 44.2336 ], [ -66.9309, 44.2443 ], [ -67.0083, 44.2537 ], [ -67.0679, 44.2668 ], [ -67.1241, 44.2753 ], [ -67.1728, 44.2845 ], [ -67.2505, 44.2919 ], [ -67.2731, 44.2836 ], [ -67.2984, 44.2734 ], [ -67.3241, 44.2651 ], [ -67.3556, 44.2496 ], [ -67.3881, 44.2378 ], [ -67.4206, 44.2276 ], [ -67.4503, 44.2113 ], [ -67.4763, 44.2042 ], [ -67.5088, 44.1919 ], [ -67.5385, 44.1796 ], [ -67.5676, 44.1697 ], [ -67.595, 44.1579 ], [ -67.6258, 44.1466 ], [ -67.6581, 44.1334 ], [ -67.6894, 44.1204 ], [ -67.7212, 44.1078 ], [ -67.7575, 44.0943 ] ] } },
{ "type": "Feature", "properties": { "id": 437 }, "geometry": { "type": "LineString", "coordinates": [ [ -66.2625, 44.83 ], [ -66.2773, 44.7939 ], [ -66.2943, 44.7627 ], [ -66.3159, 44.7158 ], [ -66.3392, 44.6688 ], [ -66.3465, 44.6343 ], [ -66.3725, 44.5914 ], [ -66.4058, 44.5163 ], [ -66.4323, 44.4618 ], [ -66.4731, 44.4398 ], [ -66.5241, 44.4144 ], [ -66.5674, 44.3867 ], [ -66.6369, 44.3527 ], [ -66.6953, 44.3199 ], [ -66.7618, 44.2835 ] ] } },
{ "type": "Feature", "properties": { "id": 438 }, "geometry": { "type": "LineString", "coordinates": [ [ -61.9, 12.0 ], [ -66.75, 11.0 ] ] } },
{ "type": "Feature", "properties": { "id": 439 }, "geometry": { "type": "LineString", "coordinates": [ [ -64.35, 18.9 ], [ -65.7508, 17.9184 ], [ -66.6, 17.3 ] ] } },
{ "type": "Feature", "properties": { "id": 440 }, "geometry": { "type": "LineString", "coordinates": [ [ -66.6, 17.3 ], [ -61.5, 13.5 ] ] } },
{ "type": "Feature", "properties": { "id": 441 }, "geometry": { "type": "LineString", "coordinates": [ [ -64.9058, 18.3706 ], [ -64.9615, 18.4207 ], [ -66.1668, 18.6667 ] ] } },
{ "type": "Feature", "properties": { "id": 442 }, "geometry": { "type": "LineString", "coordinates": [ [ -60.0, 50.0 ], [ -66.0, 50.0 ] ] } },
{ "type": "Feature", "properties": { "id": 443 }, "geometry": { "type": "LineString", "coordinates": [ [ -170.0, 20.0 ], [ -170.0014, 25.0017 ], [ -170.0, 30.0 ] ] } },
{ "type": "Feature", "properties": { "id": 444 }, "geometry": { "type": "LineString", "coordinates": [ [ -64.35, 18.9 ], [ -64.6771, 18.8628 ], [ -66.0, 18.7 ] ] } },
{ "type": "Feature", "properties": { "id": 445 }, "geometry": { "type": "LineString", "coordinates": [ [ -63.9, -43.4 ], [ -65.4, -47.75 ] ] } },
{ "type": "Feature", "properties": { "id": 446 }, "geometry": { "type": "LineString", "coordinates": [ [ -64.9058, 18.3706 ], [ -64.8063, 18.3224 ], [ -64.7325, 17.7528 ] ] } },
{ "type": "Feature", "properties": { "id": 447 }, "geometry": { "type": "LineString", "coordinates": [ [ -60.0, 40.0 ], [ -62.5177, 36.1752 ], [ -64.8, 32.3 ] ] } },
{ "type": "Feature", "properties": { "id": 448 }, "geometry": { "type": "LineString", "coordinates": [ [ -64.8, 32.3 ], [ -60.0, 30.0 ] ] } },
{ "type": "Feature", "properties": { "id": 449 }, "geometry": { "type": "LineString", "coordinates": [ [ -64.5, 61.1 ], [ -53.2, 63.6 ] ] } },
{ "type": "Feature", "properties": { "id": 450 }, "geometry": { "type": "LineString", "coordinates": [ [ -170.0, 20.0 ], [ -167.4063, 17.5438 ], [ -164.8825, 15.0547 ], [ -162.3675, 12.7058 ], [ -160.0, 10.0 ] ] } },
{ "type": "Feature", "properties": { "id": 451 }, "geometry": { "type": "LineString", "coordinates": [ [ -57.0, 54.6 ], [ -60.6748, 57.8113 ], [ -64.5, 61.1 ] ] } },
{ "type": "Feature", "properties": { "id": 452 }, "geometry": { "type": "LineString", "coordinates": [ [ -57.3015, 60.082 ], [ -64.5, 61.1 ] ] } },
{ "type": "Feature", "properties": { "id": 453 }, "geometry": { "type": "LineString", "coordinates": [ [ -50.0, 60.0 ], [ -57.126, 60.7458 ], [ -64.5, 61.1 ] ] } },
{ "type": "Feature", "properties": { "id": 454 }, "geometry": { "type": "LineString", "coordinates": [ [ -60.0, 20.0 ], [ -63.284, 19.192 ], [ -64.35, 18.9 ] ] } },
{ "type": "Feature", "properties": { "id": 455 }, "geometry": { "type": "LineString", "coordinates": [ [ -64.35, 18.9 ], [ -63.2727, 17.9431 ], [ -62.25, 17.0 ] ] } },
{ "type": "Feature", "properties": { "id": 456 }, "geometry": { "type": "LineString", "coordinates": [ [ -64.401, -55.662 ], [ -59.4984, -62.262 ] ] } },
{ "type": "Feature", "properties": { "id": 457 }, "geometry": { "type": "LineString", "coordinates": [ [ -55.0, 45.0 ], [ -59.7029, 43.7421 ], [ -64.2, 42.3 ] ] } },
{ "type": "Feature", "properties": { "id": 458 }, "geometry": { "type": "LineString", "coordinates": [ [ -170.0, 30.0 ], [ -164.9995, 30.0935 ], [ -160.0, 30.0 ] ] } },
{ "type": "Feature", "properties": { "id": 459 }, "geometry": { "type": "LineString", "coordinates": [ [ -60.0, 40.0 ], [ -64.2, 42.3 ] ] } },
{ "type": "Feature", "properties": { "id": 460 }, "geometry": { "type": "LineString", "coordinates": [ [ -61.25, -39.3 ], [ -63.9, -43.4 ] ] } },
{ "type": "Feature", "properties": { "id": 461 }, "geometry": { "type": "LineString", "coordinates": [ [ -62.5, 45.9 ], [ -60.2, 47.75 ] ] } },
{ "type": "Feature", "properties": { "id": 462 }, "geometry": { "type": "LineString", "coordinates": [ [ -180.0, -0.00002 ], [ -177.5237, 2.512 ], [ -175.0379, 5.0192 ], [ -172.5333, 7.5169 ], [ -170.0, 10.0 ] ] } },
{ "type": "Feature", "properties": { "id": 463 }, "geometry": { "type": "LineString", "coordinates": [ [ -62.25, 17.0 ], [ -62.0493, 17.2795 ], [ -60.0, 20.0 ] ] } },
{ "type": "Feature", "properties": { "id": 464 }, "geometry": { "type": "LineString", "coordinates": [ [ -62.25, 17.0 ], [ -61.6, 15.2 ] ] } },
{ "type": "Feature", "properties": { "id": 465 }, "geometry": { "type": "LineString", "coordinates": [ [ -61.9374, 10.2626 ], [ -61.8055, 10.6839 ], [ -61.9, 12.0 ] ] } },
{ "type": "Feature", "properties": { "id": 466 }, "geometry": { "type": "LineString", "coordinates": [ [ -61.5, 13.5 ], [ -61.9, 12.0 ] ] } },
{ "type": "Feature", "properties": { "id": 467 }, "geometry": { "type": "LineString", "coordinates": [ [ -170.0, 30.0 ], [ -165.3052, 35.1041 ], [ -160.0, 40.0 ] ] } },
{ "type": "Feature", "properties": { "id": 468 }, "geometry": { "type": "LineString", "coordinates": [ [ -61.9, 12.0 ], [ -61.0, 11.0 ] ] } },
{ "type": "Feature", "properties": { "id": 469 }, "geometry": { "type": "LineString", "coordinates": [ [ -61.0, 11.0 ], [ -61.1027, 11.1159 ], [ -61.9, 12.0 ] ] } },
{ "type": "Feature", "properties": { "id": 470 }, "geometry": { "type": "LineString", "coordinates": [ [ -61.6, 15.2 ], [ -61.5, 13.5 ] ] } },
{ "type": "Feature", "properties": { "id": 471 }, "geometry": { "type": "LineString", "coordinates": [ [ -61.5, 13.5 ], [ -59.5983, 12.9955 ], [ -50.0, 10.0 ] ] } },
{ "type": "Feature", "properties": { "id": 472 }, "geometry": { "type": "LineString", "coordinates": [ [ -61.25, -39.3 ], [ -60.679, -44.654 ], [ -60.0, -50.0 ] ] } },
{ "type": "Feature", "properties": { "id": 473 }, "geometry": { "type": "LineString", "coordinates": [ [ -61.25, -39.3 ], [ -55.654, -39.7845 ], [ -50.0, -40.0 ] ] } },
{ "type": "Feature", "properties": { "id": 474 }, "geometry": { "type": "LineString", "coordinates": [ [ -61.0, 11.0 ], [ -44.1395, 19.1572 ], [ -28.9344, 26.4426 ], [ -20.0, 30.0 ] ] } },
{ "type": "Feature", "properties": { "id": 475 }, "geometry": { "type": "LineString", "coordinates": [ [ -50.0, 20.0 ], [ -59.3636, 12.4371 ], [ -59.714, 12.1364 ], [ -61.0, 11.0 ] ] } },
{ "type": "Feature", "properties": { "id": 476 }, "geometry": { "type": "LineString", "coordinates": [ [ -57.9, 7.0 ], [ -61.0, 11.0 ] ] } },
{ "type": "Feature", "properties": { "id": 477 }, "geometry": { "type": "LineString", "coordinates": [ [ -57.9, 7.0 ], [ -57.9356, 7.049 ], [ -61.0, 11.0 ] ] } },
{ "type": "Feature", "properties": { "id": 478 }, "geometry": { "type": "LineString", "coordinates": [ [ -170.0, 30.0 ], [ -170.0021, 35.002 ], [ -170.0, 40.0 ] ] } },
{ "type": "Feature", "properties": { "id": 479 }, "geometry": { "type": "LineString", "coordinates": [ [ -51.9, 5.4 ], [ -56.4243, 8.2122 ], [ -61.0, 11.0 ] ] } },
{ "type": "Feature", "properties": { "id": 480 }, "geometry": { "type": "LineString", "coordinates": [ [ -61.0, 11.0 ], [ -55.4908, 10.5463 ], [ -50.0, 10.0 ] ] } },
{ "type": "Feature", "properties": { "id": 481 }, "geometry": { "type": "LineString", "coordinates": [ [ -60.5, -33.0 ], [ -58.4, -34.2 ] ] } },
{ "type": "Feature", "properties": { "id": 482 }, "geometry": { "type": "LineString", "coordinates": [ [ -60.5, -33.0 ], [ -58.5695, -34.0974 ], [ -58.4, -34.2 ] ] } },
{ "type": "Feature", "properties": { "id": 483 }, "geometry": { "type": "LineString", "coordinates": [ [ -59.3, 46.1 ], [ -60.2173, 45.2835 ] ] } },
{ "type": "Feature", "properties": { "id": 484 }, "geometry": { "type": "LineString", "coordinates": [ [ -60.2, 47.75 ], [ -60.0, 50.0 ] ] } },
{ "type": "Feature", "properties": { "id": 485 }, "geometry": { "type": "LineString", "coordinates": [ [ -59.3, 46.1 ], [ -60.2, 47.75 ] ] } },
{ "type": "Feature", "properties": { "id": 486 }, "geometry": { "type": "LineString", "coordinates": [ [ -60.2, 47.75 ], [ -54.0, 46.1 ] ] } },
{ "type": "Feature", "properties": { "id": 487 }, "geometry": { "type": "LineString", "coordinates": [ [ -50.0, -60.0 ], [ -60.0, -60.0 ] ] } },
{ "type": "Feature", "properties": { "id": 488 }, "geometry": { "type": "LineString", "coordinates": [ [ -50.0, -50.0 ], [ -54.3743, -55.1031 ], [ -60.0, -60.0 ] ] } },
{ "type": "Feature", "properties": { "id": 489 }, "geometry": { "type": "LineString", "coordinates": [ [ -170.0, 30.0 ], [ -166.8029, 27.8059 ], [ -163.6921, 25.5968 ], [ -160.652, 23.3817 ], [ -157.67, 21.1667 ] ] } },
{ "type": "Feature", "properties": { "id": 490 }, "geometry": { "type": "LineString", "coordinates": [ [ -57.6, -51.5 ], [ -60.0, -50.0 ] ] } },
{ "type": "Feature", "properties": { "id": 491 }, "geometry": { "type": "LineString", "coordinates": [ [ -60.0, -50.0 ], [ -57.8319, -51.3419 ], [ -57.6, -51.5 ] ] } },
{ "type": "Feature", "properties": { "id": 492 }, "geometry": { "type": "LineString", "coordinates": [ [ -50.0, 20.0 ], [ -54.9996, 20.0692 ], [ -60.0, 20.0 ] ] } },
{ "type": "Feature", "properties": { "id": 493 }, "geometry": { "type": "LineString", "coordinates": [ [ -60.0, 20.0 ], [ -55.2028, 25.0849 ], [ -50.0, 30.0 ] ] } },
{ "type": "Feature", "properties": { "id": 494 }, "geometry": { "type": "LineString", "coordinates": [ [ -60.0, 20.0 ], [ -60.0014, 25.0017 ], [ -60.0, 30.0 ] ] } },
{ "type": "Feature", "properties": { "id": 495 }, "geometry": { "type": "LineString", "coordinates": [ [ -50.0, 10.0 ], [ -52.3682, 12.7055 ], [ -54.8825, 15.0547 ], [ -57.4063, 17.5438 ], [ -60.0, 20.0 ] ] } },
{ "type": "Feature", "properties": { "id": 496 }, "geometry": { "type": "LineString", "coordinates": [ [ -60.0, 30.0 ], [ -54.9995, 30.0935 ], [ -50.0, 30.0 ] ] } },
{ "type": "Feature", "properties": { "id": 497 }, "geometry": { "type": "LineString", "coordinates": [ [ -50.0, 40.0 ], [ -55.3052, 35.1041 ], [ -60.0, 30.0 ] ] } },
{ "type": "Feature", "properties": { "id": 498 }, "geometry": { "type": "LineString", "coordinates": [ [ -60.0, 40.0 ], [ -60.0021, 35.002 ], [ -60.0, 30.0 ] ] } },
{ "type": "Feature", "properties": { "id": 499 }, "geometry": { "type": "LineString", "coordinates": [ [ -50.0, 20.0 ], [ -54.7955, 25.0836 ], [ -60.0, 30.0 ] ] } },
{ "type": "Feature", "properties": { "id": 500 }, "geometry": { "type": "LineString", "coordinates": [ [ -170.0, 40.0 ], [ -164.9996, 40.1067 ], [ -160.0, 40.0 ] ] } },
{ "type": "Feature", "properties": { "id": 501 }, "geometry": { "type": "LineString", "coordinates": [ [ -60.0, 40.0 ], [ -54.9996, 40.1067 ], [ -50.0, 40.0 ] ] } },
{ "type": "Feature", "properties": { "id": 502 }, "geometry": { "type": "LineString", "coordinates": [ [ -60.0, 40.0 ], [ -54.6929, 35.1023 ], [ -50.0, 30.0 ] ] } },
{ "type": "Feature", "properties": { "id": 503 }, "geometry": { "type": "LineString", "coordinates": [ [ -60.0, 50.0 ], [ -54.0, 52.5 ] ] } },
{ "type": "Feature", "properties": { "id": 504 }, "geometry": { "type": "LineString", "coordinates": [ [ -55.0, 45.0 ], [ -59.3, 46.1 ] ] } },
{ "type": "Feature", "properties": { "id": 505 }, "geometry": { "type": "LineString", "coordinates": [ [ -58.4, -34.2 ], [ -56.5, -35.1 ] ] } },
{ "type": "Feature", "properties": { "id": 506 }, "geometry": { "type": "LineString", "coordinates": [ [ -56.5, -35.1 ], [ -58.3775, -34.21 ], [ -58.4, -34.2 ] ] } },
{ "type": "Feature", "properties": { "id": 507 }, "geometry": { "type": "LineString", "coordinates": [ [ -55.4, 6.1 ], [ -57.9, 7.0 ] ] } },
{ "type": "Feature", "properties": { "id": 508 }, "geometry": { "type": "LineString", "coordinates": [ [ -57.6, -51.5 ], [ -50.0, -50.0 ] ] } },
{ "type": "Feature", "properties": { "id": 509 }, "geometry": { "type": "LineString", "coordinates": [ [ -57.6, -51.5 ], [ -35.0209, -54.2706 ] ] } },
{ "type": "Feature", "properties": { "id": 510 }, "geometry": { "type": "LineString", "coordinates": [ [ -57.3015, 60.082 ], [ -53.2, 63.6 ] ] } },
{ "type": "Feature", "properties": { "id": 511 }, "geometry": { "type": "LineString", "coordinates": [ [ -54.6, -35.25 ], [ -57.1, -38.25 ] ] } },
{ "type": "Feature", "properties": { "id": 512 }, "geometry": { "type": "LineString", "coordinates": [ [ -160.0, 50.0 ], [ -165.437, 45.1104 ], [ -170.0, 40.0 ] ] } },
{ "type": "Feature", "properties": { "id": 513 }, "geometry": { "type": "LineString", "coordinates": [ [ -57.0, 54.6 ], [ -60.0, 53.6 ], [ -57.0, 54.6 ] ] } },
{ "type": "Feature", "properties": { "id": 514 }, "geometry": { "type": "LineString", "coordinates": [ [ -54.0, 52.5 ], [ -57.0, 54.6 ] ] } },
{ "type": "Feature", "properties": { "id": 515 }, "geometry": { "type": "LineString", "coordinates": [ [ -56.5, -35.1 ], [ -54.6, -35.25 ] ] } },
{ "type": "Feature", "properties": { "id": 516 }, "geometry": { "type": "LineString", "coordinates": [ [ -56.5, -35.1 ], [ -56.0698, -35.1252 ], [ -54.6, -35.25 ] ] } },
{ "type": "Feature", "properties": { "id": 517 }, "geometry": { "type": "LineString", "coordinates": [ [ -40.0, 40.0 ], [ -55.8778, 34.4972 ] ] } },
{ "type": "Feature", "properties": { "id": 518 }, "geometry": { "type": "LineString", "coordinates": [ [ -51.9, 5.4 ], [ -55.4, 6.1 ] ] } },
{ "type": "Feature", "properties": { "id": 519 }, "geometry": { "type": "LineString", "coordinates": [ [ -51.9, 5.4 ], [ -52.2558, 5.4794 ], [ -55.4, 6.1 ] ] } },
{ "type": "Feature", "properties": { "id": 520 }, "geometry": { "type": "LineString", "coordinates": [ [ -55.4, 6.1 ], [ -55.1445, 6.0549 ], [ -51.9, 5.4 ] ] } },
{ "type": "Feature", "properties": { "id": 521 }, "geometry": { "type": "LineString", "coordinates": [ [ -55.0, 45.0 ], [ -49.6649, 46.6637 ], [ -44.0207, 48.0652 ], [ -38.0964, 49.1767 ], [ -31.9411, 49.9736 ], [ -25.6242, 50.4366 ], [ -19.2306, 50.5539 ], [ -12.8532, 50.3228 ], [ -6.5833, 49.75 ] ] } },
{ "type": "Feature", "properties": { "id": 522 }, "geometry": { "type": "LineString", "coordinates": [ [ -55.0, 45.0 ], [ -54.0, 46.1 ] ] } },
{ "type": "Feature", "properties": { "id": 523 }, "geometry": { "type": "LineString", "coordinates": [ [ -50.0, 40.0 ], [ -55.0, 45.0 ] ] } },
{ "type": "Feature", "properties": { "id": 524 }, "geometry": { "type": "LineString", "coordinates": [ [ -54.2, 69.0 ], [ -51.1927, 69.2139 ], [ -51.808, 69.8591 ], [ -53.1263, 70.2415 ], [ -54.3348, 70.4116 ], [ -54.7303, 70.6896 ] ] } },
{ "type": "Feature", "properties": { "id": 525 }, "geometry": { "type": "LineString", "coordinates": [ [ -164.0, 53.8 ], [ -165.8181, 50.3849 ], [ -167.3901, 46.9431 ], [ -168.7705, 43.4801 ], [ -170.0, 40.0 ] ] } },
{ "type": "Feature", "properties": { "id": 526 }, "geometry": { "type": "LineString", "coordinates": [ [ -43.3899, -26.9419 ], [ -51.3026, -33.4208 ], [ -54.6, -35.25 ] ] } },
{ "type": "Feature", "properties": { "id": 527 }, "geometry": { "type": "LineString", "coordinates": [ [ -51.8, -32.2 ], [ -54.6, -35.25 ] ] } },
{ "type": "Feature", "properties": { "id": 528 }, "geometry": { "type": "LineString", "coordinates": [ [ -54.6, -35.25 ], [ -50.0, -40.0 ] ] } },
{ "type": "Feature", "properties": { "id": 529 }, "geometry": { "type": "LineString", "coordinates": [ [ -54.6, 50.0 ], [ -54.0, 52.5 ] ] } },
{ "type": "Feature", "properties": { "id": 530 }, "geometry": { "type": "LineString", "coordinates": [ [ -54.6, 50.0 ], [ -52.5, 49.6 ] ] } },
{ "type": "Feature", "properties": { "id": 531 }, "geometry": { "type": "LineString", "coordinates": [ [ -53.2, 63.6 ], [ -54.2, 69.0 ] ] } },
{ "type": "Feature", "properties": { "id": 532 }, "geometry": { "type": "LineString", "coordinates": [ [ -53.2, 63.6 ], [ -53.2878, 64.0955 ], [ -54.2, 69.0 ] ] } },
{ "type": "Feature", "properties": { "id": 533 }, "geometry": { "type": "LineString", "coordinates": [ [ -54.0, 46.1 ], [ -52.7, 46.8 ] ] } },
{ "type": "Feature", "properties": { "id": 534 }, "geometry": { "type": "LineString", "coordinates": [ [ -54.0, 52.5 ], [ -50.0, 50.0 ] ] } },
{ "type": "Feature", "properties": { "id": 535 }, "geometry": { "type": "LineString", "coordinates": [ [ -160.0, 30.0 ], [ -164.6929, 35.1023 ], [ -170.0, 40.0 ] ] } },
{ "type": "Feature", "properties": { "id": 536 }, "geometry": { "type": "LineString", "coordinates": [ [ -50.0, 60.0 ], [ -53.2, 63.6 ] ] } },
{ "type": "Feature", "properties": { "id": 537 }, "geometry": { "type": "LineString", "coordinates": [ [ -52.7, 46.8 ], [ -46.5495, 48.5745 ], [ -40.0, 50.0 ] ] } },
{ "type": "Feature", "properties": { "id": 538 }, "geometry": { "type": "LineString", "coordinates": [ [ -52.7, 46.8 ], [ -48.293, 49.1892 ], [ -43.459, 51.3939 ], [ -38.1634, 53.3802 ], [ -32.387, 55.1102 ], [ -26.1369, 56.5442 ], [ -19.4569, 57.6424 ], [ -12.4344, 58.3696 ], [ -5.2, 58.7 ] ] } },
{ "type": "Feature", "properties": { "id": 539 }, "geometry": { "type": "LineString", "coordinates": [ [ -52.7, 46.8 ], [ -50.0, 50.0 ] ] } },
{ "type": "Feature", "properties": { "id": 540 }, "geometry": { "type": "LineString", "coordinates": [ [ -52.7, 46.8 ], [ -52.5, 47.7 ] ] } },
{ "type": "Feature", "properties": { "id": 541 }, "geometry": { "type": "LineString", "coordinates": [ [ -167.7467, 67.16 ], [ -169.1502, 65.9622 ] ] } },
{ "type": "Feature", "properties": { "id": 542 }, "geometry": { "type": "LineString", "coordinates": [ [ -52.5, 49.6 ], [ -52.5, 47.7 ] ] } },
{ "type": "Feature", "properties": { "id": 543 }, "geometry": { "type": "LineString", "coordinates": [ [ -52.5, 49.6 ], [ -50.0, 50.0 ] ] } },
{ "type": "Feature", "properties": { "id": 544 }, "geometry": { "type": "LineString", "coordinates": [ [ -51.9, 5.4 ], [ -50.0, 10.0 ] ] } },
{ "type": "Feature", "properties": { "id": 545 }, "geometry": { "type": "LineString", "coordinates": [ [ -48.0, -0.00001 ], [ -51.9, 5.4 ] ] } },
{ "type": "Feature", "properties": { "id": 546 }, "geometry": { "type": "LineString", "coordinates": [ [ -51.9, 5.4 ], [ -48.44, 3.2798 ], [ -44.9917, 1.1539 ], [ -41.5476, -0.9739 ], [ -38.1, -3.1 ] ] } },
{ "type": "Feature", "properties": { "id": 547 }, "geometry": { "type": "LineString", "coordinates": [ [ -169.1502, 65.9622 ], [ -169.3801, 65.2653 ], [ -169.1182, 64.7804 ] ] } },
{ "type": "Feature", "properties": { "id": 548 }, "geometry": { "type": "LineString", "coordinates": [ [ -51.8, -32.2 ], [ -49.5, -30.5 ] ] } },
{ "type": "Feature", "properties": { "id": 549 }, "geometry": { "type": "LineString", "coordinates": [ [ 18.0, -35.0 ], [ -31.4833, -33.0901 ], [ -51.8, -32.2 ] ] } },
{ "type": "Feature", "properties": { "id": 550 }, "geometry": { "type": "LineString", "coordinates": [ [ -40.0, -60.0 ], [ -50.0, -60.0 ] ] } },
{ "type": "Feature", "properties": { "id": 551 }, "geometry": { "type": "LineString", "coordinates": [ [ -50.0, -60.0 ], [ -44.3743, -55.1031 ], [ -40.0, -50.0 ] ] } },
{ "type": "Feature", "properties": { "id": 552 }, "geometry": { "type": "LineString", "coordinates": [ [ -50.0, -60.0 ], [ -49.9957, -55.0021 ], [ -50.0, -50.0 ] ] } },
{ "type": "Feature", "properties": { "id": 553 }, "geometry": { "type": "LineString", "coordinates": [ [ -169.1182, 64.7804 ], [ -167.3135, 63.9322 ] ] } },
{ "type": "Feature", "properties": { "id": 554 }, "geometry": { "type": "LineString", "coordinates": [ [ -40.0, -50.0 ], [ -50.0, -50.0 ] ] } },
{ "type": "Feature", "properties": { "id": 555 }, "geometry": { "type": "LineString", "coordinates": [ [ -50.0, -50.0 ], [ -49.997, -45.0022 ], [ -50.0, -40.0 ] ] } },
{ "type": "Feature", "properties": { "id": 556 }, "geometry": { "type": "LineString", "coordinates": [ [ -40.0, -60.0 ], [ -45.2268, -54.9717 ], [ -50.0, -50.0 ] ] } },
{ "type": "Feature", "properties": { "id": 557 }, "geometry": { "type": "LineString", "coordinates": [ [ -166.2571, 64.5886 ], [ -169.1182, 64.7804 ] ] } },
{ "type": "Feature", "properties": { "id": 558 }, "geometry": { "type": "LineString", "coordinates": [ [ -49.5, -30.5 ], [ -49.7336, -35.2522 ], [ -50.0, -40.0 ] ] } },
{ "type": "Feature", "properties": { "id": 559 }, "geometry": { "type": "LineString", "coordinates": [ [ -40.0, -50.0 ], [ -45.2843, -45.0323 ], [ -50.0, -40.0 ] ] } },
{ "type": "Feature", "properties": { "id": 560 }, "geometry": { "type": "LineString", "coordinates": [ [ -40.0, -40.0 ], [ -45.0004, -40.1068 ], [ -50.0, -40.0 ] ] } },
{ "type": "Feature", "properties": { "id": 561 }, "geometry": { "type": "LineString", "coordinates": [ [ -40.0, 10.0 ], [ -44.9998, 10.0367 ], [ -50.0, 10.0 ] ] } },
{ "type": "Feature", "properties": { "id": 562 }, "geometry": { "type": "LineString", "coordinates": [ [ -50.0, 10.0 ], [ -47.5819, 12.5389 ], [ -45.1163, 15.0555 ], [ -42.5927, 17.5443 ], [ -40.0, 20.0 ] ] } },
{ "type": "Feature", "properties": { "id": 563 }, "geometry": { "type": "LineString", "coordinates": [ [ -168.5956, 61.7786 ], [ -168.8584, 60.482 ] ] } },
{ "type": "Feature", "properties": { "id": 564 }, "geometry": { "type": "LineString", "coordinates": [ [ -50.0, 10.0 ], [ -50.0008, 15.0011 ], [ -50.0, 20.0 ] ] } },
{ "type": "Feature", "properties": { "id": 565 }, "geometry": { "type": "LineString", "coordinates": [ [ -40.0, -0.00002 ], [ -42.4761, 2.5118 ], [ -44.9616, 5.019 ], [ -47.4664, 7.5167 ], [ -50.0, 10.0 ] ] } },
{ "type": "Feature", "properties": { "id": 566 }, "geometry": { "type": "LineString", "coordinates": [ [ -40.0, 20.0 ], [ -44.9996, 20.0692 ], [ -50.0, 20.0 ] ] } },
{ "type": "Feature", "properties": { "id": 567 }, "geometry": { "type": "LineString", "coordinates": [ [ -50.0, 20.0 ], [ -45.2028, 25.0849 ], [ -40.0, 30.0 ] ] } },
{ "type": "Feature", "properties": { "id": 568 }, "geometry": { "type": "LineString", "coordinates": [ [ -50.0, 20.0 ], [ -50.0014, 25.0017 ], [ -50.0, 30.0 ] ] } },
{ "type": "Feature", "properties": { "id": 569 }, "geometry": { "type": "LineString", "coordinates": [ [ -168.8584, 60.482 ], [ -168.5744, 59.0421 ] ] } },
{ "type": "Feature", "properties": { "id": 570 }, "geometry": { "type": "LineString", "coordinates": [ [ -40.0, 10.0 ], [ -42.3674, 12.7058 ], [ -44.8825, 15.0547 ], [ -47.4063, 17.5438 ], [ -50.0, 20.0 ] ] } },
{ "type": "Feature", "properties": { "id": 571 }, "geometry": { "type": "LineString", "coordinates": [ [ -40.0, 30.0 ], [ -44.9995, 30.0935 ], [ -50.0, 30.0 ] ] } },
{ "type": "Feature", "properties": { "id": 572 }, "geometry": { "type": "LineString", "coordinates": [ [ -50.0, 30.0 ], [ -32.5421, 32.7999 ], [ -18.1869, 33.7557 ], [ -5.75, 35.95 ] ] } },
{ "type": "Feature", "properties": { "id": 573 }, "geometry": { "type": "LineString", "coordinates": [ [ -40.0, 40.0 ], [ -45.3052, 35.1041 ], [ -50.0, 30.0 ] ] } },
{ "type": "Feature", "properties": { "id": 574 }, "geometry": { "type": "LineString", "coordinates": [ [ -50.0, 40.0 ], [ -50.0021, 35.0021 ], [ -50.0, 30.0 ] ] } },
{ "type": "Feature", "properties": { "id": 575 }, "geometry": { "type": "LineString", "coordinates": [ [ -40.0, 20.0 ], [ -44.7955, 25.0836 ], [ -50.0, 30.0 ] ] } },
{ "type": "Feature", "properties": { "id": 576 }, "geometry": { "type": "LineString", "coordinates": [ [ -180.0, -0.00002 ], [ -180.0, 5.0004 ], [ -180.0, 10.0 ] ] } },
{ "type": "Feature", "properties": { "id": 577 }, "geometry": { "type": "LineString", "coordinates": [ [ -165.6333, 61.8833 ], [ -168.5956, 61.7786 ] ] } },
{ "type": "Feature", "properties": { "id": 578 }, "geometry": { "type": "LineString", "coordinates": [ [ -40.0, 40.0 ], [ -44.9996, 40.1067 ], [ -50.0, 40.0 ] ] } },
{ "type": "Feature", "properties": { "id": 579 }, "geometry": { "type": "LineString", "coordinates": [ [ -50.0, 40.0 ], [ -45.437, 45.1104 ], [ -40.0, 50.0 ] ] } },
{ "type": "Feature", "properties": { "id": 580 }, "geometry": { "type": "LineString", "coordinates": [ [ -50.0, 40.0 ], [ -50.003, 45.0022 ], [ -50.0, 50.0 ] ] } },
{ "type": "Feature", "properties": { "id": 581 }, "geometry": { "type": "LineString", "coordinates": [ [ -50.0, 40.0 ], [ -44.6929, 35.1023 ], [ -40.0, 30.0 ] ] } },
{ "type": "Feature", "properties": { "id": 582 }, "geometry": { "type": "LineString", "coordinates": [ [ -40.0, 50.0 ], [ -50.0, 50.0 ] ] } },
{ "type": "Feature", "properties": { "id": 583 }, "geometry": { "type": "LineString", "coordinates": [ [ -168.2719, 62.4714 ], [ -168.5956, 61.7786 ] ] } },
{ "type": "Feature", "properties": { "id": 584 }, "geometry": { "type": "LineString", "coordinates": [ [ -23.5, 64.1 ], [ -32.2031, 61.1444 ], [ -39.3167, 57.7286 ], [ -45.1527, 53.9831 ], [ -50.0, 50.0 ] ] } },
{ "type": "Feature", "properties": { "id": 585 }, "geometry": { "type": "LineString", "coordinates": [ [ -40.0, 60.0 ], [ -45.6257, 55.103 ], [ -50.0, 50.0 ] ] } },
{ "type": "Feature", "properties": { "id": 586 }, "geometry": { "type": "LineString", "coordinates": [ [ -50.0, 60.0 ], [ -50.0043, 55.0021 ], [ -50.0, 50.0 ] ] } },
{ "type": "Feature", "properties": { "id": 587 }, "geometry": { "type": "LineString", "coordinates": [ [ -40.0, 40.0 ], [ -44.7132, 45.0334 ], [ -50.0, 50.0 ] ] } },
{ "type": "Feature", "properties": { "id": 588 }, "geometry": { "type": "LineString", "coordinates": [ [ -50.0, 60.0 ], [ -44.7693, 54.9729 ], [ -40.0, 50.0 ] ] } },
{ "type": "Feature", "properties": { "id": 589 }, "geometry": { "type": "LineString", "coordinates": [ [ -165.2717, 60.5522 ], [ -165.3898, 60.3758 ], [ -165.2762, 60.0902 ], [ -165.2246, 59.8046 ], [ -165.813, 59.545 ], [ -168.5744, 59.0421 ] ] } },
{ "type": "Feature", "properties": { "id": 590 }, "geometry": { "type": "LineString", "coordinates": [ [ -50.0, 60.0 ], [ -44.2, 58.6 ] ] } },
{ "type": "Feature", "properties": { "id": 591 }, "geometry": { "type": "LineString", "coordinates": [ [ -40.0, -30.0 ], [ -44.7384, -30.335 ], [ -49.5, -30.5 ] ] } },
{ "type": "Feature", "properties": { "id": 592 }, "geometry": { "type": "LineString", "coordinates": [ [ -47.9, -27.8 ], [ -49.5, -30.5 ] ] } },
{ "type": "Feature", "properties": { "id": 593 }, "geometry": { "type": "LineString", "coordinates": [ [ -40.0, 10.0 ], [ -44.0303, 5.0125 ], [ -48.0, -0.00001 ] ] } },
{ "type": "Feature", "properties": { "id": 594 }, "geometry": { "type": "LineString", "coordinates": [ [ -168.0, 60.0 ], [ -168.5744, 59.0421 ] ] } },
{ "type": "Feature", "properties": { "id": 595 }, "geometry": { "type": "LineString", "coordinates": [ [ -43.9, -1.4 ], [ -48.0, -0.00001 ] ] } },
{ "type": "Feature", "properties": { "id": 596 }, "geometry": { "type": "LineString", "coordinates": [ [ -48.0, -0.00001 ], [ -44.0, -0.00002 ], [ -40.0, -0.00002 ] ] } },
{ "type": "Feature", "properties": { "id": 597 }, "geometry": { "type": "LineString", "coordinates": [ [ -47.9, -27.8 ], [ -44.541, -25.6872 ], [ -41.3, -23.5 ] ] } },
{ "type": "Feature", "properties": { "id": 598 }, "geometry": { "type": "LineString", "coordinates": [ [ -47.9, -27.8 ], [ -46.3, -24.3 ] ] } },
{ "type": "Feature", "properties": { "id": 599 }, "geometry": { "type": "LineString", "coordinates": [ [ -46.3, -24.3 ], [ -43.25, -23.3 ] ] } },
{ "type": "Feature", "properties": { "id": 600 }, "geometry": { "type": "LineString", "coordinates": [ [ -168.5744, 59.0421 ], [ -166.5882, 57.6046 ] ] } },
{ "type": "Feature", "properties": { "id": 601 }, "geometry": { "type": "LineString", "coordinates": [ [ -46.3, -24.3 ], [ -43.4104, -23.3469 ], [ -43.25, -23.3 ] ] } },
{ "type": "Feature", "properties": { "id": 602 }, "geometry": { "type": "LineString", "coordinates": [ [ -46.3, -24.3 ], [ -43.1738, -27.1357 ], [ -40.0, -30.0 ] ] } },
{ "type": "Feature", "properties": { "id": 603 }, "geometry": { "type": "LineString", "coordinates": [ [ -40.0, 60.0 ], [ -44.2, 58.6 ] ] } },
{ "type": "Feature", "properties": { "id": 604 }, "geometry": { "type": "LineString", "coordinates": [ [ -43.9, -1.4 ], [ -34.2518, 12.4383 ], [ -30.0, 20.0 ] ] } },
{ "type": "Feature", "properties": { "id": 605 }, "geometry": { "type": "LineString", "coordinates": [ [ -38.1, -3.1 ], [ -43.9, -1.4 ] ] } },
{ "type": "Feature", "properties": { "id": 606 }, "geometry": { "type": "LineString", "coordinates": [ [ -168.2825, 62.4608 ], [ -168.2719, 62.4714 ] ] } },
{ "type": "Feature", "properties": { "id": 607 }, "geometry": { "type": "LineString", "coordinates": [ [ -43.25, -23.3 ], [ -41.3, -23.5 ] ] } },
{ "type": "Feature", "properties": { "id": 608 }, "geometry": { "type": "LineString", "coordinates": [ [ -41.3, -23.5 ], [ -39.5, -20.0 ] ] } },
{ "type": "Feature", "properties": { "id": 609 }, "geometry": { "type": "LineString", "coordinates": [ [ -41.3, -23.5 ], [ -10.0, -30.0 ] ] } },
{ "type": "Feature", "properties": { "id": 610 }, "geometry": { "type": "LineString", "coordinates": [ [ -30.0, -60.0 ], [ -40.0, -60.0 ] ] } },
{ "type": "Feature", "properties": { "id": 611 }, "geometry": { "type": "LineString", "coordinates": [ [ -30.0, -50.0 ], [ -36.4081, -56.6071 ], [ -40.0, -60.0 ] ] } },
{ "type": "Feature", "properties": { "id": 612 }, "geometry": { "type": "LineString", "coordinates": [ [ -167.3596, 63.148 ], [ -168.2719, 62.4714 ] ] } },
{ "type": "Feature", "properties": { "id": 613 }, "geometry": { "type": "LineString", "coordinates": [ [ -40.0, -60.0 ], [ -39.9957, -55.0021 ], [ -40.0, -50.0 ] ] } },
{ "type": "Feature", "properties": { "id": 614 }, "geometry": { "type": "LineString", "coordinates": [ [ -40.0, -50.0 ], [ -30.0, -50.0 ] ] } },
{ "type": "Feature", "properties": { "id": 615 }, "geometry": { "type": "LineString", "coordinates": [ [ -40.0, -50.0 ], [ -39.997, -45.0022 ], [ -40.0, -40.0 ] ] } },
{ "type": "Feature", "properties": { "id": 616 }, "geometry": { "type": "LineString", "coordinates": [ [ -165.4286, 64.4024 ], [ -167.0545, 62.2943 ], [ -168.0, 60.0 ] ] } },
{ "type": "Feature", "properties": { "id": 617 }, "geometry": { "type": "LineString", "coordinates": [ [ -30.0, -60.0 ], [ -36.4579, -53.5191 ], [ -40.0, -50.0 ] ] } },
{ "type": "Feature", "properties": { "id": 618 }, "geometry": { "type": "LineString", "coordinates": [ [ -40.0, -40.0 ], [ -35.0004, -40.1068 ], [ -30.0, -40.0 ] ] } },
{ "type": "Feature", "properties": { "id": 619 }, "geometry": { "type": "LineString", "coordinates": [ [ -40.0, -30.0 ], [ -34.7972, -25.085 ], [ -30.0, -20.0 ] ] } },
{ "type": "Feature", "properties": { "id": 620 }, "geometry": { "type": "LineString", "coordinates": [ [ -39.5, -20.0 ], [ -39.7386, -25.0019 ], [ -40.0, -30.0 ] ] } },
{ "type": "Feature", "properties": { "id": 621 }, "geometry": { "type": "LineString", "coordinates": [ [ -40.0, -30.0 ], [ -35.0005, -30.0935 ], [ -30.0, -30.0 ] ] } },
{ "type": "Feature", "properties": { "id": 622 }, "geometry": { "type": "LineString", "coordinates": [ [ -40.0, -0.00002 ], [ -35.0, -0.00002 ], [ -30.0, -0.00001 ] ] } },
{ "type": "Feature", "properties": { "id": 623 }, "geometry": { "type": "LineString", "coordinates": [ [ -167.7467, 67.1451 ], [ -167.7467, 67.16 ] ] } },
{ "type": "Feature", "properties": { "id": 624 }, "geometry": { "type": "LineString", "coordinates": [ [ -30.0, 10.0 ], [ -32.5332, 7.5169 ], [ -35.0379, 5.0192 ], [ -37.5237, 2.512 ], [ -40.0, -0.00002 ] ] } },
{ "type": "Feature", "properties": { "id": 625 }, "geometry": { "type": "LineString", "coordinates": [ [ -40.0, 10.0 ], [ -40.0003, 5.0004 ], [ -40.0, -0.00002 ] ] } },
{ "type": "Feature", "properties": { "id": 626 }, "geometry": { "type": "LineString", "coordinates": [ [ -33.8, -5.25 ], [ -36.9023, -2.6233 ], [ -40.0, -0.00002 ] ] } },
{ "type": "Feature", "properties": { "id": 627 }, "geometry": { "type": "LineString", "coordinates": [ [ -30.0, 10.0 ], [ -34.9998, 10.0367 ], [ -40.0, 10.0 ] ] } },
{ "type": "Feature", "properties": { "id": 628 }, "geometry": { "type": "LineString", "coordinates": [ [ -40.0, 10.0 ], [ -37.5819, 12.5389 ], [ -35.1163, 15.0555 ], [ -32.5927, 17.5443 ], [ -30.0, 20.0 ] ] } },
{ "type": "Feature", "properties": { "id": 629 }, "geometry": { "type": "LineString", "coordinates": [ [ -40.0, 10.0 ], [ -40.0008, 15.0011 ], [ -40.0, 20.0 ] ] } },
{ "type": "Feature", "properties": { "id": 630 }, "geometry": { "type": "LineString", "coordinates": [ [ -40.0, 10.0 ], [ -37.4664, 7.5167 ], [ -34.9616, 5.019 ], [ -32.4761, 2.5118 ], [ -30.0, -0.00001 ] ] } },
{ "type": "Feature", "properties": { "id": 631 }, "geometry": { "type": "LineString", "coordinates": [ [ -30.0, 20.0 ], [ -34.9996, 20.0692 ], [ -40.0, 20.0 ] ] } },
{ "type": "Feature", "properties": { "id": 632 }, "geometry": { "type": "LineString", "coordinates": [ [ -40.0, 20.0 ], [ -35.2028, 25.0849 ], [ -30.0, 30.0 ] ] } },
{ "type": "Feature", "properties": { "id": 633 }, "geometry": { "type": "LineString", "coordinates": [ [ -40.0, 20.0 ], [ -40.0014, 25.0017 ], [ -40.0, 30.0 ] ] } },
{ "type": "Feature", "properties": { "id": 634 }, "geometry": { "type": "LineString", "coordinates": [ [ -166.1833, 66.2283 ], [ -167.7467, 67.16 ] ] } },
{ "type": "Feature", "properties": { "id": 635 }, "geometry": { "type": "LineString", "coordinates": [ [ -30.0, 10.0 ], [ -32.369, 12.7052 ], [ -34.8825, 15.0547 ], [ -37.4063, 17.5438 ], [ -40.0, 20.0 ] ] } },
{ "type": "Feature", "properties": { "id": 636 }, "geometry": { "type": "LineString", "coordinates": [ [ -30.0, 30.0 ], [ -34.9995, 30.0935 ], [ -40.0, 30.0 ] ] } },
{ "type": "Feature", "properties": { "id": 637 }, "geometry": { "type": "LineString", "coordinates": [ [ -30.0, 40.0 ], [ -35.3052, 35.1041 ], [ -40.0, 30.0 ] ] } },
{ "type": "Feature", "properties": { "id": 638 }, "geometry": { "type": "LineString", "coordinates": [ [ -40.0, 40.0 ], [ -40.0021, 35.002 ], [ -40.0, 30.0 ] ] } },
{ "type": "Feature", "properties": { "id": 639 }, "geometry": { "type": "LineString", "coordinates": [ [ -30.0, 20.0 ], [ -34.7955, 25.0836 ], [ -40.0, 30.0 ] ] } },
{ "type": "Feature", "properties": { "id": 640 }, "geometry": { "type": "LineString", "coordinates": [ [ -167.7467, 67.16 ], [ -164.9596, 67.0271 ], [ -162.836, 66.9258 ] ] } },
{ "type": "Feature", "properties": { "id": 641 }, "geometry": { "type": "LineString", "coordinates": [ [ -40.0, 40.0 ], [ -34.9996, 40.1067 ], [ -30.0, 40.0 ] ] } },
{ "type": "Feature", "properties": { "id": 642 }, "geometry": { "type": "LineString", "coordinates": [ [ -40.0, 40.0 ], [ -32.7508, 43.3028 ], [ -24.7426, 46.0989 ], [ -15.9842, 48.2822 ], [ -6.5833, 49.75 ] ] } },
{ "type": "Feature", "properties": { "id": 643 }, "geometry": { "type": "LineString", "coordinates": [ [ -40.0, 40.0 ], [ -35.437, 45.1104 ], [ -30.0, 50.0 ] ] } },
{ "type": "Feature", "properties": { "id": 644 }, "geometry": { "type": "LineString", "coordinates": [ [ -40.0, 40.0 ], [ -40.003, 45.0022 ], [ -40.0, 50.0 ] ] } },
{ "type": "Feature", "properties": { "id": 645 }, "geometry": { "type": "LineString", "coordinates": [ [ -40.0, 40.0 ], [ -34.6929, 35.1023 ], [ -30.0, 30.0 ] ] } },
{ "type": "Feature", "properties": { "id": 646 }, "geometry": { "type": "LineString", "coordinates": [ [ -167.3135, 63.9322 ], [ -167.0091, 63.6305 ], [ -167.3596, 63.148 ] ] } },
{ "type": "Feature", "properties": { "id": 647 }, "geometry": { "type": "LineString", "coordinates": [ [ -30.0, 50.0 ], [ -40.0, 50.0 ] ] } },
{ "type": "Feature", "properties": { "id": 648 }, "geometry": { "type": "LineString", "coordinates": [ [ -6.5833, 49.75 ], [ -14.7952, 50.7122 ], [ -23.244, 51.0821 ], [ -31.7178, 50.8412 ], [ -40.0, 50.0 ] ] } },
{ "type": "Feature", "properties": { "id": 649 }, "geometry": { "type": "LineString", "coordinates": [ [ -40.0, 50.0 ], [ -33.9881, 52.2221 ], [ -26.9129, 54.6812 ], [ -19.8817, 56.5665 ], [ -11.9316, 58.3927 ] ] } },
{ "type": "Feature", "properties": { "id": 650 }, "geometry": { "type": "LineString", "coordinates": [ [ -30.0, 60.0 ], [ -35.6257, 55.103 ], [ -40.0, 50.0 ] ] } },
{ "type": "Feature", "properties": { "id": 651 }, "geometry": { "type": "LineString", "coordinates": [ [ -40.0, 60.0 ], [ -40.0043, 55.0021 ], [ -40.0, 50.0 ] ] } },
{ "type": "Feature", "properties": { "id": 652 }, "geometry": { "type": "LineString", "coordinates": [ [ -30.0, 40.0 ], [ -34.7132, 45.0334 ], [ -40.0, 50.0 ] ] } },
{ "type": "Feature", "properties": { "id": 653 }, "geometry": { "type": "LineString", "coordinates": [ [ -161.1822, 63.8422 ], [ -162.6578, 63.6883 ], [ -164.5264, 63.2495 ], [ -164.9538, 62.9993 ], [ -165.0035, 62.6613 ], [ -167.3596, 63.148 ] ] } },
{ "type": "Feature", "properties": { "id": 654 }, "geometry": { "type": "LineString", "coordinates": [ [ -30.0, 60.0 ], [ -40.0, 60.0 ] ] } },
{ "type": "Feature", "properties": { "id": 655 }, "geometry": { "type": "LineString", "coordinates": [ [ -40.0, 60.0 ], [ -39.0171, 62.9474 ] ] } },
{ "type": "Feature", "properties": { "id": 656 }, "geometry": { "type": "LineString", "coordinates": [ [ -30.0, 50.0 ], [ -34.7719, 54.972 ], [ -40.0, 60.0 ] ] } },
{ "type": "Feature", "properties": { "id": 657 }, "geometry": { "type": "LineString", "coordinates": [ [ -39.5, -20.0 ], [ -37.8202, -16.5071 ], [ -36.2, -13.0 ] ] } },
{ "type": "Feature", "properties": { "id": 658 }, "geometry": { "type": "LineString", "coordinates": [ [ -39.5, -20.0 ], [ -34.9442, -25.0755 ], [ -30.0, -30.0 ] ] } },
{ "type": "Feature", "properties": { "id": 659 }, "geometry": { "type": "LineString", "coordinates": [ [ -155.5917, 62.9602 ], [ -161.722, 60.7633 ], [ -162.4318, 60.1349 ], [ -162.3048, 59.9993 ], [ -162.6192, 59.6463 ], [ -166.5882, 57.6046 ] ] } },
{ "type": "Feature", "properties": { "id": 660 }, "geometry": { "type": "LineString", "coordinates": [ [ -39.5, -20.0 ], [ -34.7504, -20.0624 ], [ -30.0, -20.0 ] ] } },
{ "type": "Feature", "properties": { "id": 661 }, "geometry": { "type": "LineString", "coordinates": [ [ -39.0171, 62.9474 ], [ -36.8507, 65.0304 ] ] } },
{ "type": "Feature", "properties": { "id": 662 }, "geometry": { "type": "LineString", "coordinates": [ [ -39.0171, 62.9474 ], [ -30.0, 60.0 ] ] } },
{ "type": "Feature", "properties": { "id": 663 }, "geometry": { "type": "LineString", "coordinates": [ [ -33.8, -5.25 ], [ -38.1, -3.1 ] ] } },
{ "type": "Feature", "properties": { "id": 664 }, "geometry": { "type": "LineString", "coordinates": [ [ -24.0, 66.5 ], [ -36.8507, 65.0304 ] ] } },
{ "type": "Feature", "properties": { "id": 665 }, "geometry": { "type": "LineString", "coordinates": [ [ -36.8507, 65.0304 ], [ -31.8191, 66.9077 ], [ -24.4813, 68.6256 ] ] } },
{ "type": "Feature", "properties": { "id": 666 }, "geometry": { "type": "LineString", "coordinates": [ [ -27.6317, 62.7336 ], [ -36.8507, 65.0304 ] ] } },
{ "type": "Feature", "properties": { "id": 667 }, "geometry": { "type": "LineString", "coordinates": [ [ -36.2, -13.0 ], [ -33.0837, -11.5164 ], [ -30.0, -10.0 ] ] } },
{ "type": "Feature", "properties": { "id": 668 }, "geometry": { "type": "LineString", "coordinates": [ [ -166.5882, 57.6046 ], [ -165.2534, 56.5079 ] ] } },
{ "type": "Feature", "properties": { "id": 669 }, "geometry": { "type": "LineString", "coordinates": [ [ -36.2, -13.0 ], [ -34.7, -8.8 ] ] } },
{ "type": "Feature", "properties": { "id": 670 }, "geometry": { "type": "LineString", "coordinates": [ [ -36.2, -13.0 ], [ -33.1245, -16.4971 ], [ -30.0, -20.0 ] ] } },
{ "type": "Feature", "properties": { "id": 671 }, "geometry": { "type": "LineString", "coordinates": [ [ -33.8, -5.25 ], [ -34.7, -8.8 ] ] } },
{ "type": "Feature", "properties": { "id": 672 }, "geometry": { "type": "LineString", "coordinates": [ [ -33.8, -5.25 ], [ -30.0, -0.00001 ] ] } },
{ "type": "Feature", "properties": { "id": 673 }, "geometry": { "type": "LineString", "coordinates": [ [ -166.5, 64.3 ], [ -165.4286, 64.4024 ] ] } },
{ "type": "Feature", "properties": { "id": 674 }, "geometry": { "type": "LineString", "coordinates": [ [ -33.8, -5.25 ], [ -31.9046, -0.4237 ], [ -30.0115, 4.4032 ], [ -28.0937, 9.2246 ], [ -26.123, 14.0342 ], [ -24.0679, 18.8249 ], [ -21.8927, 23.5893 ], [ -19.5545, 28.3181 ], [ -17.0, 33.0 ] ] } },
{ "type": "Feature", "properties": { "id": 675 }, "geometry": { "type": "LineString", "coordinates": [ [ -33.8, -5.25 ], [ -30.0, -10.0 ] ] } },
{ "type": "Feature", "properties": { "id": 676 }, "geometry": { "type": "LineString", "coordinates": [ [ -33.8, -5.25 ], [ -30.9392, -7.2738 ], [ -28.0619, -9.2955 ], [ -25.1631, -11.3139 ], [ -22.2369, -13.3273 ], [ -19.2776, -15.334 ], [ -16.2777, -17.3297 ], [ -13.2293, -19.3097 ], [ -10.1235, -21.268 ], [ -6.951, -23.1989 ], [ -3.7008, -25.0916 ], [ -0.362, -26.9357 ], [ 3.076, -28.7199 ], [ 6.6242, -30.43 ], [ 10.2901, -32.0552 ], [ 14.0806, -33.5827 ], [ 18.0, -35.0 ] ] } },
{ "type": "Feature", "properties": { "id": 677 }, "geometry": { "type": "LineString", "coordinates": [ [ -5.5, 48.6667 ], [ -21.2797, 43.1944 ], [ -32.401, 37.8241 ] ] } },
{ "type": "Feature", "properties": { "id": 678 }, "geometry": { "type": "LineString", "coordinates": [ [ -28.4, 38.8 ], [ -30.0009, 37.924 ] ] } },
{ "type": "Feature", "properties": { "id": 679 }, "geometry": { "type": "LineString", "coordinates": [ [ -30.0, -60.0 ], [ -24.3743, -55.1031 ], [ -20.0, -50.0 ] ] } },
{ "type": "Feature", "properties": { "id": 680 }, "geometry": { "type": "LineString", "coordinates": [ [ -166.5, 64.3 ], [ -166.2571, 64.5886 ] ] } },
{ "type": "Feature", "properties": { "id": 681 }, "geometry": { "type": "LineString", "coordinates": [ [ -30.0, -60.0 ], [ -29.9957, -55.0021 ], [ -30.0, -50.0 ] ] } },
{ "type": "Feature", "properties": { "id": 682 }, "geometry": { "type": "LineString", "coordinates": [ [ -30.0, -40.0 ], [ -24.6948, -35.1041 ], [ -20.0, -30.0 ] ] } },
{ "type": "Feature", "properties": { "id": 683 }, "geometry": { "type": "LineString", "coordinates": [ [ -30.0, -30.0 ], [ -29.9979, -35.0021 ], [ -30.0, -40.0 ] ] } },
{ "type": "Feature", "properties": { "id": 684 }, "geometry": { "type": "LineString", "coordinates": [ [ -30.0, -50.0 ], [ -29.997, -45.0022 ], [ -30.0, -40.0 ] ] } },
{ "type": "Feature", "properties": { "id": 685 }, "geometry": { "type": "LineString", "coordinates": [ [ -166.2571, 64.5886 ], [ -165.4286, 64.4024 ] ] } },
{ "type": "Feature", "properties": { "id": 686 }, "geometry": { "type": "LineString", "coordinates": [ [ -20.0, -40.0 ], [ -25.0004, -40.1068 ], [ -30.0, -40.0 ] ] } },
{ "type": "Feature", "properties": { "id": 687 }, "geometry": { "type": "LineString", "coordinates": [ [ -20.0, 50.0 ], [ -30.0, 50.0 ] ] } },
{ "type": "Feature", "properties": { "id": 688 }, "geometry": { "type": "LineString", "coordinates": [ [ -30.0, 50.0 ], [ -25.6257, 55.1031 ], [ -20.0, 60.0 ] ] } },
{ "type": "Feature", "properties": { "id": 689 }, "geometry": { "type": "LineString", "coordinates": [ [ -30.0, 50.0 ], [ -30.0043, 55.0021 ], [ -30.0, 60.0 ] ] } },
{ "type": "Feature", "properties": { "id": 690 }, "geometry": { "type": "LineString", "coordinates": [ [ -30.0, 40.0 ], [ -30.003, 45.0022 ], [ -30.0, 50.0 ] ] } },
{ "type": "Feature", "properties": { "id": 691 }, "geometry": { "type": "LineString", "coordinates": [ [ -170.0, -10.0 ], [ -172.5336, -7.5167 ], [ -175.0384, -5.019 ], [ -177.524, -2.5119 ], [ -180.0, -0.00002 ] ] } },
{ "type": "Feature", "properties": { "id": 692 }, "geometry": { "type": "LineString", "coordinates": [ [ -165.8, 55.1 ], [ -165.3621, 54.4911 ] ] } },
{ "type": "Feature", "properties": { "id": 693 }, "geometry": { "type": "LineString", "coordinates": [ [ -20.0, 40.0 ], [ -24.7134, 45.0334 ], [ -30.0, 50.0 ] ] } },
{ "type": "Feature", "properties": { "id": 694 }, "geometry": { "type": "LineString", "coordinates": [ [ -20.0, -50.0 ], [ -30.0, -50.0 ] ] } },
{ "type": "Feature", "properties": { "id": 695 }, "geometry": { "type": "LineString", "coordinates": [ [ -30.0, -50.0 ], [ -24.563, -45.1105 ], [ -20.0, -40.0 ] ] } },
{ "type": "Feature", "properties": { "id": 696 }, "geometry": { "type": "LineString", "coordinates": [ [ -20.0, -20.0 ], [ -24.7972, -25.0849 ], [ -30.0, -30.0 ] ] } },
{ "type": "Feature", "properties": { "id": 697 }, "geometry": { "type": "LineString", "coordinates": [ [ -30.0, -20.0 ], [ -29.9986, -25.0017 ], [ -30.0, -30.0 ] ] } },
{ "type": "Feature", "properties": { "id": 698 }, "geometry": { "type": "LineString", "coordinates": [ [ -20.0, -40.0 ], [ -25.3071, -35.1023 ], [ -30.0, -30.0 ] ] } },
{ "type": "Feature", "properties": { "id": 699 }, "geometry": { "type": "LineString", "coordinates": [ [ -20.0, -30.0 ], [ -25.0005, -30.0935 ], [ -30.0, -30.0 ] ] } },
{ "type": "Feature", "properties": { "id": 700 }, "geometry": { "type": "LineString", "coordinates": [ [ -20.0, -10.0 ], [ -22.4181, -12.5389 ], [ -24.8837, -15.0555 ], [ -27.4073, -17.5444 ], [ -30.0, -20.0 ] ] } },
{ "type": "Feature", "properties": { "id": 701 }, "geometry": { "type": "LineString", "coordinates": [ [ -30.0, -20.0 ], [ -29.9992, -15.0011 ], [ -30.0, -10.0 ] ] } },
{ "type": "Feature", "properties": { "id": 702 }, "geometry": { "type": "LineString", "coordinates": [ [ -30.0, -20.0 ], [ -25.2045, -25.0836 ], [ -20.0, -30.0 ] ] } },
{ "type": "Feature", "properties": { "id": 703 }, "geometry": { "type": "LineString", "coordinates": [ [ -164.0, 53.8 ], [ -165.8, 55.1 ] ] } },
{ "type": "Feature", "properties": { "id": 704 }, "geometry": { "type": "LineString", "coordinates": [ [ -20.0, -20.0 ], [ -25.0004, -20.0692 ], [ -30.0, -20.0 ] ] } },
{ "type": "Feature", "properties": { "id": 705 }, "geometry": { "type": "LineString", "coordinates": [ [ -30.0, -10.0 ], [ -27.4667, -7.5169 ], [ -24.9621, -5.0193 ], [ -22.4763, -2.512 ], [ -20.0, -0.00002 ] ] } },
{ "type": "Feature", "properties": { "id": 706 }, "geometry": { "type": "LineString", "coordinates": [ [ -30.0, -10.0 ], [ -29.9997, -5.0004 ], [ -30.0, -0.00001 ] ] } },
{ "type": "Feature", "properties": { "id": 707 }, "geometry": { "type": "LineString", "coordinates": [ [ -20.0, -20.0 ], [ -22.5937, -17.5438 ], [ -25.1175, -15.0547 ], [ -27.5827, -12.5384 ], [ -30.0, -10.0 ] ] } },
{ "type": "Feature", "properties": { "id": 708 }, "geometry": { "type": "LineString", "coordinates": [ [ -20.0, -10.0 ], [ -25.0002, -10.0367 ], [ -30.0, -10.0 ] ] } },
{ "type": "Feature", "properties": { "id": 709 }, "geometry": { "type": "LineString", "coordinates": [ [ -165.4286, 64.4024 ], [ -165.6922, 62.3912 ], [ -166.2635, 61.9553 ], [ -166.3954, 61.6072 ], [ -165.9339, 60.8832 ], [ -165.3898, 60.3758 ] ] } },
{ "type": "Feature", "properties": { "id": 710 }, "geometry": { "type": "LineString", "coordinates": [ [ -17.0, 11.0 ], [ -20.3024, 8.2813 ], [ -23.5598, 5.5356 ], [ -26.7874, 2.7722 ], [ -30.0, -0.00001 ] ] } },
{ "type": "Feature", "properties": { "id": 711 }, "geometry": { "type": "LineString", "coordinates": [ [ -30.0, 10.0 ], [ -30.0003, 5.0004 ], [ -30.0, -0.00001 ] ] } },
{ "type": "Feature", "properties": { "id": 712 }, "geometry": { "type": "LineString", "coordinates": [ [ -20.0, -10.0 ], [ -22.5336, -7.5167 ], [ -25.0384, -5.019 ], [ -27.524, -2.5119 ], [ -30.0, -0.00001 ] ] } },
{ "type": "Feature", "properties": { "id": 713 }, "geometry": { "type": "LineString", "coordinates": [ [ -20.0, -0.00002 ], [ -25.0, -0.00002 ], [ -30.0, -0.00001 ] ] } },
{ "type": "Feature", "properties": { "id": 714 }, "geometry": { "type": "LineString", "coordinates": [ [ -30.0, 10.0 ], [ -23.5101, 10.5654 ], [ -17.0, 11.0 ] ] } },
{ "type": "Feature", "properties": { "id": 715 }, "geometry": { "type": "LineString", "coordinates": [ [ -165.4286, 64.4024 ], [ -161.9459, 63.5248 ] ] } },
{ "type": "Feature", "properties": { "id": 716 }, "geometry": { "type": "LineString", "coordinates": [ [ -30.0, 10.0 ], [ -23.4118, 14.7267 ], [ -23.0, 15.0 ] ] } },
{ "type": "Feature", "properties": { "id": 717 }, "geometry": { "type": "LineString", "coordinates": [ [ -30.0, 10.0 ], [ -30.0008, 15.0011 ], [ -30.0, 20.0 ] ] } },
{ "type": "Feature", "properties": { "id": 718 }, "geometry": { "type": "LineString", "coordinates": [ [ -30.0, 10.0 ], [ -27.4664, 7.5167 ], [ -24.9616, 5.019 ], [ -22.476, 2.5118 ], [ -20.0, -0.00002 ] ] } },
{ "type": "Feature", "properties": { "id": 719 }, "geometry": { "type": "LineString", "coordinates": [ [ -30.0, 20.0 ], [ -24.0189, 20.6022 ], [ -18.0, 21.0 ] ] } },
{ "type": "Feature", "properties": { "id": 720 }, "geometry": { "type": "LineString", "coordinates": [ [ -165.2534, 56.5079 ], [ -165.0988, 55.6981 ], [ -165.3621, 54.4911 ] ] } },
{ "type": "Feature", "properties": { "id": 721 }, "geometry": { "type": "LineString", "coordinates": [ [ -30.0, 20.0 ], [ -25.2028, 25.0849 ], [ -20.0, 30.0 ] ] } },
{ "type": "Feature", "properties": { "id": 722 }, "geometry": { "type": "LineString", "coordinates": [ [ -30.0, 20.0 ], [ -30.0014, 25.0017 ], [ -30.0, 30.0 ] ] } },
{ "type": "Feature", "properties": { "id": 723 }, "geometry": { "type": "LineString", "coordinates": [ [ -23.0, 15.0 ], [ -23.3185, 15.2424 ], [ -30.0, 20.0 ] ] } },
{ "type": "Feature", "properties": { "id": 724 }, "geometry": { "type": "LineString", "coordinates": [ [ -20.0, 30.0 ], [ -24.9995, 30.0935 ], [ -30.0, 30.0 ] ] } },
{ "type": "Feature", "properties": { "id": 725 }, "geometry": { "type": "LineString", "coordinates": [ [ -20.0, 40.0 ], [ -25.3052, 35.1041 ], [ -30.0, 30.0 ] ] } },
{ "type": "Feature", "properties": { "id": 726 }, "geometry": { "type": "LineString", "coordinates": [ [ -165.3621, 54.506 ], [ -165.3621, 54.4911 ] ] } },
{ "type": "Feature", "properties": { "id": 727 }, "geometry": { "type": "LineString", "coordinates": [ [ -30.0, 40.0 ], [ -30.0021, 35.002 ], [ -30.0, 30.0 ] ] } },
{ "type": "Feature", "properties": { "id": 728 }, "geometry": { "type": "LineString", "coordinates": [ [ -18.0, 21.0 ], [ -20.9134, 23.2421 ], [ -23.8773, 25.4919 ], [ -26.9017, 27.7465 ], [ -30.0, 30.0 ] ] } },
{ "type": "Feature", "properties": { "id": 729 }, "geometry": { "type": "LineString", "coordinates": [ [ -20.0, 40.0 ], [ -24.9996, 40.1067 ], [ -30.0, 40.0 ] ] } },
{ "type": "Feature", "properties": { "id": 730 }, "geometry": { "type": "LineString", "coordinates": [ [ -30.0, 40.0 ], [ -25.437, 45.1104 ], [ -20.0, 50.0 ] ] } },
{ "type": "Feature", "properties": { "id": 731 }, "geometry": { "type": "LineString", "coordinates": [ [ -30.0, 40.0 ], [ -28.4, 38.8 ] ] } },
{ "type": "Feature", "properties": { "id": 732 }, "geometry": { "type": "LineString", "coordinates": [ [ -165.3621, 54.4911 ], [ -164.2559, 54.0558 ] ] } },
{ "type": "Feature", "properties": { "id": 733 }, "geometry": { "type": "LineString", "coordinates": [ [ -20.0, 60.0 ], [ -30.0, 60.0 ] ] } },
{ "type": "Feature", "properties": { "id": 734 }, "geometry": { "type": "LineString", "coordinates": [ [ -30.0, 60.0 ], [ -24.9, 65.6 ] ] } },
{ "type": "Feature", "properties": { "id": 735 }, "geometry": { "type": "LineString", "coordinates": [ [ -20.0, 50.0 ], [ -24.7714, 54.9723 ], [ -30.0, 60.0 ] ] } },
{ "type": "Feature", "properties": { "id": 736 }, "geometry": { "type": "LineString", "coordinates": [ [ -18.0, 21.0 ], [ -25.243, 7.8107 ], [ -29.9997, -5.0004 ] ] } },
{ "type": "Feature", "properties": { "id": 737 }, "geometry": { "type": "LineString", "coordinates": [ [ -28.4, 38.8 ], [ -26.9, 38.9 ] ] } },
{ "type": "Feature", "properties": { "id": 738 }, "geometry": { "type": "LineString", "coordinates": [ [ -156.3829, 53.7918 ], [ -165.3621, 54.4911 ] ] } },
{ "type": "Feature", "properties": { "id": 739 }, "geometry": { "type": "LineString", "coordinates": [ [ -26.9, 38.9 ], [ -25.3, 38.0 ] ] } },
{ "type": "Feature", "properties": { "id": 740 }, "geometry": { "type": "LineString", "coordinates": [ [ -20.0, 40.0 ], [ -25.3, 38.0 ] ] } },
{ "type": "Feature", "properties": { "id": 741 }, "geometry": { "type": "LineString", "coordinates": [ [ -25.3, 38.0 ], [ -21.8329, 34.2202 ], [ -20.0, 30.0 ] ] } },
{ "type": "Feature", "properties": { "id": 742 }, "geometry": { "type": "LineString", "coordinates": [ [ -25.3, 38.0 ], [ -21.039, 35.5446 ], [ -17.0, 33.0 ] ] } },
{ "type": "Feature", "properties": { "id": 743 }, "geometry": { "type": "LineString", "coordinates": [ [ -25.3, 38.0 ], [ -17.2095, 37.669 ], [ -9.25, 36.8 ] ] } },
{ "type": "Feature", "properties": { "id": 744 }, "geometry": { "type": "LineString", "coordinates": [ [ -162.0921, 56.731 ], [ -165.2534, 56.5079 ] ] } },
{ "type": "Feature", "properties": { "id": 745 }, "geometry": { "type": "LineString", "coordinates": [ [ -24.9, 65.6 ], [ -24.0, 66.5 ] ] } },
{ "type": "Feature", "properties": { "id": 746 }, "geometry": { "type": "LineString", "coordinates": [ [ -24.4813, 68.6256 ], [ -8.6875, 70.7581 ] ] } },
{ "type": "Feature", "properties": { "id": 747 }, "geometry": { "type": "LineString", "coordinates": [ [ -24.4813, 68.6256 ], [ -19.24, 70.8041 ] ] } },
{ "type": "Feature", "properties": { "id": 748 }, "geometry": { "type": "LineString", "coordinates": [ [ -24.0, 66.5 ], [ -24.4813, 68.6256 ] ] } },
{ "type": "Feature", "properties": { "id": 749 }, "geometry": { "type": "LineString", "coordinates": [ [ -160.6669, 56.0 ], [ -160.8137, 56.0447 ], [ -160.9945, 56.0488 ], [ -165.2534, 56.5079 ] ] } },
{ "type": "Feature", "properties": { "id": 750 }, "geometry": { "type": "LineString", "coordinates": [ [ -20.0, 63.0 ], [ -23.5, 64.1 ] ] } },
{ "type": "Feature", "properties": { "id": 751 }, "geometry": { "type": "LineString", "coordinates": [ [ -18.0, 21.0 ], [ -20.5422, 18.0164 ], [ -23.0, 15.0 ] ] } },
{ "type": "Feature", "properties": { "id": 752 }, "geometry": { "type": "LineString", "coordinates": [ [ -17.0, 11.0 ], [ -19.9826, 13.0051 ], [ -23.0, 15.0 ] ] } },
{ "type": "Feature", "properties": { "id": 753 }, "geometry": { "type": "LineString", "coordinates": [ [ -18.0, 15.0 ], [ -23.0, 15.0 ] ] } },
{ "type": "Feature", "properties": { "id": 754 }, "geometry": { "type": "LineString", "coordinates": [ [ -5.5, 48.6667 ], [ -20.0017, 47.2919 ] ] } },
{ "type": "Feature", "properties": { "id": 755 }, "geometry": { "type": "LineString", "coordinates": [ [ -10.0, -50.0 ], [ -20.0, -50.0 ] ] } },
{ "type": "Feature", "properties": { "id": 756 }, "geometry": { "type": "LineString", "coordinates": [ [ -20.0, -50.0 ], [ -19.997, -45.0022 ], [ -20.0, -40.0 ] ] } },
{ "type": "Feature", "properties": { "id": 757 }, "geometry": { "type": "LineString", "coordinates": [ [ -20.0, -40.0 ], [ -14.6948, -35.1041 ], [ -10.0, -30.0 ] ] } },
{ "type": "Feature", "properties": { "id": 758 }, "geometry": { "type": "LineString", "coordinates": [ [ -20.0, -40.0 ], [ -19.9979, -35.0021 ], [ -20.0, -30.0 ] ] } },
{ "type": "Feature", "properties": { "id": 759 }, "geometry": { "type": "LineString", "coordinates": [ [ -164.2559, 54.0558 ], [ -162.0943, 54.3324 ] ] } },
{ "type": "Feature", "properties": { "id": 760 }, "geometry": { "type": "LineString", "coordinates": [ [ -10.0, -40.0 ], [ -15.0004, -40.1068 ], [ -20.0, -40.0 ] ] } },
{ "type": "Feature", "properties": { "id": 761 }, "geometry": { "type": "LineString", "coordinates": [ [ -10.0, -20.0 ], [ -14.7972, -25.085 ], [ -20.0, -30.0 ] ] } },
{ "type": "Feature", "properties": { "id": 762 }, "geometry": { "type": "LineString", "coordinates": [ [ -20.0, -20.0 ], [ -19.9986, -25.0017 ], [ -20.0, -30.0 ] ] } },
{ "type": "Feature", "properties": { "id": 763 }, "geometry": { "type": "LineString", "coordinates": [ [ -10.0, -40.0 ], [ -15.3071, -35.1023 ], [ -20.0, -30.0 ] ] } },
{ "type": "Feature", "properties": { "id": 764 }, "geometry": { "type": "LineString", "coordinates": [ [ -164.0, 53.8 ], [ -164.2559, 54.0558 ] ] } },
{ "type": "Feature", "properties": { "id": 765 }, "geometry": { "type": "LineString", "coordinates": [ [ -10.0, -30.0 ], [ -15.0005, -30.0935 ], [ -20.0, -30.0 ] ] } },
{ "type": "Feature", "properties": { "id": 766 }, "geometry": { "type": "LineString", "coordinates": [ [ -20.0, -10.0 ], [ -14.3, -8.0 ] ] } },
{ "type": "Feature", "properties": { "id": 767 }, "geometry": { "type": "LineString", "coordinates": [ [ -20.0, -10.0 ], [ -19.9997, -5.0004 ], [ -20.0, -0.00002 ] ] } },
{ "type": "Feature", "properties": { "id": 768 }, "geometry": { "type": "LineString", "coordinates": [ [ -20.0, -10.0 ], [ -19.9992, -15.0011 ], [ -20.0, -20.0 ] ] } },
{ "type": "Feature", "properties": { "id": 769 }, "geometry": { "type": "LineString", "coordinates": [ [ -20.0, -10.0 ], [ -17.5827, -12.5384 ], [ -15.1175, -15.0547 ], [ -12.5937, -17.5438 ], [ -10.0, -20.0 ] ] } },
{ "type": "Feature", "properties": { "id": 770 }, "geometry": { "type": "LineString", "coordinates": [ [ -10.0, -10.0 ], [ -15.0002, -10.0367 ], [ -20.0, -10.0 ] ] } },
{ "type": "Feature", "properties": { "id": 771 }, "geometry": { "type": "LineString", "coordinates": [ [ -20.0, -0.00002 ], [ -15.0, -0.00002 ], [ -10.0, -0.00002 ] ] } },
{ "type": "Feature", "properties": { "id": 772 }, "geometry": { "type": "LineString", "coordinates": [ [ -17.0, 11.0 ], [ -18.514, 5.5024 ], [ -20.0, -0.00002 ] ] } },
{ "type": "Feature", "properties": { "id": 773 }, "geometry": { "type": "LineString", "coordinates": [ [ -14.3, -8.0 ], [ -17.6083, -4.2057 ], [ -20.0, -0.00002 ] ] } },
{ "type": "Feature", "properties": { "id": 774 }, "geometry": { "type": "LineString", "coordinates": [ [ -17.0, 33.0 ], [ -20.0, 30.0 ] ] } },
{ "type": "Feature", "properties": { "id": 775 }, "geometry": { "type": "LineString", "coordinates": [ [ -164.0, 53.8 ], [ -162.7917, 50.3664 ], [ -161.7457, 46.9204 ], [ -160.8241, 43.4643 ], [ -160.0, 40.0 ] ] } },
{ "type": "Feature", "properties": { "id": 776 }, "geometry": { "type": "LineString", "coordinates": [ [ -20.0, 40.0 ], [ -20.0021, 35.002 ], [ -20.0, 30.0 ] ] } },
{ "type": "Feature", "properties": { "id": 777 }, "geometry": { "type": "LineString", "coordinates": [ [ -18.0, 21.0 ], [ -18.9639, 25.5045 ], [ -20.0, 30.0 ] ] } },
{ "type": "Feature", "properties": { "id": 778 }, "geometry": { "type": "LineString", "coordinates": [ [ -17.8, 29.0 ], [ -20.0, 30.0 ] ] } },
{ "type": "Feature", "properties": { "id": 779 }, "geometry": { "type": "LineString", "coordinates": [ [ -20.0, 40.0 ], [ -14.871, 41.6192 ], [ -9.5, 43.0 ] ] } },
{ "type": "Feature", "properties": { "id": 780 }, "geometry": { "type": "LineString", "coordinates": [ [ -20.0, 40.0 ], [ -16.7645, 42.3307 ], [ -13.2868, 44.563 ], [ -9.5405, 46.681 ], [ -5.5, 48.6667 ] ] } },
{ "type": "Feature", "properties": { "id": 781 }, "geometry": { "type": "LineString", "coordinates": [ [ -20.0, 40.0 ], [ -15.8655, 45.7443 ], [ -10.8, 51.3 ] ] } },
{ "type": "Feature", "properties": { "id": 782 }, "geometry": { "type": "LineString", "coordinates": [ [ -20.0, 40.0 ], [ -20.003, 45.0022 ], [ -20.0, 50.0 ] ] } },
{ "type": "Feature", "properties": { "id": 783 }, "geometry": { "type": "LineString", "coordinates": [ [ -20.0, 40.0 ], [ -14.5065, 38.5182 ], [ -9.25, 36.8 ] ] } },
{ "type": "Feature", "properties": { "id": 784 }, "geometry": { "type": "LineString", "coordinates": [ [ -20.0, 40.0 ], [ -14.7441, 39.364 ], [ -9.6, 38.5 ] ] } },
{ "type": "Feature", "properties": { "id": 785 }, "geometry": { "type": "LineString", "coordinates": [ [ -20.0, 50.0 ], [ -13.2737, 50.0678 ], [ -6.5833, 49.75 ] ] } },
{ "type": "Feature", "properties": { "id": 786 }, "geometry": { "type": "LineString", "coordinates": [ [ -20.0, 50.0 ], [ -10.8, 51.3 ] ] } },
{ "type": "Feature", "properties": { "id": 787 }, "geometry": { "type": "LineString", "coordinates": [ [ -160.0, 50.0 ], [ -164.0, 53.8 ] ] } },
{ "type": "Feature", "properties": { "id": 788 }, "geometry": { "type": "LineString", "coordinates": [ [ -20.0, 50.0 ], [ -15.6257, 55.103 ], [ -10.0, 60.0 ] ] } },
{ "type": "Feature", "properties": { "id": 789 }, "geometry": { "type": "LineString", "coordinates": [ [ -20.0, 50.0 ], [ -20.0043, 55.0021 ], [ -20.0, 60.0 ] ] } },
{ "type": "Feature", "properties": { "id": 790 }, "geometry": { "type": "LineString", "coordinates": [ [ -20.0, 50.0 ], [ -14.5013, 44.1646 ], [ -9.6, 38.5 ] ] } },
{ "type": "Feature", "properties": { "id": 791 }, "geometry": { "type": "LineString", "coordinates": [ [ -20.0, 50.0 ], [ -14.4848, 46.556 ], [ -9.5, 43.0 ] ] } },
{ "type": "Feature", "properties": { "id": 792 }, "geometry": { "type": "LineString", "coordinates": [ [ -5.5, 48.6667 ], [ -20.0, 50.0 ] ] } },
{ "type": "Feature", "properties": { "id": 793 }, "geometry": { "type": "LineString", "coordinates": [ [ -20.0, 60.0 ], [ -10.0, 60.0 ] ] } },
{ "type": "Feature", "properties": { "id": 794 }, "geometry": { "type": "LineString", "coordinates": [ [ -20.0, 60.0 ], [ -20.0, 63.0 ] ] } },
{ "type": "Feature", "properties": { "id": 795 }, "geometry": { "type": "LineString", "coordinates": [ [ -20.0, 60.0 ], [ -15.3302, 55.5734 ], [ -10.8, 51.3 ] ] } },
{ "type": "Feature", "properties": { "id": 796 }, "geometry": { "type": "LineString", "coordinates": [ [ -10.5, 54.4 ], [ -20.0, 60.0 ] ] } },
{ "type": "Feature", "properties": { "id": 797 }, "geometry": { "type": "LineString", "coordinates": [ [ -15.0, 64.0 ], [ -20.0, 63.0 ] ] } },
{ "type": "Feature", "properties": { "id": 798 }, "geometry": { "type": "LineString", "coordinates": [ [ -130.0, 50.0 ], [ -137.848, 51.8406 ], [ -146.258, 53.1253 ], [ -155.0573, 53.7904 ], [ -164.0, 53.8 ] ] } },
{ "type": "Feature", "properties": { "id": 799 }, "geometry": { "type": "LineString", "coordinates": [ [ -10.0, -10.0 ], [ -12.4181, -12.5389 ], [ -14.8837, -15.0555 ], [ -17.4073, -17.5444 ], [ -20.0, -20.0 ] ] } },
{ "type": "Feature", "properties": { "id": 800 }, "geometry": { "type": "LineString", "coordinates": [ [ -20.0, -20.0 ], [ -15.2045, -25.0836 ], [ -10.0, -30.0 ] ] } },
{ "type": "Feature", "properties": { "id": 801 }, "geometry": { "type": "LineString", "coordinates": [ [ -10.0, -20.0 ], [ -15.0004, -20.0692 ], [ -20.0, -20.0 ] ] } },
{ "type": "Feature", "properties": { "id": 802 }, "geometry": { "type": "LineString", "coordinates": [ [ -19.24, 70.8041 ], [ -13.0, 66.5 ] ] } },
{ "type": "Feature", "properties": { "id": 803 }, "geometry": { "type": "LineString", "coordinates": [ [ -19.24, 70.8041 ], [ -8.6875, 70.7581 ] ] } },
{ "type": "Feature", "properties": { "id": 804 }, "geometry": { "type": "LineString", "coordinates": [ [ -18.0, 67.0 ], [ -13.0, 66.5 ] ] } },
{ "type": "Feature", "properties": { "id": 805 }, "geometry": { "type": "LineString", "coordinates": [ [ -170.0, 10.0 ], [ -174.9997, 10.0367 ], [ -180.0, 10.0 ] ] } },
{ "type": "Feature", "properties": { "id": 806 }, "geometry": { "type": "LineString", "coordinates": [ [ -162.0943, 54.3324 ], [ -160.9549, 54.7246 ], [ -160.1571, 55.1983 ], [ -159.8367, 55.3348 ], [ -159.1697, 55.3006 ], [ -158.5473, 55.3993 ], [ -157.515, 55.7098 ], [ -156.7473, 55.9408 ] ] } },
{ "type": "Feature", "properties": { "id": 807 }, "geometry": { "type": "LineString", "coordinates": [ [ -18.0, 21.0 ], [ -18.0, 18.1072 ], [ -18.0, 15.0 ] ] } },
{ "type": "Feature", "properties": { "id": 808 }, "geometry": { "type": "LineString", "coordinates": [ [ -17.0, 11.0 ], [ -18.0, 15.0 ] ] } },
{ "type": "Feature", "properties": { "id": 809 }, "geometry": { "type": "LineString", "coordinates": [ [ -162.0943, 54.3324 ], [ -155.0573, 53.7904 ], [ -144.0492, 50.7028 ], [ -136.4466, 49.0318 ], [ -130.0023, 46.2316 ], [ -125.0634, 46.2167 ] ] } },
{ "type": "Feature", "properties": { "id": 810 }, "geometry": { "type": "LineString", "coordinates": [ [ -18.0, 21.0 ], [ -16.6896, 24.657 ], [ -15.3, 28.3 ] ] } },
{ "type": "Feature", "properties": { "id": 811 }, "geometry": { "type": "LineString", "coordinates": [ [ -17.0, 33.0 ], [ -17.8, 29.0 ] ] } },
{ "type": "Feature", "properties": { "id": 812 }, "geometry": { "type": "LineString", "coordinates": [ [ -17.8, 29.0 ], [ -16.1, 28.9 ] ] } },
{ "type": "Feature", "properties": { "id": 813 }, "geometry": { "type": "LineString", "coordinates": [ [ -5.75, 35.95 ], [ -11.4737, 34.6035 ], [ -17.0, 33.0 ] ] } },
{ "type": "Feature", "properties": { "id": 814 }, "geometry": { "type": "LineString", "coordinates": [ [ -17.0, 33.0 ], [ -13.4272, 35.807 ], [ -9.6, 38.5 ] ] } },
{ "type": "Feature", "properties": { "id": 815 }, "geometry": { "type": "LineString", "coordinates": [ [ -158.7289, 56.9683 ], [ -162.0921, 56.731 ] ] } },
{ "type": "Feature", "properties": { "id": 816 }, "geometry": { "type": "LineString", "coordinates": [ [ -17.0, 33.0 ], [ -14.5998, 37.0181 ], [ -11.934, 40.9797 ], [ -8.9315, 44.8695 ], [ -5.5, 48.6667 ] ] } },
{ "type": "Feature", "properties": { "id": 817 }, "geometry": { "type": "LineString", "coordinates": [ [ -17.0, 11.0 ], [ -13.4277, 5.5302 ], [ -10.0, -0.00002 ] ] } },
{ "type": "Feature", "properties": { "id": 818 }, "geometry": { "type": "LineString", "coordinates": [ [ -14.5, 8.5 ], [ -17.0, 11.0 ] ] } },
{ "type": "Feature", "properties": { "id": 819 }, "geometry": { "type": "LineString", "coordinates": [ [ -157.8934, 57.6548 ], [ -162.0921, 56.731 ] ] } },
{ "type": "Feature", "properties": { "id": 820 }, "geometry": { "type": "LineString", "coordinates": [ [ -16.1, 28.9 ], [ -15.3, 28.3 ] ] } },
{ "type": "Feature", "properties": { "id": 821 }, "geometry": { "type": "LineString", "coordinates": [ [ 4.2, 60.2 ], [ -4.4383, 64.3387 ], [ -15.0, 64.0 ] ] } },
{ "type": "Feature", "properties": { "id": 822 }, "geometry": { "type": "LineString", "coordinates": [ [ -13.0, 65.0 ], [ -15.0, 64.0 ] ] } },
{ "type": "Feature", "properties": { "id": 823 }, "geometry": { "type": "LineString", "coordinates": [ [ -158.7411, 57.9319 ], [ -162.0921, 56.731 ] ] } },
{ "type": "Feature", "properties": { "id": 824 }, "geometry": { "type": "LineString", "coordinates": [ [ -11.5, 5.5 ], [ -14.5, 8.5 ] ] } },
{ "type": "Feature", "properties": { "id": 825 }, "geometry": { "type": "LineString", "coordinates": [ [ -14.3, -8.0 ], [ -12.1396, -4.003 ], [ -10.0, -0.00002 ] ] } },
{ "type": "Feature", "properties": { "id": 826 }, "geometry": { "type": "LineString", "coordinates": [ [ 10.0, -30.0 ], [ -6.1323, -17.2889 ], [ -14.3, -8.0 ] ] } },
{ "type": "Feature", "properties": { "id": 827 }, "geometry": { "type": "LineString", "coordinates": [ [ -10.0, -10.0 ], [ -14.3, -8.0 ] ] } },
{ "type": "Feature", "properties": { "id": 828 }, "geometry": { "type": "LineString", "coordinates": [ [ -161.5025, 57.7522 ], [ -162.0921, 56.731 ] ] } },
{ "type": "Feature", "properties": { "id": 829 }, "geometry": { "type": "LineString", "coordinates": [ [ -13.2789, 51.2871 ], [ -10.5, 54.4 ] ] } },
{ "type": "Feature", "properties": { "id": 830 }, "geometry": { "type": "LineString", "coordinates": [ [ -13.0, 66.5 ], [ -13.0, 65.0 ] ] } },
{ "type": "Feature", "properties": { "id": 831 }, "geometry": { "type": "LineString", "coordinates": [ [ 0.0, 67.0 ], [ -13.0, 66.5 ] ] } },
{ "type": "Feature", "properties": { "id": 832 }, "geometry": { "type": "LineString", "coordinates": [ [ -8.6875, 70.7581 ], [ -13.0, 66.5 ] ] } },
{ "type": "Feature", "properties": { "id": 833 }, "geometry": { "type": "LineString", "coordinates": [ [ -13.0, 66.5 ], [ 4.1, 62.0 ] ] } },
{ "type": "Feature", "properties": { "id": 834 }, "geometry": { "type": "LineString", "coordinates": [ [ -8.9215, 37.9542 ], [ -11.6579, 37.064 ] ] } },
{ "type": "Feature", "properties": { "id": 835 }, "geometry": { "type": "LineString", "coordinates": [ [ -11.5, 5.5 ], [ -10.0, -0.00002 ] ] } },
{ "type": "Feature", "properties": { "id": 836 }, "geometry": { "type": "LineString", "coordinates": [ [ -161.3966, 58.3623 ], [ -158.9906, 58.3681 ] ] } },
{ "type": "Feature", "properties": { "id": 837 }, "geometry": { "type": "LineString", "coordinates": [ [ -7.5, 3.5 ], [ -11.5, 5.5 ] ] } },
{ "type": "Feature", "properties": { "id": 838 }, "geometry": { "type": "LineString", "coordinates": [ [ -11.5, 5.5 ], [ -11.0894, 5.3092 ], [ -7.5, 3.5 ] ] } },
{ "type": "Feature", "properties": { "id": 839 }, "geometry": { "type": "LineString", "coordinates": [ [ -10.8, 51.3 ], [ -9.6, 51.3333 ] ] } },
{ "type": "Feature", "properties": { "id": 840 }, "geometry": { "type": "LineString", "coordinates": [ [ -10.2, 53.0 ], [ -10.8, 51.3 ] ] } },
{ "type": "Feature", "properties": { "id": 841 }, "geometry": { "type": "LineString", "coordinates": [ [ -7.5, 55.417 ], [ -10.5, 54.4 ] ] } },
{ "type": "Feature", "properties": { "id": 842 }, "geometry": { "type": "LineString", "coordinates": [ [ -10.5, 54.4 ], [ -7.1, 56.9 ] ] } },
{ "type": "Feature", "properties": { "id": 843 }, "geometry": { "type": "LineString", "coordinates": [ [ -10.0, 60.0 ], [ -10.5, 54.4 ] ] } },
{ "type": "Feature", "properties": { "id": 844 }, "geometry": { "type": "LineString", "coordinates": [ [ -10.5, 54.4 ], [ -10.2, 53.0 ] ] } },
{ "type": "Feature", "properties": { "id": 845 }, "geometry": { "type": "LineString", "coordinates": [ [ -10.1, 30.2 ], [ -10.1, 31.8 ] ] } },
{ "type": "Feature", "properties": { "id": 846 }, "geometry": { "type": "LineString", "coordinates": [ [ -10.1, 31.8 ], [ -8.8, 33.6 ] ] } },
{ "type": "Feature", "properties": { "id": 847 }, "geometry": { "type": "LineString", "coordinates": [ [ -10.0729, 43.4198 ], [ -5.9, 51.25 ] ] } },
{ "type": "Feature", "properties": { "id": 848 }, "geometry": { "type": "LineString", "coordinates": [ [ -9.9844, 40.7798 ], [ -10.0729, 43.4198 ] ] } },
{ "type": "Feature", "properties": { "id": 849 }, "geometry": { "type": "LineString", "coordinates": [ [ -10.0, -20.0 ], [ -7.4073, -17.5444 ], [ -4.8837, -15.0555 ], [ -2.4181, -12.5389 ], [ 0.0, -10.0 ] ] } },
{ "type": "Feature", "properties": { "id": 850 }, "geometry": { "type": "LineString", "coordinates": [ [ 0.0, -10.0 ], [ -5.7249, -15.8556 ], [ -10.0, -20.0 ] ] } },
{ "type": "Feature", "properties": { "id": 851 }, "geometry": { "type": "LineString", "coordinates": [ [ -10.0, -10.0 ], [ -9.9992, -15.0011 ], [ -10.0, -20.0 ] ] } },
{ "type": "Feature", "properties": { "id": 852 }, "geometry": { "type": "LineString", "coordinates": [ [ -10.0, -20.0 ], [ -9.9986, -25.0017 ], [ -10.0, -30.0 ] ] } },
{ "type": "Feature", "properties": { "id": 853 }, "geometry": { "type": "LineString", "coordinates": [ [ 0.00001, -30.0 ], [ -5.2045, -25.0836 ], [ -10.0, -20.0 ] ] } },
{ "type": "Feature", "properties": { "id": 854 }, "geometry": { "type": "LineString", "coordinates": [ [ -160.0, -50.0 ], [ -154.563, -45.1104 ], [ -150.0, -40.0 ] ] } },
{ "type": "Feature", "properties": { "id": 855 }, "geometry": { "type": "LineString", "coordinates": [ [ 10.0, -30.0 ], [ -10.0, -20.0 ] ] } },
{ "type": "Feature", "properties": { "id": 856 }, "geometry": { "type": "LineString", "coordinates": [ [ -10.0, -20.0 ], [ -5.0004, -20.0692 ], [ 0.0, -20.0 ] ] } },
{ "type": "Feature", "properties": { "id": 857 }, "geometry": { "type": "LineString", "coordinates": [ [ 0.0, -0.00002 ], [ -2.4763, -2.512 ], [ -4.9621, -5.0193 ], [ -7.4668, -7.5169 ], [ -10.0, -10.0 ] ] } },
{ "type": "Feature", "properties": { "id": 858 }, "geometry": { "type": "LineString", "coordinates": [ [ -10.0, -10.0 ], [ -9.9997, -5.0004 ], [ -10.0, -0.00002 ] ] } },
{ "type": "Feature", "properties": { "id": 859 }, "geometry": { "type": "LineString", "coordinates": [ [ -10.0, -10.0 ], [ -7.5827, -12.5384 ], [ -5.1175, -15.0547 ], [ -2.5937, -17.5438 ], [ 0.0, -20.0 ] ] } },
{ "type": "Feature", "properties": { "id": 860 }, "geometry": { "type": "LineString", "coordinates": [ [ -10.0, -10.0 ], [ -5.0002, -10.0367 ], [ 0.0, -10.0 ] ] } },
{ "type": "Feature", "properties": { "id": 861 }, "geometry": { "type": "LineString", "coordinates": [ [ 0.0, -50.0 ], [ -10.0, -50.0 ] ] } },
{ "type": "Feature", "properties": { "id": 862 }, "geometry": { "type": "LineString", "coordinates": [ [ 0.0, -40.0 ], [ -4.563, -45.1105 ], [ -10.0, -50.0 ] ] } },
{ "type": "Feature", "properties": { "id": 863 }, "geometry": { "type": "LineString", "coordinates": [ [ -10.0, -50.0 ], [ -9.997, -45.0022 ], [ -10.0, -40.0 ] ] } },
{ "type": "Feature", "properties": { "id": 864 }, "geometry": { "type": "LineString", "coordinates": [ [ -160.0, -50.0 ], [ -159.997, -45.0022 ], [ -160.0, -40.0 ] ] } },
{ "type": "Feature", "properties": { "id": 865 }, "geometry": { "type": "LineString", "coordinates": [ [ 0.00001, -30.0 ], [ -4.6948, -35.1041 ], [ -10.0, -40.0 ] ] } },
{ "type": "Feature", "properties": { "id": 866 }, "geometry": { "type": "LineString", "coordinates": [ [ -10.0, -40.0 ], [ -9.9979, -35.0021 ], [ -10.0, -30.0 ] ] } },
{ "type": "Feature", "properties": { "id": 867 }, "geometry": { "type": "LineString", "coordinates": [ [ 0.0, -40.0 ], [ -5.0004, -40.1068 ], [ -10.0, -40.0 ] ] } },
{ "type": "Feature", "properties": { "id": 868 }, "geometry": { "type": "LineString", "coordinates": [ [ -10.0, -30.0 ], [ -4.7972, -25.085 ], [ 0.0, -20.0 ] ] } },
{ "type": "Feature", "properties": { "id": 869 }, "geometry": { "type": "LineString", "coordinates": [ [ 0.0, -40.0 ], [ -5.3071, -35.1023 ], [ -10.0, -30.0 ] ] } },
{ "type": "Feature", "properties": { "id": 870 }, "geometry": { "type": "LineString", "coordinates": [ [ -10.0, -30.0 ], [ 18.0, -35.0 ] ] } },
{ "type": "Feature", "properties": { "id": 871 }, "geometry": { "type": "LineString", "coordinates": [ [ 0.00001, -30.0 ], [ -5.0005, -30.0935 ], [ -10.0, -30.0 ] ] } },
{ "type": "Feature", "properties": { "id": 872 }, "geometry": { "type": "LineString", "coordinates": [ [ 0.0, -0.00002 ], [ -5.0, -0.00002 ], [ -10.0, -0.00002 ] ] } },
{ "type": "Feature", "properties": { "id": 873 }, "geometry": { "type": "LineString", "coordinates": [ [ -7.5, 3.5 ], [ -10.0, -0.00002 ] ] } },
{ "type": "Feature", "properties": { "id": 874 }, "geometry": { "type": "LineString", "coordinates": [ [ 18.0, -35.0 ], [ 14.1853, -30.8123 ], [ 10.2607, -26.4612 ], [ 6.4155, -22.1592 ], [ 2.4503, -17.6728 ], [ -1.3378, -13.3673 ], [ -4.9017, -9.2985 ], [ -7.4715, -4.6556 ], [ -10.0, -0.00002 ] ] } },
{ "type": "Feature", "properties": { "id": 875 }, "geometry": { "type": "LineString", "coordinates": [ [ -150.0, -50.0 ], [ -160.0, -50.0 ] ] } },
{ "type": "Feature", "properties": { "id": 876 }, "geometry": { "type": "LineString", "coordinates": [ [ 18.0, -35.0 ], [ 1.7833, -14.7307 ], [ -10.0, -0.00002 ] ] } },
{ "type": "Feature", "properties": { "id": 877 }, "geometry": { "type": "LineString", "coordinates": [ [ 0.0, -10.0 ], [ -2.5336, -7.5167 ], [ -5.0384, -5.019 ], [ -7.524, -2.5119 ], [ -10.0, -0.00002 ] ] } },
{ "type": "Feature", "properties": { "id": 878 }, "geometry": { "type": "LineString", "coordinates": [ [ -10.0, 60.0 ], [ -3.1725, 61.1836 ], [ 4.1, 62.0 ] ] } },
{ "type": "Feature", "properties": { "id": 879 }, "geometry": { "type": "LineString", "coordinates": [ [ -10.0, 60.0 ], [ -7.1, 56.9 ] ] } },
{ "type": "Feature", "properties": { "id": 880 }, "geometry": { "type": "LineString", "coordinates": [ [ -10.0, 60.0 ], [ -5.2, 58.7 ] ] } },
{ "type": "Feature", "properties": { "id": 881 }, "geometry": { "type": "LineString", "coordinates": [ [ -9.6, 38.5 ], [ -9.2895, 38.6804 ], [ -9.1137, 38.6997 ] ] } },
{ "type": "Feature", "properties": { "id": 882 }, "geometry": { "type": "LineString", "coordinates": [ [ -9.0, 41.1 ], [ -9.6, 38.5 ] ] } },
{ "type": "Feature", "properties": { "id": 883 }, "geometry": { "type": "LineString", "coordinates": [ [ -9.0, 41.1 ], [ -9.5309, 38.81 ], [ -9.6, 38.5 ] ] } },
{ "type": "Feature", "properties": { "id": 884 }, "geometry": { "type": "LineString", "coordinates": [ [ -9.6, 38.5 ], [ -9.9844, 40.7798 ], [ -9.5, 43.0 ] ] } },
{ "type": "Feature", "properties": { "id": 885 }, "geometry": { "type": "LineString", "coordinates": [ [ -9.25, 36.8 ], [ -9.6, 38.5 ] ] } },
{ "type": "Feature", "properties": { "id": 886 }, "geometry": { "type": "LineString", "coordinates": [ [ -9.6, 38.5 ], [ -9.284, 38.3559 ], [ -8.9736, 38.4313 ], [ -9.2373, 37.437 ], [ -9.25, 36.8 ] ] } },
{ "type": "Feature", "properties": { "id": 887 }, "geometry": { "type": "LineString", "coordinates": [ [ -160.0, -40.0 ], [ -154.6948, -35.1041 ], [ -150.0, -30.0 ] ] } },
{ "type": "Feature", "properties": { "id": 888 }, "geometry": { "type": "LineString", "coordinates": [ [ -9.6, 51.3333 ], [ -6.5833, 49.75 ] ] } },
{ "type": "Feature", "properties": { "id": 889 }, "geometry": { "type": "LineString", "coordinates": [ [ -9.5, 43.0 ], [ -8.5, 43.9 ] ] } },
{ "type": "Feature", "properties": { "id": 890 }, "geometry": { "type": "LineString", "coordinates": [ [ -9.5, 43.0 ], [ -9.3, 42.05 ] ] } },
{ "type": "Feature", "properties": { "id": 891 }, "geometry": { "type": "LineString", "coordinates": [ [ -9.3, 42.05 ], [ -9.0, 41.1 ] ] } },
{ "type": "Feature", "properties": { "id": 892 }, "geometry": { "type": "LineString", "coordinates": [ [ -8.9215, 37.9542 ], [ -9.284, 38.3559 ] ] } },
{ "type": "Feature", "properties": { "id": 893 }, "geometry": { "type": "LineString", "coordinates": [ [ -8.9215, 37.9542 ], [ -9.25, 36.8 ] ] } },
{ "type": "Feature", "properties": { "id": 894 }, "geometry": { "type": "LineString", "coordinates": [ [ -8.6866, 33.2126 ], [ -9.25, 36.8 ] ] } },
{ "type": "Feature", "properties": { "id": 895 }, "geometry": { "type": "LineString", "coordinates": [ [ -7.555, 33.6435 ], [ -9.25, 36.8 ] ] } },
{ "type": "Feature", "properties": { "id": 896 }, "geometry": { "type": "LineString", "coordinates": [ [ -5.75, 35.95 ], [ -9.25, 36.8 ] ] } },
{ "type": "Feature", "properties": { "id": 897 }, "geometry": { "type": "LineString", "coordinates": [ [ -9.25, 36.8 ], [ -6.6, 36.6 ] ] } },
{ "type": "Feature", "properties": { "id": 898 }, "geometry": { "type": "LineString", "coordinates": [ [ -8.8, 33.6 ], [ -7.1, 34.4 ] ] } },
{ "type": "Feature", "properties": { "id": 899 }, "geometry": { "type": "LineString", "coordinates": [ [ -8.75, 33.6236 ], [ -6.8478, 37.0872 ], [ -6.6, 36.6 ] ] } },
{ "type": "Feature", "properties": { "id": 900 }, "geometry": { "type": "LineString", "coordinates": [ [ -8.6875, 70.7581 ], [ 0.0, 67.0 ] ] } },
{ "type": "Feature", "properties": { "id": 901 }, "geometry": { "type": "LineString", "coordinates": [ [ -160.0, -40.0 ], [ -159.9979, -35.0021 ], [ -160.0, -30.0 ] ] } },
{ "type": "Feature", "properties": { "id": 902 }, "geometry": { "type": "LineString", "coordinates": [ [ -8.6875, 70.7581 ], [ 17.0, 70.0 ] ] } },
{ "type": "Feature", "properties": { "id": 903 }, "geometry": { "type": "LineString", "coordinates": [ [ -5.8, 44.1 ], [ -8.5, 43.9 ] ] } },
{ "type": "Feature", "properties": { "id": 904 }, "geometry": { "type": "LineString", "coordinates": [ [ -1.25, 45.6 ], [ -8.5, 43.9 ] ] } },
{ "type": "Feature", "properties": { "id": 905 }, "geometry": { "type": "LineString", "coordinates": [ [ -2.8, 46.6 ], [ -8.5, 43.9 ] ] } },
{ "type": "Feature", "properties": { "id": 906 }, "geometry": { "type": "LineString", "coordinates": [ [ -8.5, 43.9 ], [ -5.5, 48.6667 ] ] } },
{ "type": "Feature", "properties": { "id": 907 }, "geometry": { "type": "LineString", "coordinates": [ [ -5.814654, 58.886348 ], [ -7.198063, 58.383587 ], [ -8.115482, 57.614495 ], [ -8.105774, 56.746352 ], [ -7.2886, 56.2687 ] ] } },
{ "type": "Feature", "properties": { "id": 908 }, "geometry": { "type": "LineString", "coordinates": [ [ -4.0, 4.0 ], [ -7.5, 3.5 ] ] } },
{ "type": "Feature", "properties": { "id": 909 }, "geometry": { "type": "LineString", "coordinates": [ [ 0.0, -0.00002 ], [ -3.7467, 1.753 ], [ -7.5, 3.5 ] ] } },
{ "type": "Feature", "properties": { "id": 910 }, "geometry": { "type": "LineString", "coordinates": [ [ -7.5, 55.417 ], [ -6.1, 55.5 ] ] } },
{ "type": "Feature", "properties": { "id": 911 }, "geometry": { "type": "LineString", "coordinates": [ [ -7.1, 34.4 ], [ -5.75, 35.95 ] ] } },
{ "type": "Feature", "properties": { "id": 912 }, "geometry": { "type": "LineString", "coordinates": [ [ -150.0, -50.0 ], [ -155.284, -45.0321 ], [ -160.0, -40.0 ] ] } },
{ "type": "Feature", "properties": { "id": 913 }, "geometry": { "type": "LineString", "coordinates": [ [ -7.1, 56.9 ], [ -7.0414, 57.1312 ], [ -6.7173, 57.6493 ], [ -5.7945, 58.244 ], [ -5.2, 58.7 ] ] } },
{ "type": "Feature", "properties": { "id": 914 }, "geometry": { "type": "LineString", "coordinates": [ [ -6.1, 55.5 ], [ -7.2886, 56.2687 ], [ -7.1, 56.9 ] ] } },
{ "type": "Feature", "properties": { "id": 915 }, "geometry": { "type": "LineString", "coordinates": [ [ -6.1, 55.5 ], [ -7.1, 56.9 ] ] } },
{ "type": "Feature", "properties": { "id": 916 }, "geometry": { "type": "LineString", "coordinates": [ [ -6.2943, 56.7145 ], [ -7.1, 56.9 ] ] } },
{ "type": "Feature", "properties": { "id": 917 }, "geometry": { "type": "LineString", "coordinates": [ [ -7.0414, 57.1312 ], [ -6.0911, 57.0088 ], [ -5.8274, 57.0506 ], [ -6.2943, 56.7145 ] ] } },
{ "type": "Feature", "properties": { "id": 918 }, "geometry": { "type": "LineString", "coordinates": [ [ -170.0, 20.0 ], [ -172.5927, 17.5443 ], [ -175.1163, 15.0554 ], [ -177.5819, 12.5389 ], [ -180.0, 10.0 ] ] } },
{ "type": "Feature", "properties": { "id": 919 }, "geometry": { "type": "LineString", "coordinates": [ [ -5.75, 35.95 ], [ -6.6, 36.6 ] ] } },
{ "type": "Feature", "properties": { "id": 920 }, "geometry": { "type": "LineString", "coordinates": [ [ -2.054, 49.9919 ], [ -6.5833, 49.75 ] ] } },
{ "type": "Feature", "properties": { "id": 921 }, "geometry": { "type": "LineString", "coordinates": [ [ -4.0, 50.1 ], [ -6.5833, 49.75 ] ] } },
{ "type": "Feature", "properties": { "id": 922 }, "geometry": { "type": "LineString", "coordinates": [ [ -5.9, 51.25 ], [ -6.5833, 49.75 ] ] } },
{ "type": "Feature", "properties": { "id": 923 }, "geometry": { "type": "LineString", "coordinates": [ [ -6.5833, 49.75 ], [ -5.5, 48.6667 ] ] } },
{ "type": "Feature", "properties": { "id": 924 }, "geometry": { "type": "LineString", "coordinates": [ [ -6.2943, 56.7145 ], [ -5.9922, 56.6088 ], [ -5.4539, 56.3814 ] ] } },
{ "type": "Feature", "properties": { "id": 925 }, "geometry": { "type": "LineString", "coordinates": [ [ -6.1, 55.5 ], [ -5.756, 55.8547 ], [ -5.6516, 56.1496 ], [ -5.6681, 56.3175 ], [ -5.4319, 56.5937 ] ] } },
{ "type": "Feature", "properties": { "id": 926 }, "geometry": { "type": "LineString", "coordinates": [ [ -150.0, -40.0 ], [ -155.0004, -40.1068 ], [ -160.0, -40.0 ] ] } },
{ "type": "Feature", "properties": { "id": 927 }, "geometry": { "type": "LineString", "coordinates": [ [ -5.2, 54.8 ], [ -6.1, 55.5 ] ] } },
{ "type": "Feature", "properties": { "id": 928 }, "geometry": { "type": "LineString", "coordinates": [ [ -5.9098, 57.5462 ], [ -6.3383, 58.1774 ], [ -5.5308, 57.9274 ] ] } },
{ "type": "Feature", "properties": { "id": 929 }, "geometry": { "type": "LineString", "coordinates": [ [ -5.9, 51.25 ], [ -4.7, 53.5 ] ] } },
{ "type": "Feature", "properties": { "id": 930 }, "geometry": { "type": "LineString", "coordinates": [ [ -5.8714, 50.4096 ], [ -5.9, 51.25 ] ] } },
{ "type": "Feature", "properties": { "id": 931 }, "geometry": { "type": "LineString", "coordinates": [ [ -5.2, 58.7 ], [ -5.729708, 58.114745 ], [ -6.287926, 57.738428 ], [ -6.7173, 57.6493 ] ] } },
{ "type": "Feature", "properties": { "id": 932 }, "geometry": { "type": "LineString", "coordinates": [ [ -5.8, 44.1 ], [ -5.5, 48.6667 ] ] } },
{ "type": "Feature", "properties": { "id": 933 }, "geometry": { "type": "LineString", "coordinates": [ [ -3.1, 43.8 ], [ -5.8, 44.1 ] ] } },
{ "type": "Feature", "properties": { "id": 934 }, "geometry": { "type": "LineString", "coordinates": [ [ -5.729708, 58.114745 ], [ -5.87533, 57.823831 ], [ -5.9098, 57.5462 ], [ -5.894746, 57.347681 ], [ -5.778249, 57.284772 ] ] } },
{ "type": "Feature", "properties": { "id": 935 }, "geometry": { "type": "LineString", "coordinates": [ [ -4.7, 53.5 ], [ -5.7, 53.4 ] ] } },
{ "type": "Feature", "properties": { "id": 936 }, "geometry": { "type": "LineString", "coordinates": [ [ -5.7, 53.4 ], [ -5.2, 54.8 ] ] } },
{ "type": "Feature", "properties": { "id": 937 }, "geometry": { "type": "LineString", "coordinates": [ [ -5.5, 48.6667 ], [ -4.6794, 48.7102 ], [ -3.0973, 48.9741 ], [ -2.1086, 48.703 ], [ -1.9767, 49.8745 ], [ -1.3, 49.95 ] ] } },
{ "type": "Feature", "properties": { "id": 938 }, "geometry": { "type": "LineString", "coordinates": [ [ -149.7, -17.4 ], [ -152.0998, -20.6115 ], [ -154.6017, -23.7875 ], [ -157.2271, -26.92 ], [ -160.0, -30.0 ] ] } },
{ "type": "Feature", "properties": { "id": 939 }, "geometry": { "type": "LineString", "coordinates": [ [ -1.3, 49.95 ], [ -5.5, 48.6667 ] ] } },
{ "type": "Feature", "properties": { "id": 940 }, "geometry": { "type": "LineString", "coordinates": [ [ -5.5, 48.6667 ], [ -1.6883, 50.1305 ], [ 1.3, 50.8 ] ] } },
{ "type": "Feature", "properties": { "id": 941 }, "geometry": { "type": "LineString", "coordinates": [ [ -3.1, 43.8 ], [ -5.5, 48.6667 ] ] } },
{ "type": "Feature", "properties": { "id": 942 }, "geometry": { "type": "LineString", "coordinates": [ [ -5.5, 48.6667 ], [ -5.0, 48.0 ] ] } },
{ "type": "Feature", "properties": { "id": 943 }, "geometry": { "type": "LineString", "coordinates": [ [ -5.2, 58.7 ], [ -3.3333, 58.7 ] ] } },
{ "type": "Feature", "properties": { "id": 944 }, "geometry": { "type": "LineString", "coordinates": [ [ -5.2, 54.8 ], [ -5.0, 55.9 ], [ -5.2, 54.8 ] ] } },
{ "type": "Feature", "properties": { "id": 945 }, "geometry": { "type": "LineString", "coordinates": [ [ -4.7, 53.5 ], [ -5.2, 54.8 ] ] } },
{ "type": "Feature", "properties": { "id": 946 }, "geometry": { "type": "LineString", "coordinates": [ [ -5.2, 54.8 ], [ -4.9219, 54.0831 ], [ -4.7, 53.5 ] ] } },
{ "type": "Feature", "properties": { "id": 947 }, "geometry": { "type": "LineString", "coordinates": [ [ -5.0, 48.0 ], [ -3.9, 47.3 ] ] } },
{ "type": "Feature", "properties": { "id": 948 }, "geometry": { "type": "LineString", "coordinates": [ [ -5.0, 48.0 ], [ -4.4285, 47.6392 ], [ -3.9, 47.3 ] ] } },
{ "type": "Feature", "properties": { "id": 949 }, "geometry": { "type": "LineString", "coordinates": [ [ -4.7, 36.0 ], [ 3.1, 37.2 ] ] } },
{ "type": "Feature", "properties": { "id": 950 }, "geometry": { "type": "LineString", "coordinates": [ [ -160.0, -30.0 ], [ -159.9986, -25.0017 ], [ -160.0, -20.0 ] ] } },
{ "type": "Feature", "properties": { "id": 951 }, "geometry": { "type": "LineString", "coordinates": [ [ -4.7, 36.0 ], [ -4.2, 36.6 ] ] } },
{ "type": "Feature", "properties": { "id": 952 }, "geometry": { "type": "LineString", "coordinates": [ [ -2.8529, 35.4442 ], [ -4.7, 36.0 ] ] } },
{ "type": "Feature", "properties": { "id": 953 }, "geometry": { "type": "LineString", "coordinates": [ [ -4.7, 36.0 ], [ -2.9, 35.9 ] ] } },
{ "type": "Feature", "properties": { "id": 954 }, "geometry": { "type": "LineString", "coordinates": [ [ -4.7, 53.5 ], [ -3.4, 53.6 ], [ -4.7, 53.5 ] ] } },
{ "type": "Feature", "properties": { "id": 955 }, "geometry": { "type": "LineString", "coordinates": [ [ -4.2, 36.6 ], [ -2.1, 36.6 ] ] } },
{ "type": "Feature", "properties": { "id": 956 }, "geometry": { "type": "LineString", "coordinates": [ [ -2.8529, 35.4442 ], [ -4.2, 36.6 ] ] } },
{ "type": "Feature", "properties": { "id": 957 }, "geometry": { "type": "LineString", "coordinates": [ [ -1.0, 4.0 ], [ -4.0, 4.0 ] ] } },
{ "type": "Feature", "properties": { "id": 958 }, "geometry": { "type": "LineString", "coordinates": [ [ -160.0, -20.0 ], [ -159.9996, -21.2296 ], [ -160.0, -30.0 ] ] } },
{ "type": "Feature", "properties": { "id": 959 }, "geometry": { "type": "LineString", "coordinates": [ [ -4.0, 4.0 ], [ 18.0, -35.0 ] ] } },
{ "type": "Feature", "properties": { "id": 960 }, "geometry": { "type": "LineString", "coordinates": [ [ 0.993616, 50.903945 ], [ 0.344247, 50.785762 ] ] } },
{ "type": "Feature", "properties": { "id": 961 }, "geometry": { "type": "LineString", "coordinates": [ [ -4.0, 50.1 ], [ -1.3, 49.95 ] ] } },
{ "type": "Feature", "properties": { "id": 962 }, "geometry": { "type": "LineString", "coordinates": [ [ -3.9, 47.3 ], [ -2.8, 46.6 ] ] } },
{ "type": "Feature", "properties": { "id": 963 }, "geometry": { "type": "LineString", "coordinates": [ [ -3.3333, 58.7 ], [ 4.8, 58.8 ] ] } },
{ "type": "Feature", "properties": { "id": 964 }, "geometry": { "type": "LineString", "coordinates": [ [ -3.3333, 58.7 ], [ 4.2, 60.2 ] ] } },
{ "type": "Feature", "properties": { "id": 965 }, "geometry": { "type": "LineString", "coordinates": [ [ -3.3333, 58.7 ], [ -2.0, 58.4 ] ] } },
{ "type": "Feature", "properties": { "id": 966 }, "geometry": { "type": "LineString", "coordinates": [ [ -3.3333, 58.7 ], [ 1.3906, 58.4026 ], [ 4.5821, 58.0691 ] ] } },
{ "type": "Feature", "properties": { "id": 967 }, "geometry": { "type": "LineString", "coordinates": [ [ -1.9, 43.9 ], [ -3.1, 43.8 ] ] } },
{ "type": "Feature", "properties": { "id": 968 }, "geometry": { "type": "LineString", "coordinates": [ [ -2.9, 35.9 ], [ -0.6, 36.2 ] ] } },
{ "type": "Feature", "properties": { "id": 969 }, "geometry": { "type": "LineString", "coordinates": [ [ -2.8529, 35.4442 ], [ -0.6, 36.2 ] ] } },
{ "type": "Feature", "properties": { "id": 970 }, "geometry": { "type": "LineString", "coordinates": [ [ -2.8529, 35.4442 ], [ -2.1, 36.6 ] ] } },
{ "type": "Feature", "properties": { "id": 971 }, "geometry": { "type": "LineString", "coordinates": [ [ -150.0, -40.0 ], [ -155.3071, -35.1023 ], [ -160.0, -30.0 ] ] } },
{ "type": "Feature", "properties": { "id": 972 }, "geometry": { "type": "LineString", "coordinates": [ [ -2.4642, 36.7491 ], [ -2.8529, 35.4442 ] ] } },
{ "type": "Feature", "properties": { "id": 973 }, "geometry": { "type": "LineString", "coordinates": [ [ -2.8, 46.6 ], [ -1.7, 46.1 ] ] } },
{ "type": "Feature", "properties": { "id": 974 }, "geometry": { "type": "LineString", "coordinates": [ [ -1.4, 57.3 ], [ -2.3, 56.3 ] ] } },
{ "type": "Feature", "properties": { "id": 975 }, "geometry": { "type": "LineString", "coordinates": [ [ -2.3, 56.3 ], [ -1.0, 55.1 ] ] } },
{ "type": "Feature", "properties": { "id": 976 }, "geometry": { "type": "LineString", "coordinates": [ [ -2.3, 56.3 ], [ -1.4033, 55.4778 ], [ -1.0, 55.1 ] ] } },
{ "type": "Feature", "properties": { "id": 977 }, "geometry": { "type": "LineString", "coordinates": [ [ -2.1, 36.6 ], [ -0.6, 37.5 ] ] } },
{ "type": "Feature", "properties": { "id": 978 }, "geometry": { "type": "LineString", "coordinates": [ [ -2.1, 36.6 ], [ -1.0868, 37.5155 ], [ 3.2956, 37.4832 ] ] } },
{ "type": "Feature", "properties": { "id": 979 }, "geometry": { "type": "LineString", "coordinates": [ [ -2.1, 36.6 ], [ -0.6, 36.2 ] ] } },
{ "type": "Feature", "properties": { "id": 980 }, "geometry": { "type": "LineString", "coordinates": [ [ -2.0, 58.4 ], [ -1.4, 57.3 ] ] } },
{ "type": "Feature", "properties": { "id": 981 }, "geometry": { "type": "LineString", "coordinates": [ [ -2.0, 58.4 ], [ 5.95, 58.0 ] ] } },
{ "type": "Feature", "properties": { "id": 982 }, "geometry": { "type": "LineString", "coordinates": [ [ -1.6252, 48.8261 ], [ -2.3118, 49.1649 ], [ -2.4821, 49.455 ], [ -1.992006, 49.738559 ] ] } },
{ "type": "Feature", "properties": { "id": 983 }, "geometry": { "type": "LineString", "coordinates": [ [ -150.0, -30.0 ], [ -155.0005, -30.0935 ], [ -160.0, -30.0 ] ] } },
{ "type": "Feature", "properties": { "id": 984 }, "geometry": { "type": "LineString", "coordinates": [ [ -1.7, 46.1 ], [ -1.25, 45.6 ] ] } },
{ "type": "Feature", "properties": { "id": 985 }, "geometry": { "type": "LineString", "coordinates": [ [ -1.4, 57.3 ], [ 4.2, 60.2 ] ] } },
{ "type": "Feature", "properties": { "id": 986 }, "geometry": { "type": "LineString", "coordinates": [ [ -1.4, 57.3 ], [ 1.2419, 61.6817 ] ] } },
{ "type": "Feature", "properties": { "id": 987 }, "geometry": { "type": "LineString", "coordinates": [ [ -1.0703, 60.0493 ], [ -1.4, 57.3 ] ] } },
{ "type": "Feature", "properties": { "id": 988 }, "geometry": { "type": "LineString", "coordinates": [ [ 4.9, 53.5 ], [ -1.4, 57.3 ] ] } },
{ "type": "Feature", "properties": { "id": 989 }, "geometry": { "type": "LineString", "coordinates": [ [ 8.25, 53.9 ], [ -1.4, 57.3 ] ] } },
{ "type": "Feature", "properties": { "id": 990 }, "geometry": { "type": "LineString", "coordinates": [ [ 1.3, 50.8 ], [ -1.3, 49.95 ] ] } },
{ "type": "Feature", "properties": { "id": 991 }, "geometry": { "type": "LineString", "coordinates": [ [ -0.109, 49.4978 ], [ -1.3, 49.95 ] ] } },
{ "type": "Feature", "properties": { "id": 992 }, "geometry": { "type": "LineString", "coordinates": [ [ 0.1, 49.9 ], [ -1.3, 49.95 ] ] } },
{ "type": "Feature", "properties": { "id": 993 }, "geometry": { "type": "LineString", "coordinates": [ [ 2.5, 5.0 ], [ -1.0, 4.0 ] ] } },
{ "type": "Feature", "properties": { "id": 994 }, "geometry": { "type": "LineString", "coordinates": [ [ -149.7, -17.4 ], [ -154.811, -18.77 ], [ -160.0, -20.0 ] ] } },
{ "type": "Feature", "properties": { "id": 995 }, "geometry": { "type": "LineString", "coordinates": [ [ 0.0, -0.00002 ], [ -1.0, 4.0 ] ] } },
{ "type": "Feature", "properties": { "id": 996 }, "geometry": { "type": "LineString", "coordinates": [ [ 0.344247, 50.785762 ], [ 0.267059, 50.730434 ], [ 0.09669, 50.739707 ], [ 0.064272, 50.767826 ] ] } },
{ "type": "Feature", "properties": { "id": 997 }, "geometry": { "type": "LineString", "coordinates": [ [ 0.064272, 50.767826 ], [ -0.111863, 50.802992 ], [ -0.321603, 50.763429 ], [ -0.66692, 50.64013 ], [ -0.929964, 50.662171 ] ] } },
{ "type": "Feature", "properties": { "id": 998 }, "geometry": { "type": "LineString", "coordinates": [ [ 0.1, 49.9 ], [ -1.0, 50.8 ] ] } },
{ "type": "Feature", "properties": { "id": 999 }, "geometry": { "type": "LineString", "coordinates": [ [ -1.0, 55.1 ], [ 0.4, 53.5 ] ] } },
{ "type": "Feature", "properties": { "id": 1000 }, "geometry": { "type": "LineString", "coordinates": [ [ -0.6, 36.2 ], [ 3.1, 37.2 ] ] } },
{ "type": "Feature", "properties": { "id": 1001 }, "geometry": { "type": "LineString", "coordinates": [ [ 3.1, 37.2 ], [ 2.8766, 37.1437 ], [ -0.6, 36.2 ] ] } },
{ "type": "Feature", "properties": { "id": 1002 }, "geometry": { "type": "LineString", "coordinates": [ [ -0.6, 36.2 ], [ 0.75, 38.9 ] ] } },
{ "type": "Feature", "properties": { "id": 1003 }, "geometry": { "type": "LineString", "coordinates": [ [ -0.6, 37.5 ], [ 0.0, 38.2 ] ] } },
{ "type": "Feature", "properties": { "id": 1004 }, "geometry": { "type": "LineString", "coordinates": [ [ 8.4301, 38.6096 ], [ -0.3692, 36.6686 ] ] } },
{ "type": "Feature", "properties": { "id": 1005 }, "geometry": { "type": "LineString", "coordinates": [ [ -150.0, -10.0 ], [ -152.4181, -12.5389 ], [ -154.8837, -15.0555 ], [ -157.4073, -17.5444 ], [ -160.0, -20.0 ] ] } },
{ "type": "Feature", "properties": { "id": 1006 }, "geometry": { "type": "LineString", "coordinates": [ [ 10.0, -50.0 ], [ 0.0, -50.0 ] ] } },
{ "type": "Feature", "properties": { "id": 1007 }, "geometry": { "type": "LineString", "coordinates": [ [ 0.0, -50.0 ], [ 0.003, -45.0022 ], [ 0.0, -40.0 ] ] } },
{ "type": "Feature", "properties": { "id": 1008 }, "geometry": { "type": "LineString", "coordinates": [ [ 0.0, -40.0 ], [ 5.3052, -35.1041 ], [ 10.0, -30.0 ] ] } },
{ "type": "Feature", "properties": { "id": 1009 }, "geometry": { "type": "LineString", "coordinates": [ [ 0.0, -40.0 ], [ 0.0021, -35.0021 ], [ 0.00001, -30.0 ] ] } },
{ "type": "Feature", "properties": { "id": 1010 }, "geometry": { "type": "LineString", "coordinates": [ [ 10.0, -50.0 ], [ 4.7139, -45.0332 ], [ 0.0, -40.0 ] ] } },
{ "type": "Feature", "properties": { "id": 1011 }, "geometry": { "type": "LineString", "coordinates": [ [ 0.0, -40.0 ], [ 4.9996, -40.1068 ], [ 10.0, -40.0 ] ] } },
{ "type": "Feature", "properties": { "id": 1012 }, "geometry": { "type": "LineString", "coordinates": [ [ 0.0, -20.0 ], [ 5.5165, -19.5823 ], [ 11.0, -19.0 ] ] } },
{ "type": "Feature", "properties": { "id": 1013 }, "geometry": { "type": "LineString", "coordinates": [ [ 12.0, -9.0 ], [ 9.1036, -11.8038 ], [ 6.1484, -14.5773 ], [ 3.1191, -17.3123 ], [ 0.0, -20.0 ] ] } },
{ "type": "Feature", "properties": { "id": 1014 }, "geometry": { "type": "LineString", "coordinates": [ [ 0.0, -10.0 ], [ 0.00081, -15.0011 ], [ 0.0, -20.0 ] ] } },
{ "type": "Feature", "properties": { "id": 1015 }, "geometry": { "type": "LineString", "coordinates": [ [ 0.00001, -30.0 ], [ 0.0014, -25.0017 ], [ 0.0, -20.0 ] ] } },
{ "type": "Feature", "properties": { "id": 1016 }, "geometry": { "type": "LineString", "coordinates": [ [ 10.0, -30.0 ], [ 4.7955, -25.0836 ], [ 0.0, -20.0 ] ] } },
{ "type": "Feature", "properties": { "id": 1017 }, "geometry": { "type": "LineString", "coordinates": [ [ 12.0, -9.0 ], [ 6.0084, -9.5506 ], [ 0.0, -10.0 ] ] } },
{ "type": "Feature", "properties": { "id": 1018 }, "geometry": { "type": "LineString", "coordinates": [ [ 8.0, -0.00001 ], [ 4.0304, -5.0125 ], [ 0.0, -10.0 ] ] } },
{ "type": "Feature", "properties": { "id": 1019 }, "geometry": { "type": "LineString", "coordinates": [ [ 0.0, -0.00002 ], [ 0.00027, -5.0004 ], [ 0.0, -10.0 ] ] } },
{ "type": "Feature", "properties": { "id": 1020 }, "geometry": { "type": "LineString", "coordinates": [ [ 11.0, -19.0 ], [ 8.215, -16.7315 ], [ 5.4561, -14.4763 ], [ 2.719, -12.2331 ], [ 0.0, -10.0 ] ] } },
{ "type": "Feature", "properties": { "id": 1021 }, "geometry": { "type": "LineString", "coordinates": [ [ 8.0, -0.00001 ], [ 6.726, 0.0259 ], [ 0.0, -0.00002 ] ] } },
{ "type": "Feature", "properties": { "id": 1022 }, "geometry": { "type": "LineString", "coordinates": [ [ 0.0, -0.00002 ], [ 3.9973, 1.5036 ], [ 8.0, 3.0 ] ] } },
{ "type": "Feature", "properties": { "id": 1023 }, "geometry": { "type": "LineString", "coordinates": [ [ 0.0, -0.00002 ], [ 5.4866, -3.0092 ], [ 11.0, -6.0 ] ] } },
{ "type": "Feature", "properties": { "id": 1024 }, "geometry": { "type": "LineString", "coordinates": [ [ 0.0, 38.2 ], [ 0.75, 38.9 ] ] } },
{ "type": "Feature", "properties": { "id": 1025 }, "geometry": { "type": "LineString", "coordinates": [ [ -150.0, -30.0 ], [ -155.2045, -25.0836 ], [ -160.0, -20.0 ] ] } },
{ "type": "Feature", "properties": { "id": 1026 }, "geometry": { "type": "LineString", "coordinates": [ [ 0.0, 67.0 ], [ 12.0, 68.0 ] ] } },
{ "type": "Feature", "properties": { "id": 1027 }, "geometry": { "type": "LineString", "coordinates": [ [ 0.0, 67.0 ], [ 17.0, 70.0 ] ] } },
{ "type": "Feature", "properties": { "id": 1028 }, "geometry": { "type": "LineString", "coordinates": [ [ 0.0, 67.0 ], [ 4.1, 62.0 ] ] } },
{ "type": "Feature", "properties": { "id": 1029 }, "geometry": { "type": "LineString", "coordinates": [ [ 11.0, -19.0 ], [ 8.421, -21.8218 ], [ 5.74, -24.6013 ], [ 2.9393, -27.3303 ], [ 0.00001, -30.0 ] ] } },
{ "type": "Feature", "properties": { "id": 1030 }, "geometry": { "type": "LineString", "coordinates": [ [ 10.0, -40.0 ], [ 4.6929, -35.1023 ], [ 0.00001, -30.0 ] ] } },
{ "type": "Feature", "properties": { "id": 1031 }, "geometry": { "type": "LineString", "coordinates": [ [ 10.0, -30.0 ], [ 4.9995, -30.0935 ], [ 0.00001, -30.0 ] ] } },
{ "type": "Feature", "properties": { "id": 1032 }, "geometry": { "type": "LineString", "coordinates": [ [ -150.0, -30.0 ], [ -159.5473, -20.4346 ], [ -160.0, -20.0 ] ] } },
{ "type": "Feature", "properties": { "id": 1033 }, "geometry": { "type": "LineString", "coordinates": [ [ 0.1, 39.7 ], [ 0.3373, 38.7897 ], [ 0.0475, 37.5071 ] ] } },
{ "type": "Feature", "properties": { "id": 1034 }, "geometry": { "type": "LineString", "coordinates": [ [ 0.1, 39.7 ], [ 2.5, 41.3 ] ] } },
{ "type": "Feature", "properties": { "id": 1035 }, "geometry": { "type": "LineString", "coordinates": [ [ 0.75, 38.9 ], [ 0.1, 39.7 ] ] } },
{ "type": "Feature", "properties": { "id": 1036 }, "geometry": { "type": "LineString", "coordinates": [ [ 0.1, 39.7 ], [ 5.0023, 38.5839 ], [ 11.0, 37.5 ] ] } },
{ "type": "Feature", "properties": { "id": 1037 }, "geometry": { "type": "LineString", "coordinates": [ [ -170.0, -0.00002 ], [ -172.476, 2.5119 ], [ -174.9616, 5.019 ], [ -177.4664, 7.5167 ], [ -180.0, 10.0 ] ] } },
{ "type": "Feature", "properties": { "id": 1038 }, "geometry": { "type": "LineString", "coordinates": [ [ 1.25, 51.6 ], [ 0.8262, 51.5038 ], [ 0.5034, 51.4996 ], [ 0.4499, 51.479 ], [ 0.4265, 51.4482 ], [ 0.3441, 51.45 ], [ 0.3126, 51.4722 ], [ 0.2782, 51.4594 ], [ 0.2137, 51.4867 ] ] } },
{ "type": "Feature", "properties": { "id": 1039 }, "geometry": { "type": "LineString", "coordinates": [ [ 4.9, 53.5 ], [ 0.4, 53.5 ] ] } },
{ "type": "Feature", "properties": { "id": 1040 }, "geometry": { "type": "LineString", "coordinates": [ [ 0.4, 53.5 ], [ 2.7172, 53.8908 ], [ 7.4962, 54.3191 ], [ 6.653, 55.2989 ], [ 7.3436, 57.2069 ] ] } },
{ "type": "Feature", "properties": { "id": 1041 }, "geometry": { "type": "LineString", "coordinates": [ [ 0.4, 53.5 ], [ 5.95, 58.0 ] ] } },
{ "type": "Feature", "properties": { "id": 1042 }, "geometry": { "type": "LineString", "coordinates": [ [ 0.4, 53.5 ], [ -0.2, 53.7 ], [ 0.4, 53.5 ] ] } },
{ "type": "Feature", "properties": { "id": 1043 }, "geometry": { "type": "LineString", "coordinates": [ [ -150.0, -0.00003 ], [ -155.0, -0.00001 ], [ -160.0, -0.00002 ] ] } },
{ "type": "Feature", "properties": { "id": 1044 }, "geometry": { "type": "LineString", "coordinates": [ [ 4.7524, 55.5172 ], [ 0.7088, 53.7641 ] ] } },
{ "type": "Feature", "properties": { "id": 1045 }, "geometry": { "type": "LineString", "coordinates": [ [ 0.7369, 51.7264 ], [ 0.7754, 51.717 ], [ 0.9333, 51.7545 ], [ 1.1187, 51.7043 ], [ 1.1393, 51.654 ], [ 0.8262, 51.5038 ] ] } },
{ "type": "Feature", "properties": { "id": 1046 }, "geometry": { "type": "LineString", "coordinates": [ [ 0.75, 38.9 ], [ 2.4, 40.0 ] ] } },
{ "type": "Feature", "properties": { "id": 1047 }, "geometry": { "type": "LineString", "coordinates": [ [ 5.0, 43.0 ], [ 0.75, 38.9 ] ] } },
{ "type": "Feature", "properties": { "id": 1048 }, "geometry": { "type": "LineString", "coordinates": [ [ 1.1722, 41.0019 ], [ 0.75, 38.9 ] ] } },
{ "type": "Feature", "properties": { "id": 1049 }, "geometry": { "type": "LineString", "coordinates": [ [ 0.75, 38.9 ], [ 3.1, 37.2 ] ] } },
{ "type": "Feature", "properties": { "id": 1050 }, "geometry": { "type": "LineString", "coordinates": [ [ 0.75, 38.9 ], [ 1.4071, 38.794 ], [ 2.6156, 39.4248 ] ] } },
{ "type": "Feature", "properties": { "id": 1051 }, "geometry": { "type": "LineString", "coordinates": [ [ 1.1393, 51.654 ], [ 1.25, 51.6 ] ] } },
{ "type": "Feature", "properties": { "id": 1052 }, "geometry": { "type": "LineString", "coordinates": [ [ 2.9, 51.9 ], [ 1.25, 51.6 ] ] } },
{ "type": "Feature", "properties": { "id": 1053 }, "geometry": { "type": "LineString", "coordinates": [ [ 1.25, 51.6 ], [ 2.1, 51.1 ] ] } },
{ "type": "Feature", "properties": { "id": 1054 }, "geometry": { "type": "LineString", "coordinates": [ [ 11.0, -19.0 ], [ 1.6515, 5.9238 ] ] } },
{ "type": "Feature", "properties": { "id": 1055 }, "geometry": { "type": "LineString", "coordinates": [ [ -160.0, -0.00002 ], [ -157.5237, 2.512 ], [ -155.0379, 5.0192 ], [ -152.5333, 7.5169 ], [ -150.0, 10.0 ] ] } },
{ "type": "Feature", "properties": { "id": 1056 }, "geometry": { "type": "LineString", "coordinates": [ [ 3.4, 51.5 ], [ 2.1, 51.1 ] ] } },
{ "type": "Feature", "properties": { "id": 1057 }, "geometry": { "type": "LineString", "coordinates": [ [ 2.9, 51.9 ], [ 2.1, 51.1 ] ] } },
{ "type": "Feature", "properties": { "id": 1058 }, "geometry": { "type": "LineString", "coordinates": [ [ 2.4, 40.0 ], [ 6.0, 42.8 ] ] } },
{ "type": "Feature", "properties": { "id": 1059 }, "geometry": { "type": "LineString", "coordinates": [ [ 2.4, 40.0 ], [ 2.5, 41.3 ] ] } },
{ "type": "Feature", "properties": { "id": 1060 }, "geometry": { "type": "LineString", "coordinates": [ [ 2.4, 40.0 ], [ 2.2208, 39.2193 ], [ 3.1, 37.2 ] ] } },
{ "type": "Feature", "properties": { "id": 1061 }, "geometry": { "type": "LineString", "coordinates": [ [ 2.5, 5.0 ], [ 11.0, -19.0 ] ] } },
{ "type": "Feature", "properties": { "id": 1062 }, "geometry": { "type": "LineString", "coordinates": [ [ 8.0, 3.0 ], [ 2.5, 5.0 ] ] } },
{ "type": "Feature", "properties": { "id": 1063 }, "geometry": { "type": "LineString", "coordinates": [ [ 6.0, 42.8 ], [ 2.5, 41.3 ] ] } },
{ "type": "Feature", "properties": { "id": 1064 }, "geometry": { "type": "LineString", "coordinates": [ [ 2.5, 41.3 ], [ 7.5, 37.4 ] ] } },
{ "type": "Feature", "properties": { "id": 1065 }, "geometry": { "type": "LineString", "coordinates": [ [ -160.0, -0.00002 ], [ -160.0003, 5.0004 ], [ -160.0, 10.0 ] ] } },
{ "type": "Feature", "properties": { "id": 1066 }, "geometry": { "type": "LineString", "coordinates": [ [ 2.5, 41.3 ], [ 9.2235, 41.2957 ] ] } },
{ "type": "Feature", "properties": { "id": 1067 }, "geometry": { "type": "LineString", "coordinates": [ [ 3.9, 52.0 ], [ 2.9, 51.9 ] ] } },
{ "type": "Feature", "properties": { "id": 1068 }, "geometry": { "type": "LineString", "coordinates": [ [ 4.9, 53.5 ], [ 2.9, 51.9 ] ] } },
{ "type": "Feature", "properties": { "id": 1069 }, "geometry": { "type": "LineString", "coordinates": [ [ 2.9, 51.9 ], [ 4.8, 58.8 ] ] } },
{ "type": "Feature", "properties": { "id": 1070 }, "geometry": { "type": "LineString", "coordinates": [ [ 3.4, 51.5 ], [ 2.9, 51.9 ] ] } },
{ "type": "Feature", "properties": { "id": 1071 }, "geometry": { "type": "LineString", "coordinates": [ [ 4.1179, 51.4927 ], [ 3.9531, 51.5679 ], [ 3.8076, 51.6378 ], [ 3.478, 51.6668 ], [ 2.9, 51.9 ] ] } },
{ "type": "Feature", "properties": { "id": 1072 }, "geometry": { "type": "LineString", "coordinates": [ [ 3.0676, 39.0265 ], [ 8.4301, 38.6096 ] ] } },
{ "type": "Feature", "properties": { "id": 1073 }, "geometry": { "type": "LineString", "coordinates": [ [ 3.1, 37.2 ], [ 7.5, 37.4 ] ] } },
{ "type": "Feature", "properties": { "id": 1074 }, "geometry": { "type": "LineString", "coordinates": [ [ 3.1, 37.2 ], [ 9.1442, 37.9802 ], [ 13.3959, 38.2913 ], [ 15.727668, 38.366322 ] ] } },
{ "type": "Feature", "properties": { "id": 1075 }, "geometry": { "type": "LineString", "coordinates": [ [ 5.0, 43.0 ], [ 5.0654, 39.9966 ], [ 3.1, 37.2 ] ] } },
{ "type": "Feature", "properties": { "id": 1076 }, "geometry": { "type": "LineString", "coordinates": [ [ 3.9, 52.0 ], [ 3.4, 51.5 ] ] } },
{ "type": "Feature", "properties": { "id": 1077 }, "geometry": { "type": "LineString", "coordinates": [ [ 3.4, 51.5 ], [ 3.7005, 51.4054 ], [ 3.846, 51.3626 ], [ 3.9641, 51.426 ], [ 4.0905, 51.3831 ], [ 4.1894, 51.3917 ] ] } },
{ "type": "Feature", "properties": { "id": 1078 }, "geometry": { "type": "LineString", "coordinates": [ [ 3.7499, 43.3504 ], [ 4.0589, 43.51 ], [ 4.2869, 43.3504 ], [ 5.0394, 43.1443 ] ] } },
{ "type": "Feature", "properties": { "id": 1079 }, "geometry": { "type": "LineString", "coordinates": [ [ 5.0, 43.0 ], [ 3.7499, 43.3504 ] ] } },
{ "type": "Feature", "properties": { "id": 1080 }, "geometry": { "type": "LineString", "coordinates": [ [ 4.3, 52.5 ], [ 3.9, 52.0 ] ] } },
{ "type": "Feature", "properties": { "id": 1081 }, "geometry": { "type": "LineString", "coordinates": [ [ -160.0, -10.0 ], [ -159.9997, -5.0004 ], [ -160.0, -0.00002 ] ] } },
{ "type": "Feature", "properties": { "id": 1082 }, "geometry": { "type": "LineString", "coordinates": [ [ 6.3, 63.0 ], [ 4.1, 62.0 ] ] } },
{ "type": "Feature", "properties": { "id": 1083 }, "geometry": { "type": "LineString", "coordinates": [ [ 4.1, 62.0 ], [ 4.2, 60.2 ] ] } },
{ "type": "Feature", "properties": { "id": 1084 }, "geometry": { "type": "LineString", "coordinates": [ [ 4.2, 60.2 ], [ 4.8, 58.8 ] ] } },
{ "type": "Feature", "properties": { "id": 1085 }, "geometry": { "type": "LineString", "coordinates": [ [ 4.9, 53.5 ], [ 4.3, 52.5 ] ] } },
{ "type": "Feature", "properties": { "id": 1086 }, "geometry": { "type": "LineString", "coordinates": [ [ 4.3, 52.5 ], [ 4.3083, 52.514 ] ] } },
{ "type": "Feature", "properties": { "id": 1087 }, "geometry": { "type": "LineString", "coordinates": [ [ 4.7524, 55.5172 ], [ 7.9824, 56.822 ], [ 7.3424, 55.6243 ], [ 7.4962, 54.3191 ], [ 8.25, 53.9 ] ] } },
{ "type": "Feature", "properties": { "id": 1088 }, "geometry": { "type": "LineString", "coordinates": [ [ 8.2625, 55.4051 ], [ 4.7524, 55.5172 ] ] } },
{ "type": "Feature", "properties": { "id": 1089 }, "geometry": { "type": "LineString", "coordinates": [ [ 4.8, 58.8 ], [ 5.95, 58.0 ] ] } },
{ "type": "Feature", "properties": { "id": 1090 }, "geometry": { "type": "LineString", "coordinates": [ [ 6.9, 53.75 ], [ 4.9, 53.5 ] ] } },
{ "type": "Feature", "properties": { "id": 1091 }, "geometry": { "type": "LineString", "coordinates": [ [ 8.05, 57.95 ], [ 4.9, 53.5 ] ] } },
{ "type": "Feature", "properties": { "id": 1092 }, "geometry": { "type": "LineString", "coordinates": [ [ -150.0, -10.0 ], [ -152.5336, -7.5167 ], [ -155.0384, -5.019 ], [ -157.5239, -2.5119 ], [ -160.0, -0.00002 ] ] } },
{ "type": "Feature", "properties": { "id": 1093 }, "geometry": { "type": "LineString", "coordinates": [ [ 4.9, 53.5 ], [ 5.95, 58.0 ] ] } },
{ "type": "Feature", "properties": { "id": 1094 }, "geometry": { "type": "LineString", "coordinates": [ [ 5.3264, 53.0736 ], [ 5.1644, 53.3122 ], [ 4.9, 53.5 ] ] } },
{ "type": "Feature", "properties": { "id": 1095 }, "geometry": { "type": "LineString", "coordinates": [ [ 5.6231, 52.6208 ], [ 5.3182, 52.7274 ], [ 5.0545, 52.9447 ], [ 4.9337, 53.0637 ] ] } },
{ "type": "Feature", "properties": { "id": 1096 }, "geometry": { "type": "LineString", "coordinates": [ [ 4.9405, 43.3883 ], [ 5.0394, 43.1443 ], [ 5.0, 43.0 ] ] } },
{ "type": "Feature", "properties": { "id": 1097 }, "geometry": { "type": "LineString", "coordinates": [ [ 5.0, 43.0 ], [ 6.7245, 38.2374 ] ] } },
{ "type": "Feature", "properties": { "id": 1098 }, "geometry": { "type": "LineString", "coordinates": [ [ 5.0, 43.0 ], [ 8.4301, 38.6096 ] ] } },
{ "type": "Feature", "properties": { "id": 1099 }, "geometry": { "type": "LineString", "coordinates": [ [ 5.0, 43.0 ], [ 6.0, 42.8 ] ] } },
{ "type": "Feature", "properties": { "id": 1100 }, "geometry": { "type": "LineString", "coordinates": [ [ 5.0394, 43.1443 ], [ 5.2125, 43.1864 ], [ 5.4801, 42.4031 ] ] } },
{ "type": "Feature", "properties": { "id": 1101 }, "geometry": { "type": "LineString", "coordinates": [ [ -180.0, 20.0 ], [ -174.9996, 20.0692 ], [ -170.0, 20.0 ] ] } },
{ "type": "Feature", "properties": { "id": 1102 }, "geometry": { "type": "LineString", "coordinates": [ [ 5.0394, 43.1443 ], [ 6.0, 42.8 ] ] } },
{ "type": "Feature", "properties": { "id": 1103 }, "geometry": { "type": "LineString", "coordinates": [ [ 5.0654, 39.9966 ], [ 9.2235, 41.2957 ], [ 10.0, 41.02 ] ] } },
{ "type": "Feature", "properties": { "id": 1104 }, "geometry": { "type": "LineString", "coordinates": [ [ 9.1674, 43.9909 ], [ 5.0654, 39.9966 ] ] } },
{ "type": "Feature", "properties": { "id": 1105 }, "geometry": { "type": "LineString", "coordinates": [ [ 5.0654, 39.9966 ], [ 7.5, 37.4 ] ] } },
{ "type": "Feature", "properties": { "id": 1106 }, "geometry": { "type": "LineString", "coordinates": [ [ 5.3141, 43.3224 ], [ 5.2125, 43.1864 ], [ 6.0, 42.8 ] ] } },
{ "type": "Feature", "properties": { "id": 1107 }, "geometry": { "type": "LineString", "coordinates": [ [ 5.3213, 54.1247 ], [ 6.8673, 53.4858 ], [ 6.9991, 53.3352 ], [ 6.9, 53.75 ] ] } },
{ "type": "Feature", "properties": { "id": 1108 }, "geometry": { "type": "LineString", "coordinates": [ [ 8.05, 57.95 ], [ 5.95, 58.0 ] ] } },
{ "type": "Feature", "properties": { "id": 1109 }, "geometry": { "type": "LineString", "coordinates": [ [ 6.0, 42.8 ], [ 9.8473, 43.1664 ] ] } },
{ "type": "Feature", "properties": { "id": 1110 }, "geometry": { "type": "LineString", "coordinates": [ [ -150.0, 40.0 ], [ -154.9996, 40.1067 ], [ -160.0, 40.0 ] ] } },
{ "type": "Feature", "properties": { "id": 1111 }, "geometry": { "type": "LineString", "coordinates": [ [ 7.6201, 43.522 ], [ 6.0, 42.8 ] ] } },
{ "type": "Feature", "properties": { "id": 1112 }, "geometry": { "type": "LineString", "coordinates": [ [ 9.2235, 41.2957 ], [ 6.0, 42.8 ] ] } },
{ "type": "Feature", "properties": { "id": 1113 }, "geometry": { "type": "LineString", "coordinates": [ [ 8.68, 41.834 ], [ 6.0, 42.8 ] ] } },
{ "type": "Feature", "properties": { "id": 1114 }, "geometry": { "type": "LineString", "coordinates": [ [ 8.9217, 42.6716 ], [ 6.0, 42.8 ] ] } },
{ "type": "Feature", "properties": { "id": 1115 }, "geometry": { "type": "LineString", "coordinates": [ [ 9.0, 64.0 ], [ 6.3, 63.0 ] ] } },
{ "type": "Feature", "properties": { "id": 1116 }, "geometry": { "type": "LineString", "coordinates": [ [ 12.0, 68.0 ], [ 6.3, 63.0 ] ] } },
{ "type": "Feature", "properties": { "id": 1117 }, "geometry": { "type": "LineString", "coordinates": [ [ 8.25, 53.9 ], [ 6.9, 53.75 ] ] } },
{ "type": "Feature", "properties": { "id": 1118 }, "geometry": { "type": "LineString", "coordinates": [ [ 7.5, 37.4 ], [ 11.0, 37.5 ] ] } },
{ "type": "Feature", "properties": { "id": 1119 }, "geometry": { "type": "LineString", "coordinates": [ [ 7.5, 37.4 ], [ 10.1431, 37.4851 ], [ 11.0, 37.5 ] ] } },
{ "type": "Feature", "properties": { "id": 1120 }, "geometry": { "type": "LineString", "coordinates": [ [ 7.5, 37.4 ], [ 9.65, 38.9 ] ] } },
{ "type": "Feature", "properties": { "id": 1121 }, "geometry": { "type": "LineString", "coordinates": [ [ 7.6201, 43.522 ], [ 7.5, 37.4 ] ] } },
{ "type": "Feature", "properties": { "id": 1122 }, "geometry": { "type": "LineString", "coordinates": [ [ 7.8, 43.6 ], [ 7.6201, 43.522 ] ] } },
{ "type": "Feature", "properties": { "id": 1123 }, "geometry": { "type": "LineString", "coordinates": [ [ 7.6201, 43.522 ], [ 7.3108, 43.6294 ], [ 8.4206, 41.9282 ] ] } },
{ "type": "Feature", "properties": { "id": 1124 }, "geometry": { "type": "LineString", "coordinates": [ [ 7.6201, 43.522 ], [ 9.4976, 43.1332 ], [ 10.1041, 42.6938 ] ] } },
{ "type": "Feature", "properties": { "id": 1125 }, "geometry": { "type": "LineString", "coordinates": [ [ 9.1674, 43.9909 ], [ 7.8, 43.6 ] ] } },
{ "type": "Feature", "properties": { "id": 1126 }, "geometry": { "type": "LineString", "coordinates": [ [ -150.0, 50.0 ], [ -155.437, 45.1104 ], [ -160.0, 40.0 ] ] } },
{ "type": "Feature", "properties": { "id": 1127 }, "geometry": { "type": "LineString", "coordinates": [ [ 7.8, 43.6 ], [ 8.2694, 43.8793 ], [ 8.5111, 44.2641 ], [ 8.8607, 43.9034 ] ] } },
{ "type": "Feature", "properties": { "id": 1128 }, "geometry": { "type": "LineString", "coordinates": [ [ 8.05, 57.95 ], [ 7.9, 55.4 ] ] } },
{ "type": "Feature", "properties": { "id": 1129 }, "geometry": { "type": "LineString", "coordinates": [ [ 7.9, 55.4 ], [ 8.25, 53.9 ] ] } },
{ "type": "Feature", "properties": { "id": 1130 }, "geometry": { "type": "LineString", "coordinates": [ [ 8.0, -0.00001 ], [ 8.0, 0.3488 ], [ 8.0, 3.0 ] ] } },
{ "type": "Feature", "properties": { "id": 1131 }, "geometry": { "type": "LineString", "coordinates": [ [ 8.0, -0.00001 ], [ 11.0, -6.0 ] ] } },
{ "type": "Feature", "properties": { "id": 1132 }, "geometry": { "type": "LineString", "coordinates": [ [ 9.6, 58.6 ], [ 8.05, 57.95 ] ] } },
{ "type": "Feature", "properties": { "id": 1133 }, "geometry": { "type": "LineString", "coordinates": [ [ 8.1966, 40.5276 ], [ 7.5649, 40.7806 ], [ 8.3614, 39.831 ] ] } },
{ "type": "Feature", "properties": { "id": 1134 }, "geometry": { "type": "LineString", "coordinates": [ [ 8.1966, 40.5276 ], [ 7.5452, 39.77 ], [ 8.3614, 39.831 ] ] } },
{ "type": "Feature", "properties": { "id": 1135 }, "geometry": { "type": "LineString", "coordinates": [ [ 8.3614, 39.831 ], [ 8.1966, 40.5276 ] ] } },
{ "type": "Feature", "properties": { "id": 1136 }, "geometry": { "type": "LineString", "coordinates": [ [ -0.964727, 50.731167 ], [ -0.805974, 50.697416 ], [ -0.165167, 50.720898 ], [ 0.064272, 50.767826 ] ] } },
{ "type": "Feature", "properties": { "id": 1137 }, "geometry": { "type": "LineString", "coordinates": [ [ 8.3614, 39.831 ], [ 8.4301, 38.6096 ] ] } },
{ "type": "Feature", "properties": { "id": 1138 }, "geometry": { "type": "LineString", "coordinates": [ [ -160.0, 50.0 ], [ -160.003, 45.0022 ], [ -160.0, 40.0 ] ] } },
{ "type": "Feature", "properties": { "id": 1139 }, "geometry": { "type": "LineString", "coordinates": [ [ 8.4273, 40.919 ], [ 8.4163, 42.5584 ], [ 8.9876, 44.2821 ] ] } },
{ "type": "Feature", "properties": { "id": 1140 }, "geometry": { "type": "LineString", "coordinates": [ [ 8.4301, 38.6096 ], [ 9.65, 38.9 ] ] } },
{ "type": "Feature", "properties": { "id": 1141 }, "geometry": { "type": "LineString", "coordinates": [ [ 8.4301, 38.6096 ], [ 8.9959, 38.8624 ], [ 9.1497, 39.1442 ], [ 9.65, 38.9 ] ] } },
{ "type": "Feature", "properties": { "id": 1142 }, "geometry": { "type": "LineString", "coordinates": [ [ 8.4301, 38.6096 ], [ 11.0, 37.5 ] ] } },
{ "type": "Feature", "properties": { "id": 1143 }, "geometry": { "type": "LineString", "coordinates": [ [ 8.4301, 38.6096 ], [ 15.2, 36.4 ] ] } },
{ "type": "Feature", "properties": { "id": 1144 }, "geometry": { "type": "LineString", "coordinates": [ [ 9.2235, 41.2957 ], [ 9.8437, 42.221 ], [ 9.1674, 43.9909 ], [ 8.9876, 44.2821 ] ] } },
{ "type": "Feature", "properties": { "id": 1145 }, "geometry": { "type": "LineString", "coordinates": [ [ 8.9876, 44.2821 ], [ 10.0, 43.6 ] ] } },
{ "type": "Feature", "properties": { "id": 1146 }, "geometry": { "type": "LineString", "coordinates": [ [ 10.7, 65.0 ], [ 9.0, 64.0 ] ] } },
{ "type": "Feature", "properties": { "id": 1147 }, "geometry": { "type": "LineString", "coordinates": [ [ 9.2, 44.0 ], [ 9.1674, 43.9909 ] ] } },
{ "type": "Feature", "properties": { "id": 1148 }, "geometry": { "type": "LineString", "coordinates": [ [ 9.2, 44.0 ], [ 9.9228, 44.0099 ], [ 10.1783, 43.8793 ], [ 10.0, 43.6 ] ] } },
{ "type": "Feature", "properties": { "id": 1149 }, "geometry": { "type": "LineString", "coordinates": [ [ 9.2, 44.0 ], [ 10.0, 43.6 ] ] } },
{ "type": "Feature", "properties": { "id": 1150 }, "geometry": { "type": "LineString", "coordinates": [ [ 11.715, 42.1138 ], [ 9.3831, 41.3616 ], [ 9.2235, 41.2957 ] ] } },
{ "type": "Feature", "properties": { "id": 1151 }, "geometry": { "type": "LineString", "coordinates": [ [ 14.1, 40.7 ], [ 9.2235, 41.2957 ] ] } },
{ "type": "Feature", "properties": { "id": 1152 }, "geometry": { "type": "LineString", "coordinates": [ [ 9.4724, 42.6938 ], [ 10.1206, 43.2144 ] ] } },
{ "type": "Feature", "properties": { "id": 1153 }, "geometry": { "type": "LineString", "coordinates": [ [ 10.7, 59.1 ], [ 9.6, 58.6 ] ] } },
{ "type": "Feature", "properties": { "id": 1154 }, "geometry": { "type": "LineString", "coordinates": [ [ 14.1, 40.7 ], [ 9.65, 38.9 ] ] } },
{ "type": "Feature", "properties": { "id": 1155 }, "geometry": { "type": "LineString", "coordinates": [ [ -160.0, 30.0 ], [ -160.0021, 35.002 ], [ -160.0, 40.0 ] ] } },
{ "type": "Feature", "properties": { "id": 1156 }, "geometry": { "type": "LineString", "coordinates": [ [ 9.65, 38.9 ], [ 11.715, 42.1138 ] ] } },
{ "type": "Feature", "properties": { "id": 1157 }, "geometry": { "type": "LineString", "coordinates": [ [ 10.0, 41.02 ], [ 9.65, 38.9 ] ] } },
{ "type": "Feature", "properties": { "id": 1158 }, "geometry": { "type": "LineString", "coordinates": [ [ 9.65, 38.9 ], [ 11.0, 37.5 ] ] } },
{ "type": "Feature", "properties": { "id": 1159 }, "geometry": { "type": "LineString", "coordinates": [ [ 15.4, 38.8 ], [ 9.65, 38.9 ] ] } },
{ "type": "Feature", "properties": { "id": 1160 }, "geometry": { "type": "LineString", "coordinates": [ [ 9.6523, 40.9459 ], [ 11.715, 42.1138 ] ] } },
{ "type": "Feature", "properties": { "id": 1161 }, "geometry": { "type": "LineString", "coordinates": [ [ 10.5793, 42.9295 ], [ 10.4722, 42.3761 ], [ 10.4419, 42.2542 ], [ 9.6523, 40.9459 ] ] } },
{ "type": "Feature", "properties": { "id": 1162 }, "geometry": { "type": "LineString", "coordinates": [ [ 9.6523, 40.9459 ], [ 9.8437, 42.221 ] ] } },
{ "type": "Feature", "properties": { "id": 1163 }, "geometry": { "type": "LineString", "coordinates": [ [ 10.5695, 42.8792 ], [ 10.1481, 42.3375 ], [ 9.8844, 41.8811 ], [ 9.7312, 41.4744 ], [ 9.8437, 42.221 ] ] } },
{ "type": "Feature", "properties": { "id": 1164 }, "geometry": { "type": "LineString", "coordinates": [ [ 10.0, 43.6 ], [ 10.0451, 42.8531 ], [ 9.8437, 42.221 ] ] } },
{ "type": "Feature", "properties": { "id": 1165 }, "geometry": { "type": "LineString", "coordinates": [ [ 12.3604, 36.6037 ], [ 9.8437, 42.221 ] ] } },
{ "type": "Feature", "properties": { "id": 1166 }, "geometry": { "type": "LineString", "coordinates": [ [ 13.3959, 38.2913 ], [ 9.8437, 42.221 ] ] } },
{ "type": "Feature", "properties": { "id": 1167 }, "geometry": { "type": "LineString", "coordinates": [ [ 9.8437, 42.221 ], [ 15.4, 38.8 ] ] } },
{ "type": "Feature", "properties": { "id": 1168 }, "geometry": { "type": "LineString", "coordinates": [ [ 10.1206, 43.2144 ], [ 9.8473, 43.1664 ] ] } },
{ "type": "Feature", "properties": { "id": 1169 }, "geometry": { "type": "LineString", "coordinates": [ [ 9.8473, 43.1664 ], [ 10.0, 43.6 ] ] } },
{ "type": "Feature", "properties": { "id": 1170 }, "geometry": { "type": "LineString", "coordinates": [ [ 20.0, -50.0 ], [ 10.0, -50.0 ] ] } },
{ "type": "Feature", "properties": { "id": 1171 }, "geometry": { "type": "LineString", "coordinates": [ [ -150.0, 30.0 ], [ -154.6929, 35.1023 ], [ -160.0, 40.0 ] ] } },
{ "type": "Feature", "properties": { "id": 1172 }, "geometry": { "type": "LineString", "coordinates": [ [ 10.0, -50.0 ], [ 10.003, -45.0022 ], [ 10.0, -40.0 ] ] } },
{ "type": "Feature", "properties": { "id": 1173 }, "geometry": { "type": "LineString", "coordinates": [ [ 18.0, -35.0 ], [ 14.1333, -37.5677 ], [ 10.0, -40.0 ] ] } },
{ "type": "Feature", "properties": { "id": 1174 }, "geometry": { "type": "LineString", "coordinates": [ [ 10.0, -40.0 ], [ 10.0021, -35.0021 ], [ 10.0, -30.0 ] ] } },
{ "type": "Feature", "properties": { "id": 1175 }, "geometry": { "type": "LineString", "coordinates": [ [ 20.0, -40.0 ], [ 14.9996, -40.1068 ], [ 10.0, -40.0 ] ] } },
{ "type": "Feature", "properties": { "id": 1176 }, "geometry": { "type": "LineString", "coordinates": [ [ 14.0, -27.0 ], [ 10.0, -30.0 ] ] } },
{ "type": "Feature", "properties": { "id": 1177 }, "geometry": { "type": "LineString", "coordinates": [ [ 11.0, -19.0 ], [ 10.5232, -24.5029 ], [ 10.0, -30.0 ] ] } },
{ "type": "Feature", "properties": { "id": 1178 }, "geometry": { "type": "LineString", "coordinates": [ [ 18.0, -35.0 ], [ 13.9085, -32.5342 ], [ 10.0, -30.0 ] ] } },
{ "type": "Feature", "properties": { "id": 1179 }, "geometry": { "type": "LineString", "coordinates": [ [ 11.1, 42.2 ], [ 10.0, 41.02 ] ] } },
{ "type": "Feature", "properties": { "id": 1180 }, "geometry": { "type": "LineString", "coordinates": [ [ 10.0, 41.02 ], [ 10.4378, 36.8678 ], [ 12.9091, 38.8433 ] ] } },
{ "type": "Feature", "properties": { "id": 1181 }, "geometry": { "type": "LineString", "coordinates": [ [ -160.0, -10.0 ], [ -157.4667, -7.5169 ], [ -154.9621, -5.0193 ], [ -152.4763, -2.512 ], [ -150.0, -0.00003 ] ] } },
{ "type": "Feature", "properties": { "id": 1182 }, "geometry": { "type": "LineString", "coordinates": [ [ 10.0, 41.02 ], [ 15.4, 38.8 ] ] } },
{ "type": "Feature", "properties": { "id": 1183 }, "geometry": { "type": "LineString", "coordinates": [ [ 10.0, 43.6 ], [ 11.1, 42.2 ] ] } },
{ "type": "Feature", "properties": { "id": 1184 }, "geometry": { "type": "LineString", "coordinates": [ [ 11.1, 42.2 ], [ 10.3933, 43.1071 ], [ 10.0, 43.6 ] ] } },
{ "type": "Feature", "properties": { "id": 1185 }, "geometry": { "type": "LineString", "coordinates": [ [ 10.1206, 43.2144 ], [ 10.2662, 43.5299 ] ] } },
{ "type": "Feature", "properties": { "id": 1186 }, "geometry": { "type": "LineString", "coordinates": [ [ 10.7333, 57.8 ], [ 10.7, 59.1 ] ] } },
{ "type": "Feature", "properties": { "id": 1187 }, "geometry": { "type": "LineString", "coordinates": [ [ 12.0, 66.0 ], [ 10.7, 65.0 ] ] } },
{ "type": "Feature", "properties": { "id": 1188 }, "geometry": { "type": "LineString", "coordinates": [ [ 11.4, 57.7 ], [ 10.7333, 57.8 ] ] } },
{ "type": "Feature", "properties": { "id": 1189 }, "geometry": { "type": "LineString", "coordinates": [ [ 11.1, 54.5 ], [ 10.9, 55.6 ] ] } },
{ "type": "Feature", "properties": { "id": 1190 }, "geometry": { "type": "LineString", "coordinates": [ [ 11.0, -19.0 ], [ 11.0, -15.5 ] ] } },
{ "type": "Feature", "properties": { "id": 1191 }, "geometry": { "type": "LineString", "coordinates": [ [ -149.7, -17.4 ], [ -154.8995, -13.7033 ], [ -160.0, -10.0 ] ] } },
{ "type": "Feature", "properties": { "id": 1192 }, "geometry": { "type": "LineString", "coordinates": [ [ 13.0, -23.0 ], [ 11.0, -19.0 ] ] } },
{ "type": "Feature", "properties": { "id": 1193 }, "geometry": { "type": "LineString", "coordinates": [ [ 11.0, -15.5 ], [ 12.0, -9.0 ] ] } },
{ "type": "Feature", "properties": { "id": 1194 }, "geometry": { "type": "LineString", "coordinates": [ [ 13.7, -5.8 ], [ 11.0, -6.0 ] ] } },
{ "type": "Feature", "properties": { "id": 1195 }, "geometry": { "type": "LineString", "coordinates": [ [ 12.0, -9.0 ], [ 11.0, -6.0 ] ] } },
{ "type": "Feature", "properties": { "id": 1196 }, "geometry": { "type": "LineString", "coordinates": [ [ 11.6, 35.0 ], [ 11.0, 34.0 ] ] } },
{ "type": "Feature", "properties": { "id": 1197 }, "geometry": { "type": "LineString", "coordinates": [ [ 11.0, 34.0 ], [ 13.1, 33.2 ] ] } },
{ "type": "Feature", "properties": { "id": 1198 }, "geometry": { "type": "LineString", "coordinates": [ [ 11.0, 37.5 ], [ 11.1, 42.2 ] ] } },
{ "type": "Feature", "properties": { "id": 1199 }, "geometry": { "type": "LineString", "coordinates": [ [ 11.0, 37.5 ], [ 11.6, 35.0 ] ] } },
{ "type": "Feature", "properties": { "id": 1200 }, "geometry": { "type": "LineString", "coordinates": [ [ 11.0, 37.5 ], [ 14.7, 36.0 ] ] } },
{ "type": "Feature", "properties": { "id": 1201 }, "geometry": { "type": "LineString", "coordinates": [ [ 32.1, 31.7 ], [ 20.2294, 34.8851 ], [ 11.0, 37.5 ] ] } },
{ "type": "Feature", "properties": { "id": 1202 }, "geometry": { "type": "LineString", "coordinates": [ [ -150.0, -10.0 ], [ -155.0002, -10.0367 ], [ -160.0, -10.0 ] ] } },
{ "type": "Feature", "properties": { "id": 1203 }, "geometry": { "type": "LineString", "coordinates": [ [ 11.0, 37.5 ], [ 15.2, 36.4 ] ] } },
{ "type": "Feature", "properties": { "id": 1204 }, "geometry": { "type": "LineString", "coordinates": [ [ 14.7472, 40.6028 ], [ 11.041, 39.4677 ] ] } },
{ "type": "Feature", "properties": { "id": 1205 }, "geometry": { "type": "LineString", "coordinates": [ [ 12.0, 41.5 ], [ 11.1, 42.2 ] ] } },
{ "type": "Feature", "properties": { "id": 1206 }, "geometry": { "type": "LineString", "coordinates": [ [ 11.1, 42.2 ], [ 11.9037, 41.5759 ], [ 12.0, 41.5 ] ] } },
{ "type": "Feature", "properties": { "id": 1207 }, "geometry": { "type": "LineString", "coordinates": [ [ 12.2, 54.5 ], [ 11.1, 54.5 ] ] } },
{ "type": "Feature", "properties": { "id": 1208 }, "geometry": { "type": "LineString", "coordinates": [ [ 11.3579, 36.7887 ], [ 11.9915, 37.4554 ] ] } },
{ "type": "Feature", "properties": { "id": 1209 }, "geometry": { "type": "LineString", "coordinates": [ [ 11.715, 42.1138 ], [ 12.0, 41.5 ] ] } },
{ "type": "Feature", "properties": { "id": 1210 }, "geometry": { "type": "LineString", "coordinates": [ [ 12.0, 68.0 ], [ 13.8, 67.4 ] ] } },
{ "type": "Feature", "properties": { "id": 1211 }, "geometry": { "type": "LineString", "coordinates": [ [ 13.3959, 38.2913 ], [ 12.0, 41.5 ] ] } },
{ "type": "Feature", "properties": { "id": 1212 }, "geometry": { "type": "LineString", "coordinates": [ [ -160.0, 10.0 ], [ -154.9998, 10.0367 ], [ -150.0, 10.0 ] ] } },
{ "type": "Feature", "properties": { "id": 1213 }, "geometry": { "type": "LineString", "coordinates": [ [ 12.0, 41.5 ], [ 14.1, 40.7 ] ] } },
{ "type": "Feature", "properties": { "id": 1214 }, "geometry": { "type": "LineString", "coordinates": [ [ 14.1, 40.7 ], [ 12.1732, 41.436 ], [ 12.0, 41.5 ] ] } },
{ "type": "Feature", "properties": { "id": 1215 }, "geometry": { "type": "LineString", "coordinates": [ [ 13.8, 67.4 ], [ 12.0, 66.0 ] ] } },
{ "type": "Feature", "properties": { "id": 1216 }, "geometry": { "type": "LineString", "coordinates": [ [ 13.9, 55.0 ], [ 12.2, 54.5 ] ] } },
{ "type": "Feature", "properties": { "id": 1217 }, "geometry": { "type": "LineString", "coordinates": [ [ 12.75, 55.9 ], [ 12.2, 54.5 ] ] } },
{ "type": "Feature", "properties": { "id": 1218 }, "geometry": { "type": "LineString", "coordinates": [ [ 14.0, -27.0 ], [ 13.0, -23.0 ] ] } },
{ "type": "Feature", "properties": { "id": 1219 }, "geometry": { "type": "LineString", "coordinates": [ [ 13.1, 33.2 ], [ 23.0, 34.8 ] ] } },
{ "type": "Feature", "properties": { "id": 1220 }, "geometry": { "type": "LineString", "coordinates": [ [ -150.0, 20.0 ], [ -152.5927, 17.5444 ], [ -155.1163, 15.0555 ], [ -157.5819, 12.5389 ], [ -160.0, 10.0 ] ] } },
{ "type": "Feature", "properties": { "id": 1221 }, "geometry": { "type": "LineString", "coordinates": [ [ 14.0, 44.6 ], [ 13.1, 45.3 ] ] } },
{ "type": "Feature", "properties": { "id": 1222 }, "geometry": { "type": "LineString", "coordinates": [ [ 13.3959, 38.2913 ], [ 14.7472, 40.6028 ] ] } },
{ "type": "Feature", "properties": { "id": 1223 }, "geometry": { "type": "LineString", "coordinates": [ [ 13.3959, 38.2913 ], [ 14.1, 40.7 ] ] } },
{ "type": "Feature", "properties": { "id": 1224 }, "geometry": { "type": "LineString", "coordinates": [ [ 14.8, 44.0 ], [ 13.6, 43.9 ] ] } },
{ "type": "Feature", "properties": { "id": 1225 }, "geometry": { "type": "LineString", "coordinates": [ [ -170.0, -50.0 ], [ -180.0, -50.0 ] ] } },
{ "type": "Feature", "properties": { "id": 1226 }, "geometry": { "type": "LineString", "coordinates": [ [ -170.0, 30.0 ], [ -175.2028, 25.0849 ], [ -180.0, 20.0 ] ] } },
{ "type": "Feature", "properties": { "id": 1227 }, "geometry": { "type": "LineString", "coordinates": [ [ 13.6, 43.9 ], [ 17.3, 41.4 ] ] } },
{ "type": "Feature", "properties": { "id": 1228 }, "geometry": { "type": "LineString", "coordinates": [ [ 13.8, 67.4 ], [ 17.0, 68.4 ], [ 13.8, 67.4 ] ] } },
{ "type": "Feature", "properties": { "id": 1229 }, "geometry": { "type": "LineString", "coordinates": [ [ 14.4, 54.4 ], [ 13.9, 55.0 ] ] } },
{ "type": "Feature", "properties": { "id": 1230 }, "geometry": { "type": "LineString", "coordinates": [ [ 18.0, -35.0 ], [ 15.908, -31.0184 ], [ 14.0, -27.0 ] ] } },
{ "type": "Feature", "properties": { "id": 1231 }, "geometry": { "type": "LineString", "coordinates": [ [ -157.67, 21.1667 ], [ -158.8672, 15.5879 ], [ -160.0, 10.0 ] ] } },
{ "type": "Feature", "properties": { "id": 1232 }, "geometry": { "type": "LineString", "coordinates": [ [ 18.0, -35.0 ], [ 14.5645, -28.1401 ], [ 14.0, -27.0 ] ] } },
{ "type": "Feature", "properties": { "id": 1233 }, "geometry": { "type": "LineString", "coordinates": [ [ 14.8, 44.0 ], [ 14.0, 44.6 ] ] } },
{ "type": "Feature", "properties": { "id": 1234 }, "geometry": { "type": "LineString", "coordinates": [ [ 14.0166, 42.9858 ], [ 16.0558, 42.9293 ] ] } },
{ "type": "Feature", "properties": { "id": 1235 }, "geometry": { "type": "LineString", "coordinates": [ [ 14.0771, 42.7564 ], [ 15.9667, 42.022 ] ] } },
{ "type": "Feature", "properties": { "id": 1236 }, "geometry": { "type": "LineString", "coordinates": [ [ 14.1, 40.7 ], [ 15.4, 38.8 ] ] } },
{ "type": "Feature", "properties": { "id": 1237 }, "geometry": { "type": "LineString", "coordinates": [ [ 14.4, 54.4 ], [ 19.0, 55.0 ] ] } },
{ "type": "Feature", "properties": { "id": 1238 }, "geometry": { "type": "LineString", "coordinates": [ [ 14.5, 42.3761 ], [ 16.3457, 43.2385 ], [ 16.9719, 43.2385 ] ] } },
{ "type": "Feature", "properties": { "id": 1239 }, "geometry": { "type": "LineString", "coordinates": [ [ 14.7, 36.0 ], [ 21.7, 36.3 ] ] } },
{ "type": "Feature", "properties": { "id": 1240 }, "geometry": { "type": "LineString", "coordinates": [ [ 14.7, 36.0 ], [ 15.2, 36.4 ] ] } },
{ "type": "Feature", "properties": { "id": 1241 }, "geometry": { "type": "LineString", "coordinates": [ [ -150.0, -0.00003 ], [ -152.476, 2.5118 ], [ -154.9616, 5.019 ], [ -157.4664, 7.5167 ], [ -160.0, 10.0 ] ] } },
{ "type": "Feature", "properties": { "id": 1242 }, "geometry": { "type": "LineString", "coordinates": [ [ 14.7, 36.0 ], [ 15.3048, 32.4046 ], [ 19.4939, 34.2368 ], [ 19.2928, 31.2284 ], [ 19.5345, 30.5401 ], [ 17.0, 32.0 ] ] } },
{ "type": "Feature", "properties": { "id": 1243 }, "geometry": { "type": "LineString", "coordinates": [ [ 17.0, 32.0 ], [ 14.7, 36.0 ] ] } },
{ "type": "Feature", "properties": { "id": 1244 }, "geometry": { "type": "LineString", "coordinates": [ [ 22.0, 33.3 ], [ 14.7, 36.0 ] ] } },
{ "type": "Feature", "properties": { "id": 1245 }, "geometry": { "type": "LineString", "coordinates": [ [ 14.7472, 40.6028 ], [ 14.7802, 40.2054 ], [ 15.4, 38.8 ] ] } },
{ "type": "Feature", "properties": { "id": 1246 }, "geometry": { "type": "LineString", "coordinates": [ [ 16.0, 43.0 ], [ 14.8, 44.0 ] ] } },
{ "type": "Feature", "properties": { "id": 1247 }, "geometry": { "type": "LineString", "coordinates": [ [ 15.9, 37.7 ], [ 15.1702, 37.4719 ] ] } },
{ "type": "Feature", "properties": { "id": 1248 }, "geometry": { "type": "LineString", "coordinates": [ [ 15.1702, 37.4719 ], [ 15.571908, 37.844599 ] ] } },
{ "type": "Feature", "properties": { "id": 1249 }, "geometry": { "type": "LineString", "coordinates": [ [ -150.0, 30.0 ], [ -154.9995, 30.0935 ], [ -160.0, 30.0 ] ] } },
{ "type": "Feature", "properties": { "id": 1250 }, "geometry": { "type": "LineString", "coordinates": [ [ 15.1702, 37.4719 ], [ 15.346, 37.1486 ], [ 15.2, 36.4 ] ] } },
{ "type": "Feature", "properties": { "id": 1251 }, "geometry": { "type": "LineString", "coordinates": [ [ 15.9, 37.7 ], [ 15.2, 36.4 ] ] } },
{ "type": "Feature", "properties": { "id": 1252 }, "geometry": { "type": "LineString", "coordinates": [ [ 23.0, 34.8 ], [ 15.2, 36.4 ] ] } },
{ "type": "Feature", "properties": { "id": 1253 }, "geometry": { "type": "LineString", "coordinates": [ [ 21.7, 36.3 ], [ 15.2, 36.4 ] ] } },
{ "type": "Feature", "properties": { "id": 1254 }, "geometry": { "type": "LineString", "coordinates": [ [ 15.727668, 38.366322 ], [ 15.711882, 38.273843 ], [ 15.608743, 38.230867 ], [ 15.557174, 38.032185 ], [ 15.571908, 37.844599 ] ] } },
{ "type": "Feature", "properties": { "id": 1255 }, "geometry": { "type": "LineString", "coordinates": [ [ 15.727668, 38.366322 ], [ 15.4, 38.8 ] ] } },
{ "type": "Feature", "properties": { "id": 1256 }, "geometry": { "type": "LineString", "coordinates": [ [ 15.571908, 37.844599 ], [ 15.9, 37.7 ] ] } },
{ "type": "Feature", "properties": { "id": 1257 }, "geometry": { "type": "LineString", "coordinates": [ [ 15.9, 37.7 ], [ 15.346, 37.1486 ], [ 21.7, 36.3 ] ] } },
{ "type": "Feature", "properties": { "id": 1258 }, "geometry": { "type": "LineString", "coordinates": [ [ 23.0, 34.8 ], [ 15.9, 37.7 ] ] } },
{ "type": "Feature", "properties": { "id": 1259 }, "geometry": { "type": "LineString", "coordinates": [ [ 15.9, 37.7 ], [ 21.7, 36.3 ] ] } },
{ "type": "Feature", "properties": { "id": 1260 }, "geometry": { "type": "LineString", "coordinates": [ [ 22.119, 36.4492 ], [ 15.9, 37.7 ] ] } },
{ "type": "Feature", "properties": { "id": 1261 }, "geometry": { "type": "LineString", "coordinates": [ [ 16.7, 42.1 ], [ 16.0, 43.0 ] ] } },
{ "type": "Feature", "properties": { "id": 1262 }, "geometry": { "type": "LineString", "coordinates": [ [ -160.0, 30.0 ], [ -155.3052, 35.1041 ], [ -150.0, 40.0 ] ] } },
{ "type": "Feature", "properties": { "id": 1263 }, "geometry": { "type": "LineString", "coordinates": [ [ 16.7, 42.1 ], [ 17.3, 41.4 ] ] } },
{ "type": "Feature", "properties": { "id": 1264 }, "geometry": { "type": "LineString", "coordinates": [ [ 17.0, 32.0 ], [ 19.9, 32.5 ] ] } },
{ "type": "Feature", "properties": { "id": 1265 }, "geometry": { "type": "LineString", "coordinates": [ [ 17.0, 32.0 ], [ 18.9, 40.1 ] ] } },
{ "type": "Feature", "properties": { "id": 1266 }, "geometry": { "type": "LineString", "coordinates": [ [ 17.0, 56.4 ], [ 20.6, 58.2 ] ] } },
{ "type": "Feature", "properties": { "id": 1267 }, "geometry": { "type": "LineString", "coordinates": [ [ 17.1, 58.5 ], [ 17.0, 56.4 ] ] } },
{ "type": "Feature", "properties": { "id": 1268 }, "geometry": { "type": "LineString", "coordinates": [ [ -157.67, 21.1667 ], [ -158.7931, 25.589 ], [ -160.0, 30.0 ] ] } },
{ "type": "Feature", "properties": { "id": 1269 }, "geometry": { "type": "LineString", "coordinates": [ [ 17.1, 58.5 ], [ 20.6, 58.2 ] ] } },
{ "type": "Feature", "properties": { "id": 1270 }, "geometry": { "type": "LineString", "coordinates": [ [ 19.9547, 39.8141 ], [ 18.1859, 39.7508 ], [ 17.1, 40.4 ] ] } },
{ "type": "Feature", "properties": { "id": 1271 }, "geometry": { "type": "LineString", "coordinates": [ [ 18.3, 40.9 ], [ 17.3, 41.4 ] ] } },
{ "type": "Feature", "properties": { "id": 1272 }, "geometry": { "type": "LineString", "coordinates": [ [ 18.0, -35.0 ], [ 20.0, -40.0 ] ] } },
{ "type": "Feature", "properties": { "id": 1273 }, "geometry": { "type": "LineString", "coordinates": [ [ 22.0, -35.0 ], [ 18.0, -35.0 ] ] } },
{ "type": "Feature", "properties": { "id": 1274 }, "geometry": { "type": "LineString", "coordinates": [ [ 18.0, 39.3 ], [ 18.9, 40.1 ] ] } },
{ "type": "Feature", "properties": { "id": 1275 }, "geometry": { "type": "LineString", "coordinates": [ [ 18.1853, 37.1515 ], [ 21.0568, 38.1016 ], [ 21.9041, 38.3486 ], [ 22.6117, 38.2252 ] ] } },
{ "type": "Feature", "properties": { "id": 1276 }, "geometry": { "type": "LineString", "coordinates": [ [ 18.2701, 62.2967 ], [ 20.0, 62.35 ] ] } },
{ "type": "Feature", "properties": { "id": 1277 }, "geometry": { "type": "LineString", "coordinates": [ [ 18.2701, 62.2967 ], [ 20.751, 63.6073 ], [ 23.0, 65.0 ] ] } },
{ "type": "Feature", "properties": { "id": 1278 }, "geometry": { "type": "LineString", "coordinates": [ [ 21.4, 60.0 ], [ 18.2701, 62.2967 ] ] } },
{ "type": "Feature", "properties": { "id": 1279 }, "geometry": { "type": "LineString", "coordinates": [ [ -150.0, 20.0 ], [ -154.7955, 25.0836 ], [ -160.0, 30.0 ] ] } },
{ "type": "Feature", "properties": { "id": 1280 }, "geometry": { "type": "LineString", "coordinates": [ [ 18.9, 40.1 ], [ 18.3, 40.9 ] ] } },
{ "type": "Feature", "properties": { "id": 1281 }, "geometry": { "type": "LineString", "coordinates": [ [ 19.8, 38.6 ], [ 18.9, 40.1 ] ] } },
{ "type": "Feature", "properties": { "id": 1282 }, "geometry": { "type": "LineString", "coordinates": [ [ 18.9, 40.1 ], [ 20.4876, 38.5495 ], [ 20.8281, 38.1662 ], [ 21.1797, 37.9586 ], [ 21.1468, 38.2266 ] ] } },
{ "type": "Feature", "properties": { "id": 1283 }, "geometry": { "type": "LineString", "coordinates": [ [ 19.0, 55.0 ], [ 20.0, 55.8 ] ] } },
{ "type": "Feature", "properties": { "id": 1284 }, "geometry": { "type": "LineString", "coordinates": [ [ 19.8, 38.6 ], [ 21.7, 36.3 ] ] } },
{ "type": "Feature", "properties": { "id": 1285 }, "geometry": { "type": "LineString", "coordinates": [ [ 19.9, 32.5 ], [ 22.0, 33.3 ] ] } },
{ "type": "Feature", "properties": { "id": 1286 }, "geometry": { "type": "LineString", "coordinates": [ [ -150.0, 50.0 ], [ -160.0, 50.0 ] ] } },
{ "type": "Feature", "properties": { "id": 1287 }, "geometry": { "type": "LineString", "coordinates": [ [ 19.9547, 39.8141 ], [ 19.9437, 39.6324 ], [ 20.169, 39.3866 ], [ 20.3557, 39.1144 ], [ 20.4876, 38.5495 ], [ 21.1468, 38.2266 ], [ 21.9041, 38.3486 ] ] } },
{ "type": "Feature", "properties": { "id": 1288 }, "geometry": { "type": "LineString", "coordinates": [ [ 21.0, 63.2 ], [ 20.0, 62.35 ] ] } },
{ "type": "Feature", "properties": { "id": 1289 }, "geometry": { "type": "LineString", "coordinates": [ [ 30.0, -50.0 ], [ 20.0, -50.0 ] ] } },
{ "type": "Feature", "properties": { "id": 1290 }, "geometry": { "type": "LineString", "coordinates": [ [ 20.0, -50.0 ], [ 25.437, -45.1105 ], [ 30.0, -40.0 ] ] } },
{ "type": "Feature", "properties": { "id": 1291 }, "geometry": { "type": "LineString", "coordinates": [ [ 20.0, -50.0 ], [ 20.003, -45.0022 ], [ 20.0, -40.0 ] ] } },
{ "type": "Feature", "properties": { "id": 1292 }, "geometry": { "type": "LineString", "coordinates": [ [ 30.0, -50.0 ], [ 24.7149, -45.0326 ], [ 20.0, -40.0 ] ] } },
{ "type": "Feature", "properties": { "id": 1293 }, "geometry": { "type": "LineString", "coordinates": [ [ 20.0, -40.0 ], [ 24.9996, -40.1067 ], [ 30.0, -40.0 ] ] } },
{ "type": "Feature", "properties": { "id": 1294 }, "geometry": { "type": "LineString", "coordinates": [ [ 20.0, 55.8 ], [ 20.2, 56.8 ] ] } },
{ "type": "Feature", "properties": { "id": 1295 }, "geometry": { "type": "LineString", "coordinates": [ [ 20.2, 56.8 ], [ 20.6, 58.2 ] ] } },
{ "type": "Feature", "properties": { "id": 1296 }, "geometry": { "type": "LineString", "coordinates": [ [ 23.9, 35.95 ], [ 22.119, 36.4492 ], [ 21.5038, 36.8502 ], [ 20.3974, 37.8845 ] ] } },
{ "type": "Feature", "properties": { "id": 1297 }, "geometry": { "type": "LineString", "coordinates": [ [ -160.0, 50.0 ], [ -156.3575, 53.8172 ], [ -152.0, 57.5 ] ] } },
{ "type": "Feature", "properties": { "id": 1298 }, "geometry": { "type": "LineString", "coordinates": [ [ 22.6, 59.5 ], [ 20.6, 58.2 ] ] } },
{ "type": "Feature", "properties": { "id": 1299 }, "geometry": { "type": "LineString", "coordinates": [ [ 23.6, 57.5 ], [ 20.6, 58.2 ] ] } },
{ "type": "Feature", "properties": { "id": 1300 }, "geometry": { "type": "LineString", "coordinates": [ [ 23.0, 65.0 ], [ 21.0, 63.2 ] ] } },
{ "type": "Feature", "properties": { "id": 1301 }, "geometry": { "type": "LineString", "coordinates": [ [ 22.6, 59.5 ], [ 21.4, 60.0 ] ] } },
{ "type": "Feature", "properties": { "id": 1302 }, "geometry": { "type": "LineString", "coordinates": [ [ 21.7, 36.3 ], [ 23.6, 36.5 ] ] } },
{ "type": "Feature", "properties": { "id": 1303 }, "geometry": { "type": "LineString", "coordinates": [ [ 21.7, 36.3 ], [ 23.0, 34.8 ] ] } },
{ "type": "Feature", "properties": { "id": 1304 }, "geometry": { "type": "LineString", "coordinates": [ [ 22.0, -35.0 ], [ 26.0, -34.5 ] ] } },
{ "type": "Feature", "properties": { "id": 1305 }, "geometry": { "type": "LineString", "coordinates": [ [ 22.0, 33.3 ], [ 26.652, 34.7106 ] ] } },
{ "type": "Feature", "properties": { "id": 1306 }, "geometry": { "type": "LineString", "coordinates": [ [ -160.0, 50.0 ], [ -154.7187, 45.0307 ], [ -150.0, 40.0 ] ] } },
{ "type": "Feature", "properties": { "id": 1307 }, "geometry": { "type": "LineString", "coordinates": [ [ 22.0, 33.3 ], [ 23.0, 34.8 ] ] } },
{ "type": "Feature", "properties": { "id": 1308 }, "geometry": { "type": "LineString", "coordinates": [ [ 22.0, 33.3 ], [ 25.75, 32.2 ] ] } },
{ "type": "Feature", "properties": { "id": 1309 }, "geometry": { "type": "LineString", "coordinates": [ [ 23.0, 65.0 ], [ 22.271, 65.5272 ] ] } },
{ "type": "Feature", "properties": { "id": 1310 }, "geometry": { "type": "LineString", "coordinates": [ [ 24.7, 59.8 ], [ 22.6, 59.5 ] ] } },
{ "type": "Feature", "properties": { "id": 1311 }, "geometry": { "type": "LineString", "coordinates": [ [ 22.6, 59.5 ], [ 23.4241, 58.605 ], [ 23.6, 57.5 ] ] } },
{ "type": "Feature", "properties": { "id": 1312 }, "geometry": { "type": "LineString", "coordinates": [ [ 22.8, 40.2 ], [ 24.1753, 38.8096 ], [ 24.6863, 38.0741 ], [ 24.45, 37.8 ] ] } },
{ "type": "Feature", "properties": { "id": 1313 }, "geometry": { "type": "LineString", "coordinates": [ [ -9.6, 51.3333 ], [ -10.048311, 51.492437 ], [ -10.659923, 51.739587 ] ] } },
{ "type": "Feature", "properties": { "id": 1314 }, "geometry": { "type": "LineString", "coordinates": [ [ -10.048311, 51.492437 ], [ -11.135622, 49.887426 ] ] } },
{ "type": "Feature", "properties": { "id": 1315 }, "geometry": { "type": "LineString", "coordinates": [ [ 23.6, 36.5 ], [ 23.0, 34.8 ] ] } },
{ "type": "Feature", "properties": { "id": 1316 }, "geometry": { "type": "LineString", "coordinates": [ [ 23.0, 34.8 ], [ 27.6298, 33.328 ], [ 32.1, 31.7 ] ] } },
{ "type": "Feature", "properties": { "id": 1317 }, "geometry": { "type": "LineString", "coordinates": [ [ 23.0, 34.8 ], [ 29.1226, 34.6501 ], [ 35.2, 34.2 ] ] } },
{ "type": "Feature", "properties": { "id": 1318 }, "geometry": { "type": "LineString", "coordinates": [ [ -160.0, 50.0 ], [ -154.5354, 49.1714 ], [ -149.2766, 48.0972 ], [ -144.2543, 46.7971 ], [ -139.4855, 45.2935 ], [ -134.9769, 43.6057 ], [ -130.7204, 41.7617 ], [ -126.7021, 39.7846 ], [ -122.9, 37.7 ] ] } },
{ "type": "Feature", "properties": { "id": 1319 }, "geometry": { "type": "LineString", "coordinates": [ [ 23.0, 65.0 ], [ 25.118506, 65.024992 ] ] } },
{ "type": "Feature", "properties": { "id": 1320 }, "geometry": { "type": "LineString", "coordinates": [ [ 23.6, 36.5 ], [ 24.45, 37.8 ] ] } },
{ "type": "Feature", "properties": { "id": 1321 }, "geometry": { "type": "LineString", "coordinates": [ [ 23.6, 36.5 ], [ 23.6425, 37.8192 ] ] } },
{ "type": "Feature", "properties": { "id": 1322 }, "geometry": { "type": "LineString", "coordinates": [ [ 23.9, 35.95 ], [ 23.6, 36.5 ] ] } },
{ "type": "Feature", "properties": { "id": 1323 }, "geometry": { "type": "LineString", "coordinates": [ [ 27.2, 36.2 ], [ 23.6, 36.5 ] ] } },
{ "type": "Feature", "properties": { "id": 1324 }, "geometry": { "type": "LineString", "coordinates": [ [ -157.0729, 58.7313 ], [ -158.7411, 57.9319 ] ] } },
{ "type": "Feature", "properties": { "id": 1325 }, "geometry": { "type": "LineString", "coordinates": [ [ 23.6425, 37.8192 ], [ 25.2, 35.5 ] ] } },
{ "type": "Feature", "properties": { "id": 1326 }, "geometry": { "type": "LineString", "coordinates": [ [ 23.6425, 37.8192 ], [ 23.9657, 37.5496 ], [ 24.1578, 37.5703 ], [ 24.45, 37.8 ] ] } },
{ "type": "Feature", "properties": { "id": 1327 }, "geometry": { "type": "LineString", "coordinates": [ [ 23.9, 35.95 ], [ 25.2, 35.5 ] ] } },
{ "type": "Feature", "properties": { "id": 1328 }, "geometry": { "type": "LineString", "coordinates": [ [ 24.45, 37.8 ], [ 26.5, 38.9 ] ] } },
{ "type": "Feature", "properties": { "id": 1329 }, "geometry": { "type": "LineString", "coordinates": [ [ 24.45, 37.8 ], [ 25.5, 39.4 ] ] } },
{ "type": "Feature", "properties": { "id": 1330 }, "geometry": { "type": "LineString", "coordinates": [ [ -180.0, 20.0 ], [ -179.2756, 24.2531 ], [ -178.5, 28.5 ] ] } },
{ "type": "Feature", "properties": { "id": 1331 }, "geometry": { "type": "LineString", "coordinates": [ [ -158.4663, 59.0359 ], [ -158.5, 59.0098 ], [ -158.6673, 58.8189 ], [ -158.4113, 58.4566 ], [ -158.7411, 57.9319 ] ] } },
{ "type": "Feature", "properties": { "id": 1332 }, "geometry": { "type": "LineString", "coordinates": [ [ 24.6564, 38.1173 ], [ 24.4152, 40.7548 ], [ 24.8, 40.8 ] ] } },
{ "type": "Feature", "properties": { "id": 1333 }, "geometry": { "type": "LineString", "coordinates": [ [ 24.7, 59.8 ], [ 28.0, 60.3 ] ] } },
{ "type": "Feature", "properties": { "id": 1334 }, "geometry": { "type": "LineString", "coordinates": [ [ 25.5, 39.4 ], [ 24.8, 40.8 ] ] } },
{ "type": "Feature", "properties": { "id": 1335 }, "geometry": { "type": "LineString", "coordinates": [ [ 25.2, 35.5 ], [ 27.2, 36.2 ] ] } },
{ "type": "Feature", "properties": { "id": 1336 }, "geometry": { "type": "LineString", "coordinates": [ [ 25.2, 35.5 ], [ 26.3941, 35.3719 ] ] } },
{ "type": "Feature", "properties": { "id": 1337 }, "geometry": { "type": "LineString", "coordinates": [ [ -157.8479, 67.0859 ], [ -157.8624, 67.0822 ], [ -162.836, 66.9258 ] ] } },
{ "type": "Feature", "properties": { "id": 1338 }, "geometry": { "type": "LineString", "coordinates": [ [ 25.5, 39.4 ], [ 26.2, 40.1 ] ] } },
{ "type": "Feature", "properties": { "id": 1339 }, "geometry": { "type": "LineString", "coordinates": [ [ 26.5, 38.9 ], [ 25.5, 39.4 ] ] } },
{ "type": "Feature", "properties": { "id": 1340 }, "geometry": { "type": "LineString", "coordinates": [ [ 30.7293, 34.5314 ], [ 25.75, 32.2 ] ] } },
{ "type": "Feature", "properties": { "id": 1341 }, "geometry": { "type": "LineString", "coordinates": [ [ 25.75, 32.2 ], [ 29.8, 31.75 ] ] } },
{ "type": "Feature", "properties": { "id": 1342 }, "geometry": { "type": "LineString", "coordinates": [ [ 26.0, -34.5 ], [ 30.517, -34.365 ], [ 35.0115, -34.0662 ], [ 39.467, -33.6065 ], [ 43.8681, -32.9902 ], [ 48.2019, -32.2227 ], [ 52.4574, -31.3109 ], [ 56.6265, -30.2623 ], [ 60.7033, -29.0853 ], [ 64.6843, -27.7881 ], [ 68.5686, -26.3801 ], [ 72.3571, -24.8703 ], [ 76.0526, -23.2674 ], [ 79.659, -21.5804 ], [ 83.1815, -19.8178 ], [ 86.6262, -17.9877 ], [ 90.0001, -16.098 ], [ 90.0, -16.0982 ], [ 95.0611, -13.0972 ], [ 100.0, -10.0 ] ] } },
{ "type": "Feature", "properties": { "id": 1343 }, "geometry": { "type": "LineString", "coordinates": [ [ 90.0001, -16.0982 ], [ 90.0, -16.098 ], [ 86.6262, -17.9877 ], [ 83.1815, -19.8178 ], [ 79.659, -21.5804 ], [ 76.0526, -23.2674 ], [ 72.3571, -24.8703 ], [ 68.5686, -26.3801 ], [ 64.6843, -27.7881 ], [ 60.7033, -29.0853 ], [ 56.6265, -30.2623 ], [ 52.4574, -31.3109 ], [ 48.2019, -32.2227 ], [ 43.8681, -32.9902 ], [ 39.467, -33.6065 ], [ 35.0115, -34.0662 ], [ 30.517, -34.365 ], [ 26.0, -34.5 ] ] } },
{ "type": "Feature", "properties": { "id": 1344 }, "geometry": { "type": "LineString", "coordinates": [ [ 28.5, -33.5 ], [ 26.0, -34.5 ] ] } },
{ "type": "Feature", "properties": { "id": 1345 }, "geometry": { "type": "LineString", "coordinates": [ [ 28.5, -33.5 ], [ 27.8178, -33.7538 ], [ 26.6295, -34.2299 ], [ 26.0, -34.5 ] ] } },
{ "type": "Feature", "properties": { "id": 1346 }, "geometry": { "type": "LineString", "coordinates": [ [ 30.0, -40.0 ], [ 26.0, -34.5 ] ] } },
{ "type": "Feature", "properties": { "id": 1347 }, "geometry": { "type": "LineString", "coordinates": [ [ 40.0, -40.0 ], [ 32.7485, -37.4407 ], [ 26.0, -34.5 ] ] } },
{ "type": "Feature", "properties": { "id": 1348 }, "geometry": { "type": "LineString", "coordinates": [ [ 26.0, -34.5 ], [ 32.8282, -37.2784 ], [ 40.1326, -39.6632 ], [ 47.9022, -41.5755 ], [ 56.0755, -42.9471 ], [ 64.5385, -43.717 ], [ 73.1322, -43.8562 ], [ 81.6766, -43.3568 ], [ 90.0, -42.2389 ], [ 90.0001, -42.2391 ], [ 95.0848, -41.2273 ], [ 100.0, -40.0 ] ] } },
{ "type": "Feature", "properties": { "id": 1349 }, "geometry": { "type": "LineString", "coordinates": [ [ 100.0, -40.0 ], [ 95.0848, -41.2273 ], [ 90.0, -42.2392 ], [ 90.0, -42.2388 ], [ 81.6766, -43.3568 ], [ 73.1322, -43.8562 ], [ 64.5385, -43.717 ], [ 56.0755, -42.9471 ], [ 47.9022, -41.5755 ], [ 40.1326, -39.6632 ], [ 32.8282, -37.2784 ], [ 26.0, -34.5 ] ] } },
{ "type": "Feature", "properties": { "id": 1350 }, "geometry": { "type": "LineString", "coordinates": [ [ 26.0, -34.5 ], [ 33.8093, -36.1101 ], [ 41.8921, -37.2054 ], [ 50.153, -37.7458 ], [ 58.4724, -37.7104 ], [ 66.7219, -37.0972 ], [ 74.7833, -35.9282 ], [ 82.563, -34.2412 ], [ 90.0, -32.086 ], [ 90.0001, -32.0863 ], [ 96.5855, -29.7083 ], [ 102.8508, -27.0212 ], [ 108.8128, -24.0707 ], [ 114.5, -20.9 ] ] } },
{ "type": "Feature", "properties": { "id": 1351 }, "geometry": { "type": "LineString", "coordinates": [ [ 114.5, -20.9 ], [ 108.8128, -24.0707 ], [ 102.8508, -27.0212 ], [ 96.5855, -29.7083 ], [ 90.0, -32.0864 ], [ 90.0001, -32.0861 ], [ 82.563, -34.2412 ], [ 74.7833, -35.9282 ], [ 66.7219, -37.0972 ], [ 58.4724, -37.7104 ], [ 50.153, -37.7458 ], [ 41.8921, -37.2054 ], [ 33.8093, -36.1101 ], [ 26.0, -34.5 ] ] } },
{ "type": "Feature", "properties": { "passage": "dardanelles", "id": 1352 }, "geometry": { "type": "LineString", "coordinates": [ [ 26.2, 40.1 ], [ 28.977708, 40.971568 ] ] } },
{ "type": "Feature", "properties": { "id": 1353 }, "geometry": { "type": "LineString", "coordinates": [ [ 26.3941, 35.3719 ], [ 27.2, 36.2 ] ] } },
{ "type": "Feature", "properties": { "id": 1354 }, "geometry": { "type": "LineString", "coordinates": [ [ 26.3941, 35.3719 ], [ 26.652, 34.7106 ] ] } },
{ "type": "Feature", "properties": { "id": 1355 }, "geometry": { "type": "LineString", "coordinates": [ [ 32.1, 31.7 ], [ 26.3941, 35.3719 ] ] } },
{ "type": "Feature", "properties": { "id": 1356 }, "geometry": { "type": "LineString", "coordinates": [ [ 26.652, 34.7106 ], [ 30.0, 36.0 ] ] } },
{ "type": "Feature", "properties": { "id": 1357 }, "geometry": { "type": "LineString", "coordinates": [ [ 27.0217, 40.3793 ], [ 27.5902, 40.8795 ], [ 29.2382, 40.7382 ], [ 28.977708, 40.971568 ] ] } },
{ "type": "Feature", "properties": { "id": 1358 }, "geometry": { "type": "LineString", "coordinates": [ [ 27.2, 36.2 ], [ 28.3, 36.6 ] ] } },
{ "type": "Feature", "properties": { "id": 1359 }, "geometry": { "type": "LineString", "coordinates": [ [ 29.7545, 31.2025 ], [ 27.2, 36.2 ] ] } },
{ "type": "Feature", "properties": { "id": 1360 }, "geometry": { "type": "LineString", "coordinates": [ [ 27.2, 36.2 ], [ 32.1, 31.7 ] ] } },
{ "type": "Feature", "properties": { "id": 1361 }, "geometry": { "type": "LineString", "coordinates": [ [ 28.0975, 42.4188 ], [ 27.6891, 42.4795 ] ] } },
{ "type": "Feature", "properties": { "id": 1362 }, "geometry": { "type": "LineString", "coordinates": [ [ 28.0, 60.3 ], [ 29.4, 60.1 ], [ 28.0, 60.3 ] ] } },
{ "type": "Feature", "properties": { "id": 1363 }, "geometry": { "type": "LineString", "coordinates": [ [ 28.0956, 43.1484 ], [ 29.5991, 42.5974 ], [ 28.0975, 42.4188 ] ] } },
{ "type": "Feature", "properties": { "id": 1364 }, "geometry": { "type": "LineString", "coordinates": [ [ 28.0975, 42.4188 ], [ 33.0, 43.0 ] ] } },
{ "type": "Feature", "properties": { "id": 1365 }, "geometry": { "type": "LineString", "coordinates": [ [ 28.0975, 42.4188 ], [ 29.0322, 44.073 ] ] } },
{ "type": "Feature", "properties": { "id": 1366 }, "geometry": { "type": "LineString", "coordinates": [ [ 29.132431, 41.242447 ], [ 28.0975, 42.4188 ] ] } },
{ "type": "Feature", "properties": { "id": 1367 }, "geometry": { "type": "LineString", "coordinates": [ [ 28.3, 36.6 ], [ 30.0, 36.0 ] ] } },
{ "type": "Feature", "properties": { "id": 1368 }, "geometry": { "type": "LineString", "coordinates": [ [ 40.0, -30.0 ], [ 34.3579, -31.8789 ], [ 28.5, -33.5 ] ] } },
{ "type": "Feature", "properties": { "id": 1369 }, "geometry": { "type": "LineString", "coordinates": [ [ 32.0, -30.0 ], [ 28.5, -33.5 ] ] } },
{ "type": "Feature", "properties": { "id": 1370 }, "geometry": { "type": "LineString", "coordinates": [ [ 28.5, -33.5 ], [ 29.5125, -32.4235 ], [ 32.0, -30.0 ] ] } },
{ "type": "Feature", "properties": { "id": 1371 }, "geometry": { "type": "LineString", "coordinates": [ [ 29.0322, 44.073 ], [ 34.0289, 44.1545 ], [ 36.4, 45.0 ] ] } },
{ "type": "Feature", "properties": { "id": 1372 }, "geometry": { "type": "LineString", "coordinates": [ [ 29.0322, 44.073 ], [ 30.9, 46.25 ] ] } },
{ "type": "Feature", "properties": { "id": 1373 }, "geometry": { "type": "LineString", "coordinates": [ [ 29.0322, 44.073 ], [ 29.132431, 41.242447 ] ] } },
{ "type": "Feature", "properties": { "id": 1374 }, "geometry": { "type": "LineString", "coordinates": [ [ 29.0322, 44.073 ], [ 33.0, 43.0 ] ] } },
{ "type": "Feature", "properties": { "id": 1375 }, "geometry": { "type": "LineString", "coordinates": [ [ 29.132431, 41.242447 ], [ 32.8322, 42.1344 ], [ 35.2956, 42.2056 ] ] } },
{ "type": "Feature", "properties": { "id": 1376 }, "geometry": { "type": "LineString", "coordinates": [ [ 38.9721, 44.0 ], [ 29.132431, 41.242447 ] ] } },
{ "type": "Feature", "properties": { "id": 1377 }, "geometry": { "type": "LineString", "coordinates": [ [ 29.132431, 41.242447 ], [ 37.8295, 44.5897 ] ] } },
{ "type": "Feature", "properties": { "id": 1378 }, "geometry": { "type": "LineString", "coordinates": [ [ 29.132431, 41.242447 ], [ 33.0, 43.0 ] ] } },
{ "type": "Feature", "properties": { "id": 1379 }, "geometry": { "type": "LineString", "coordinates": [ [ -122.9, 37.7 ], [ -127.9082, 36.2013 ], [ -132.7178, 34.5028 ], [ -137.3273, 32.624 ], [ -141.7413, 30.5842 ], [ -145.9689, 28.4017 ], [ -150.0227, 26.094 ], [ -153.9177, 23.6773 ], [ -157.67, 21.1667 ] ] } },
{ "type": "Feature", "properties": { "id": 1380 }, "geometry": { "type": "LineString", "coordinates": [ [ 30.9, 46.25 ], [ 30.011, 43.8064 ], [ 29.132431, 41.242447 ] ] } },
{ "type": "Feature", "properties": { "id": 1381 }, "geometry": { "type": "LineString", "coordinates": [ [ 29.8, 31.75 ], [ 32.1, 31.7 ] ] } },
{ "type": "Feature", "properties": { "id": 1382 }, "geometry": { "type": "LineString", "coordinates": [ [ 30.0, -50.0 ], [ 40.0, -50.0 ] ] } },
{ "type": "Feature", "properties": { "id": 1383 }, "geometry": { "type": "LineString", "coordinates": [ [ 40.0, -40.0 ], [ 35.437, -45.1104 ], [ 30.0, -50.0 ] ] } },
{ "type": "Feature", "properties": { "id": 1384 }, "geometry": { "type": "LineString", "coordinates": [ [ 30.0, -40.0 ], [ 30.003, -45.0022 ], [ 30.0, -50.0 ] ] } },
{ "type": "Feature", "properties": { "id": 1385 }, "geometry": { "type": "LineString", "coordinates": [ [ -157.67, 21.1667 ], [ -157.5109, 21.3217 ] ] } },
{ "type": "Feature", "properties": { "id": 1386 }, "geometry": { "type": "LineString", "coordinates": [ [ 30.0, -40.0 ], [ 35.3052, -35.1041 ], [ 40.0, -30.0 ] ] } },
{ "type": "Feature", "properties": { "id": 1387 }, "geometry": { "type": "LineString", "coordinates": [ [ 30.0, -40.0 ], [ 34.7156, -45.0323 ], [ 40.0, -50.0 ] ] } },
{ "type": "Feature", "properties": { "id": 1388 }, "geometry": { "type": "LineString", "coordinates": [ [ 40.0, -40.0 ], [ 34.9996, -40.1068 ], [ 30.0, -40.0 ] ] } },
{ "type": "Feature", "properties": { "id": 1389 }, "geometry": { "type": "LineString", "coordinates": [ [ 30.0, 36.0 ], [ 31.0, 36.7 ] ] } },
{ "type": "Feature", "properties": { "id": 1390 }, "geometry": { "type": "LineString", "coordinates": [ [ 33.0, 35.8 ], [ 30.0, 36.0 ] ] } },
{ "type": "Feature", "properties": { "id": 1391 }, "geometry": { "type": "LineString", "coordinates": [ [ 33.0, 35.8 ], [ 30.7293, 34.5314 ] ] } },
{ "type": "Feature", "properties": { "id": 1392 }, "geometry": { "type": "LineString", "coordinates": [ [ 31.0, 36.7 ], [ 30.7293, 34.5314 ] ] } },
{ "type": "Feature", "properties": { "id": 1393 }, "geometry": { "type": "LineString", "coordinates": [ [ 30.9, 46.25 ], [ 30.9493, 46.5279 ], [ 31.7046, 46.5827 ], [ 31.8612, 46.5865 ] ] } },
{ "type": "Feature", "properties": { "id": 1394 }, "geometry": { "type": "LineString", "coordinates": [ [ 30.9, 46.25 ], [ 33.0, 43.0 ] ] } },
{ "type": "Feature", "properties": { "id": 1395 }, "geometry": { "type": "LineString", "coordinates": [ [ 30.9, 46.25 ], [ 34.0289, 44.1545 ], [ 33.0, 43.0 ] ] } },
{ "type": "Feature", "properties": { "id": 1396 }, "geometry": { "type": "LineString", "coordinates": [ [ 33.0, 35.8 ], [ 31.0, 36.7 ] ] } },
{ "type": "Feature", "properties": { "id": 1397 }, "geometry": { "type": "LineString", "coordinates": [ [ -150.0, 30.0 ], [ -153.9759, 25.6345 ], [ -157.67, 21.1667 ] ] } },
{ "type": "Feature", "properties": { "id": 1398 }, "geometry": { "type": "LineString", "coordinates": [ [ 34.0, -26.0 ], [ 32.0, -30.0 ] ] } },
{ "type": "Feature", "properties": { "id": 1399 }, "geometry": { "type": "LineString", "coordinates": [ [ 32.0, -30.0 ], [ 32.3667, -29.2302 ], [ 33.2188, -27.5062 ], [ 33.6882, -26.593 ], [ 34.0, -26.0 ] ] } },
{ "type": "Feature", "properties": { "id": 1400 }, "geometry": { "type": "LineString", "coordinates": [ [ 32.0, -30.0 ], [ 35.9997, -30.0598 ], [ 40.0, -30.0 ] ] } },
{ "type": "Feature", "properties": { "id": 1401 }, "geometry": { "type": "LineString", "coordinates": [ [ 34.2, 35.2 ], [ 32.1, 31.7 ] ] } },
{ "type": "Feature", "properties": { "id": 1402 }, "geometry": { "type": "LineString", "coordinates": [ [ 35.7, 35.9 ], [ 33.0, 35.8 ] ] } },
{ "type": "Feature", "properties": { "id": 1403 }, "geometry": { "type": "LineString", "coordinates": [ [ 35.7, 35.9 ], [ 33.3229, 35.8153 ], [ 33.0, 35.8 ] ] } },
{ "type": "Feature", "properties": { "id": 1404 }, "geometry": { "type": "LineString", "coordinates": [ [ 34.8, 36.6 ], [ 33.0, 35.8 ] ] } },
{ "type": "Feature", "properties": { "id": 1405 }, "geometry": { "type": "LineString", "coordinates": [ [ 39.4537, 43.4357 ], [ 33.0, 43.0 ] ] } },
{ "type": "Feature", "properties": { "id": 1406 }, "geometry": { "type": "LineString", "coordinates": [ [ 36.4, 45.0 ], [ 33.0, 43.0 ] ] } },
{ "type": "Feature", "properties": { "id": 1407 }, "geometry": { "type": "LineString", "coordinates": [ [ -157.67, 21.1667 ], [ -153.1992, 15.8541 ], [ -150.0, 10.0 ] ] } },
{ "type": "Feature", "properties": { "id": 1408 }, "geometry": { "type": "LineString", "coordinates": [ [ 41.1, 41.8 ], [ 33.0, 43.0 ] ] } },
{ "type": "Feature", "properties": { "id": 1409 }, "geometry": { "type": "LineString", "coordinates": [ [ 39.9718, 64.9382 ], [ 39.5983, 65.4453 ], [ 41.1364, 66.6319 ], [ 41.5978, 67.0381 ], [ 41.2023, 67.8803 ], [ 35.5553, 69.5543 ], [ 33.402, 69.9271 ] ] } },
{ "type": "Feature", "properties": { "id": 1410 }, "geometry": { "type": "LineString", "coordinates": [ [ 36.0, -24.0 ], [ 34.0, -26.0 ] ] } },
{ "type": "Feature", "properties": { "id": 1411 }, "geometry": { "type": "LineString", "coordinates": [ [ 34.0, -26.0 ], [ 40.0, -30.0 ] ] } },
{ "type": "Feature", "properties": { "id": 1412 }, "geometry": { "type": "LineString", "coordinates": [ [ 34.0, -26.0 ], [ 38.4996, -26.0688 ], [ 43.0, -26.0 ] ] } },
{ "type": "Feature", "properties": { "id": 1413 }, "geometry": { "type": "LineString", "coordinates": [ [ 34.2, 35.2 ], [ 35.7, 35.9 ] ] } },
{ "type": "Feature", "properties": { "id": 1414 }, "geometry": { "type": "LineString", "coordinates": [ [ 35.2, 34.2 ], [ 34.2, 35.2 ] ] } },
{ "type": "Feature", "properties": { "id": 1415 }, "geometry": { "type": "LineString", "coordinates": [ [ 34.5, 27.0 ], [ 34.9, 29.2 ] ] } },
{ "type": "Feature", "properties": { "id": 1416 }, "geometry": { "type": "LineString", "coordinates": [ [ -155.0, 20.0 ], [ -157.67, 21.1667 ] ] } },
{ "type": "Feature", "properties": { "id": 1417 }, "geometry": { "type": "LineString", "coordinates": [ [ 34.5, 27.0 ], [ 37.0, 23.6 ] ] } },
{ "type": "Feature", "properties": { "id": 1418 }, "geometry": { "type": "LineString", "coordinates": [ [ 35.2, 34.2 ], [ 34.8, 33.0 ] ] } },
{ "type": "Feature", "properties": { "id": 1419 }, "geometry": { "type": "LineString", "coordinates": [ [ 35.2, 34.2 ], [ 35.1244, 33.9763 ], [ 34.8, 33.0 ] ] } },
{ "type": "Feature", "properties": { "id": 1420 }, "geometry": { "type": "LineString", "coordinates": [ [ 35.6, 36.5 ], [ 34.8, 36.6 ] ] } },
{ "type": "Feature", "properties": { "id": 1421 }, "geometry": { "type": "LineString", "coordinates": [ [ 35.2, 34.2 ], [ 35.7, 35.9 ] ] } },
{ "type": "Feature", "properties": { "id": 1422 }, "geometry": { "type": "LineString", "coordinates": [ [ 41.5099, 42.2115 ], [ 35.2956, 42.2056 ] ] } },
{ "type": "Feature", "properties": { "id": 1423 }, "geometry": { "type": "LineString", "coordinates": [ [ 36.4, 45.0 ], [ 35.2956, 42.2056 ] ] } },
{ "type": "Feature", "properties": { "id": 1424 }, "geometry": { "type": "LineString", "coordinates": [ [ 35.2956, 42.2056 ], [ 36.7369, 41.7184 ], [ 38.4316, 41.4112 ] ] } },
{ "type": "Feature", "properties": { "id": 1425 }, "geometry": { "type": "LineString", "coordinates": [ [ 35.3917, 46.2107 ], [ 36.8592, 45.6212 ] ] } },
{ "type": "Feature", "properties": { "id": 1426 }, "geometry": { "type": "LineString", "coordinates": [ [ 35.7, 35.9 ], [ 35.6, 36.5 ] ] } },
{ "type": "Feature", "properties": { "id": 1427 }, "geometry": { "type": "LineString", "coordinates": [ [ 36.0, -24.0 ], [ 38.929, -19.5234 ], [ 41.7, -15.0 ] ] } },
{ "type": "Feature", "properties": { "id": 1428 }, "geometry": { "type": "LineString", "coordinates": [ [ 36.0, -24.0 ], [ 36.0, -20.0 ] ] } },
{ "type": "Feature", "properties": { "id": 1429 }, "geometry": { "type": "LineString", "coordinates": [ [ 36.0, -24.0 ], [ 43.0, -26.0 ] ] } },
{ "type": "Feature", "properties": { "id": 1430 }, "geometry": { "type": "LineString", "coordinates": [ [ 41.7, -15.0 ], [ 38.8889, -17.5205 ], [ 36.0, -20.0 ] ] } },
{ "type": "Feature", "properties": { "id": 1431 }, "geometry": { "type": "LineString", "coordinates": [ [ 36.3903, 41.409 ], [ 36.4, 45.0 ] ] } },
{ "type": "Feature", "properties": { "id": 1432 }, "geometry": { "type": "LineString", "coordinates": [ [ 36.4, 45.0 ], [ 36.8592, 45.6212 ] ] } },
{ "type": "Feature", "properties": { "id": 1433 }, "geometry": { "type": "LineString", "coordinates": [ [ 36.4, 45.0 ], [ 38.4316, 41.4112 ] ] } },
{ "type": "Feature", "properties": { "id": 1434 }, "geometry": { "type": "LineString", "coordinates": [ [ 39.7082, 41.12 ], [ 36.4, 45.0 ] ] } },
{ "type": "Feature", "properties": { "id": 1435 }, "geometry": { "type": "LineString", "coordinates": [ [ 36.4, 45.0 ], [ 41.1, 41.8 ] ] } },
{ "type": "Feature", "properties": { "id": 1436 }, "geometry": { "type": "LineString", "coordinates": [ [ 39.4537, 43.4357 ], [ 36.4, 45.0 ] ] } },
{ "type": "Feature", "properties": { "id": 1437 }, "geometry": { "type": "LineString", "coordinates": [ [ 36.8592, 45.6212 ], [ 36.7631, 46.6862 ] ] } },
{ "type": "Feature", "properties": { "id": 1438 }, "geometry": { "type": "LineString", "coordinates": [ [ 36.8592, 45.6212 ], [ 37.6017, 45.8286 ], [ 37.6629, 46.8238 ], [ 36.7631, 46.6862 ], [ 35.3917, 46.2107 ], [ 35.1383, 45.9259 ], [ 35.5576, 45.4315 ], [ 36.2215, 45.5907 ], [ 36.8592, 45.6212 ] ] } },
{ "type": "Feature", "properties": { "id": 1439 }, "geometry": { "type": "LineString", "coordinates": [ [ 36.8592, 45.6212 ], [ 37.6629, 46.8238 ], [ 39.0431, 47.104 ] ] } },
{ "type": "Feature", "properties": { "id": 1440 }, "geometry": { "type": "LineString", "coordinates": [ [ 37.0, 23.6 ], [ 38.9, 20.75 ] ] } },
{ "type": "Feature", "properties": { "id": 1441 }, "geometry": { "type": "LineString", "coordinates": [ [ 38.4316, 41.4112 ], [ 40.5369, 41.4374 ], [ 41.1, 41.8 ] ] } },
{ "type": "Feature", "properties": { "id": 1442 }, "geometry": { "type": "LineString", "coordinates": [ [ 41.2, 16.3 ], [ 38.9, 20.75 ] ] } },
{ "type": "Feature", "properties": { "id": 1443 }, "geometry": { "type": "LineString", "coordinates": [ [ 41.2, 16.3 ], [ 41.1647, 16.3726 ], [ 39.3966, 19.8364 ], [ 38.9, 20.75 ] ] } },
{ "type": "Feature", "properties": { "id": 1444 }, "geometry": { "type": "LineString", "coordinates": [ [ -125.32, 43.3704 ], [ -130.3341, 41.1488 ], [ -135.0075, 38.7244 ], [ -139.3658, 36.1258 ], [ -143.4391, 33.3792 ], [ -147.2592, 30.5069 ], [ -150.858, 27.5288 ], [ -154.2657, 24.4621 ], [ -157.5109, 21.3217 ] ] } },
{ "type": "Feature", "properties": { "id": 1445 }, "geometry": { "type": "LineString", "coordinates": [ [ 41.1, 41.8 ], [ 39.4537, 43.4357 ] ] } },
{ "type": "Feature", "properties": { "id": 1446 }, "geometry": { "type": "LineString", "coordinates": [ [ 50.0, -50.0 ], [ 40.0, -50.0 ] ] } },
{ "type": "Feature", "properties": { "id": 1447 }, "geometry": { "type": "LineString", "coordinates": [ [ 50.0, -40.0 ], [ 45.437, -45.1104 ], [ 40.0, -50.0 ] ] } },
{ "type": "Feature", "properties": { "id": 1448 }, "geometry": { "type": "LineString", "coordinates": [ [ 40.0, -40.0 ], [ 40.003, -45.0022 ], [ 40.0, -50.0 ] ] } },
{ "type": "Feature", "properties": { "id": 1449 }, "geometry": { "type": "LineString", "coordinates": [ [ 40.0, -40.0 ], [ 45.3052, -35.1041 ], [ 50.0, -30.0 ] ] } },
{ "type": "Feature", "properties": { "id": 1450 }, "geometry": { "type": "LineString", "coordinates": [ [ -125.0634, 46.2167 ], [ -130.3514, 43.672 ], [ -135.1938, 40.9033 ], [ -139.6369, 37.9479 ], [ -143.7299, 34.8375 ], [ -147.5208, 31.5987 ], [ -151.0547, 28.2544 ], [ -154.3725, 24.8233 ], [ -157.5109, 21.3217 ] ] } },
{ "type": "Feature", "properties": { "id": 1451 }, "geometry": { "type": "LineString", "coordinates": [ [ 40.0, -40.0 ], [ 40.0021, -35.0021 ], [ 40.0, -30.0 ] ] } },
{ "type": "Feature", "properties": { "id": 1452 }, "geometry": { "type": "LineString", "coordinates": [ [ 40.0, -40.0 ], [ 44.7134, -45.0333 ], [ 50.0, -50.0 ] ] } },
{ "type": "Feature", "properties": { "id": 1453 }, "geometry": { "type": "LineString", "coordinates": [ [ 50.0, -40.0 ], [ 44.9996, -40.1068 ], [ 40.0, -40.0 ] ] } },
{ "type": "Feature", "properties": { "id": 1454 }, "geometry": { "type": "LineString", "coordinates": [ [ 48.1, -26.4 ], [ 44.1176, -28.2595 ], [ 40.0, -30.0 ] ] } },
{ "type": "Feature", "properties": { "id": 1455 }, "geometry": { "type": "LineString", "coordinates": [ [ 43.0, -26.0 ], [ 40.0, -30.0 ] ] } },
{ "type": "Feature", "properties": { "id": 1456 }, "geometry": { "type": "LineString", "coordinates": [ [ -180.0, 20.0 ], [ -177.4063, 17.5438 ], [ -174.8825, 15.0547 ], [ -172.3689, 12.7052 ], [ -170.0, 10.0 ] ] } },
{ "type": "Feature", "properties": { "id": 1457 }, "geometry": { "type": "LineString", "coordinates": [ [ 50.0, -40.0 ], [ 44.6929, -35.1023 ], [ 40.0, -30.0 ] ] } },
{ "type": "Feature", "properties": { "id": 1458 }, "geometry": { "type": "LineString", "coordinates": [ [ 50.0, -30.0 ], [ 44.9995, -30.0935 ], [ 40.0, -30.0 ] ] } },
{ "type": "Feature", "properties": { "id": 1459 }, "geometry": { "type": "LineString", "coordinates": [ [ 40.0, -6.5 ], [ 40.3, -4.2 ] ] } },
{ "type": "Feature", "properties": { "id": 1460 }, "geometry": { "type": "LineString", "coordinates": [ [ 40.0, -6.5 ], [ 40.1241, -5.5331 ], [ 40.3, -4.2 ] ] } },
{ "type": "Feature", "properties": { "id": 1461 }, "geometry": { "type": "LineString", "coordinates": [ [ 40.0, -6.5 ], [ 41.0, -10.0 ] ] } },
{ "type": "Feature", "properties": { "id": 1462 }, "geometry": { "type": "LineString", "coordinates": [ [ 40.0, -6.5 ], [ 44.9782, -8.2781 ], [ 50.0, -10.0 ] ] } },
{ "type": "Feature", "properties": { "id": 1463 }, "geometry": { "type": "LineString", "coordinates": [ [ -150.7582, 58.6791 ], [ -152.2082, 54.0515 ], [ -153.3626, 49.4062 ], [ -154.3131, 44.7472 ], [ -155.1183, 40.0775 ], [ -155.817, 35.3985 ], [ -156.4364, 30.7122 ], [ -156.9961, 26.0195 ], [ -157.5109, 21.3217 ] ] } },
{ "type": "Feature", "properties": { "id": 1464 }, "geometry": { "type": "LineString", "coordinates": [ [ 50.0, -0.00001 ], [ 45.1564, -2.1075 ], [ 40.3, -4.2 ] ] } },
{ "type": "Feature", "properties": { "id": 1465 }, "geometry": { "type": "LineString", "coordinates": [ [ 43.0, -1.0 ], [ 40.3, -4.2 ] ] } },
{ "type": "Feature", "properties": { "id": 1466 }, "geometry": { "type": "LineString", "coordinates": [ [ 41.0, -10.0 ], [ 43.0, -12.0 ] ] } },
{ "type": "Feature", "properties": { "id": 1467 }, "geometry": { "type": "LineString", "coordinates": [ [ 41.2, 16.3 ], [ 41.6593, 15.5468 ], [ 42.0, 15.0 ] ] } },
{ "type": "Feature", "properties": { "id": 1468 }, "geometry": { "type": "LineString", "coordinates": [ [ -156.7473, 55.9408 ], [ -154.3199, 56.3092 ], [ -151.9332, 56.963 ] ] } },
{ "type": "Feature", "properties": { "id": 1469 }, "geometry": { "type": "LineString", "coordinates": [ [ 41.7, -15.0 ], [ 45.2949, -14.0672 ], [ 45.6, -14.0 ] ] } },
{ "type": "Feature", "properties": { "id": 1470 }, "geometry": { "type": "LineString", "coordinates": [ [ 43.0, -12.0 ], [ 41.7, -15.0 ] ] } },
{ "type": "Feature", "properties": { "id": 1471 }, "geometry": { "type": "LineString", "coordinates": [ [ 41.7, -15.0 ], [ 41.8471, -19.0009 ], [ 42.0, -23.0 ] ] } },
{ "type": "Feature", "properties": { "id": 1472 }, "geometry": { "type": "LineString", "coordinates": [ [ 42.0, -23.0 ], [ 43.0, -26.0 ] ] } },
{ "type": "Feature", "properties": { "id": 1473 }, "geometry": { "type": "LineString", "coordinates": [ [ 42.0, 15.0 ], [ 43.3, 12.7 ] ] } },
{ "type": "Feature", "properties": { "id": 1474 }, "geometry": { "type": "LineString", "coordinates": [ [ 43.3, 12.7 ], [ 42.4719, 14.1826 ], [ 42.0, 15.0 ] ] } },
{ "type": "Feature", "properties": { "id": 1475 }, "geometry": { "type": "LineString", "coordinates": [ [ -152.8627, 58.8961 ], [ -155.4095, 57.2774 ], [ -155.9536, 56.6296 ], [ -156.7473, 55.9408 ] ] } },
{ "type": "Feature", "properties": { "id": 1476 }, "geometry": { "type": "LineString", "coordinates": [ [ 43.0, -26.0 ], [ 48.1, -26.4 ] ] } },
{ "type": "Feature", "properties": { "id": 1477 }, "geometry": { "type": "LineString", "coordinates": [ [ 50.0, -10.0 ], [ 45.0625, -11.3948 ], [ 43.0, -12.0 ] ] } },
{ "type": "Feature", "properties": { "id": 1478 }, "geometry": { "type": "LineString", "coordinates": [ [ 43.0, -12.0 ], [ 44.6309, -7.7566 ], [ 46.2292, -3.5063 ], [ 47.8131, 0.7472 ], [ 49.4, 5.0 ] ] } },
{ "type": "Feature", "properties": { "id": 1479 }, "geometry": { "type": "LineString", "coordinates": [ [ 45.6, 1.5 ], [ 43.0, -1.0 ] ] } },
{ "type": "Feature", "properties": { "id": 1480 }, "geometry": { "type": "LineString", "coordinates": [ [ 43.3, 12.7 ], [ 45.0, 12.0 ] ] } },
{ "type": "Feature", "properties": { "id": 1481 }, "geometry": { "type": "LineString", "coordinates": [ [ 43.465, 12.6341 ], [ 43.3, 12.7 ] ] } },
{ "type": "Feature", "properties": { "passage": "babalmandab", "id": 1482 }, "geometry": { "type": "LineString", "coordinates": [ [ 45.0, 12.0 ], [ 43.465, 12.6341 ] ] } },
{ "type": "Feature", "properties": { "id": 1483 }, "geometry": { "type": "LineString", "coordinates": [ [ 44.9782, -8.2781 ], [ 56.3534, 5.8985 ] ] } },
{ "type": "Feature", "properties": { "id": 1484 }, "geometry": { "type": "LineString", "coordinates": [ [ 45.0, 12.0 ], [ 44.9926, 10.4868 ] ] } },
{ "type": "Feature", "properties": { "id": 1485 }, "geometry": { "type": "LineString", "coordinates": [ [ 45.0, 12.0 ], [ 51.0, 13.0 ] ] } },
{ "type": "Feature", "properties": { "id": 1486 }, "geometry": { "type": "LineString", "coordinates": [ [ -150.0, 20.0 ], [ -155.0, 20.0 ] ] } },
{ "type": "Feature", "properties": { "id": 1487 }, "geometry": { "type": "LineString", "coordinates": [ [ 45.0, 12.0 ], [ 49.5581, 14.1436 ], [ 54.2, 16.2 ] ] } },
{ "type": "Feature", "properties": { "id": 1488 }, "geometry": { "type": "LineString", "coordinates": [ [ 45.6, -14.0 ], [ 45.9083, -13.6955 ], [ 50.0, -10.0 ] ] } },
{ "type": "Feature", "properties": { "id": 1489 }, "geometry": { "type": "LineString", "coordinates": [ [ 49.4, 5.0 ], [ 45.6, 1.5 ] ] } },
{ "type": "Feature", "properties": { "id": 1490 }, "geometry": { "type": "LineString", "coordinates": [ [ 45.6, 1.5 ], [ 50.0, -0.00001 ] ] } },
{ "type": "Feature", "properties": { "id": 1491 }, "geometry": { "type": "LineString", "coordinates": [ [ -120.0, 10.0 ], [ -153.0015, 15.4965 ] ] } },
{ "type": "Feature", "properties": { "id": 1492 }, "geometry": { "type": "LineString", "coordinates": [ [ 48.1, -26.4 ], [ 55.638, -22.04 ], [ 58.0, -20.7 ] ] } },
{ "type": "Feature", "properties": { "id": 1493 }, "geometry": { "type": "LineString", "coordinates": [ [ 50.0, -18.0 ], [ 49.0788, -22.204 ], [ 48.1, -26.4 ] ] } },
{ "type": "Feature", "properties": { "id": 1494 }, "geometry": { "type": "LineString", "coordinates": [ [ 48.1, -26.4 ], [ 49.4608, -20.4087 ], [ 50.0, -18.0 ] ] } },
{ "type": "Feature", "properties": { "id": 1495 }, "geometry": { "type": "LineString", "coordinates": [ [ -149.0027, 60.8358 ], [ -149.0601, 60.8771 ], [ -149.1857, 60.9034 ], [ -149.3621, 60.9083 ], [ -149.6336, 60.9635 ], [ -150.0493, 61.077 ], [ -150.2411, 61.0737 ], [ -150.3938, 61.1667 ], [ -150.5245, 61.1407 ], [ -150.9334, 61.0252 ], [ -151.0683, 60.96 ], [ -151.5298, 60.7838 ], [ -151.7327, 60.5269 ], [ -151.9686, 60.1958 ], [ -151.9857, 60.1732 ], [ -152.0029, 60.1508 ], [ -152.2044, 59.6814 ], [ -152.2469, 59.6383 ], [ -152.3351, 59.5286 ], [ -152.8627, 58.8961 ] ] } },
{ "type": "Feature", "properties": { "id": 1496 }, "geometry": { "type": "LineString", "coordinates": [ [ 48.1, -26.4 ], [ 50.0, -30.0 ] ] } },
{ "type": "Feature", "properties": { "id": 1497 }, "geometry": { "type": "LineString", "coordinates": [ [ 48.9, 30.1 ], [ 48.3, 29.1 ] ] } },
{ "type": "Feature", "properties": { "id": 1498 }, "geometry": { "type": "LineString", "coordinates": [ [ 48.3, 29.1 ], [ 50.5, 26.5 ] ] } },
{ "type": "Feature", "properties": { "id": 1499 }, "geometry": { "type": "LineString", "coordinates": [ [ 49.0905, 27.7799 ], [ 48.9, 30.1 ] ] } },
{ "type": "Feature", "properties": { "id": 1500 }, "geometry": { "type": "LineString", "coordinates": [ [ -152.8627, 58.8961 ], [ -150.7582, 58.6791 ] ] } },
{ "type": "Feature", "properties": { "id": 1501 }, "geometry": { "type": "LineString", "coordinates": [ [ 48.9, 30.1 ], [ 50.1, 28.6 ] ] } },
{ "type": "Feature", "properties": { "id": 1502 }, "geometry": { "type": "LineString", "coordinates": [ [ 52.3, 11.6 ], [ 50.8379, 8.3029 ], [ 49.4, 5.0 ] ] } },
{ "type": "Feature", "properties": { "id": 1503 }, "geometry": { "type": "LineString", "coordinates": [ [ 49.4, 5.0 ], [ 50.0, -0.00001 ] ] } },
{ "type": "Feature", "properties": { "id": 1504 }, "geometry": { "type": "LineString", "coordinates": [ [ -152.0, 57.5 ], [ -151.9332, 56.963 ] ] } },
{ "type": "Feature", "properties": { "id": 1505 }, "geometry": { "type": "LineString", "coordinates": [ [ 53.3394, 36.9644 ], [ 49.4942, 37.6287 ] ] } },
{ "type": "Feature", "properties": { "id": 1506 }, "geometry": { "type": "LineString", "coordinates": [ [ 55.3, -4.6 ], [ 52.6658, -7.3078 ], [ 50.0, -10.0 ] ] } },
{ "type": "Feature", "properties": { "id": 1507 }, "geometry": { "type": "LineString", "coordinates": [ [ 72.4, 19.0 ], [ 69.4177, 15.4465 ], [ 66.5357, 11.8535 ], [ 63.7282, 8.2314 ], [ 60.9712, 4.5895 ], [ 58.2421, 0.9368 ], [ 55.5186, -2.7181 ], [ 52.7787, -6.3666 ], [ 50.0, -10.0 ] ] } },
{ "type": "Feature", "properties": { "id": 1508 }, "geometry": { "type": "LineString", "coordinates": [ [ 50.0, -10.0 ], [ 50.0003, -5.0004 ], [ 50.0, -0.00001 ] ] } },
{ "type": "Feature", "properties": { "id": 1509 }, "geometry": { "type": "LineString", "coordinates": [ [ 51.0, -15.0 ], [ 50.0, -10.0 ] ] } },
{ "type": "Feature", "properties": { "id": 1510 }, "geometry": { "type": "LineString", "coordinates": [ [ -90.7731, 9.0182 ], [ -114.9793, 13.3379 ], [ -130.0008, 15.0011 ], [ -142.3573, 15.593 ], [ -156.3758, 15.4659 ], [ -180.0, 20.0 ] ] } },
{ "type": "Feature", "properties": { "id": 1511 }, "geometry": { "type": "LineString", "coordinates": [ [ 50.0, -10.0 ], [ 57.5172, -20.1027 ], [ 58.0, -20.7 ] ] } },
{ "type": "Feature", "properties": { "id": 1512 }, "geometry": { "type": "LineString", "coordinates": [ [ 50.0, -10.0 ], [ 54.9998, -10.0367 ], [ 60.0, -10.0 ] ] } },
{ "type": "Feature", "properties": { "id": 1513 }, "geometry": { "type": "LineString", "coordinates": [ [ 50.0, -50.0 ], [ 60.0, -50.0 ] ] } },
{ "type": "Feature", "properties": { "id": 1514 }, "geometry": { "type": "LineString", "coordinates": [ [ 60.0, -40.0 ], [ 55.437, -45.1104 ], [ 50.0, -50.0 ] ] } },
{ "type": "Feature", "properties": { "id": 1515 }, "geometry": { "type": "LineString", "coordinates": [ [ -150.0, 50.0 ], [ -150.9124, 53.755 ], [ -152.0, 57.5 ] ] } },
{ "type": "Feature", "properties": { "id": 1516 }, "geometry": { "type": "LineString", "coordinates": [ [ 50.0, -40.0 ], [ 50.003, -45.0022 ], [ 50.0, -50.0 ] ] } },
{ "type": "Feature", "properties": { "id": 1517 }, "geometry": { "type": "LineString", "coordinates": [ [ 50.0, -40.0 ], [ 55.3052, -35.1041 ], [ 60.0, -30.0 ] ] } },
{ "type": "Feature", "properties": { "id": 1518 }, "geometry": { "type": "LineString", "coordinates": [ [ 50.0, -40.0 ], [ 50.0021, -35.0021 ], [ 50.0, -30.0 ] ] } },
{ "type": "Feature", "properties": { "id": 1519 }, "geometry": { "type": "LineString", "coordinates": [ [ 50.0, -40.0 ], [ 54.7157, -45.0322 ], [ 60.0, -50.0 ] ] } },
{ "type": "Feature", "properties": { "id": 1520 }, "geometry": { "type": "LineString", "coordinates": [ [ 60.0, -40.0 ], [ 54.9996, -40.1068 ], [ 50.0, -40.0 ] ] } },
{ "type": "Feature", "properties": { "id": 1521 }, "geometry": { "type": "LineString", "coordinates": [ [ -151.9332, 56.963 ], [ -151.611, 57.667 ], [ -151.5337, 58.0096 ], [ -151.1934, 58.331 ], [ -150.7582, 58.6791 ] ] } },
{ "type": "Feature", "properties": { "id": 1522 }, "geometry": { "type": "LineString", "coordinates": [ [ 58.0, -20.7 ], [ 54.1532, -25.4053 ], [ 50.0, -30.0 ] ] } },
{ "type": "Feature", "properties": { "id": 1523 }, "geometry": { "type": "LineString", "coordinates": [ [ 60.0, -40.0 ], [ 54.6929, -35.1023 ], [ 50.0, -30.0 ] ] } },
{ "type": "Feature", "properties": { "id": 1524 }, "geometry": { "type": "LineString", "coordinates": [ [ 60.0, -30.0 ], [ 54.9995, -30.0935 ], [ 50.0, -30.0 ] ] } },
{ "type": "Feature", "properties": { "id": 1525 }, "geometry": { "type": "LineString", "coordinates": [ [ 50.0, -18.0 ], [ 55.0864, -14.0517 ], [ 60.0, -10.0 ] ] } },
{ "type": "Feature", "properties": { "id": 1526 }, "geometry": { "type": "LineString", "coordinates": [ [ 50.0, -18.0 ], [ 51.0, -15.0 ] ] } },
{ "type": "Feature", "properties": { "id": 1527 }, "geometry": { "type": "LineString", "coordinates": [ [ 50.0, -18.0 ], [ 52.0407, -21.109 ], [ 54.6445, -24.0354 ], [ 57.3686, -27.0822 ], [ 60.0, -30.0 ] ] } },
{ "type": "Feature", "properties": { "id": 1528 }, "geometry": { "type": "LineString", "coordinates": [ [ 50.0, -18.0 ], [ 53.9674, -19.3903 ], [ 58.0, -20.7 ] ] } },
{ "type": "Feature", "properties": { "id": 1529 }, "geometry": { "type": "LineString", "coordinates": [ [ 50.0, -0.00001 ], [ 52.4763, 2.512 ], [ 54.9621, 5.0192 ], [ 57.4667, 7.5169 ], [ 60.0, 10.0 ] ] } },
{ "type": "Feature", "properties": { "id": 1530 }, "geometry": { "type": "LineString", "coordinates": [ [ 55.3, -4.6 ], [ 52.6486, -2.2988 ], [ 50.0, -0.00001 ] ] } },
{ "type": "Feature", "properties": { "id": 1531 }, "geometry": { "type": "LineString", "coordinates": [ [ -150.6163, 52.5706 ], [ -143.0824, 51.4482 ], [ -136.0292, 49.6047 ], [ -132.6893, 48.5541 ], [ -125.5016, 48.5683 ] ] } },
{ "type": "Feature", "properties": { "id": 1532 }, "geometry": { "type": "LineString", "coordinates": [ [ 60.0, -0.00002 ], [ 55.0, -0.00002 ], [ 50.0, -0.00001 ] ] } },
{ "type": "Feature", "properties": { "id": 1533 }, "geometry": { "type": "LineString", "coordinates": [ [ 50.5, 26.5 ], [ 51.6, 26.3 ] ] } },
{ "type": "Feature", "properties": { "id": 1534 }, "geometry": { "type": "LineString", "coordinates": [ [ 51.0, 13.0 ], [ 56.2313, 14.6921 ], [ 61.54, 16.2661 ], [ 66.9294, 17.707 ], [ 72.4, 19.0 ] ] } },
{ "type": "Feature", "properties": { "id": 1535 }, "geometry": { "type": "LineString", "coordinates": [ [ 51.0, 13.0 ], [ 54.2, 16.2 ] ] } },
{ "type": "Feature", "properties": { "id": 1536 }, "geometry": { "type": "LineString", "coordinates": [ [ 52.3, 11.6 ], [ 51.0, 13.0 ] ] } },
{ "type": "Feature", "properties": { "id": 1537 }, "geometry": { "type": "LineString", "coordinates": [ [ 51.0, 13.0 ], [ 54.7085, 12.2395 ], [ 58.3951, 11.4317 ], [ 60.8257, 10.867 ], [ 62.0601, 10.5802 ], [ 65.7044, 9.6889 ], [ 69.3291, 8.7613 ], [ 72.9354, 7.8014 ], [ 76.5251, 6.8131 ], [ 80.1, 5.8 ] ] } },
{ "type": "Feature", "properties": { "id": 1538 }, "geometry": { "type": "LineString", "coordinates": [ [ -140.0, -50.0 ], [ -150.0, -50.0 ] ] } },
{ "type": "Feature", "properties": { "id": 1539 }, "geometry": { "type": "LineString", "coordinates": [ [ 51.6, 26.3 ], [ 52.1, 24.7 ] ] } },
{ "type": "Feature", "properties": { "id": 1540 }, "geometry": { "type": "LineString", "coordinates": [ [ 52.1, 24.7 ], [ 53.8, 24.7 ] ] } },
{ "type": "Feature", "properties": { "id": 1541 }, "geometry": { "type": "LineString", "coordinates": [ [ 52.3, 11.6 ], [ 55.5809, 15.8264 ], [ 59.0, 20.0 ] ] } },
{ "type": "Feature", "properties": { "id": 1542 }, "geometry": { "type": "LineString", "coordinates": [ [ 52.3, 11.6 ], [ 54.6647, 8.8968 ], [ 56.3534, 5.8985 ], [ 58.1852, 2.9526 ], [ 60.0, -0.00002 ] ] } },
{ "type": "Feature", "properties": { "id": 1543 }, "geometry": { "type": "LineString", "coordinates": [ [ 52.3, 11.6 ], [ 54.8791, 9.267 ], [ 57.4241, 6.9159 ], [ 59.9438, 4.5513 ], [ 62.4469, 2.1781 ], [ 64.9421, -0.1993 ], [ 67.43857380612377, -2.57744285759903 ], [ 67.942885763247688, -7.985367643046013 ], [ 70.000000031224189, -10.000000067776476 ] ] } },
{ "type": "Feature", "properties": { "id": 1544 }, "geometry": { "type": "LineString", "coordinates": [ [ 52.3, 11.6 ], [ 56.1603, 10.8228 ], [ 60.0, 10.0 ] ] } },
{ "type": "Feature", "properties": { "id": 1545 }, "geometry": { "type": "LineString", "coordinates": [ [ 53.8, 24.7 ], [ 55.2, 25.6 ] ] } },
{ "type": "Feature", "properties": { "id": 1546 }, "geometry": { "type": "LineString", "coordinates": [ [ -150.0, -50.0 ], [ -144.563, -45.1104 ], [ -140.0, -40.0 ] ] } },
{ "type": "Feature", "properties": { "id": 1547 }, "geometry": { "type": "LineString", "coordinates": [ [ 59.0, 20.0 ], [ 54.2, 16.2 ] ] } },
{ "type": "Feature", "properties": { "id": 1548 }, "geometry": { "type": "LineString", "coordinates": [ [ 55.2, 25.6 ], [ 56.4, 26.4 ] ] } },
{ "type": "Feature", "properties": { "id": 1549 }, "geometry": { "type": "LineString", "coordinates": [ [ 55.3, -4.6 ], [ 60.0, -0.00002 ] ] } },
{ "type": "Feature", "properties": { "id": 1550 }, "geometry": { "type": "LineString", "coordinates": [ [ 55.3, -4.6 ], [ 57.6398, -7.2981 ], [ 60.0, -10.0 ] ] } },
{ "type": "Feature", "properties": { "id": 1551 }, "geometry": { "type": "LineString", "coordinates": [ [ 57.1, 25.5 ], [ 59.0, 24.0 ] ] } },
{ "type": "Feature", "properties": { "id": 1552 }, "geometry": { "type": "LineString", "coordinates": [ [ 57.1, 25.5 ], [ 63.3, 24.6 ] ] } },
{ "type": "Feature", "properties": { "id": 1553 }, "geometry": { "type": "LineString", "coordinates": [ [ 58.0, -20.7 ], [ 64.013, -20.4515 ], [ 70.0, -20.0 ] ] } },
{ "type": "Feature", "properties": { "id": 1554 }, "geometry": { "type": "LineString", "coordinates": [ [ -150.0, -50.0 ], [ -149.997, -45.0022 ], [ -150.0, -40.0 ] ] } },
{ "type": "Feature", "properties": { "id": 1555 }, "geometry": { "type": "LineString", "coordinates": [ [ 58.0, -20.7 ], [ 61.1223, -18.0902 ], [ 64.1532, -15.4312 ], [ 67.1075, -12.7318 ], [ 70.0, -10.0 ] ] } },
{ "type": "Feature", "properties": { "id": 1556 }, "geometry": { "type": "LineString", "coordinates": [ [ 58.0, -20.7 ], [ 75.279490089847144, -10.000715337847122 ], [ 81.9, 5.9 ] ] } },
{ "type": "Feature", "properties": { "id": 1557 }, "geometry": { "type": "LineString", "coordinates": [ [ 58.0, -20.7 ], [ 59.0261, -15.3536 ], [ 60.0, -10.0 ] ] } },
{ "type": "Feature", "properties": { "id": 1558 }, "geometry": { "type": "LineString", "coordinates": [ [ 58.0, -20.7 ], [ 58.963, -25.3546 ], [ 60.0, -30.0 ] ] } },
{ "type": "Feature", "properties": { "id": 1559 }, "geometry": { "type": "LineString", "coordinates": [ [ 58.0, -20.7 ], [ 60.921, -23.0068 ], [ 63.8882, -25.3268 ], [ 66.9107, -27.659 ], [ 70.0, -30.0 ] ] } },
{ "type": "Feature", "properties": { "id": 1560 }, "geometry": { "type": "LineString", "coordinates": [ [ -120.0, -50.0 ], [ -93.0, -53.0 ], [ -71.385, -55.3608 ], [ -105.55, -53.0 ], [ -150.0, -50.0 ] ] } },
{ "type": "Feature", "properties": { "id": 1561 }, "geometry": { "type": "LineString", "coordinates": [ [ 60.4, 22.7 ], [ 59.0, 24.0 ] ] } },
{ "type": "Feature", "properties": { "id": 1562 }, "geometry": { "type": "LineString", "coordinates": [ [ 70.0, 20.0 ], [ 64.5005, 20.0838 ], [ 59.0, 20.0 ] ] } },
{ "type": "Feature", "properties": { "id": 1563 }, "geometry": { "type": "LineString", "coordinates": [ [ 60.4, 22.7 ], [ 59.0, 20.0 ] ] } },
{ "type": "Feature", "properties": { "id": 1564 }, "geometry": { "type": "LineString", "coordinates": [ [ 59.0, 20.0 ], [ 59.5107, 15.0015 ], [ 60.0, 10.0 ] ] } },
{ "type": "Feature", "properties": { "id": 1565 }, "geometry": { "type": "LineString", "coordinates": [ [ 59.0, 20.0 ], [ 61.6475, 17.284 ], [ 64.5965, 15.0326 ], [ 67.3246, 12.5298 ], [ 70.0, 10.0 ] ] } },
{ "type": "Feature", "properties": { "id": 1566 }, "geometry": { "type": "LineString", "coordinates": [ [ 70.0, -40.0 ], [ 65.437, -45.1105 ], [ 60.0, -50.0 ] ] } },
{ "type": "Feature", "properties": { "id": 1567 }, "geometry": { "type": "LineString", "coordinates": [ [ 60.0, -40.0 ], [ 60.003, -45.0022 ], [ 60.0, -50.0 ] ] } },
{ "type": "Feature", "properties": { "id": 1568 }, "geometry": { "type": "LineString", "coordinates": [ [ 70.0, -50.0 ], [ 60.0, -50.0 ] ] } },
{ "type": "Feature", "properties": { "id": 1569 }, "geometry": { "type": "LineString", "coordinates": [ [ 70.0, -0.00003 ], [ 65.0, -0.00001 ], [ 60.0, -0.00002 ] ] } },
{ "type": "Feature", "properties": { "id": 1570 }, "geometry": { "type": "LineString", "coordinates": [ [ -150.0, -40.0 ], [ -144.6948, -35.1041 ], [ -140.0, -30.0 ] ] } },
{ "type": "Feature", "properties": { "id": 1571 }, "geometry": { "type": "LineString", "coordinates": [ [ 60.0, -0.00002 ], [ 62.4763, 2.512 ], [ 64.9621, 5.0192 ], [ 67.4667, 7.5169 ], [ 70.0, 10.0 ] ] } },
{ "type": "Feature", "properties": { "id": 1572 }, "geometry": { "type": "LineString", "coordinates": [ [ 60.0, -0.00002 ], [ 59.9997, 5.0004 ], [ 60.0, 10.0 ] ] } },
{ "type": "Feature", "properties": { "id": 1573 }, "geometry": { "type": "LineString", "coordinates": [ [ 60.0, -10.0 ], [ 60.0002, -5.0004 ], [ 60.0, -0.00002 ] ] } },
{ "type": "Feature", "properties": { "id": 1574 }, "geometry": { "type": "LineString", "coordinates": [ [ 70.0, -10.0 ], [ 67.942885793938075, -7.985367612355629 ], [ 67.4663, -7.5167 ], [ 64.9616, -5.019 ], [ 62.4761, -2.5119 ], [ 60.0, -0.00002 ] ] } },
{ "type": "Feature", "properties": { "id": 1575 }, "geometry": { "type": "LineString", "coordinates": [ [ 60.0, -40.0 ], [ 65.3052, -35.1041 ], [ 70.0, -30.0 ] ] } },
{ "type": "Feature", "properties": { "id": 1576 }, "geometry": { "type": "LineString", "coordinates": [ [ 60.0, -40.0 ], [ 60.0021, -35.0021 ], [ 60.0, -30.0 ] ] } },
{ "type": "Feature", "properties": { "id": 1577 }, "geometry": { "type": "LineString", "coordinates": [ [ 60.0, -40.0 ], [ 64.7133, -45.0334 ], [ 70.0, -50.0 ] ] } },
{ "type": "Feature", "properties": { "id": 1578 }, "geometry": { "type": "LineString", "coordinates": [ [ 70.0, -40.0 ], [ 64.9996, -40.1068 ], [ 60.0, -40.0 ] ] } },
{ "type": "Feature", "properties": { "id": 1579 }, "geometry": { "type": "LineString", "coordinates": [ [ 60.0, -30.0 ], [ 65.2028, -25.085 ], [ 70.0, -20.0 ] ] } },
{ "type": "Feature", "properties": { "id": 1580 }, "geometry": { "type": "LineString", "coordinates": [ [ 70.0, -40.0 ], [ 64.6929, -35.1023 ], [ 60.0, -30.0 ] ] } },
{ "type": "Feature", "properties": { "id": 1581 }, "geometry": { "type": "LineString", "coordinates": [ [ -150.0, -40.0 ], [ -149.9977, -35.0021 ], [ -150.0, -30.0 ] ] } },
{ "type": "Feature", "properties": { "id": 1582 }, "geometry": { "type": "LineString", "coordinates": [ [ 70.0, -30.0 ], [ 64.9995, -30.0935 ], [ 60.0, -30.0 ] ] } },
{ "type": "Feature", "properties": { "id": 1583 }, "geometry": { "type": "LineString", "coordinates": [ [ 60.0, -10.0 ], [ 62.5333, -7.5169 ], [ 65.0379, -5.0193 ], [ 67.438573806123756, -2.577442859517176 ], [ 70.0, -0.00003 ] ] } },
{ "type": "Feature", "properties": { "id": 1584 }, "geometry": { "type": "LineString", "coordinates": [ [ 60.0, -10.0 ], [ 62.4173, -12.5384 ], [ 64.029700002674446, -14.187299997179231 ], [ 64.8825, -15.0547 ], [ 67.4063, -17.5438 ], [ 70.0, -20.0 ] ] } },
{ "type": "Feature", "properties": { "id": 1585 }, "geometry": { "type": "LineString", "coordinates": [ [ 70.0, -10.0 ], [ 64.9998, -10.0367 ], [ 60.0, -10.0 ] ] } },
{ "type": "Feature", "properties": { "id": 1586 }, "geometry": { "type": "LineString", "coordinates": [ [ 60.0, 10.0 ], [ 65.0002, 10.0367 ], [ 70.0, 10.0 ] ] } },
{ "type": "Feature", "properties": { "id": 1587 }, "geometry": { "type": "LineString", "coordinates": [ [ 70.0, -0.00003 ], [ 67.5239, 2.5119 ], [ 65.0384, 5.019 ], [ 62.5336, 7.5167 ], [ 60.0, 10.0 ] ] } },
{ "type": "Feature", "properties": { "id": 1588 }, "geometry": { "type": "LineString", "coordinates": [ [ 60.0, 10.0 ], [ 63.8144, 8.6333 ], [ 67.6015, 7.2332 ], [ 71.3657, 5.8054 ], [ 75.1112, 4.3558 ], [ 78.8426, 2.8901 ], [ 82.5647, 1.4138 ], [ 86.2822, -0.0677 ], [ 90.0, -1.5488 ], [ 90.0001, -1.549 ], [ 93.4837, -2.9304 ], [ 96.9757, -4.3025 ], [ 100.4799, -5.6605 ], [ 104.0, -7.0 ] ] } },
{ "type": "Feature", "properties": { "id": 1589 }, "geometry": { "type": "LineString", "coordinates": [ [ 60.4, 22.7 ], [ 63.3, 24.6 ] ] } },
{ "type": "Feature", "properties": { "id": 1590 }, "geometry": { "type": "LineString", "coordinates": [ [ -140.0, -50.0 ], [ -145.2822, -45.0312 ], [ -150.0, -40.0 ] ] } },
{ "type": "Feature", "properties": { "id": 1591 }, "geometry": { "type": "LineString", "coordinates": [ [ 66.6, 24.3 ], [ 63.3, 24.6 ] ] } },
{ "type": "Feature", "properties": { "id": 1592 }, "geometry": { "type": "LineString", "coordinates": [ [ 70.0, 10.0 ], [ 64.0297, -14.1873 ], [ 64.9616, -5.019 ] ] } },
{ "type": "Feature", "properties": { "id": 1593 }, "geometry": { "type": "LineString", "coordinates": [ [ 67.0, 22.3 ], [ 66.6, 24.3 ] ] } },
{ "type": "Feature", "properties": { "id": 1594 }, "geometry": { "type": "LineString", "coordinates": [ [ 70.0, -40.0 ], [ 75.3052, -35.1041 ], [ 80.0, -30.0 ] ] } },
{ "type": "Feature", "properties": { "id": 1595 }, "geometry": { "type": "LineString", "coordinates": [ [ 70.0, -40.0 ], [ 70.0021, -35.0021 ], [ 70.0, -30.0 ] ] } },
{ "type": "Feature", "properties": { "id": 1596 }, "geometry": { "type": "LineString", "coordinates": [ [ 70.0, -40.0 ], [ 70.003, -45.0022 ], [ 70.0, -50.0 ] ] } },
{ "type": "Feature", "properties": { "id": 1597 }, "geometry": { "type": "LineString", "coordinates": [ [ 70.0, -40.0 ], [ 74.7159, -45.0321 ], [ 80.0, -50.0 ] ] } },
{ "type": "Feature", "properties": { "id": 1598 }, "geometry": { "type": "LineString", "coordinates": [ [ 80.0, -40.0 ], [ 74.9996, -40.1067 ], [ 70.0, -40.0 ] ] } },
{ "type": "Feature", "properties": { "id": 1599 }, "geometry": { "type": "LineString", "coordinates": [ [ -150.0, -40.0 ], [ -145.0004, -40.1068 ], [ -140.0, -40.0 ] ] } },
{ "type": "Feature", "properties": { "id": 1600 }, "geometry": null },
{ "type": "Feature", "properties": { "id": 1601 }, "geometry": { "type": "LineString", "coordinates": [ [ 70.0, -0.00003 ], [ 67.733720367068784, -5.760978357071767 ], [ 67.942885763247688, -7.985367550974863 ], [ 70.0, -10.0 ] ] } },
{ "type": "Feature", "properties": { "id": 1602 }, "geometry": { "type": "LineString", "coordinates": [ [ 70.0, -10.0 ], [ 70.0008, -15.0011 ], [ 70.0, -20.0 ] ] } },
{ "type": "Feature", "properties": { "id": 1603 }, "geometry": { "type": "LineString", "coordinates": [ [ 70.0, -10.0 ], [ 72.4173, -12.5384 ], [ 74.8825, -15.0547 ], [ 77.4063, -17.5438 ], [ 80.0, -20.0 ] ] } },
{ "type": "Feature", "properties": { "id": 1604 }, "geometry": { "type": "LineString", "coordinates": [ [ 80.0, -10.0 ], [ 72.17, -11.04 ], [ 70.0, -10.0 ] ] } },
{ "type": "Feature", "properties": { "id": 1605 }, "geometry": { "type": "LineString", "coordinates": [ [ -170.0, 40.0 ], [ -174.9996, 40.1067 ], [ -180.0, 40.0 ] ] } },
{ "type": "Feature", "properties": { "id": 1606 }, "geometry": { "type": "LineString", "coordinates": [ [ 70.0, 20.0 ], [ 69.9992, 15.0011 ], [ 70.0, 10.0 ] ] } },
{ "type": "Feature", "properties": { "id": 1607 }, "geometry": { "type": "LineString", "coordinates": [ [ 70.0, 20.0 ], [ 72.4, 19.0 ] ] } },
{ "type": "Feature", "properties": { "id": 1608 }, "geometry": { "type": "LineString", "coordinates": [ [ 80.0, -40.0 ], [ 75.437, -45.1105 ], [ 70.0, -50.0 ] ] } },
{ "type": "Feature", "properties": { "id": 1609 }, "geometry": { "type": "LineString", "coordinates": [ [ 80.0, -50.0 ], [ 70.0, -50.0 ] ] } },
{ "type": "Feature", "properties": { "id": 1610 }, "geometry": { "type": "LineString", "coordinates": [ [ 70.0, -30.0 ], [ 75.2028, -25.085 ], [ 80.0, -20.0 ] ] } },
{ "type": "Feature", "properties": { "id": 1611 }, "geometry": { "type": "LineString", "coordinates": [ [ 70.0, -30.0 ], [ 70.0014, -25.0017 ], [ 70.0, -20.0 ] ] } },
{ "type": "Feature", "properties": { "id": 1612 }, "geometry": { "type": "LineString", "coordinates": [ [ -150.0, -30.0 ], [ -144.7972, -25.085 ], [ -140.0, -20.0 ] ] } },
{ "type": "Feature", "properties": { "id": 1613 }, "geometry": { "type": "LineString", "coordinates": [ [ 80.0, -40.0 ], [ 74.6929, -35.1023 ], [ 70.0, -30.0 ] ] } },
{ "type": "Feature", "properties": { "id": 1614 }, "geometry": { "type": "LineString", "coordinates": [ [ 80.0, -30.0 ], [ 74.9995, -30.0935 ], [ 70.0, -30.0 ] ] } },
{ "type": "Feature", "properties": { "id": 1615 }, "geometry": { "type": "LineString", "coordinates": [ [ 70.0, -20.0 ], [ 78.9074, -16.3606 ], [ 88.4215, -12.7458 ], [ 104.0, -7.0 ] ] } },
{ "type": "Feature", "properties": { "id": 1616 }, "geometry": { "type": "LineString", "coordinates": [ [ 80.0, -10.0 ], [ 77.5818, -12.5389 ], [ 75.1163, -15.0555 ], [ 72.5927, -17.5444 ], [ 70.0, -20.0 ] ] } },
{ "type": "Feature", "properties": { "id": 1617 }, "geometry": { "type": "LineString", "coordinates": [ [ 80.0, -30.0 ], [ 74.7955, -25.0836 ], [ 70.0, -20.0 ] ] } },
{ "type": "Feature", "properties": { "id": 1618 }, "geometry": { "type": "LineString", "coordinates": [ [ 70.0, -20.0 ], [ 74.9996, -20.0692 ], [ 80.0, -20.0 ] ] } },
{ "type": "Feature", "properties": { "id": 1619 }, "geometry": { "type": "LineString", "coordinates": [ [ 73.0, 4.0 ], [ 70.0, -0.00003 ] ] } },
{ "type": "Feature", "properties": { "id": 1620 }, "geometry": { "type": "LineString", "coordinates": [ [ 70.0, -0.00003 ], [ 69.9997, 5.0004 ], [ 70.0, 10.0 ] ] } },
{ "type": "Feature", "properties": { "id": 1621 }, "geometry": { "type": "LineString", "coordinates": [ [ 76.314314568367578, -5.401373367427361 ], [ 75.098719067912171, -3.200228640087984 ], [ 70.0, -0.00003 ] ] } },
{ "type": "Feature", "properties": { "id": 1622 }, "geometry": { "type": "LineString", "coordinates": [ [ -149.7, -17.4 ], [ -149.8408, -23.7027 ], [ -150.0, -30.0 ] ] } },
{ "type": "Feature", "properties": { "id": 1623 }, "geometry": { "type": "LineString", "coordinates": [ [ 73.0, 4.0 ], [ 70.0, 10.0 ] ] } },
{ "type": "Feature", "properties": { "id": 1624 }, "geometry": { "type": "LineString", "coordinates": [ [ 75.3, 9.7 ], [ 70.0, 10.0 ] ] } },
{ "type": "Feature", "properties": { "id": 1625 }, "geometry": { "type": "LineString", "coordinates": [ [ 72.2716, 73.7425 ], [ 76.2267, 73.7178 ], [ 78.424, 73.2304 ], [ 78.8634, 72.5846 ], [ 82.4669, 71.9829 ] ] } },
{ "type": "Feature", "properties": { "id": 1626 }, "geometry": { "type": "LineString", "coordinates": [ [ 73.0, 15.3 ], [ 72.4, 19.0 ] ] } },
{ "type": "Feature", "properties": { "id": 1627 }, "geometry": { "type": "LineString", "coordinates": [ [ 80.0, -0.00002 ], [ 77.038391807963535, -4.234804195564529 ], [ 76.314315059413715, -5.401373612950427 ] ] } },
{ "type": "Feature", "properties": { "id": 1628 }, "geometry": { "type": "LineString", "coordinates": [ [ 81.9, 5.9 ], [ 79.5389, 2.5982 ], [ 77.76246909828609, -1.298268518145229 ], [ 76.314314517640966, -5.401373163306442 ], [ 75.279490212608678, -10.000715092324057 ], [ 72.169999022156873, -11.039999742853015 ] ] } },
{ "type": "Feature", "properties": { "id": 1629 }, "geometry": { "type": "LineString", "coordinates": [ [ 90.0001, -19.8765 ], [ 95.7896, -23.7602 ], [ 101.8471, -27.5522 ], [ 108.2647, -31.1741 ], [ 115.133, -34.533 ] ] } },
{ "type": "Feature", "properties": { "id": 1630 }, "geometry": { "type": "LineString", "coordinates": [ [ 115.133, -34.533 ], [ 108.2647, -31.1741 ], [ 101.8471, -27.5522 ], [ 95.7896, -23.7602 ], [ 90.0, -19.8767 ], [ 90.0, -19.8764 ], [ 84.440070775705323, -17.388874969757829 ], [ 75.831596324092587, -12.60191955040308 ], [ 72.17000245947979, -11.040000233899146 ] ] } },
{ "type": "Feature", "properties": { "id": 1631 }, "geometry": { "type": "LineString", "coordinates": [ [ 76.314314518975181, -5.401373165062645 ], [ 78.044054711189318, -7.73451109879027 ], [ 80.0, -10.0 ] ] } },
{ "type": "Feature", "properties": { "id": 1632 }, "geometry": { "type": "LineString", "coordinates": [ [ 80.1, 5.8 ], [ 76.5453, 4.9093 ], [ 73.0, 4.0 ] ] } },
{ "type": "Feature", "properties": { "id": 1633 }, "geometry": { "type": "LineString", "coordinates": [ [ -150.0, -30.0 ], [ -145.3071, -35.1023 ], [ -140.0, -40.0 ] ] } },
{ "type": "Feature", "properties": { "id": 1634 }, "geometry": { "type": "LineString", "coordinates": [ [ 80.0, -0.00002 ], [ 76.5036, 2.0022 ], [ 73.0, 4.0 ] ] } },
{ "type": "Feature", "properties": { "id": 1635 }, "geometry": { "type": "LineString", "coordinates": [ [ 74.3, 12.4 ], [ 73.0, 15.3 ] ] } },
{ "type": "Feature", "properties": { "id": 1636 }, "geometry": { "type": "LineString", "coordinates": [ [ 75.3, 9.7 ], [ 74.3, 12.4 ] ] } },
{ "type": "Feature", "properties": { "id": 1637 }, "geometry": { "type": "LineString", "coordinates": [ [ 77.0, 8.0 ], [ 75.3, 9.7 ] ] } },
{ "type": "Feature", "properties": { "id": 1638 }, "geometry": { "type": "LineString", "coordinates": [ [ 80.1, 5.8 ], [ 77.0, 8.0 ] ] } },
{ "type": "Feature", "properties": { "id": 1639 }, "geometry": { "type": "LineString", "coordinates": [ [ 80.0, -50.0 ], [ 90.0, -50.0 ] ] } },
{ "type": "Feature", "properties": { "id": 1640 }, "geometry": { "type": "LineString", "coordinates": [ [ 90.0, -40.0 ], [ 85.437, -45.1104 ], [ 80.0, -50.0 ] ] } },
{ "type": "Feature", "properties": { "id": 1641 }, "geometry": { "type": "LineString", "coordinates": [ [ 80.0, -40.0 ], [ 80.003, -45.0022 ], [ 80.0, -50.0 ] ] } },
{ "type": "Feature", "properties": { "id": 1642 }, "geometry": { "type": "LineString", "coordinates": [ [ 80.0, -40.0 ], [ 85.3052, -35.1041 ], [ 90.0, -30.0 ] ] } },
{ "type": "Feature", "properties": { "id": 1643 }, "geometry": { "type": "LineString", "coordinates": [ [ -140.0, -30.0 ], [ -145.0005, -30.0935 ], [ -150.0, -30.0 ] ] } },
{ "type": "Feature", "properties": { "id": 1644 }, "geometry": { "type": "LineString", "coordinates": [ [ 80.0, -40.0 ], [ 80.0021, -35.0021 ], [ 80.0, -30.0 ] ] } },
{ "type": "Feature", "properties": { "id": 1645 }, "geometry": { "type": "LineString", "coordinates": [ [ 80.0, -40.0 ], [ 84.7154, -45.0324 ], [ 90.0, -50.0 ] ] } },
{ "type": "Feature", "properties": { "id": 1646 }, "geometry": { "type": "LineString", "coordinates": [ [ 90.0, -40.0 ], [ 84.9996, -40.1068 ], [ 80.0, -40.0 ] ] } },
{ "type": "Feature", "properties": { "id": 1647 }, "geometry": { "type": "LineString", "coordinates": [ [ 80.0, -30.0 ], [ 85.2028, -25.085 ], [ 90.0, -20.0 ] ] } },
{ "type": "Feature", "properties": { "id": 1648 }, "geometry": { "type": "LineString", "coordinates": [ [ 80.0, -30.0 ], [ 80.0014, -25.0017 ], [ 80.0, -20.0 ] ] } },
{ "type": "Feature", "properties": { "id": 1649 }, "geometry": { "type": "LineString", "coordinates": [ [ 90.0, -40.0 ], [ 84.6929, -35.1023 ], [ 80.0, -30.0 ] ] } },
{ "type": "Feature", "properties": { "id": 1650 }, "geometry": { "type": "LineString", "coordinates": [ [ 90.0, -30.0 ], [ 84.9995, -30.0935 ], [ 80.0, -30.0 ] ] } },
{ "type": "Feature", "properties": { "id": 1651 }, "geometry": { "type": "LineString", "coordinates": [ [ 90.0, -10.0 ], [ 87.5819, -12.5389 ], [ 85.1163, -15.0555 ], [ 82.5927, -17.5444 ], [ 80.0, -20.0 ] ] } },
{ "type": "Feature", "properties": { "id": 1652 }, "geometry": { "type": "LineString", "coordinates": [ [ 80.0, -10.0 ], [ 80.0008, -15.0011 ], [ 80.0, -20.0 ] ] } },
{ "type": "Feature", "properties": { "id": 1653 }, "geometry": { "type": "LineString", "coordinates": [ [ 90.0, -30.0 ], [ 84.7955, -25.0836 ], [ 80.0, -20.0 ] ] } },
{ "type": "Feature", "properties": { "id": 1654 }, "geometry": { "type": "LineString", "coordinates": [ [ -150.0, -10.0 ], [ -147.4667, -7.5169 ], [ -144.9621, -5.0193 ], [ -142.4763, -2.512 ], [ -140.0, -0.00001 ] ] } },
{ "type": "Feature", "properties": { "id": 1655 }, "geometry": { "type": "LineString", "coordinates": [ [ 90.0, -20.0 ], [ 84.9996, -20.0692 ], [ 80.0, -20.0 ] ] } },
{ "type": "Feature", "properties": { "id": 1656 }, "geometry": { "type": "LineString", "coordinates": [ [ 90.0, -0.00001 ], [ 87.5237, -2.512 ], [ 85.0379, -5.0193 ], [ 82.5332, -7.5169 ], [ 80.0, -10.0 ] ] } },
{ "type": "Feature", "properties": { "id": 1657 }, "geometry": { "type": "LineString", "coordinates": [ [ 80.0, -0.00002 ], [ 80.0003, -5.0004 ], [ 80.0, -10.0 ] ] } },
{ "type": "Feature", "properties": { "id": 1658 }, "geometry": { "type": "LineString", "coordinates": [ [ 80.0, -10.0 ], [ 82.4173, -12.5384 ], [ 84.8825, -15.0547 ], [ 87.4063, -17.5438 ], [ 90.0, -20.0 ] ] } },
{ "type": "Feature", "properties": { "id": 1659 }, "geometry": { "type": "LineString", "coordinates": [ [ 90.0, -10.0 ], [ 84.9998, -10.0367 ], [ 80.0, -10.0 ] ] } },
{ "type": "Feature", "properties": { "id": 1660 }, "geometry": { "type": "LineString", "coordinates": [ [ 90.0, -0.00001 ], [ 85.0, -0.00001 ], [ 80.0, -0.00002 ] ] } },
{ "type": "Feature", "properties": { "id": 1661 }, "geometry": { "type": "LineString", "coordinates": [ [ 80.0, -0.00002 ], [ 81.9, 5.9 ] ] } },
{ "type": "Feature", "properties": { "id": 1662 }, "geometry": { "type": "LineString", "coordinates": [ [ 80.0, -0.00002 ], [ 82.4761, -2.5119 ], [ 84.9616, -5.019 ], [ 87.4664, -7.5167 ], [ 90.0, -10.0 ] ] } },
{ "type": "Feature", "properties": { "id": 1663 }, "geometry": { "type": "LineString", "coordinates": [ [ 80.1, 5.8 ], [ 81.9, 5.9 ] ] } },
{ "type": "Feature", "properties": { "id": 1664 }, "geometry": { "type": "LineString", "coordinates": [ [ -150.0, -10.0 ], [ -149.9998, -5.0004 ], [ -150.0, -0.00003 ] ] } },
{ "type": "Feature", "properties": { "id": 1665 }, "geometry": { "type": "LineString", "coordinates": [ [ 82.0, 16.0 ], [ 81.0, 13.0 ] ] } },
{ "type": "Feature", "properties": { "id": 1666 }, "geometry": { "type": "LineString", "coordinates": [ [ 81.0, 13.0 ], [ 82.25, 7.25 ] ] } },
{ "type": "Feature", "properties": { "id": 1667 }, "geometry": { "type": "LineString", "coordinates": [ [ 81.0, 13.0 ], [ 94.0, 6.7 ] ] } },
{ "type": "Feature", "properties": { "id": 1668 }, "geometry": { "type": "LineString", "coordinates": [ [ 81.9, 5.9 ], [ 85.9479, 6.1983 ], [ 90.0001, 6.4665 ], [ 90.0, 6.4664 ], [ 94.0, 6.7 ] ] } },
{ "type": "Feature", "properties": { "id": 1669 }, "geometry": { "type": "LineString", "coordinates": [ [ 81.9, 5.9 ], [ 82.25, 7.25 ] ] } },
{ "type": "Feature", "properties": { "id": 1670 }, "geometry": { "type": "LineString", "coordinates": [ [ 82.25, 7.25 ], [ 81.9556, 6.1175 ], [ 81.9, 5.9 ] ] } },
{ "type": "Feature", "properties": { "id": 1671 }, "geometry": { "type": "LineString", "coordinates": [ [ 90.0, -0.00001 ], [ 85.9563, 2.95 ], [ 81.9, 5.9 ] ] } },
{ "type": "Feature", "properties": { "id": 1672 }, "geometry": { "type": "LineString", "coordinates": [ [ 88.0, 21.0 ], [ 84.9566, 18.5238 ], [ 82.0, 16.0 ] ] } },
{ "type": "Feature", "properties": { "id": 1673 }, "geometry": { "type": "LineString", "coordinates": [ [ 88.0, 13.0 ], [ 82.0, 16.0 ] ] } },
{ "type": "Feature", "properties": { "id": 1674 }, "geometry": { "type": "LineString", "coordinates": [ [ 88.0, 13.0 ], [ 85.0995, 10.1376 ], [ 82.25, 7.25 ] ] } },
{ "type": "Feature", "properties": { "id": 1675 }, "geometry": { "type": "LineString", "coordinates": [ [ 91.6295, 21.7994 ], [ 82.25, 7.25 ] ] } },
{ "type": "Feature", "properties": { "id": 1676 }, "geometry": { "type": "LineString", "coordinates": [ [ 88.0, 21.0 ], [ 86.491, 17.5782 ], [ 85.038, 14.1441 ], [ 83.6282, 10.7006 ], [ 82.25, 7.25 ] ] } },
{ "type": "Feature", "properties": { "id": 1677 }, "geometry": { "type": "LineString", "coordinates": [ [ -149.7, -17.4 ], [ -149.8519, -13.7006 ], [ -150.0, -10.0 ] ] } },
{ "type": "Feature", "properties": { "id": 1678 }, "geometry": { "type": "LineString", "coordinates": [ [ 83.3898, 17.6221 ], [ 97.0, 7.0 ] ] } },
{ "type": "Feature", "properties": { "id": 1679 }, "geometry": { "type": "LineString", "coordinates": [ [ 93.3, 14.4 ], [ 90.0, 13.5432 ], [ 90.0001, 13.5434 ], [ 88.0, 13.0 ] ] } },
{ "type": "Feature", "properties": { "id": 1680 }, "geometry": { "type": "LineString", "coordinates": [ [ 94.0, 6.7 ], [ 90.0001, 10.9397 ], [ 90.0, 10.9399 ], [ 88.0, 13.0 ] ] } },
{ "type": "Feature", "properties": { "id": 1681 }, "geometry": { "type": "LineString", "coordinates": [ [ 88.0, 21.0 ], [ 90.0001, 21.6741 ], [ 90.0, 21.674 ] ] } },
{ "type": "Feature", "properties": { "id": 1682 }, "geometry": { "type": "LineString", "coordinates": [ [ 93.3, 14.4 ], [ 88.0, 21.0 ] ] } },
{ "type": "Feature", "properties": { "id": 1683 }, "geometry": { "type": "LineString", "coordinates": [ [ 90.0, -50.0 ], [ 90.0, -50.0 ] ] } },
{ "type": "Feature", "properties": { "id": 1684 }, "geometry": { "type": "LineString", "coordinates": [ [ 90.0, -40.0 ], [ 90.0031, -45.0022 ], [ 90.0, -50.0 ] ] } },
{ "type": "Feature", "properties": { "id": 1685 }, "geometry": { "type": "LineString", "coordinates": [ [ 90.0, -40.0 ], [ 90.0021, -35.0021 ], [ 90.0, -30.0 ] ] } },
{ "type": "Feature", "properties": { "id": 1686 }, "geometry": { "type": "LineString", "coordinates": [ [ 90.0, -40.0 ], [ 90.0, -40.0 ] ] } },
{ "type": "Feature", "properties": { "id": 1687 }, "geometry": { "type": "LineString", "coordinates": [ [ 90.0, -30.0 ], [ 90.0014, -25.0017 ], [ 90.0, -20.0 ] ] } },
{ "type": "Feature", "properties": { "id": 1688 }, "geometry": { "type": "LineString", "coordinates": [ [ 90.0, -30.0 ], [ 90.0, -30.0 ] ] } },
{ "type": "Feature", "properties": { "id": 1689 }, "geometry": { "type": "LineString", "coordinates": [ [ 90.0, -10.0 ], [ 90.0008, -15.0011 ], [ 90.0, -20.0 ] ] } },
{ "type": "Feature", "properties": { "id": 1690 }, "geometry": { "type": "LineString", "coordinates": [ [ 90.0, -20.0 ], [ 90.0, -20.0 ] ] } },
{ "type": "Feature", "properties": { "id": 1691 }, "geometry": { "type": "LineString", "coordinates": [ [ -150.0, -10.0 ], [ -147.5827, -12.5384 ], [ -145.1175, -15.0547 ], [ -142.5937, -17.5438 ], [ -140.0, -20.0 ] ] } },
{ "type": "Feature", "properties": { "id": 1692 }, "geometry": { "type": "LineString", "coordinates": [ [ 90.0, -0.00001 ], [ 90.0003, -5.0004 ], [ 90.0, -10.0 ] ] } },
{ "type": "Feature", "properties": { "id": 1693 }, "geometry": { "type": "LineString", "coordinates": [ [ 90.0, -0.00001 ], [ 90.0, -0.00003 ] ] } },
{ "type": "Feature", "properties": { "id": 1694 }, "geometry": { "type": "LineString", "coordinates": [ [ 100.0, -50.0 ], [ 90.0, -50.0 ] ] } },
{ "type": "Feature", "properties": { "id": 1695 }, "geometry": { "type": "LineString", "coordinates": [ [ 100.0, -40.0 ], [ 95.437, -45.1104 ], [ 90.0, -50.0 ] ] } },
{ "type": "Feature", "properties": { "id": 1696 }, "geometry": { "type": "LineString", "coordinates": [ [ 90.0, -40.0 ], [ 95.3052, -35.1041 ], [ 100.0, -30.0 ] ] } },
{ "type": "Feature", "properties": { "id": 1697 }, "geometry": { "type": "LineString", "coordinates": [ [ 90.0, -40.0 ], [ 94.7174, -45.0314 ], [ 100.0, -50.0 ] ] } },
{ "type": "Feature", "properties": { "id": 1698 }, "geometry": { "type": "LineString", "coordinates": [ [ 90.0, -40.0 ], [ 94.9996, -40.1068 ], [ 100.0, -40.0 ] ] } },
{ "type": "Feature", "properties": { "id": 1699 }, "geometry": { "type": "LineString", "coordinates": [ [ 90.0, -30.0 ], [ 95.2028, -25.085 ], [ 100.0, -20.0 ] ] } },
{ "type": "Feature", "properties": { "id": 1700 }, "geometry": { "type": "LineString", "coordinates": [ [ 90.0, -30.0 ], [ 94.6929, -35.1023 ], [ 100.0, -40.0 ] ] } },
{ "type": "Feature", "properties": { "id": 1701 }, "geometry": { "type": "LineString", "coordinates": [ [ 100.0, -30.0 ], [ 94.9995, -30.0935 ], [ 90.0, -30.0 ] ] } },
{ "type": "Feature", "properties": { "id": 1702 }, "geometry": { "type": "LineString", "coordinates": [ [ -140.0, -10.0 ], [ -145.0002, -10.0367 ], [ -150.0, -10.0 ] ] } },
{ "type": "Feature", "properties": { "id": 1703 }, "geometry": { "type": "LineString", "coordinates": [ [ 100.0, -10.0 ], [ 97.5819, -12.5389 ], [ 95.1163, -15.0555 ], [ 92.5927, -17.5444 ], [ 90.0, -20.0 ] ] } },
{ "type": "Feature", "properties": { "id": 1704 }, "geometry": { "type": "LineString", "coordinates": [ [ 100.0, -10.0 ], [ 97.1196, -12.9913 ], [ 90.0, -20.0 ] ] } },
{ "type": "Feature", "properties": { "id": 1705 }, "geometry": { "type": "LineString", "coordinates": [ [ 100.0, -30.0 ], [ 94.7955, -25.0836 ], [ 90.0, -20.0 ] ] } },
{ "type": "Feature", "properties": { "id": 1706 }, "geometry": { "type": "LineString", "coordinates": [ [ 90.0, -20.0 ], [ 94.9996, -20.0692 ], [ 100.0, -20.0 ] ] } },
{ "type": "Feature", "properties": { "id": 1707 }, "geometry": { "type": "LineString", "coordinates": [ [ 99.9, -1.4 ], [ 94.9868, -5.7214 ], [ 90.0, -10.0 ] ] } },
{ "type": "Feature", "properties": { "id": 1708 }, "geometry": { "type": "LineString", "coordinates": [ [ 90.0, -10.0 ], [ 92.4173, -12.5384 ], [ 94.8825, -15.0547 ], [ 97.4063, -17.5438 ], [ 100.0, -20.0 ] ] } },
{ "type": "Feature", "properties": { "id": 1709 }, "geometry": { "type": "LineString", "coordinates": [ [ 100.0, -10.0 ], [ 94.9998, -10.0367 ], [ 90.0, -10.0 ] ] } },
{ "type": "Feature", "properties": { "id": 1710 }, "geometry": { "type": "LineString", "coordinates": [ [ 90.0, -0.00003 ], [ 91.9932, 3.3521 ], [ 94.0, 6.7 ] ] } },
{ "type": "Feature", "properties": { "id": 1711 }, "geometry": { "type": "LineString", "coordinates": [ [ 90.0, -0.00003 ], [ 92.476, -2.5119 ], [ 94.9616, -5.019 ], [ 97.4664, -7.5167 ], [ 100.0, -10.0 ] ] } },
{ "type": "Feature", "properties": { "id": 1712 }, "geometry": { "type": "LineString", "coordinates": [ [ 90.0, -0.00003 ], [ 94.9492, -0.7025 ], [ 99.9, -1.4 ] ] } },
{ "type": "Feature", "properties": { "id": 1713 }, "geometry": { "type": "LineString", "coordinates": [ [ 90.0, 21.674 ], [ 91.0, 22.0 ] ] } },
{ "type": "Feature", "properties": { "id": 1714 }, "geometry": { "type": "LineString", "coordinates": [ [ -140.0, -0.00001 ], [ -145.0, -0.00003 ], [ -150.0, -0.00003 ] ] } },
{ "type": "Feature", "properties": { "id": 1715 }, "geometry": { "type": "LineString", "coordinates": [ [ 100.0, -10.0 ], [ 95.0611, -13.0972 ], [ 90.0001, -16.0982 ] ] } },
{ "type": "Feature", "properties": { "id": 1716 }, "geometry": { "type": "LineString", "coordinates": [ [ 100.0, -10.0 ], [ 96.7826, -11.942 ], [ 90.0001, -16.0982 ] ] } },
{ "type": "Feature", "properties": { "id": 1717 }, "geometry": { "type": "LineString", "coordinates": [ [ 104.0, -7.0 ], [ 100.4799, -5.6605 ], [ 96.9757, -4.3025 ], [ 93.4837, -2.9304 ], [ 90.0, -1.5491 ], [ 90.0001, -1.5489 ] ] } },
{ "type": "Feature", "properties": { "id": 1718 }, "geometry": { "type": "LineString", "coordinates": [ [ 93.3, 14.4 ], [ 92.0, 20.0 ] ] } },
{ "type": "Feature", "properties": { "id": 1719 }, "geometry": { "type": "LineString", "coordinates": [ [ -140.0, 40.0 ], [ -144.8826, 40.7555 ], [ -149.8621, 41.3037 ], [ -154.9099, 41.6367 ], [ -159.9932, 41.749 ], [ -165.0775, 41.6384 ], [ -170.128, 41.3066 ], [ -175.1119, 40.758 ], [ -180.0, 40.0 ] ] } },
{ "type": "Feature", "properties": { "id": 1720 }, "geometry": { "type": "LineString", "coordinates": [ [ 97.0, 16.0 ], [ 93.3, 14.4 ] ] } },
{ "type": "Feature", "properties": { "id": 1721 }, "geometry": { "type": "LineString", "coordinates": [ [ 97.0, 7.0 ], [ 95.1751, 10.7066 ], [ 93.3, 14.4 ] ] } },
{ "type": "Feature", "properties": { "id": 1722 }, "geometry": { "type": "LineString", "coordinates": [ [ 94.0, 6.7 ], [ 97.0, 7.0 ] ] } },
{ "type": "Feature", "properties": { "id": 1723 }, "geometry": { "type": "LineString", "coordinates": [ [ 94.0, 6.7 ], [ 96.5411, 2.462 ], [ 99.9, -1.4 ] ] } },
{ "type": "Feature", "properties": { "id": 1724 }, "geometry": { "type": "LineString", "coordinates": [ [ 97.0, 7.0 ], [ 97.0, 12.0 ] ] } },
{ "type": "Feature", "properties": { "id": 1725 }, "geometry": { "type": "LineString", "coordinates": [ [ -150.0, -0.00003 ], [ -147.5237, 2.512 ], [ -145.0379, 5.0192 ], [ -142.5333, 7.5169 ], [ -140.0, 10.0 ] ] } },
{ "type": "Feature", "properties": { "id": 1726 }, "geometry": { "type": "LineString", "coordinates": [ [ 100.6, 3.2 ], [ 97.0, 7.0 ] ] } },
{ "type": "Feature", "properties": { "id": 1727 }, "geometry": { "type": "LineString", "coordinates": [ [ 99.9, -1.4 ], [ 99.9499, -5.7003 ], [ 100.0, -10.0 ] ] } },
{ "type": "Feature", "properties": { "id": 1728 }, "geometry": { "type": "LineString", "coordinates": [ [ 104.0, -7.0 ], [ 101.6981, -4.3157 ], [ 99.9, -1.4 ] ] } },
{ "type": "Feature", "properties": { "id": 1729 }, "geometry": { "type": "LineString", "coordinates": [ [ 110.0, -50.0 ], [ 100.0, -50.0 ] ] } },
{ "type": "Feature", "properties": { "id": 1730 }, "geometry": { "type": "LineString", "coordinates": [ [ 100.0, -50.0 ], [ 105.437, -45.1104 ], [ 110.0, -40.0 ] ] } },
{ "type": "Feature", "properties": { "id": 1731 }, "geometry": { "type": "LineString", "coordinates": [ [ 100.0, -50.0 ], [ 100.003, -45.0022 ], [ 100.0, -40.0 ] ] } },
{ "type": "Feature", "properties": { "id": 1732 }, "geometry": { "type": "LineString", "coordinates": [ [ 115.133, -34.533 ], [ 107.8407, -37.5074 ], [ 100.0, -40.0 ] ] } },
{ "type": "Feature", "properties": { "id": 1733 }, "geometry": { "type": "LineString", "coordinates": [ [ 100.0, -40.0 ], [ 113.0, -23.5 ] ] } },
{ "type": "Feature", "properties": { "id": 1734 }, "geometry": { "type": "LineString", "coordinates": [ [ 100.0, -30.0 ], [ 100.0025, -35.0021 ], [ 100.0, -40.0 ] ] } },
{ "type": "Feature", "properties": { "id": 1735 }, "geometry": { "type": "LineString", "coordinates": [ [ -150.0, -0.00003 ], [ -150.0003, 5.0004 ], [ -150.0, 10.0 ] ] } },
{ "type": "Feature", "properties": { "id": 1736 }, "geometry": { "type": "LineString", "coordinates": [ [ 110.0, -50.0 ], [ 104.7175, -45.0313 ], [ 100.0, -40.0 ] ] } },
{ "type": "Feature", "properties": { "id": 1737 }, "geometry": { "type": "LineString", "coordinates": [ [ 110.0, -40.0 ], [ 104.9996, -40.1068 ], [ 100.0, -40.0 ] ] } },
{ "type": "Feature", "properties": { "id": 1738 }, "geometry": { "type": "LineString", "coordinates": [ [ 110.25, -8.7 ], [ 107.7771, -11.564 ], [ 105.2538, -14.4062 ], [ 102.6663, -17.2204 ], [ 100.0, -20.0 ] ] } },
{ "type": "Feature", "properties": { "id": 1739 }, "geometry": { "type": "LineString", "coordinates": [ [ 110.25, -8.7 ], [ 106.607, -12.8442 ], [ 100.0, -20.0 ] ] } },
{ "type": "Feature", "properties": { "id": 1740 }, "geometry": { "type": "LineString", "coordinates": [ [ 100.0, -10.0 ], [ 100.0008, -15.0011 ], [ 100.0, -20.0 ] ] } },
{ "type": "Feature", "properties": { "id": 1741 }, "geometry": { "type": "LineString", "coordinates": [ [ 100.0, -30.0 ], [ 100.0014, -25.0017 ], [ 100.0, -20.0 ] ] } },
{ "type": "Feature", "properties": { "id": 1742 }, "geometry": { "type": "LineString", "coordinates": [ [ 115.133, -34.533 ], [ 111.2953, -30.6963 ], [ 107.2114, -27.3526 ], [ 103.504, -23.7181 ], [ 100.0, -20.0 ] ] } },
{ "type": "Feature", "properties": { "id": 1743 }, "geometry": { "type": "LineString", "coordinates": [ [ 113.0, -23.5 ], [ 106.4209, -21.871 ], [ 100.0, -20.0 ] ] } },
{ "type": "Feature", "properties": { "id": 1744 }, "geometry": { "type": "LineString", "coordinates": [ [ 110.25, -8.7 ], [ 105.1343, -9.3864 ], [ 100.0, -10.0 ] ] } },
{ "type": "Feature", "properties": { "id": 1745 }, "geometry": { "type": "LineString", "coordinates": [ [ 100.0, -10.0 ], [ 105.5772, -9.3086 ], [ 110.25, -8.7 ] ] } },
{ "type": "Feature", "properties": { "id": 1746 }, "geometry": { "type": "LineString", "coordinates": [ [ 104.0, -7.0 ], [ 100.0, -10.0 ] ] } },
{ "type": "Feature", "properties": { "id": 1747 }, "geometry": { "type": "LineString", "coordinates": [ [ -140.0, -10.0 ], [ -142.5336, -7.5167 ], [ -145.0384, -5.019 ], [ -147.524, -2.5119 ], [ -150.0, -0.00003 ] ] } },
{ "type": "Feature", "properties": { "id": 1748 }, "geometry": { "type": "LineString", "coordinates": [ [ 113.0, -23.5 ], [ 109.5618, -20.2081 ], [ 106.2675, -16.8521 ], [ 103.0889, -13.4454 ], [ 100.0, -10.0 ] ] } },
{ "type": "Feature", "properties": { "id": 1749 }, "geometry": { "type": "LineString", "coordinates": [ [ 113.0, -23.5 ], [ 106.6849, -26.8985 ], [ 100.0, -30.0 ] ] } },
{ "type": "Feature", "properties": { "id": 1750 }, "geometry": { "type": "LineString", "coordinates": [ [ 100.0, -30.0 ], [ 104.6929, -35.1023 ], [ 110.0, -40.0 ] ] } },
{ "type": "Feature", "properties": { "id": 1751 }, "geometry": { "type": "LineString", "coordinates": [ [ 115.133, -34.533 ], [ 111.2097, -33.5658 ], [ 107.3779, -32.4822 ], [ 103.6411, -31.2906 ], [ 100.0, -30.0 ] ] } },
{ "type": "Feature", "properties": { "id": 1752 }, "geometry": { "type": "LineString", "coordinates": [ [ 100.4, 13.0 ], [ 100.6823, 7.3179 ] ] } },
{ "type": "Feature", "properties": { "id": 1753 }, "geometry": { "type": "LineString", "coordinates": [ [ 102.0, 2.0 ], [ 100.6, 3.2 ] ] } },
{ "type": "Feature", "properties": { "id": 1754 }, "geometry": { "type": "LineString", "coordinates": [ [ -140.0, 10.0 ], [ -144.9998, 10.0367 ], [ -150.0, 10.0 ] ] } },
{ "type": "Feature", "properties": { "id": 1755 }, "geometry": { "type": "LineString", "coordinates": [ [ 103.6, 1.1 ], [ 102.0, 2.0 ] ] } },
{ "type": "Feature", "properties": { "id": 1756 }, "geometry": { "type": "LineString", "coordinates": [ [ 104.482294, 1.341312 ], [ 109.8, 3.7 ] ] } },
{ "type": "Feature", "properties": { "id": 1757 }, "geometry": { "type": "LineString", "coordinates": [ [ 107.3, -1.5 ], [ 103.6, 1.1 ] ] } },
{ "type": "Feature", "properties": { "id": 1758 }, "geometry": { "type": "LineString", "coordinates": [ [ 104.0, -7.0 ], [ 106.8, -5.2 ] ] } },
{ "type": "Feature", "properties": { "id": 1759 }, "geometry": { "type": "LineString", "coordinates": [ [ 104.0, -7.0 ], [ 106.5793, -5.3345 ], [ 106.8, -5.2 ] ] } },
{ "type": "Feature", "properties": { "id": 1760 }, "geometry": { "type": "LineString", "coordinates": [ [ 104.0, -7.0 ], [ 108.3507, -16.445 ], [ 112.6354, -28.5926 ], [ 115.133, -34.533 ] ] } },
{ "type": "Feature", "properties": { "id": 1761 }, "geometry": { "type": "LineString", "coordinates": [ [ 114.5842, 6.2596 ], [ 116.844743, 7.122733 ], [ 117.046811, 7.03918 ], [ 117.362542, 7.143619 ], [ 120.05, 8.4 ] ] } },
{ "type": "Feature", "properties": { "id": 1762 }, "geometry": { "type": "LineString", "coordinates": [ [ 104.0, -7.0 ], [ 106.6704, -7.6374 ], [ 110.25, -8.7 ] ] } },
{ "type": "Feature", "properties": { "id": 1763 }, "geometry": { "type": "LineString", "coordinates": [ [ 104.482294, 1.341312 ], [ 120.0, 19.0 ] ] } },
{ "type": "Feature", "properties": { "id": 1764 }, "geometry": { "type": "LineString", "coordinates": [ [ 114.1, 21.7 ], [ 112.965, 15.7278 ], [ 111.0534, 11.6082 ], [ 108.7023, 8.3192 ], [ 104.482294, 1.341312 ] ] } },
{ "type": "Feature", "properties": { "id": 1765 }, "geometry": { "type": "LineString", "coordinates": [ [ -140.0, 20.0 ], [ -142.5927, 17.5443 ], [ -145.1163, 15.0555 ], [ -147.5819, 12.5389 ], [ -150.0, 10.0 ] ] } },
{ "type": "Feature", "properties": { "id": 1766 }, "geometry": { "type": "LineString", "coordinates": [ [ 110.1, 12.2 ], [ 107.3207, 7.6091 ], [ 104.482294, 1.341312 ] ] } },
{ "type": "Feature", "properties": { "id": 1767 }, "geometry": { "type": "LineString", "coordinates": [ [ 104.482294, 1.341312 ], [ 104.9, 8.4 ] ] } },
{ "type": "Feature", "properties": { "id": 1768 }, "geometry": { "type": "LineString", "coordinates": [ [ 104.9, 8.4 ], [ 107.3, 10.0 ] ] } },
{ "type": "Feature", "properties": { "id": 1769 }, "geometry": { "type": "LineString", "coordinates": [ [ 106.8, -5.2 ], [ 106.1, -3.0 ] ] } },
{ "type": "Feature", "properties": { "id": 1770 }, "geometry": { "type": "LineString", "coordinates": [ [ 106.8, -5.2 ], [ 107.3, -1.5 ] ] } },
{ "type": "Feature", "properties": { "id": 1771 }, "geometry": { "type": "LineString", "coordinates": [ [ 106.8, -5.2 ], [ 111.9, -5.9 ] ] } },
{ "type": "Feature", "properties": { "id": 1772 }, "geometry": { "type": "LineString", "coordinates": [ [ 107.1, 20.25 ], [ 111.35, 20.4 ] ] } },
{ "type": "Feature", "properties": { "id": 1773 }, "geometry": { "type": "LineString", "coordinates": [ [ 108.606, 20.3032 ], [ 106.8731, 20.6858 ], [ 107.1, 20.25 ] ] } },
{ "type": "Feature", "properties": { "id": 1774 }, "geometry": { "type": "LineString", "coordinates": [ [ 107.3, -1.5 ], [ 109.8, 3.7 ] ] } },
{ "type": "Feature", "properties": { "id": 1775 }, "geometry": { "type": "LineString", "coordinates": [ [ -150.0, 20.0 ], [ -150.0008, 15.0011 ], [ -150.0, 10.0 ] ] } },
{ "type": "Feature", "properties": { "id": 1776 }, "geometry": { "type": "LineString", "coordinates": [ [ 110.7, -3.6 ], [ 107.3, -1.5 ] ] } },
{ "type": "Feature", "properties": { "id": 1777 }, "geometry": { "type": "LineString", "coordinates": [ [ 107.3, 10.0 ], [ 110.1, 12.2 ] ] } },
{ "type": "Feature", "properties": { "id": 1778 }, "geometry": { "type": "LineString", "coordinates": [ [ 108.4606, 18.4135 ], [ 109.0, 16.1 ] ] } },
{ "type": "Feature", "properties": { "id": 1779 }, "geometry": { "type": "LineString", "coordinates": [ [ 111.35, 20.4 ], [ 111.1522, 19.3491 ], [ 110.3832, 18.3614 ], [ 109.2187, 18.017 ], [ 108.4606, 18.4135 ], [ 108.4606, 19.4527 ], [ 108.8122, 21.5007 ] ] } },
{ "type": "Feature", "properties": { "id": 1780 }, "geometry": { "type": "LineString", "coordinates": [ [ 109.0, 16.1 ], [ 114.1883, 16.6138 ], [ 119.4, 17.0 ] ] } },
{ "type": "Feature", "properties": { "id": 1781 }, "geometry": { "type": "LineString", "coordinates": [ [ 109.0, 16.1 ], [ 114.4566, 17.6255 ], [ 120.0, 19.0 ] ] } },
{ "type": "Feature", "properties": { "id": 1782 }, "geometry": { "type": "LineString", "coordinates": [ [ 110.1, 12.2 ], [ 109.0, 16.1 ] ] } },
{ "type": "Feature", "properties": { "id": 1783 }, "geometry": { "type": "LineString", "coordinates": [ [ 114.0, 6.0 ], [ 109.8, 3.7 ] ] } },
{ "type": "Feature", "properties": { "id": 1784 }, "geometry": { "type": "LineString", "coordinates": [ [ 110.1, 12.2 ], [ 109.9482, 7.9505 ], [ 109.8, 3.7 ] ] } },
{ "type": "Feature", "properties": { "id": 1785 }, "geometry": { "type": "LineString", "coordinates": [ [ 110.0, -50.0 ], [ 115.437, -45.1105 ], [ 120.0, -40.0 ] ] } },
{ "type": "Feature", "properties": { "id": 1786 }, "geometry": { "type": "LineString", "coordinates": [ [ 110.0, -50.0 ], [ 110.003, -45.0022 ], [ 110.0, -40.0 ] ] } },
{ "type": "Feature", "properties": { "id": 1787 }, "geometry": { "type": "LineString", "coordinates": [ [ 120.0, -50.0 ], [ 110.0, -50.0 ] ] } },
{ "type": "Feature", "properties": { "id": 1788 }, "geometry": { "type": "LineString", "coordinates": [ [ 115.133, -34.533 ], [ 112.6593, -37.2948 ], [ 110.0, -40.0 ] ] } },
{ "type": "Feature", "properties": { "id": 1789 }, "geometry": { "type": "LineString", "coordinates": [ [ 120.0, -50.0 ], [ 114.7175, -45.0313 ], [ 110.0, -40.0 ] ] } },
{ "type": "Feature", "properties": { "id": 1790 }, "geometry": { "type": "LineString", "coordinates": [ [ 120.0, -40.0 ], [ 114.9996, -40.1068 ], [ 110.0, -40.0 ] ] } },
{ "type": "Feature", "properties": { "id": 1791 }, "geometry": { "type": "LineString", "coordinates": [ [ 110.1, 12.2 ], [ 114.9781, 13.3466 ], [ 119.9, 14.4 ] ] } },
{ "type": "Feature", "properties": { "id": 1792 }, "geometry": { "type": "LineString", "coordinates": [ [ 110.1, 12.2 ], [ 112.0495, 16.9609 ], [ 114.1, 21.7 ] ] } },
{ "type": "Feature", "properties": { "id": 1793 }, "geometry": { "type": "LineString", "coordinates": [ [ 114.5842, 6.2597 ], [ 110.1, 12.2 ] ] } },
{ "type": "Feature", "properties": { "id": 1794 }, "geometry": { "type": "LineString", "coordinates": [ [ 110.25, -8.7 ], [ 110.9041, -12.4045 ], [ 111.576, -16.1065 ], [ 112.2722, -19.8053 ], [ 113.0, -23.5 ] ] } },
{ "type": "Feature", "properties": { "id": 1795 }, "geometry": { "type": "LineString", "coordinates": [ [ 115.6, -9.1 ], [ 110.25, -8.7 ] ] } },
{ "type": "Feature", "properties": { "id": 1796 }, "geometry": { "type": "LineString", "coordinates": [ [ 111.9, -5.9 ], [ 110.7, -3.6 ] ] } },
{ "type": "Feature", "properties": { "id": 1797 }, "geometry": { "type": "LineString", "coordinates": [ [ -140.0, -0.00001 ], [ -142.476, 2.5118 ], [ -144.9616, 5.019 ], [ -147.4664, 7.5167 ], [ -150.0, 10.0 ] ] } },
{ "type": "Feature", "properties": { "id": 1798 }, "geometry": { "type": "LineString", "coordinates": [ [ 111.35, 20.4 ], [ 110.8721, 21.2142 ] ] } },
{ "type": "Feature", "properties": { "id": 1799 }, "geometry": { "type": "LineString", "coordinates": [ [ 111.35, 20.4 ], [ 114.1, 21.7 ] ] } },
{ "type": "Feature", "properties": { "id": 1800 }, "geometry": { "type": "LineString", "coordinates": [ [ 116.95, -5.4 ], [ 111.9, -5.9 ] ] } },
{ "type": "Feature", "properties": { "id": 1801 }, "geometry": { "type": "LineString", "coordinates": [ [ 116.2, -7.25 ], [ 111.9, -5.9 ] ] } },
{ "type": "Feature", "properties": { "id": 1802 }, "geometry": { "type": "LineString", "coordinates": [ [ 112.7, -26.0 ], [ 114.0, -29.0 ] ] } },
{ "type": "Feature", "properties": { "id": 1803 }, "geometry": { "type": "LineString", "coordinates": [ [ 115.6, -9.1 ], [ 114.9835, -12.7045 ], [ 114.3489, -16.3066 ], [ 113.69, -19.9054 ], [ 113.0, -23.5 ] ] } },
{ "type": "Feature", "properties": { "id": 1804 }, "geometry": { "type": "LineString", "coordinates": [ [ 113.3803, -21.5299 ], [ 122.3, -11.0 ] ] } },
{ "type": "Feature", "properties": { "id": 1805 }, "geometry": { "type": "LineString", "coordinates": [ [ -140.0, 20.0 ], [ -144.9996, 20.0692 ], [ -150.0, 20.0 ] ] } },
{ "type": "Feature", "properties": { "id": 1806 }, "geometry": { "type": "LineString", "coordinates": [ [ 114.0, -29.0 ], [ 115.6, -32.0 ] ] } },
{ "type": "Feature", "properties": { "id": 1807 }, "geometry": { "type": "LineString", "coordinates": [ [ 109.8, 3.7 ], [ 110.90479, 1.642995 ] ] } },
{ "type": "Feature", "properties": { "id": 1808 }, "geometry": { "type": "LineString", "coordinates": [ [ 114.0, 6.0 ], [ 114.5842, 6.2596 ] ] } },
{ "type": "Feature", "properties": { "id": 1809 }, "geometry": { "type": "LineString", "coordinates": [ [ 114.0, 6.0 ], [ 116.9113, 10.2137 ], [ 119.9, 14.4 ] ] } },
{ "type": "Feature", "properties": { "id": 1810 }, "geometry": { "type": "LineString", "coordinates": [ [ 114.1, 21.7 ], [ 120.0, 22.1 ] ] } },
{ "type": "Feature", "properties": { "id": 1811 }, "geometry": { "type": "LineString", "coordinates": [ [ 114.1, 21.7 ], [ 117.0, 23.0 ] ] } },
{ "type": "Feature", "properties": { "id": 1812 }, "geometry": { "type": "LineString", "coordinates": [ [ 120.0, 19.0 ], [ 114.1, 21.7 ] ] } },
{ "type": "Feature", "properties": { "id": 1813 }, "geometry": { "type": "LineString", "coordinates": [ [ 115.6, -32.0 ], [ 114.8, -33.8 ] ] } },
{ "type": "Feature", "properties": { "id": 1814 }, "geometry": { "type": "LineString", "coordinates": [ [ 114.8, -33.8 ], [ 115.133, -34.533 ] ] } },
{ "type": "Feature", "properties": { "id": 1815 }, "geometry": { "type": "LineString", "coordinates": [ [ -150.0, 20.0 ], [ -145.2027, 25.0849 ], [ -140.0, 30.0 ] ] } },
{ "type": "Feature", "properties": { "id": 1816 }, "geometry": { "type": "LineString", "coordinates": [ [ 115.133, -34.533 ], [ 118.0, -35.5 ] ] } },
{ "type": "Feature", "properties": { "id": 1817 }, "geometry": { "type": "LineString", "coordinates": [ [ 115.6, -9.1 ], [ 116.2, -7.25 ] ] } },
{ "type": "Feature", "properties": { "id": 1818 }, "geometry": { "type": "LineString", "coordinates": [ [ 118.6, -19.6 ], [ 115.6, -9.1 ] ] } },
{ "type": "Feature", "properties": { "id": 1819 }, "geometry": { "type": "LineString", "coordinates": [ [ 122.3, -11.0 ], [ 118.9402, -10.0658 ], [ 115.6, -9.1 ] ] } },
{ "type": "Feature", "properties": { "id": 1820 }, "geometry": { "type": "LineString", "coordinates": [ [ 121.5, -9.1 ], [ 115.6, -9.1 ] ] } },
{ "type": "Feature", "properties": { "id": 1821 }, "geometry": { "type": "LineString", "coordinates": [ [ -122.9, 37.7 ], [ -129.5004, 39.5059 ], [ -136.4135, 40.9305 ], [ -143.585, 41.9328 ], [ -150.9335, 42.4821 ], [ -158.3571, 42.5588 ], [ -165.7444, 42.1608 ], [ -172.9887, 41.2996 ], [ -180.0, 40.0 ] ] } },
{ "type": "Feature", "properties": { "id": 1822 }, "geometry": { "type": "LineString", "coordinates": [ [ 116.95, -5.4 ], [ 116.2, -7.25 ] ] } },
{ "type": "Feature", "properties": { "id": 1823 }, "geometry": { "type": "LineString", "coordinates": [ [ 116.2, -7.25 ], [ 113.0, -7.5 ], [ 116.2, -7.25 ] ] } },
{ "type": "Feature", "properties": { "id": 1824 }, "geometry": { "type": "LineString", "coordinates": [ [ 116.2, -7.25 ], [ 120.9457, -7.6503 ], [ 125.7, -8.0 ] ] } },
{ "type": "Feature", "properties": { "id": 1825 }, "geometry": { "type": "LineString", "coordinates": [ [ 119.2, -5.9 ], [ 116.95, -5.4 ] ] } },
{ "type": "Feature", "properties": { "id": 1826 }, "geometry": { "type": "LineString", "coordinates": [ [ -150.0, 20.0 ], [ -150.0014, 25.0017 ], [ -150.0, 30.0 ] ] } },
{ "type": "Feature", "properties": { "id": 1827 }, "geometry": { "type": "LineString", "coordinates": [ [ 118.0, -35.5 ], [ 121.8, -34.5 ] ] } },
{ "type": "Feature", "properties": { "id": 1828 }, "geometry": { "type": "LineString", "coordinates": [ [ 118.0, -35.5 ], [ 120.0, -40.0 ] ] } },
{ "type": "Feature", "properties": { "id": 1829 }, "geometry": { "type": "LineString", "coordinates": [ [ 118.0, -35.5 ], [ 123.5477, -36.7051 ], [ 129.2527, -37.651 ], [ 135.0835, -38.3203 ], [ 141.0, -38.7 ] ] } },
{ "type": "Feature", "properties": { "id": 1830 }, "geometry": { "type": "LineString", "coordinates": [ [ 123.0, -16.0 ], [ 118.6, -19.6 ] ] } },
{ "type": "Feature", "properties": { "id": 1831 }, "geometry": { "type": "LineString", "coordinates": [ [ 170.0, 30.0 ], [ 180.0, 30.0 ] ] } },
{ "type": "Feature", "properties": { "id": 1832 }, "geometry": { "type": "LineString", "coordinates": [ [ 119.2, -5.9 ], [ 121.0, -5.5 ] ] } },
{ "type": "Feature", "properties": { "id": 1833 }, "geometry": { "type": "LineString", "coordinates": [ [ 123.2, 37.1 ], [ 122.1825, 37.8155 ], [ 120.4796, 38.1013 ], [ 119.392, 37.4501 ] ] } },
{ "type": "Feature", "properties": { "id": 1834 }, "geometry": { "type": "LineString", "coordinates": [ [ 120.0, 19.0 ], [ 119.4, 17.0 ] ] } },
{ "type": "Feature", "properties": { "id": 1835 }, "geometry": { "type": "LineString", "coordinates": [ [ 119.4, 17.0 ], [ 119.9, 14.4 ] ] } },
{ "type": "Feature", "properties": { "id": 1836 }, "geometry": { "type": "LineString", "coordinates": [ [ 120.05, 8.4 ], [ 119.7734, 4.7502 ], [ 119.5, 1.1 ] ] } },
{ "type": "Feature", "properties": { "id": 1837 }, "geometry": { "type": "LineString", "coordinates": [ [ -150.0, 20.0 ], [ -147.4063, 17.5438 ], [ -144.8825, 15.0547 ], [ -142.3682, 12.7055 ], [ -140.0, 10.0 ] ] } },
{ "type": "Feature", "properties": { "id": 1838 }, "geometry": { "type": "LineString", "coordinates": [ [ 120.05, 8.4 ], [ 119.7529, 4.4875 ], [ 119.5, 1.1 ] ] } },
{ "type": "Feature", "properties": { "id": 1839 }, "geometry": { "type": "LineString", "coordinates": [ [ 120.8861, 38.6268 ], [ 119.7875, 39.8014 ] ] } },
{ "type": "Feature", "properties": { "id": 1840 }, "geometry": { "type": "LineString", "coordinates": [ [ 119.9, 14.4 ], [ 120.05, 8.4 ] ] } },
{ "type": "Feature", "properties": { "id": 1841 }, "geometry": { "type": "LineString", "coordinates": [ [ 119.9, 14.4 ], [ 122.1, 13.0 ] ] } },
{ "type": "Feature", "properties": { "id": 1842 }, "geometry": { "type": "LineString", "coordinates": [ [ 130.0, -50.0 ], [ 120.0, -50.0 ] ] } },
{ "type": "Feature", "properties": { "id": 1843 }, "geometry": { "type": "LineString", "coordinates": [ [ -150.0, 30.0 ], [ -144.9995, 30.0935 ], [ -140.0, 30.0 ] ] } },
{ "type": "Feature", "properties": { "id": 1844 }, "geometry": { "type": "LineString", "coordinates": [ [ 120.0, -50.0 ], [ 125.437, -45.1104 ], [ 130.0, -40.0 ] ] } },
{ "type": "Feature", "properties": { "id": 1845 }, "geometry": { "type": "LineString", "coordinates": [ [ 120.0, -50.0 ], [ 120.003, -45.0022 ], [ 120.0, -40.0 ] ] } },
{ "type": "Feature", "properties": { "id": 1846 }, "geometry": { "type": "LineString", "coordinates": [ [ 130.0, -50.0 ], [ 124.7141, -45.033 ], [ 120.0, -40.0 ] ] } },
{ "type": "Feature", "properties": { "id": 1847 }, "geometry": { "type": "LineString", "coordinates": [ [ 130.0, -40.0 ], [ 124.9996, -40.1068 ], [ 120.0, -40.0 ] ] } },
{ "type": "Feature", "properties": { "id": 1848 }, "geometry": { "type": "LineString", "coordinates": [ [ 123.0, 19.0 ], [ 120.0, 19.0 ] ] } },
{ "type": "Feature", "properties": { "id": 1849 }, "geometry": { "type": "LineString", "coordinates": [ [ 123.577, 25.8828 ], [ 120.0, 19.0 ] ] } },
{ "type": "Feature", "properties": { "id": 1850 }, "geometry": { "type": "LineString", "coordinates": [ [ 120.0, 19.0 ], [ 120.0, 22.1 ] ] } },
{ "type": "Feature", "properties": { "id": 1851 }, "geometry": { "type": "LineString", "coordinates": [ [ 120.0, 22.1 ], [ 120.0, 25.7 ] ] } },
{ "type": "Feature", "properties": { "id": 1852 }, "geometry": { "type": "LineString", "coordinates": [ [ 130.0, 20.0 ], [ 125.0354, 21.1206 ], [ 120.0, 22.1 ] ] } },
{ "type": "Feature", "properties": { "id": 1853 }, "geometry": { "type": "LineString", "coordinates": [ [ 128.0, 26.0 ], [ 123.0197, 25.8543 ] ] } },
{ "type": "Feature", "properties": { "id": 1854 }, "geometry": { "type": "LineString", "coordinates": [ [ -150.0, 30.0 ], [ -145.3052, 35.1041 ], [ -140.0, 40.0 ] ] } },
{ "type": "Feature", "properties": { "id": 1855 }, "geometry": { "type": "LineString", "coordinates": [ [ 120.0, 25.7 ], [ 130.9, 31.0 ] ] } },
{ "type": "Feature", "properties": { "id": 1856 }, "geometry": { "type": "LineString", "coordinates": [ [ 121.3, 27.8 ], [ 120.0, 25.7 ] ] } },
{ "type": "Feature", "properties": { "id": 1857 }, "geometry": { "type": "LineString", "coordinates": [ [ 123.8, 9.1 ], [ 120.05, 8.4 ] ] } },
{ "type": "Feature", "properties": { "id": 1858 }, "geometry": { "type": "LineString", "coordinates": [ [ 122.1, 13.0 ], [ 120.05, 8.4 ] ] } },
{ "type": "Feature", "properties": { "id": 1859 }, "geometry": { "type": "LineString", "coordinates": [ [ 120.8861, 38.6268 ], [ 118.1725, 38.7726 ], [ 120.4796, 38.1013 ], [ 120.8861, 38.6268 ] ] } },
{ "type": "Feature", "properties": { "id": 1860 }, "geometry": { "type": "LineString", "coordinates": [ [ 122.1825, 37.8155 ], [ 120.8861, 38.6268 ] ] } },
{ "type": "Feature", "properties": { "id": 1861 }, "geometry": { "type": "LineString", "coordinates": [ [ 120.9411, 39.5054 ], [ 121.8859, 40.4232 ] ] } },
{ "type": "Feature", "properties": { "id": 1862 }, "geometry": { "type": "LineString", "coordinates": [ [ 120.9411, 39.5054 ], [ 121.0949, 40.6153 ] ] } },
{ "type": "Feature", "properties": { "id": 1863 }, "geometry": { "type": "LineString", "coordinates": [ [ 122.0, 38.7 ], [ 120.8861, 38.6268 ], [ 120.9411, 39.5054 ] ] } },
{ "type": "Feature", "properties": { "id": 1864 }, "geometry": { "type": "LineString", "coordinates": [ [ 122.6, -6.3 ], [ 121.0, -5.5 ] ] } },
{ "type": "Feature", "properties": { "id": 1865 }, "geometry": { "type": "LineString", "coordinates": [ [ 121.0, 35.9 ], [ 123.2, 37.1 ] ] } },
{ "type": "Feature", "properties": { "id": 1866 }, "geometry": { "type": "LineString", "coordinates": [ [ -150.0, 30.0 ], [ -150.0021, 35.002 ], [ -150.0, 40.0 ] ] } },
{ "type": "Feature", "properties": { "id": 1867 }, "geometry": { "type": "LineString", "coordinates": [ [ 121.3, 27.8 ], [ 126.0251, 29.4858 ], [ 130.9, 31.0 ] ] } },
{ "type": "Feature", "properties": { "id": 1868 }, "geometry": { "type": "LineString", "coordinates": [ [ 121.5, -9.1 ], [ 125.7, -8.0 ] ] } },
{ "type": "Feature", "properties": { "id": 1869 }, "geometry": { "type": "LineString", "coordinates": [ [ 122.3, -11.0 ], [ 121.5, -9.1 ] ] } },
{ "type": "Feature", "properties": { "id": 1870 }, "geometry": { "type": "LineString", "coordinates": [ [ 121.8, -34.5 ], [ 124.0, -34.1 ] ] } },
{ "type": "Feature", "properties": { "id": 1871 }, "geometry": { "type": "LineString", "coordinates": [ [ 122.0, 38.7 ], [ 124.3, 39.4 ] ] } },
{ "type": "Feature", "properties": { "id": 1872 }, "geometry": { "type": "LineString", "coordinates": [ [ 123.2, 37.1 ], [ 122.0, 38.7 ] ] } },
{ "type": "Feature", "properties": { "id": 1873 }, "geometry": { "type": "LineString", "coordinates": [ [ 124.0, 12.6 ], [ 122.1, 13.0 ] ] } },
{ "type": "Feature", "properties": { "id": 1874 }, "geometry": { "type": "LineString", "coordinates": [ [ -140.0, 20.0 ], [ -144.7956, 25.0835 ], [ -150.0, 30.0 ] ] } },
{ "type": "Feature", "properties": { "id": 1875 }, "geometry": { "type": "LineString", "coordinates": [ [ 122.3, -11.0 ], [ 126.1524, -10.8235 ], [ 130.0, -10.6 ] ] } },
{ "type": "Feature", "properties": { "id": 1876 }, "geometry": { "type": "LineString", "coordinates": [ [ 122.3, -11.0 ], [ 123.0, -16.0 ] ] } },
{ "type": "Feature", "properties": { "id": 1877 }, "geometry": { "type": "LineString", "coordinates": [ [ 122.3, 15.1 ], [ 123.0, 19.0 ] ] } },
{ "type": "Feature", "properties": { "id": 1878 }, "geometry": { "type": "LineString", "coordinates": [ [ 125.7, 13.4 ], [ 122.3, 15.1 ] ] } },
{ "type": "Feature", "properties": { "id": 1879 }, "geometry": { "type": "LineString", "coordinates": [ [ 122.6, -6.3 ], [ 125.1, -3.7 ] ] } },
{ "type": "Feature", "properties": { "id": 1880 }, "geometry": { "type": "LineString", "coordinates": [ [ 122.6, -6.3 ], [ 125.7, -8.0 ] ] } },
{ "type": "Feature", "properties": { "id": 1881 }, "geometry": { "type": "LineString", "coordinates": [ [ 122.6776, 30.8345 ], [ 122.9, 31.3 ] ] } },
{ "type": "Feature", "properties": { "id": 1882 }, "geometry": { "type": "LineString", "coordinates": [ [ 122.9, 31.3 ], [ 128.9, 31.4 ] ] } },
{ "type": "Feature", "properties": { "id": 1883 }, "geometry": { "type": "LineString", "coordinates": [ [ 122.9, 31.3 ], [ 127.6, 34.2 ] ] } },
{ "type": "Feature", "properties": { "id": 1884 }, "geometry": { "type": "LineString", "coordinates": [ [ 122.9, 31.3 ], [ 125.6, 34.4 ] ] } },
{ "type": "Feature", "properties": { "id": 1885 }, "geometry": { "type": "LineString", "coordinates": [ [ -140.0, 40.0 ], [ -144.9996, 40.1067 ], [ -150.0, 40.0 ] ] } },
{ "type": "Feature", "properties": { "id": 1886 }, "geometry": { "type": "LineString", "coordinates": [ [ 122.9, 31.3 ], [ 125.4186, 28.4945 ], [ 128.0, 26.0 ] ] } },
{ "type": "Feature", "properties": { "id": 1887 }, "geometry": { "type": "LineString", "coordinates": [ [ 127.0, -13.2 ], [ 123.0, -16.0 ] ] } },
{ "type": "Feature", "properties": { "id": 1888 }, "geometry": { "type": "LineString", "coordinates": [ [ 130.0, 20.0 ], [ 123.0, 19.0 ] ] } },
{ "type": "Feature", "properties": { "id": 1889 }, "geometry": { "type": "LineString", "coordinates": [ [ 128.0, 26.0 ], [ 125.4371, 22.52 ], [ 123.0, 19.0 ] ] } },
{ "type": "Feature", "properties": { "id": 1890 }, "geometry": { "type": "LineString", "coordinates": [ [ 123.2, 37.1 ], [ 125.6, 34.4 ] ] } },
{ "type": "Feature", "properties": { "id": 1891 }, "geometry": { "type": "LineString", "coordinates": [ [ 124.0, -34.1 ], [ 126.1, -32.6 ] ] } },
{ "type": "Feature", "properties": { "id": 1892 }, "geometry": { "type": "LineString", "coordinates": [ [ 125.7, 13.4 ], [ 124.0, 12.6 ] ] } },
{ "type": "Feature", "properties": { "id": 1893 }, "geometry": { "type": "LineString", "coordinates": [ [ 124.3, 39.4 ], [ 124.1, 38.05 ] ] } },
{ "type": "Feature", "properties": { "id": 1894 }, "geometry": { "type": "LineString", "coordinates": [ [ -140.0, 50.0 ], [ -145.437, 45.1104 ], [ -150.0, 40.0 ] ] } },
{ "type": "Feature", "properties": { "id": 1895 }, "geometry": { "type": "LineString", "coordinates": [ [ 124.1, 38.05 ], [ 125.5, 37.4 ] ] } },
{ "type": "Feature", "properties": { "id": 1896 }, "geometry": { "type": "LineString", "coordinates": [ [ 125.1, -3.7 ], [ 130.0, -0.00002 ] ] } },
{ "type": "Feature", "properties": { "id": 1897 }, "geometry": { "type": "LineString", "coordinates": [ [ 125.1, -3.7 ], [ 125.5, 1.2 ] ] } },
{ "type": "Feature", "properties": { "id": 1898 }, "geometry": { "type": "LineString", "coordinates": [ [ 125.7, -8.0 ], [ 125.1, -3.7 ] ] } },
{ "type": "Feature", "properties": { "id": 1899 }, "geometry": { "type": "LineString", "coordinates": [ [ 127.45, -8.3167 ], [ 125.1, -3.7 ] ] } },
{ "type": "Feature", "properties": { "id": 1900 }, "geometry": { "type": "LineString", "coordinates": [ [ 125.5, 37.4 ], [ 125.5, 36.0 ] ] } },
{ "type": "Feature", "properties": { "id": 1901 }, "geometry": { "type": "LineString", "coordinates": [ [ 125.5, 36.0 ], [ 125.6, 34.4 ] ] } },
{ "type": "Feature", "properties": { "id": 1902 }, "geometry": { "type": "LineString", "coordinates": [ [ 125.6, 34.4 ], [ 128.9, 31.4 ] ] } },
{ "type": "Feature", "properties": { "id": 1903 }, "geometry": { "type": "LineString", "coordinates": [ [ 125.6, 34.4 ], [ 127.6, 34.2 ] ] } },
{ "type": "Feature", "properties": { "id": 1904 }, "geometry": { "type": "LineString", "coordinates": [ [ -150.0, 50.0 ], [ -150.003, 45.0022 ], [ -150.0, 40.0 ] ] } },
{ "type": "Feature", "properties": { "id": 1905 }, "geometry": { "type": "LineString", "coordinates": [ [ 127.45, -8.3167 ], [ 125.7, -8.0 ] ] } },
{ "type": "Feature", "properties": { "id": 1906 }, "geometry": { "type": "LineString", "coordinates": [ [ 150.0, 20.0 ], [ 143.7676, 18.6289 ], [ 137.6401, 17.0577 ], [ 131.6188, 15.3074 ], [ 125.7, 13.4 ] ] } },
{ "type": "Feature", "properties": { "id": 1907 }, "geometry": { "type": "LineString", "coordinates": [ [ 150.0, 30.0 ], [ 146.6199, 28.149 ], [ 143.356, 26.2178 ], [ 140.1995, 24.2153 ], [ 137.1413, 22.1495 ], [ 134.1717, 20.0282 ], [ 131.2814, 17.8585 ], [ 128.4606, 15.647 ], [ 125.7, 13.4 ] ] } },
{ "type": "Feature", "properties": { "id": 1908 }, "geometry": { "type": "LineString", "coordinates": [ [ 130.0, 20.0 ], [ 127.8131, 16.7116 ], [ 125.7, 13.4 ] ] } },
{ "type": "Feature", "properties": { "id": 1909 }, "geometry": { "type": "LineString", "coordinates": [ [ 125.7, 13.4 ], [ 128.0, 26.0 ] ] } },
{ "type": "Feature", "properties": { "id": 1910 }, "geometry": { "type": "LineString", "coordinates": [ [ 126.4, 10.5 ], [ 125.7, 13.4 ] ] } },
{ "type": "Feature", "properties": { "id": 1911 }, "geometry": { "type": "LineString", "coordinates": [ [ 125.8, 5.7 ], [ 127.0, 8.0 ] ] } },
{ "type": "Feature", "properties": { "id": 1912 }, "geometry": { "type": "LineString", "coordinates": [ [ 125.8, 5.7 ], [ 128.15, 2.0 ] ] } },
{ "type": "Feature", "properties": { "id": 1913 }, "geometry": { "type": "LineString", "coordinates": [ [ 126.1, -32.6 ], [ 129.1, -32.1 ] ] } },
{ "type": "Feature", "properties": { "id": 1914 }, "geometry": { "type": "LineString", "coordinates": [ [ 150.0, 30.0 ], [ 146.6741, 27.7683 ], [ 143.4829, 25.46 ], [ 140.4124, 23.085 ], [ 137.4487, 20.6522 ], [ 134.5785, 18.17 ], [ 131.7886, 15.6459 ], [ 129.0665, 13.0871 ], [ 126.4, 10.5 ] ] } },
{ "type": "Feature", "properties": { "id": 1915 }, "geometry": { "type": "LineString", "coordinates": [ [ 127.0, 8.0 ], [ 126.4, 10.5 ] ] } },
{ "type": "Feature", "properties": { "id": 1916 }, "geometry": { "type": "LineString", "coordinates": [ [ -140.0, 30.0 ], [ -144.6929, 35.1023 ], [ -150.0, 40.0 ] ] } },
{ "type": "Feature", "properties": { "id": 1917 }, "geometry": { "type": "LineString", "coordinates": [ [ 126.4, 10.5 ], [ 130.0, 10.0 ] ] } },
{ "type": "Feature", "properties": { "id": 1918 }, "geometry": { "type": "LineString", "coordinates": [ [ 130.0, -10.6 ], [ 127.0, -13.2 ] ] } },
{ "type": "Feature", "properties": { "id": 1919 }, "geometry": { "type": "LineString", "coordinates": [ [ 128.4, -14.5 ], [ 127.0, -13.2 ] ] } },
{ "type": "Feature", "properties": { "id": 1920 }, "geometry": { "type": "LineString", "coordinates": [ [ 127.0, 8.0 ], [ 130.0, 10.0 ] ] } },
{ "type": "Feature", "properties": { "id": 1921 }, "geometry": { "type": "LineString", "coordinates": [ [ 127.45, -8.3167 ], [ 131.4, -3.0 ] ] } },
{ "type": "Feature", "properties": { "id": 1922 }, "geometry": { "type": "LineString", "coordinates": [ [ 127.45, -8.3167 ], [ 130.0, -10.6 ] ] } },
{ "type": "Feature", "properties": { "id": 1923 }, "geometry": { "type": "LineString", "coordinates": [ [ 132.0, -8.9 ], [ 127.45, -8.3167 ] ] } },
{ "type": "Feature", "properties": { "id": 1924 }, "geometry": { "type": "LineString", "coordinates": [ [ 127.6, 34.2 ], [ 129.2, 35.0 ] ] } },
{ "type": "Feature", "properties": { "id": 1925 }, "geometry": { "type": "LineString", "coordinates": [ [ 127.6, 34.2 ], [ 128.9, 31.4 ] ] } },
{ "type": "Feature", "properties": { "id": 1926 }, "geometry": { "type": "LineString", "coordinates": [ [ 140.0, 30.0 ], [ 133.8895, 28.13 ], [ 128.0, 26.0 ] ] } },
{ "type": "Feature", "properties": { "id": 1927 }, "geometry": { "type": "LineString", "coordinates": [ [ -164.0, 53.8 ], [ -168.8354, 50.5771 ], [ -173.0376, 47.1785 ], [ -176.7261, 43.6429 ], [ -180.0, 40.0 ] ] } },
{ "type": "Feature", "properties": { "id": 1928 }, "geometry": { "type": "LineString", "coordinates": [ [ -150.0, 50.0 ], [ -140.0, 50.0 ] ] } },
{ "type": "Feature", "properties": { "id": 1929 }, "geometry": { "type": "LineString", "coordinates": [ [ 128.0, 26.0 ], [ 130.9, 31.0 ] ] } },
{ "type": "Feature", "properties": { "id": 1930 }, "geometry": { "type": "LineString", "coordinates": [ [ 130.0, 20.0 ], [ 128.0, 26.0 ] ] } },
{ "type": "Feature", "properties": { "id": 1931 }, "geometry": { "type": "LineString", "coordinates": [ [ 128.15, 2.0 ], [ 130.0, -0.00002 ] ] } },
{ "type": "Feature", "properties": { "id": 1932 }, "geometry": { "type": "LineString", "coordinates": [ [ 130.8, -12.2 ], [ 128.4, -14.5 ] ] } },
{ "type": "Feature", "properties": { "id": 1933 }, "geometry": { "type": "LineString", "coordinates": [ [ 128.5, 39.5 ], [ 132.0, 42.3 ] ] } },
{ "type": "Feature", "properties": { "id": 1934 }, "geometry": { "type": "LineString", "coordinates": [ [ 129.3, 37.9 ], [ 128.5, 39.5 ] ] } },
{ "type": "Feature", "properties": { "id": 1935 }, "geometry": { "type": "LineString", "coordinates": [ [ 130.9, 31.0 ], [ 128.9, 31.4 ] ] } },
{ "type": "Feature", "properties": { "id": 1936 }, "geometry": { "type": "LineString", "coordinates": [ [ 129.2, 35.0 ], [ 134.0843, 38.2106 ], [ 139.4, 41.2 ] ] } },
{ "type": "Feature", "properties": { "id": 1937 }, "geometry": { "type": "LineString", "coordinates": [ [ 129.2, 35.0 ], [ 130.0, 36.4 ] ] } },
{ "type": "Feature", "properties": { "id": 1938 }, "geometry": { "type": "LineString", "coordinates": [ [ 129.2, 35.0 ], [ 130.1, 34.3 ] ] } },
{ "type": "Feature", "properties": { "id": 1939 }, "geometry": { "type": "LineString", "coordinates": [ [ 129.3, 37.9 ], [ 134.2305, 39.6591 ], [ 139.4, 41.2 ] ] } },
{ "type": "Feature", "properties": { "id": 1940 }, "geometry": { "type": "LineString", "coordinates": [ [ -140.0, 40.0 ], [ -144.718, 45.0311 ], [ -150.0, 50.0 ] ] } },
{ "type": "Feature", "properties": { "id": 1941 }, "geometry": { "type": "LineString", "coordinates": [ [ 129.3, 37.9 ], [ 134.4474, 41.6292 ], [ 140.2, 45.1 ] ] } },
{ "type": "Feature", "properties": { "id": 1942 }, "geometry": { "type": "LineString", "coordinates": [ [ 130.0, 36.4 ], [ 129.3, 37.9 ] ] } },
{ "type": "Feature", "properties": { "id": 1943 }, "geometry": { "type": "LineString", "coordinates": [ [ 140.0, -50.0 ], [ 130.0, -50.0 ] ] } },
{ "type": "Feature", "properties": { "id": 1944 }, "geometry": { "type": "LineString", "coordinates": [ [ 141.0, -38.7 ], [ 138.6269, -41.6192 ], [ 136.0317, -44.4836 ], [ 133.1726, -47.2819 ], [ 130.0, -50.0 ] ] } },
{ "type": "Feature", "properties": { "id": 1945 }, "geometry": { "type": "LineString", "coordinates": [ [ 130.0, -50.0 ], [ 130.003, -45.0022 ], [ 130.0, -40.0 ] ] } },
{ "type": "Feature", "properties": { "id": 1946 }, "geometry": { "type": "LineString", "coordinates": [ [ 141.0, -38.7 ], [ 135.5506, -39.4789 ], [ 130.0, -40.0 ] ] } },
{ "type": "Feature", "properties": { "id": 1947 }, "geometry": { "type": "LineString", "coordinates": [ [ 140.0, -50.0 ], [ 134.7175, -45.0314 ], [ 130.0, -40.0 ] ] } },
{ "type": "Feature", "properties": { "id": 1948 }, "geometry": { "type": "LineString", "coordinates": [ [ 131.8, -10.5 ], [ 130.0, -10.6 ] ] } },
{ "type": "Feature", "properties": { "id": 1949 }, "geometry": { "type": "LineString", "coordinates": [ [ 132.0, -8.9 ], [ 130.0, -10.6 ] ] } },
{ "type": "Feature", "properties": { "id": 1950 }, "geometry": { "type": "LineString", "coordinates": [ [ 130.8, -12.2 ], [ 130.0, -10.6 ] ] } },
{ "type": "Feature", "properties": { "id": 1951 }, "geometry": { "type": "LineString", "coordinates": [ [ -150.0, 50.0 ], [ -142.1567, 47.5118 ], [ -135.0758, 44.5609 ], [ -128.6982, 41.25 ], [ -122.9, 37.7 ] ] } },
{ "type": "Feature", "properties": { "id": 1952 }, "geometry": { "type": "LineString", "coordinates": [ [ 136.0, -0.00002 ], [ 130.0, -0.00002 ] ] } },
{ "type": "Feature", "properties": { "id": 1953 }, "geometry": { "type": "LineString", "coordinates": [ [ 130.0, -0.00002 ], [ 132.4763, 2.512 ], [ 134.9621, 5.0192 ], [ 137.4667, 7.5169 ], [ 140.0, 10.0 ] ] } },
{ "type": "Feature", "properties": { "id": 1954 }, "geometry": { "type": "LineString", "coordinates": [ [ 130.0, -0.00002 ], [ 129.9997, 5.0004 ], [ 130.0, 10.0 ] ] } },
{ "type": "Feature", "properties": { "id": 1955 }, "geometry": { "type": "LineString", "coordinates": [ [ 130.0, -0.00002 ], [ 131.4, -3.0 ] ] } },
{ "type": "Feature", "properties": { "id": 1956 }, "geometry": { "type": "LineString", "coordinates": [ [ 140.0, 10.0 ], [ 135.0002, 10.0367 ], [ 130.0, 10.0 ] ] } },
{ "type": "Feature", "properties": { "id": 1957 }, "geometry": { "type": "LineString", "coordinates": [ [ 140.0, 20.0 ], [ 137.4073, 17.5443 ], [ 134.8837, 15.0554 ], [ 132.4181, 12.5389 ], [ 130.0, 10.0 ] ] } },
{ "type": "Feature", "properties": { "id": 1958 }, "geometry": { "type": "LineString", "coordinates": [ [ 130.0, 20.0 ], [ 129.9992, 15.0011 ], [ 130.0, 10.0 ] ] } },
{ "type": "Feature", "properties": { "id": 1959 }, "geometry": { "type": "LineString", "coordinates": [ [ 140.0, -0.00002 ], [ 137.524, 2.5118 ], [ 135.0384, 5.019 ], [ 132.5336, 7.5167 ], [ 130.0, 10.0 ] ] } },
{ "type": "Feature", "properties": { "id": 1960 }, "geometry": { "type": "LineString", "coordinates": [ [ 140.0, 20.0 ], [ 135.0004, 20.0692 ], [ 130.0, 20.0 ] ] } },
{ "type": "Feature", "properties": { "id": 1961 }, "geometry": { "type": "LineString", "coordinates": [ [ 130.0, 20.0 ], [ 134.7972, 25.0849 ], [ 140.0, 30.0 ] ] } },
{ "type": "Feature", "properties": { "id": 1962 }, "geometry": { "type": "LineString", "coordinates": [ [ 130.0, 20.0 ], [ 132.2428, 23.7635 ], [ 134.6178, 27.491 ], [ 137.1574, 31.1734 ], [ 139.9, 34.8 ] ] } },
{ "type": "Feature", "properties": { "id": 1963 }, "geometry": { "type": "LineString", "coordinates": [ [ 130.0, 20.0 ], [ 132.5937, 17.5438 ], [ 135.1175, 15.0547 ], [ 137.668, 12.7221 ], [ 140.0, 10.0 ] ] } },
{ "type": "Feature", "properties": { "id": 1964 }, "geometry": { "type": "LineString", "coordinates": [ [ 130.0, 36.4 ], [ 139.4, 41.2 ] ] } },
{ "type": "Feature", "properties": { "id": 1965 }, "geometry": { "type": "LineString", "coordinates": [ [ 130.0, 36.4 ], [ 134.7666, 40.8633 ], [ 140.2, 45.1 ] ] } },
{ "type": "Feature", "properties": { "id": 1966 }, "geometry": { "type": "LineString", "coordinates": [ [ 131.7, 35.3 ], [ 130.1, 34.3 ] ] } },
{ "type": "Feature", "properties": { "id": 1967 }, "geometry": { "type": "LineString", "coordinates": [ [ 131.8, -11.9 ], [ 130.8, -12.2 ] ] } },
{ "type": "Feature", "properties": { "id": 1968 }, "geometry": { "type": "LineString", "coordinates": [ [ 130.9, 31.0 ], [ 132.4, 32.4 ] ] } },
{ "type": "Feature", "properties": { "id": 1969 }, "geometry": { "type": "LineString", "coordinates": [ [ 140.0, 20.0 ], [ 135.441, 25.452 ], [ 130.9, 31.0 ] ] } },
{ "type": "Feature", "properties": { "id": 1970 }, "geometry": { "type": "LineString", "coordinates": [ [ -149.7, -17.4 ], [ -144.7742, -13.7476 ], [ -140.0, -10.0 ] ] } },
{ "type": "Feature", "properties": { "id": 1971 }, "geometry": { "type": "LineString", "coordinates": [ [ 140.0, 30.0 ], [ 135.4737, 30.5777 ], [ 130.9, 31.0 ] ] } },
{ "type": "Feature", "properties": { "id": 1972 }, "geometry": { "type": "LineString", "coordinates": [ [ 131.4, -3.0 ], [ 134.5, -5.0 ] ] } },
{ "type": "Feature", "properties": { "id": 1973 }, "geometry": { "type": "LineString", "coordinates": [ [ 138.4, 38.75 ], [ 131.7, 35.3 ] ] } },
{ "type": "Feature", "properties": { "id": 1974 }, "geometry": { "type": "LineString", "coordinates": [ [ 131.8, -10.5 ], [ 131.8, -11.9 ] ] } },
{ "type": "Feature", "properties": { "id": 1975 }, "geometry": { "type": "LineString", "coordinates": [ [ 132.0, -8.9 ], [ 131.8, -10.5 ] ] } },
{ "type": "Feature", "properties": { "id": 1976 }, "geometry": { "type": "LineString", "coordinates": [ [ -176.7, 51.6 ], [ -180.0, 40.0 ] ] } },
{ "type": "Feature", "properties": { "id": 1977 }, "geometry": { "type": "LineString", "coordinates": [ [ 132.4, 32.4 ], [ 131.9, 33.75 ] ] } },
{ "type": "Feature", "properties": { "id": 1978 }, "geometry": { "type": "LineString", "coordinates": [ [ 132.0, -8.9 ], [ 142.133, -10.55 ] ] } },
{ "type": "Feature", "properties": { "id": 1979 }, "geometry": { "type": "LineString", "coordinates": [ [ 137.0, -9.0 ], [ 132.0, -8.9 ] ] } },
{ "type": "Feature", "properties": { "id": 1980 }, "geometry": { "type": "LineString", "coordinates": [ [ -149.7, -17.4 ], [ -148.1031, -13.9379 ], [ -146.5533, -10.4647 ], [ -145.0377, -6.9834 ], [ -143.5445, -3.4968 ], [ -142.0623, -0.0076 ], [ -140.5801, 3.4817 ], [ -139.0869, 6.9684 ], [ -137.5715, 10.4497 ], [ -136.0217, 13.9226 ], [ -134.4249, 17.3845 ], [ -132.7668, 20.8319 ], [ -131.0315, 24.2612 ], [ -129.2006, 27.668 ], [ -127.2527, 31.0476 ], [ -125.1626, 34.3939 ], [ -122.9, 37.7 ] ] } },
{ "type": "Feature", "properties": { "id": 1981 }, "geometry": { "type": "LineString", "coordinates": [ [ 132.0, 42.3 ], [ 133.7, 42.7 ] ] } },
{ "type": "Feature", "properties": { "id": 1982 }, "geometry": { "type": "LineString", "coordinates": [ [ 132.4, 32.4 ], [ 135.1, 33.2 ] ] } },
{ "type": "Feature", "properties": { "id": 1983 }, "geometry": { "type": "LineString", "coordinates": [ [ 140.2, 45.1 ], [ 133.7, 42.7 ] ] } },
{ "type": "Feature", "properties": { "id": 1984 }, "geometry": { "type": "LineString", "coordinates": [ [ 139.4, 41.2 ], [ 133.7, 42.7 ] ] } },
{ "type": "Feature", "properties": { "id": 1985 }, "geometry": { "type": "LineString", "coordinates": [ [ 134.5, -34.0 ], [ 136.0, -35.5 ] ] } },
{ "type": "Feature", "properties": { "id": 1986 }, "geometry": { "type": "LineString", "coordinates": [ [ 134.5, -5.0 ], [ 137.0, -9.0 ] ] } },
{ "type": "Feature", "properties": { "id": 1987 }, "geometry": { "type": "LineString", "coordinates": [ [ 140.0, 30.0 ], [ 135.1, 33.2 ] ] } },
{ "type": "Feature", "properties": { "id": 1988 }, "geometry": { "type": "LineString", "coordinates": [ [ -149.7, -17.4 ], [ -147.9606, -20.7955 ], [ -145.4507, -23.8627 ], [ -142.7074, -26.9977 ], [ -140.0, -30.0 ] ] } },
{ "type": "Feature", "properties": { "id": 1989 }, "geometry": { "type": "LineString", "coordinates": [ [ 136.0, -35.5 ], [ 138.0, -35.7 ] ] } },
{ "type": "Feature", "properties": { "id": 1990 }, "geometry": { "type": "LineString", "coordinates": [ [ 140.0, -0.00002 ], [ 136.0, -0.00002 ] ] } },
{ "type": "Feature", "properties": { "id": 1991 }, "geometry": { "type": "LineString", "coordinates": [ [ 141.0, -2.0 ], [ 136.0, -0.00002 ] ] } },
{ "type": "Feature", "properties": { "id": 1992 }, "geometry": { "type": "LineString", "coordinates": [ [ 137.0, -15.0 ], [ 137.6, -12.0 ] ] } },
{ "type": "Feature", "properties": { "id": 1993 }, "geometry": { "type": "LineString", "coordinates": [ [ 140.6, -16.7 ], [ 137.0, -15.0 ] ] } },
{ "type": "Feature", "properties": { "id": 1994 }, "geometry": { "type": "LineString", "coordinates": [ [ 137.6, -12.0 ], [ 137.0, -9.0 ] ] } },
{ "type": "Feature", "properties": { "id": 1995 }, "geometry": { "type": "LineString", "coordinates": [ [ 142.133, -10.55 ], [ 137.0, -9.0 ] ] } },
{ "type": "Feature", "properties": { "id": 1996 }, "geometry": { "type": "LineString", "coordinates": [ [ 141.2, -13.0 ], [ 137.6, -12.0 ] ] } },
{ "type": "Feature", "properties": { "id": 1997 }, "geometry": { "type": "LineString", "coordinates": [ [ 139.7, 56.2 ], [ 137.9671, 56.119 ] ] } },
{ "type": "Feature", "properties": { "id": 1998 }, "geometry": { "type": "LineString", "coordinates": [ [ 138.0, -35.7 ], [ 141.0, -38.7 ] ] } },
{ "type": "Feature", "properties": { "id": 1999 }, "geometry": { "type": "LineString", "coordinates": [ [ 139.4, 41.2 ], [ 138.4, 38.75 ] ] } },
{ "type": "Feature", "properties": { "id": 2000 }, "geometry": { "type": "LineString", "coordinates": [ [ -149.7, -17.4 ], [ -144.8871, -18.7592 ], [ -140.0, -20.0 ] ] } },
{ "type": "Feature", "properties": { "id": 2001 }, "geometry": { "type": "LineString", "coordinates": [ [ 140.0, 30.0 ], [ 139.3, 35.0 ] ] } },
{ "type": "Feature", "properties": { "id": 2002 }, "geometry": { "type": "LineString", "coordinates": [ [ 139.3, 35.0 ], [ 139.9, 34.8 ] ] } },
{ "type": "Feature", "properties": { "id": 2003 }, "geometry": { "type": "LineString", "coordinates": [ [ 141.25, 41.9 ], [ 139.4, 41.2 ] ] } },
{ "type": "Feature", "properties": { "id": 2004 }, "geometry": { "type": "LineString", "coordinates": [ [ 140.2, 45.1 ], [ 139.4, 41.2 ] ] } },
{ "type": "Feature", "properties": { "id": 2005 }, "geometry": { "type": "LineString", "coordinates": [ [ 139.7, 56.2 ], [ 150.9, 58.7 ] ] } },
{ "type": "Feature", "properties": { "id": 2006 }, "geometry": { "type": "LineString", "coordinates": [ [ 145.9478, 50.9395 ], [ 143.432, 54.574 ], [ 139.7, 56.2 ] ] } },
{ "type": "Feature", "properties": { "id": 2008 }, "geometry": { "type": "LineString", "coordinates": [ [ 139.9, 34.8 ], [ 141.3, 35.9 ] ] } },
{ "type": "Feature", "properties": { "id": 2009 }, "geometry": { "type": "LineString", "coordinates": [ [ 141.3, 35.9 ], [ 140.4029, 35.2011 ], [ 139.9, 34.8 ] ] } },
{ "type": "Feature", "properties": { "id": 2010 }, "geometry": { "type": "LineString", "coordinates": [ [ 150.0, 30.0 ], [ 145.078, 32.4854 ], [ 139.9, 34.8 ] ] } },
{ "type": "Feature", "properties": { "id": 2011 }, "geometry": { "type": "LineString", "coordinates": [ [ -148.6736, 60.7802 ], [ -148.6348, 60.8011 ], [ -148.5658, 60.8137 ], [ -148.4809, 60.8193 ], [ -148.3107, 60.7786 ], [ -146.9495, 60.7495 ] ] } },
{ "type": "Feature", "properties": { "id": 2012 }, "geometry": { "type": "LineString", "coordinates": [ [ 140.0, -50.0 ], [ 150.0, -50.0 ] ] } },
{ "type": "Feature", "properties": { "id": 2013 }, "geometry": { "type": "LineString", "coordinates": [ [ 146.0, -44.0 ], [ 143.1682, -47.0398 ], [ 140.0, -50.0 ] ] } },
{ "type": "Feature", "properties": { "id": 2014 }, "geometry": { "type": "LineString", "coordinates": [ [ 141.0, -38.7 ], [ 140.5515, -44.354 ], [ 140.0, -50.0 ] ] } },
{ "type": "Feature", "properties": { "id": 2015 }, "geometry": { "type": "LineString", "coordinates": [ [ 150.0, -0.00001 ], [ 145.0, -0.00002 ], [ 140.0, -0.00002 ] ] } },
{ "type": "Feature", "properties": { "id": 2016 }, "geometry": { "type": "LineString", "coordinates": [ [ 140.0, -0.00002 ], [ 142.4763, 2.512 ], [ 144.9621, 5.0193 ], [ 147.4667, 7.5169 ], [ 150.0, 10.0 ] ] } },
{ "type": "Feature", "properties": { "id": 2017 }, "geometry": { "type": "LineString", "coordinates": [ [ -146.3467, 61.1246 ], [ -146.376, 61.1024 ], [ -146.6178, 61.1032 ], [ -146.71, 61.0365 ], [ -146.8544, 60.9099 ], [ -146.9495, 60.7495 ] ] } },
{ "type": "Feature", "properties": { "id": 2018 }, "geometry": { "type": "LineString", "coordinates": [ [ 140.0, -0.00002 ], [ 139.9997, 5.0003 ], [ 140.0, 10.0 ] ] } },
{ "type": "Feature", "properties": { "id": 2019 }, "geometry": { "type": "LineString", "coordinates": [ [ 140.0, -0.00002 ], [ 141.0, -2.0 ] ] } },
{ "type": "Feature", "properties": { "id": 2020 }, "geometry": { "type": "LineString", "coordinates": [ [ 150.0, 20.0 ], [ 145.0004, 20.0692 ], [ 140.0, 20.0 ] ] } },
{ "type": "Feature", "properties": { "id": 2021 }, "geometry": { "type": "LineString", "coordinates": [ [ 140.0, 20.0 ], [ 144.7972, 25.0849 ], [ 150.0, 30.0 ] ] } },
{ "type": "Feature", "properties": { "id": 2022 }, "geometry": { "type": "LineString", "coordinates": [ [ 140.0, 20.0 ], [ 139.9986, 25.0017 ], [ 140.0, 30.0 ] ] } },
{ "type": "Feature", "properties": { "id": 2023 }, "geometry": { "type": "LineString", "coordinates": [ [ -146.9495, 60.7495 ], [ -146.924, 60.4082 ], [ -146.7694, 60.1439 ] ] } },
{ "type": "Feature", "properties": { "id": 2024 }, "geometry": { "type": "LineString", "coordinates": [ [ 140.0, 20.0 ], [ 139.9992, 15.0011 ], [ 140.0, 10.0 ] ] } },
{ "type": "Feature", "properties": { "id": 2025 }, "geometry": { "type": "LineString", "coordinates": [ [ 140.0, 30.0 ], [ 145.0005, 30.0935 ], [ 150.0, 30.0 ] ] } },
{ "type": "Feature", "properties": { "id": 2026 }, "geometry": { "type": "LineString", "coordinates": [ [ 140.0, 30.0 ], [ 144.6948, 35.1041 ], [ 150.0, 40.0 ] ] } },
{ "type": "Feature", "properties": { "id": 2027 }, "geometry": { "type": "LineString", "coordinates": [ [ -145.7645, 60.5413 ], [ -145.8157, 60.5422 ], [ -146.108, 60.4543 ], [ -146.2295, 60.438 ], [ -146.3389, 60.4465 ], [ -146.3389, 60.4766 ], [ -146.3736, 60.5127 ], [ -146.9495, 60.7495 ] ] } },
{ "type": "Feature", "properties": { "id": 2028 }, "geometry": { "type": "LineString", "coordinates": [ [ 150.0, 20.0 ], [ 145.2045, 25.0836 ], [ 140.0, 30.0 ] ] } },
{ "type": "Feature", "properties": { "id": 2029 }, "geometry": { "type": "LineString", "coordinates": [ [ 150.0, 10.0 ], [ 145.0002, 10.0367 ], [ 140.0, 10.0 ] ] } },
{ "type": "Feature", "properties": { "id": 2030 }, "geometry": { "type": "LineString", "coordinates": [ [ 147.0, -4.8 ], [ 140.0, 10.0 ] ] } },
{ "type": "Feature", "properties": { "id": 2031 }, "geometry": { "type": "LineString", "coordinates": [ [ 150.0, -0.00001 ], [ 147.524, 2.5119 ], [ 145.0384, 5.019 ], [ 142.5336, 7.5167 ], [ 140.0, 10.0 ] ] } },
{ "type": "Feature", "properties": { "id": 2032 }, "geometry": { "type": "LineString", "coordinates": [ [ -146.7694, 60.1439 ], [ -140.4172, 54.7001 ], [ -134.4497, 49.4677 ], [ -129.2291, 43.8605 ], [ -124.3291, 38.6558 ] ] } },
{ "type": "Feature", "properties": { "id": 2034 }, "geometry": { "type": "LineString", "coordinates": [ [ 140.2, 45.1 ], [ 141.0, 49.0 ] ] } },
{ "type": "Feature", "properties": { "id": 2035 }, "geometry": { "type": "LineString", "coordinates": [ [ 141.2, -13.0 ], [ 140.6, -16.7 ] ] } },
{ "type": "Feature", "properties": { "id": 2036 }, "geometry": { "type": "LineString", "coordinates": [ [ 141.0, -38.7 ], [ 144.0, -42.0 ] ] } },
{ "type": "Feature", "properties": { "id": 2037 }, "geometry": { "type": "LineString", "coordinates": [ [ 142.3, -38.9 ], [ 141.0, -38.7 ] ] } },
{ "type": "Feature", "properties": { "id": 2038 }, "geometry": { "type": "LineString", "coordinates": [ [ -146.1, 59.6 ], [ -146.7694, 60.1439 ] ] } },
{ "type": "Feature", "properties": { "id": 2039 }, "geometry": { "type": "LineString", "coordinates": [ [ 144.0, -3.0 ], [ 141.0, -2.0 ] ] } },
{ "type": "Feature", "properties": { "id": 2040 }, "geometry": { "type": "LineString", "coordinates": [ [ 141.25, 41.9 ], [ 143.3, 41.9 ] ] } },
{ "type": "Feature", "properties": { "id": 2041 }, "geometry": { "type": "LineString", "coordinates": [ [ 142.25, 40.6 ], [ 141.25, 41.9 ] ] } },
{ "type": "Feature", "properties": { "id": 2042 }, "geometry": { "type": "LineString", "coordinates": [ [ 141.3, 35.9 ], [ 145.5292, 38.0301 ], [ 150.0, 40.0 ] ] } },
{ "type": "Feature", "properties": { "id": 2043 }, "geometry": { "type": "LineString", "coordinates": [ [ -146.7694, 60.1439 ], [ -144.6242, 59.7622 ], [ -143.1109, 59.664 ], [ -140.3786, 59.3055 ], [ -137.5127, 57.8778 ] ] } },
{ "type": "Feature", "properties": { "id": 2044 }, "geometry": { "type": "LineString", "coordinates": [ [ 179.5, 51.3 ], [ 173.6134, 50.168 ], [ 168.0303, 48.7539 ], [ 162.7774, 47.0859 ], [ 157.8621, 45.1931 ], [ 153.2772, 43.1034 ], [ 149.0049, 40.8427 ], [ 145.0215, 38.4347 ], [ 141.3, 35.9 ] ] } },
{ "type": "Feature", "properties": { "id": 2045 }, "geometry": { "type": "LineString", "coordinates": [ [ 172.9, 52.6 ], [ 167.8712, 51.0606 ], [ 163.1846, 49.32 ], [ 158.832, 47.403 ], [ 154.7951, 45.3328 ], [ 151.0502, 43.1302 ], [ 147.5707, 40.8136 ], [ 144.3294, 38.3989 ], [ 141.3, 35.9 ] ] } },
{ "type": "Feature", "properties": { "id": 2046 }, "geometry": { "type": "LineString", "coordinates": [ [ 141.3, 35.9 ], [ 142.0, 38.0 ] ] } },
{ "type": "Feature", "properties": { "id": 2047 }, "geometry": { "type": "LineString", "coordinates": [ [ 142.0, 38.0 ], [ 142.25, 40.6 ] ] } },
{ "type": "Feature", "properties": { "id": 2049 }, "geometry": { "type": "LineString", "coordinates": [ [ 147.0, -10.0 ], [ 142.133, -10.55 ] ] } },
{ "type": "Feature", "properties": { "id": 2050 }, "geometry": { "type": "LineString", "coordinates": [ [ 144.5, -8.5 ], [ 142.133, -10.55 ] ] } },
{ "type": "Feature", "properties": { "id": 2051 }, "geometry": { "type": "LineString", "coordinates": [ [ 145.4, -14.7 ], [ 142.133, -10.55 ] ] } },
{ "type": "Feature", "properties": { "id": 2052 }, "geometry": { "type": "LineString", "coordinates": [ [ 142.25, 40.6 ], [ 143.3, 41.9 ] ] } },
{ "type": "Feature", "properties": { "id": 2053 }, "geometry": { "type": "LineString", "coordinates": [ [ 142.25, 40.6 ], [ 150.0, 40.0 ] ] } },
{ "type": "Feature", "properties": { "id": 2054 }, "geometry": { "type": "LineString", "coordinates": [ [ -140.0, 50.0 ], [ -142.4345, 54.8804 ], [ -146.1, 59.6 ] ] } },
{ "type": "Feature", "properties": { "id": 2055 }, "geometry": { "type": "LineString", "coordinates": [ [ 142.3, -38.9 ], [ 144.3, -39.0 ] ] } },
{ "type": "Feature", "properties": { "id": 2056 }, "geometry": { "type": "LineString", "coordinates": [ [ 143.3, 41.9 ], [ 146.0, 43.2 ] ] } },
{ "type": "Feature", "properties": { "id": 2057 }, "geometry": { "type": "LineString", "coordinates": [ [ 144.3, -39.0 ], [ 144.0, -42.0 ] ] } },
{ "type": "Feature", "properties": { "id": 2058 }, "geometry": { "type": "LineString", "coordinates": [ [ 144.0, -42.0 ], [ 146.0, -44.0 ] ] } },
{ "type": "Feature", "properties": { "id": 2059 }, "geometry": { "type": "LineString", "coordinates": [ [ 147.0, -4.8 ], [ 144.0, -3.0 ] ] } },
{ "type": "Feature", "properties": { "id": 2060 }, "geometry": { "type": "LineString", "coordinates": [ [ 144.3, -39.0 ], [ 144.9, -38.0 ], [ 144.3, -39.0 ] ] } },
{ "type": "Feature", "properties": { "id": 2061 }, "geometry": { "type": "LineString", "coordinates": [ [ 144.3, -39.0 ], [ 146.433, -39.167 ] ] } },
{ "type": "Feature", "properties": { "id": 2062 }, "geometry": { "type": "LineString", "coordinates": [ [ 147.0, -10.0 ], [ 144.5, -8.5 ] ] } },
{ "type": "Feature", "properties": { "id": 2063 }, "geometry": { "type": "LineString", "coordinates": [ [ -140.0, -50.0 ], [ -134.563, -45.1105 ], [ -130.0, -40.0 ] ] } },
{ "type": "Feature", "properties": { "id": 2064 }, "geometry": { "type": "LineString", "coordinates": [ [ 146.0, -16.7 ], [ 145.4, -14.7 ] ] } },
{ "type": "Feature", "properties": { "id": 2065 }, "geometry": { "type": "LineString", "coordinates": [ [ 145.9478, 50.9395 ], [ 150.9, 58.7 ] ] } },
{ "type": "Feature", "properties": { "id": 2067 }, "geometry": { "type": "LineString", "coordinates": [ [ 147.7, -43.6 ], [ 146.0, -44.0 ] ] } },
{ "type": "Feature", "properties": { "id": 2068 }, "geometry": { "type": "LineString", "coordinates": [ [ 146.0, -44.0 ], [ 150.0, -50.0 ] ] } },
{ "type": "Feature", "properties": { "id": 2069 }, "geometry": { "type": "LineString", "coordinates": [ [ 146.0, -16.7 ], [ 149.575, -15.1007 ], [ 153.0964, -13.4463 ], [ 156.5695, -11.7438 ], [ 160.0, -10.0 ] ] } },
{ "type": "Feature", "properties": { "id": 2070 }, "geometry": { "type": "LineString", "coordinates": [ [ 146.0, -16.7 ], [ 150.0, -12.0 ] ] } },
{ "type": "Feature", "properties": { "id": 2071 }, "geometry": { "type": "LineString", "coordinates": [ [ 147.1, -18.7 ], [ 146.0, -16.7 ] ] } },
{ "type": "Feature", "properties": { "id": 2072 }, "geometry": { "type": "LineString", "coordinates": [ [ 146.0, -16.7 ], [ 149.4495, -17.615 ], [ 152.9329, -18.4726 ], [ 156.45, -19.2689 ], [ 160.0, -20.0 ] ] } },
{ "type": "Feature", "properties": { "id": 2073 }, "geometry": { "type": "LineString", "coordinates": [ [ -140.0, -50.0 ], [ -139.997, -45.0022 ], [ -140.0, -40.0 ] ] } },
{ "type": "Feature", "properties": { "id": 2074 }, "geometry": { "type": "LineString", "coordinates": [ [ 179.5, 51.3 ], [ 170.2039, 50.2383 ], [ 161.4373, 48.4755 ], [ 153.3524, 46.0975 ], [ 146.0, 43.2 ] ] } },
{ "type": "Feature", "properties": { "id": 2075 }, "geometry": { "type": "LineString", "coordinates": [ [ 172.9, 52.6 ], [ 165.2486, 50.8727 ], [ 158.2097, 48.6843 ], [ 151.8032, 46.1047 ], [ 146.0, 43.2 ] ] } },
{ "type": "Feature", "properties": { "id": 2076 }, "geometry": { "type": "LineString", "coordinates": [ [ 156.9, 50.7 ], [ 152.030696489130946, 46.656786714196727 ], [ 146.0, 43.2 ] ] } },
{ "type": "Feature", "properties": { "id": 2077 }, "geometry": { "type": "LineString", "coordinates": [ [ 146.0, 43.2 ], [ 150.0, 40.0 ] ] } },
{ "type": "Feature", "properties": { "id": 2078 }, "geometry": { "type": "LineString", "coordinates": [ [ 146.433, -39.167 ], [ 148.3, -38.4 ] ] } },
{ "type": "Feature", "properties": { "id": 2079 }, "geometry": { "type": "LineString", "coordinates": [ [ -178.5, 28.5 ], [ -179.2018, 34.2547 ], [ -180.0, 40.0 ] ] } },
{ "type": "Feature", "properties": { "id": 2080 }, "geometry": { "type": "LineString", "coordinates": [ [ 172.0, -40.5 ], [ 165.5451, -40.6963 ], [ 159.0881, -40.5352 ], [ 152.6969, -40.0212 ], [ 146.433, -39.167 ] ] } },
{ "type": "Feature", "properties": { "id": 2081 }, "geometry": { "type": "LineString", "coordinates": [ [ 147.0, -10.0 ], [ 150.0, -12.0 ] ] } },
{ "type": "Feature", "properties": { "id": 2082 }, "geometry": { "type": "LineString", "coordinates": [ [ 147.0, -10.0 ], [ 147.0514, -10.0322 ], [ 150.0, -12.0 ] ] } },
{ "type": "Feature", "properties": { "id": 2083 }, "geometry": { "type": "LineString", "coordinates": [ [ 152.05, -3.8 ], [ 147.0, -4.8 ] ] } },
{ "type": "Feature", "properties": { "id": 2084 }, "geometry": { "type": "LineString", "coordinates": [ [ 150.0, -0.00001 ], [ 147.0, -4.8 ] ] } },
{ "type": "Feature", "properties": { "id": 2085 }, "geometry": { "type": "LineString", "coordinates": [ [ 149.0, -7.0 ], [ 147.0, -4.8 ] ] } },
{ "type": "Feature", "properties": { "id": 2086 }, "geometry": { "type": "LineString", "coordinates": [ [ -130.0, -50.0 ], [ -140.0, -50.0 ] ] } },
{ "type": "Feature", "properties": { "id": 2087 }, "geometry": { "type": "LineString", "coordinates": [ [ 147.0, -4.8 ], [ 148.5615, -6.5022 ], [ 149.0, -7.0 ] ] } },
{ "type": "Feature", "properties": { "id": 2088 }, "geometry": { "type": "LineString", "coordinates": [ [ 150.0, -21.0 ], [ 147.1, -18.7 ] ] } },
{ "type": "Feature", "properties": { "id": 2089 }, "geometry": { "type": "LineString", "coordinates": [ [ 149.0, -43.0 ], [ 147.7, -43.6 ] ] } },
{ "type": "Feature", "properties": { "id": 2090 }, "geometry": { "type": "LineString", "coordinates": [ [ 148.3, -38.4 ], [ 150.1, -37.7 ] ] } },
{ "type": "Feature", "properties": { "id": 2091 }, "geometry": { "type": "LineString", "coordinates": [ [ 148.3, -38.4 ], [ 149.189, -38.0408 ], [ 150.1, -37.7 ] ] } },
{ "type": "Feature", "properties": { "id": 2092 }, "geometry": { "type": "LineString", "coordinates": [ [ 150.1, -37.7 ], [ 149.0, -43.0 ] ] } },
{ "type": "Feature", "properties": { "id": 2093 }, "geometry": { "type": "LineString", "coordinates": [ [ 149.0, -43.0 ], [ 149.4695, -46.502 ], [ 150.0, -50.0 ] ] } },
{ "type": "Feature", "properties": { "id": 2094 }, "geometry": { "type": "LineString", "coordinates": [ [ 152.6, -5.2 ], [ 149.0, -7.0 ] ] } },
{ "type": "Feature", "properties": { "id": 2095 }, "geometry": { "type": "LineString", "coordinates": [ [ 152.5, -10.0 ], [ 149.0, -7.0 ] ] } },
{ "type": "Feature", "properties": { "id": 2096 }, "geometry": { "type": "LineString", "coordinates": [ [ 160.0, -50.0 ], [ 150.0, -50.0 ] ] } },
{ "type": "Feature", "properties": { "id": 2097 }, "geometry": { "type": "LineString", "coordinates": [ [ 150.0, -50.0 ], [ 155.437, -45.1105 ], [ 160.0, -40.0 ] ] } },
{ "type": "Feature", "properties": { "id": 2098 }, "geometry": { "type": "LineString", "coordinates": [ [ -130.0, -30.0 ], [ -134.6948, -35.1041 ], [ -140.0, -40.0 ] ] } },
{ "type": "Feature", "properties": { "id": 2099 }, "geometry": { "type": "LineString", "coordinates": [ [ 153.4, -24.8 ], [ 150.0, -21.0 ] ] } },
{ "type": "Feature", "properties": { "id": 2100 }, "geometry": { "type": "LineString", "coordinates": [ [ 160.0, -10.0 ], [ 155.0166, -11.0406 ], [ 150.0, -12.0 ] ] } },
{ "type": "Feature", "properties": { "id": 2101 }, "geometry": { "type": "LineString", "coordinates": [ [ 152.5, -10.0 ], [ 150.0, -12.0 ] ] } },
{ "type": "Feature", "properties": { "id": 2102 }, "geometry": { "type": "LineString", "coordinates": [ [ 150.0, -0.00001 ], [ 155.0, -0.00001 ], [ 160.0, -0.00002 ] ] } },
{ "type": "Feature", "properties": { "id": 2103 }, "geometry": { "type": "LineString", "coordinates": [ [ 150.0, -0.00001 ], [ 157.6787, 7.7339 ], [ 160.0, 10.0 ] ] } },
{ "type": "Feature", "properties": { "id": 2104 }, "geometry": { "type": "LineString", "coordinates": [ [ 150.0, -0.00001 ], [ 152.4763, 2.512 ], [ 154.9621, 5.0192 ], [ 157.4667, 7.5169 ], [ 160.0, 10.0 ] ] } },
{ "type": "Feature", "properties": { "id": 2105 }, "geometry": { "type": "LineString", "coordinates": [ [ 150.0, -0.00001 ], [ 149.9997, 5.0004 ], [ 150.0, 10.0 ] ] } },
{ "type": "Feature", "properties": { "id": 2106 }, "geometry": { "type": "LineString", "coordinates": [ [ 150.0, -0.00001 ], [ 152.8981, -2.4985 ], [ 155.8, -5.0 ] ] } },
{ "type": "Feature", "properties": { "id": 2107 }, "geometry": { "type": "LineString", "coordinates": [ [ 160.0, 10.0 ], [ 155.0002, 10.0367 ], [ 150.0, 10.0 ] ] } },
{ "type": "Feature", "properties": { "id": 2108 }, "geometry": { "type": "LineString", "coordinates": [ [ 160.0, 20.0 ], [ 157.4073, 17.5443 ], [ 154.8837, 15.0554 ], [ 152.4181, 12.5389 ], [ 150.0, 10.0 ] ] } },
{ "type": "Feature", "properties": { "id": 2109 }, "geometry": { "type": "LineString", "coordinates": [ [ -140.0, -30.0 ], [ -139.9977, -35.0021 ], [ -140.0, -40.0 ] ] } },
{ "type": "Feature", "properties": { "id": 2110 }, "geometry": { "type": "LineString", "coordinates": [ [ 150.0, 20.0 ], [ 149.9992, 15.0011 ], [ 150.0, 10.0 ] ] } },
{ "type": "Feature", "properties": { "id": 2111 }, "geometry": { "type": "LineString", "coordinates": [ [ 153.4, -24.8 ], [ 153.9412, -6.6247 ], [ 151.8099, 3.7509 ], [ 150.0, 10.0 ] ] } },
{ "type": "Feature", "properties": { "id": 2112 }, "geometry": { "type": "LineString", "coordinates": [ [ 160.0, -0.00002 ], [ 157.524, 2.5119 ], [ 155.0384, 5.019 ], [ 152.5336, 7.5167 ], [ 150.0, 10.0 ] ] } },
{ "type": "Feature", "properties": { "id": 2113 }, "geometry": { "type": "LineString", "coordinates": [ [ 150.0, 20.0 ], [ 155.0004, 20.0692 ], [ 160.0, 20.0 ] ] } },
{ "type": "Feature", "properties": { "id": 2114 }, "geometry": { "type": "LineString", "coordinates": [ [ 150.0, 20.0 ], [ 154.7972, 25.0849 ], [ 160.0, 30.0 ] ] } },
{ "type": "Feature", "properties": { "id": 2115 }, "geometry": { "type": "LineString", "coordinates": [ [ 150.0, 20.0 ], [ 149.9986, 25.0017 ], [ 150.0, 30.0 ] ] } },
{ "type": "Feature", "properties": { "id": 2116 }, "geometry": { "type": "LineString", "coordinates": [ [ 150.0, 20.0 ], [ 167.0719, -0.3593 ], [ 176.9, -18.3 ] ] } },
{ "type": "Feature", "properties": { "id": 2117 }, "geometry": { "type": "LineString", "coordinates": [ [ 150.0, 20.0 ], [ 152.5937, 17.5438 ], [ 155.1175, 15.0547 ], [ 157.6649, 12.7205 ], [ 160.0, 10.0 ] ] } },
{ "type": "Feature", "properties": { "id": 2118 }, "geometry": { "type": "LineString", "coordinates": [ [ 160.0, 30.0 ], [ 155.0005, 30.0935 ], [ 150.0, 30.0 ] ] } },
{ "type": "Feature", "properties": { "id": 2119 }, "geometry": { "type": "LineString", "coordinates": [ [ 150.0, 30.0 ], [ 156.7987, 33.1634 ], [ 164.0683, 35.9321 ], [ 171.814, 38.2345 ], [ 180.0, 40.0 ] ] } },
{ "type": "Feature", "properties": { "id": 2120 }, "geometry": { "type": "LineString", "coordinates": [ [ -130.0, -50.0 ], [ -135.2833, -45.0318 ], [ -140.0, -40.0 ] ] } },
{ "type": "Feature", "properties": { "id": 2121 }, "geometry": { "type": "LineString", "coordinates": [ [ 150.0, 30.0 ], [ 154.6948, 35.1041 ], [ 160.0, 40.0 ] ] } },
{ "type": "Feature", "properties": { "id": 2122 }, "geometry": { "type": "LineString", "coordinates": [ [ 150.0, 30.0 ], [ 149.9979, 35.002 ], [ 150.0, 40.0 ] ] } },
{ "type": "Feature", "properties": { "id": 2123 }, "geometry": { "type": "LineString", "coordinates": [ [ 150.0, 30.0 ], [ 155.2045, 25.0836 ], [ 160.0, 20.0 ] ] } },
{ "type": "Feature", "properties": { "id": 2124 }, "geometry": { "type": "LineString", "coordinates": [ [ 156.9, 50.7 ], [ 153.1228, 45.4041 ], [ 150.0, 40.0 ] ] } },
{ "type": "Feature", "properties": { "id": 2125 }, "geometry": { "type": "LineString", "coordinates": [ [ 160.0, 30.0 ], [ 155.3071, 35.1023 ], [ 150.0, 40.0 ] ] } },
{ "type": "Feature", "properties": { "id": 2126 }, "geometry": { "type": "LineString", "coordinates": [ [ 150.1, -37.7 ], [ 151.5, -34.0001 ] ] } },
{ "type": "Feature", "properties": { "id": 2127 }, "geometry": { "type": "LineString", "coordinates": [ [ 150.1, -37.7 ], [ 151.8588, -40.9101 ], [ 154.4327, -43.9045 ], [ 157.1451, -46.998 ], [ 160.0, -50.0 ] ] } },
{ "type": "Feature", "properties": { "id": 2128 }, "geometry": { "type": "LineString", "coordinates": [ [ 150.1, -37.7 ], [ 154.97, -38.952 ], [ 160.0, -40.0 ] ] } },
{ "type": "Feature", "properties": { "id": 2130 }, "geometry": { "type": "LineString", "coordinates": [ [ -130.0, -40.0 ], [ -135.0004, -40.1068 ], [ -140.0, -40.0 ] ] } },
{ "type": "Feature", "properties": { "id": 2131 }, "geometry": { "type": "LineString", "coordinates": [ [ 151.5, -34.0001 ], [ 158.8303, -33.6136 ], [ 166.0622, -32.8038 ], [ 173.1343, -31.5899 ], [ 180.0, -30.0 ] ] } },
{ "type": "Feature", "properties": { "id": 2132 }, "geometry": { "type": "LineString", "coordinates": [ [ 152.25, -33.0 ], [ 151.5, -34.0001 ] ] } },
{ "type": "Feature", "properties": { "id": 2133 }, "geometry": { "type": "LineString", "coordinates": [ [ 151.5, -34.0001 ], [ 155.6365, -37.0167 ], [ 160.0, -40.0 ] ] } },
{ "type": "Feature", "properties": { "id": 2134 }, "geometry": { "type": "LineString", "coordinates": [ [ 173.9, -40.3 ], [ 167.9561, -39.1226 ], [ 162.23, -37.6611 ], [ 156.7424, -35.9434 ], [ 151.5, -34.0001 ] ] } },
{ "type": "Feature", "properties": { "id": 2135 }, "geometry": { "type": "LineString", "coordinates": [ [ 174.0, -37.0 ], [ 168.2311, -36.6445 ], [ 162.536, -36.0179 ], [ 156.9496, -35.1313 ], [ 151.5, -34.0001 ] ] } },
{ "type": "Feature", "properties": { "id": 2136 }, "geometry": { "type": "LineString", "coordinates": [ [ 151.5, -34.0001 ], [ 156.6664, -34.4269 ], [ 161.8732, -34.6376 ], [ 167.0935, -34.6287 ], [ 172.3, -34.4 ] ] } },
{ "type": "Feature", "properties": { "id": 2137 }, "geometry": { "type": "LineString", "coordinates": [ [ 152.6, -5.2 ], [ 152.05, -3.8 ] ] } },
{ "type": "Feature", "properties": { "id": 2138 }, "geometry": { "type": "LineString", "coordinates": [ [ 152.25, -33.0 ], [ 156.1867, -31.5583 ], [ 160.0, -30.0 ] ] } },
{ "type": "Feature", "properties": { "id": 2139 }, "geometry": { "type": "LineString", "coordinates": [ [ 152.25, -33.0 ], [ 153.5, -31.0 ] ] } },
{ "type": "Feature", "properties": { "id": 2140 }, "geometry": { "type": "LineString", "coordinates": [ [ 152.5, -10.0 ], [ 156.2, -6.7 ] ] } },
{ "type": "Feature", "properties": { "id": 2141 }, "geometry": { "type": "LineString", "coordinates": [ [ -140.0, -30.0 ], [ -134.7972, -25.085 ], [ -130.0, -20.0 ] ] } },
{ "type": "Feature", "properties": { "id": 2142 }, "geometry": { "type": "LineString", "coordinates": [ [ 152.5, -10.0 ], [ 152.6, -5.2 ] ] } },
{ "type": "Feature", "properties": { "id": 2143 }, "geometry": { "type": "LineString", "coordinates": [ [ 152.5, -10.0 ], [ 153.4, -24.8 ] ] } },
{ "type": "Feature", "properties": { "id": 2144 }, "geometry": { "type": "LineString", "coordinates": [ [ 152.5, -10.0 ], [ 156.2499, -10.0206 ], [ 160.0, -10.0 ] ] } },
{ "type": "Feature", "properties": { "id": 2145 }, "geometry": { "type": "LineString", "coordinates": [ [ 152.6, -5.2 ], [ 155.8, -5.0 ] ] } },
{ "type": "Feature", "properties": { "id": 2146 }, "geometry": { "type": "LineString", "coordinates": [ [ 153.4, -24.8 ], [ 156.7565, -22.4337 ], [ 160.0, -20.0 ] ] } },
{ "type": "Feature", "properties": { "id": 2147 }, "geometry": { "type": "LineString", "coordinates": [ [ -140.0, -30.0 ], [ -134.5057, -24.7431 ], [ -130.0, -20.0 ] ] } },
{ "type": "Feature", "properties": { "id": 2148 }, "geometry": { "type": "LineString", "coordinates": [ [ 153.4, -24.8 ], [ 155.1596, -21.1245 ], [ 156.834, -17.43 ], [ 158.442, -13.7206 ], [ 160.0, -10.0 ] ] } },
{ "type": "Feature", "properties": { "id": 2149 }, "geometry": { "type": "LineString", "coordinates": [ [ 153.7, -26.2 ], [ 153.4, -24.8 ] ] } },
{ "type": "Feature", "properties": { "id": 2150 }, "geometry": { "type": "LineString", "coordinates": [ [ 153.5, -31.0 ], [ 153.8, -27.15 ] ] } },
{ "type": "Feature", "properties": { "id": 2151 }, "geometry": { "type": "LineString", "coordinates": [ [ 153.8, -27.15 ], [ 153.7, -26.2 ] ] } },
{ "type": "Feature", "properties": { "id": 2152 }, "geometry": { "type": "LineString", "coordinates": [ [ 153.8, -27.15 ], [ 160.8668, -25.2366 ], [ 167.7, -23.0 ] ] } },
{ "type": "Feature", "properties": { "id": 2153 }, "geometry": { "type": "LineString", "coordinates": [ [ 153.8, -27.15 ], [ 160.1687, -24.9046 ], [ 166.3, -22.4 ] ] } },
{ "type": "Feature", "properties": { "id": 2154 }, "geometry": { "type": "LineString", "coordinates": [ [ 153.8, -27.15 ], [ 160.0, -30.0 ] ] } },
{ "type": "Feature", "properties": { "id": 2155 }, "geometry": { "type": "LineString", "coordinates": [ [ 154.4898, 54.7695 ], [ 155.5219, 58.1331 ], [ 163.4886, 61.4359 ], [ 164.4002, 62.3784 ] ] } },
{ "type": "Feature", "properties": { "id": 2156 }, "geometry": { "type": "LineString", "coordinates": [ [ 155.8, -5.0 ], [ 160.0, -0.00002 ] ] } },
{ "type": "Feature", "properties": { "id": 2157 }, "geometry": { "type": "LineString", "coordinates": [ [ 156.2, -6.7 ], [ 155.8, -5.0 ] ] } },
{ "type": "Feature", "properties": { "id": 2158 }, "geometry": { "type": "LineString", "coordinates": [ [ 160.0, -10.0 ], [ 156.2, -6.7 ] ] } },
{ "type": "Feature", "properties": { "id": 2159 }, "geometry": { "type": "LineString", "coordinates": [ [ -140.0, -30.0 ], [ -139.9986, -25.0017 ], [ -140.0, -20.0 ] ] } },
{ "type": "Feature", "properties": { "id": 2160 }, "geometry": { "type": "LineString", "coordinates": [ [ 172.9, 52.6 ], [ 164.7323, 51.9214 ], [ 156.9, 50.7 ] ] } },
{ "type": "Feature", "properties": { "id": 2161 }, "geometry": { "type": "LineString", "coordinates": [ [ 156.9, 50.7 ], [ 163.1, 54.7 ] ] } },
{ "type": "Feature", "properties": { "id": 2162 }, "geometry": { "type": "LineString", "coordinates": [ [ 156.9, 50.7 ], [ 158.5944, 45.3623 ], [ 160.0, 40.0 ] ] } },
{ "type": "Feature", "properties": { "id": 2163 }, "geometry": { "type": "LineString", "coordinates": [ [ 156.9, 50.7 ], [ 160.368, 47.9732 ], [ 163.6826, 45.2751 ], [ 166.8859, 42.6166 ], [ 170.0, 40.0 ] ] } },
{ "type": "Feature", "properties": { "id": 2164 }, "geometry": { "type": "LineString", "coordinates": [ [ 167.7, -23.0 ], [ 163.9666, -26.5523 ], [ 160.0, -30.0 ] ] } },
{ "type": "Feature", "properties": { "id": 2165 }, "geometry": { "type": "LineString", "coordinates": [ [ 166.3, -22.4 ], [ 163.2523, -26.2352 ], [ 160.0, -30.0 ] ] } },
{ "type": "Feature", "properties": { "id": 2166 }, "geometry": { "type": "LineString", "coordinates": [ [ 160.0, -30.0 ], [ 160.0014, -25.0017 ], [ 160.0, -20.0 ] ] } },
{ "type": "Feature", "properties": { "id": 2167 }, "geometry": { "type": "LineString", "coordinates": [ [ 160.0, -30.0 ], [ 160.0026, -35.002 ], [ 160.0, -40.0 ] ] } },
{ "type": "Feature", "properties": { "id": 2168 }, "geometry": { "type": "LineString", "coordinates": [ [ 172.0, -40.5 ], [ 168.9003, -37.8117 ], [ 165.8621, -35.17 ], [ 162.9079, -32.5648 ], [ 160.0, -30.0 ] ] } },
{ "type": "Feature", "properties": { "id": 2169 }, "geometry": { "type": "LineString", "coordinates": [ [ -140.0, -30.0 ], [ -135.3071, -35.1023 ], [ -130.0, -40.0 ] ] } },
{ "type": "Feature", "properties": { "id": 2170 }, "geometry": { "type": "LineString", "coordinates": [ [ 170.0, -30.0 ], [ 164.9995, -30.0935 ], [ 160.0, -30.0 ] ] } },
{ "type": "Feature", "properties": { "id": 2171 }, "geometry": { "type": "LineString", "coordinates": [ [ 170.0, -50.0 ], [ 160.0, -50.0 ] ] } },
{ "type": "Feature", "properties": { "id": 2172 }, "geometry": { "type": "LineString", "coordinates": [ [ 165.6, -46.0001 ], [ 160.0, -50.0 ] ] } },
{ "type": "Feature", "properties": { "id": 2173 }, "geometry": { "type": "LineString", "coordinates": [ [ 160.0, -50.0 ], [ 160.003, -45.0022 ], [ 160.0, -40.0 ] ] } },
{ "type": "Feature", "properties": { "id": 2174 }, "geometry": { "type": "LineString", "coordinates": [ [ 174.0, -37.0 ], [ 167.1451, -38.708 ], [ 160.0, -40.0 ] ] } },
{ "type": "Feature", "properties": { "id": 2175 }, "geometry": { "type": "LineString", "coordinates": [ [ 170.0, -30.0 ], [ 165.3052, -35.1041 ], [ 160.0, -40.0 ] ] } },
{ "type": "Feature", "properties": { "id": 2176 }, "geometry": { "type": "LineString", "coordinates": [ [ 165.6, -46.0001 ], [ 162.785, -43.0592 ], [ 160.0, -40.0 ] ] } },
{ "type": "Feature", "properties": { "id": 2177 }, "geometry": { "type": "LineString", "coordinates": [ [ 172.0, -40.5 ], [ 165.9772, -40.4038 ], [ 160.0, -40.0 ] ] } },
{ "type": "Feature", "properties": { "id": 2178 }, "geometry": { "type": "LineString", "coordinates": [ [ 170.0, -10.0 ], [ 167.5818, -12.5389 ], [ 165.1163, -15.0555 ], [ 162.5927, -17.5444 ], [ 160.0, -20.0 ] ] } },
{ "type": "Feature", "properties": { "id": 2179 }, "geometry": { "type": "LineString", "coordinates": [ [ 160.0, -10.0 ], [ 160.0008, -15.0011 ], [ 160.0, -20.0 ] ] } },
{ "type": "Feature", "properties": { "id": 2180 }, "geometry": { "type": "LineString", "coordinates": [ [ -130.0, -30.0 ], [ -135.0005, -30.0935 ], [ -140.0, -30.0 ] ] } },
{ "type": "Feature", "properties": { "id": 2181 }, "geometry": { "type": "LineString", "coordinates": [ [ 170.0, -30.0 ], [ 164.7955, -25.0836 ], [ 160.0, -20.0 ] ] } },
{ "type": "Feature", "properties": { "id": 2182 }, "geometry": { "type": "LineString", "coordinates": [ [ 163.5, -20.9 ], [ 160.0, -20.0 ] ] } },
{ "type": "Feature", "properties": { "id": 2183 }, "geometry": { "type": "LineString", "coordinates": [ [ 160.0, -10.0 ], [ 161.81, -14.6582 ], [ 163.7, -19.3 ] ] } },
{ "type": "Feature", "properties": { "id": 2184 }, "geometry": { "type": "LineString", "coordinates": [ [ 160.0, -10.0 ], [ 164.9998, -10.0367 ], [ 170.0, -10.0 ] ] } },
{ "type": "Feature", "properties": { "id": 2185 }, "geometry": { "type": "LineString", "coordinates": [ [ 173.1, 1.1 ], [ 166.5494, 0.5536 ], [ 160.0, -0.00002 ] ] } },
{ "type": "Feature", "properties": { "id": 2186 }, "geometry": { "type": "LineString", "coordinates": [ [ 166.4, 9.1 ], [ 163.1799, 4.5573 ], [ 160.0, -0.00002 ] ] } },
{ "type": "Feature", "properties": { "id": 2187 }, "geometry": { "type": "LineString", "coordinates": [ [ 160.0, 10.0 ], [ 159.9998, 6.9028 ], [ 160.0, -0.00002 ] ] } },
{ "type": "Feature", "properties": { "id": 2188 }, "geometry": { "type": "LineString", "coordinates": [ [ 160.0, -0.00002 ], [ 159.9998, 5.0004 ], [ 160.0, 10.0 ] ] } },
{ "type": "Feature", "properties": { "id": 2189 }, "geometry": { "type": "LineString", "coordinates": [ [ -170.0, 30.0 ], [ -174.6929, 35.1023 ], [ -180.0, 40.0 ] ] } },
{ "type": "Feature", "properties": { "id": 2190 }, "geometry": { "type": "LineString", "coordinates": [ [ -130.0, -10.0 ], [ -132.4181, -12.5389 ], [ -134.8837, -15.0555 ], [ -137.4073, -17.5444 ], [ -140.0, -20.0 ] ] } },
{ "type": "Feature", "properties": { "id": 2191 }, "geometry": { "type": "LineString", "coordinates": [ [ 170.0, -10.0 ], [ 167.4664, -7.5167 ], [ 164.9616, -5.019 ], [ 162.476, -2.5119 ], [ 160.0, -0.00002 ] ] } },
{ "type": "Feature", "properties": { "id": 2192 }, "geometry": { "type": "LineString", "coordinates": [ [ 167.5, 19.5 ], [ 163.6686, 14.7811 ], [ 160.0, 10.0 ] ] } },
{ "type": "Feature", "properties": { "id": 2193 }, "geometry": { "type": "LineString", "coordinates": [ [ 160.0, 20.0 ], [ 159.9992, 15.0011 ], [ 160.0, 10.0 ] ] } },
{ "type": "Feature", "properties": { "id": 2194 }, "geometry": { "type": "LineString", "coordinates": [ [ 173.1, 1.1 ], [ 169.8471, 3.3302 ], [ 166.5842, 5.5582 ], [ 163.3043, 7.7823 ], [ 160.0, 10.0 ] ] } },
{ "type": "Feature", "properties": { "id": 2195 }, "geometry": { "type": "LineString", "coordinates": [ [ 166.4, 9.1 ], [ 160.0, 10.0 ] ] } },
{ "type": "Feature", "properties": { "id": 2196 }, "geometry": { "type": "LineString", "coordinates": [ [ 160.0, 30.0 ], [ 159.9986, 25.0017 ], [ 160.0, 20.0 ] ] } },
{ "type": "Feature", "properties": { "id": 2197 }, "geometry": { "type": "LineString", "coordinates": [ [ 160.0, 20.0 ], [ 163.3109, 14.5858 ], [ 166.4, 9.1 ] ] } },
{ "type": "Feature", "properties": { "id": 2198 }, "geometry": { "type": "LineString", "coordinates": [ [ 160.0, 20.0 ], [ 163.7561, 19.7883 ], [ 167.5, 19.5 ] ] } },
{ "type": "Feature", "properties": { "id": 2199 }, "geometry": { "type": "LineString", "coordinates": [ [ 170.0, 30.0 ], [ 165.0005, 30.0935 ], [ 160.0, 30.0 ] ] } },
{ "type": "Feature", "properties": { "id": 2200 }, "geometry": { "type": "LineString", "coordinates": [ [ -140.0, -10.0 ], [ -139.9992, -15.0011 ], [ -140.0, -20.0 ] ] } },
{ "type": "Feature", "properties": { "id": 2201 }, "geometry": { "type": "LineString", "coordinates": [ [ 160.0, 30.0 ], [ 164.6948, 35.1041 ], [ 170.0, 40.0 ] ] } },
{ "type": "Feature", "properties": { "id": 2202 }, "geometry": { "type": "LineString", "coordinates": [ [ 160.0, 30.0 ], [ 159.9979, 35.002 ], [ 160.0, 40.0 ] ] } },
{ "type": "Feature", "properties": { "id": 2203 }, "geometry": { "type": "LineString", "coordinates": [ [ 160.0, 30.0 ], [ 164.2645, 24.9325 ], [ 167.5, 19.5 ] ] } },
{ "type": "Feature", "properties": { "id": 2204 }, "geometry": { "type": "LineString", "coordinates": [ [ 170.0, 40.0 ], [ 165.0004, 40.1067 ], [ 160.0, 40.0 ] ] } },
{ "type": "Feature", "properties": { "id": 2205 }, "geometry": { "type": "LineString", "coordinates": [ [ 172.9, 52.6 ], [ 169.077, 49.5976 ], [ 165.7041, 46.4825 ], [ 162.7006, 43.2775 ], [ 160.0, 40.0 ] ] } },
{ "type": "Feature", "properties": { "id": 2206 }, "geometry": { "type": "LineString", "coordinates": [ [ 170.0, 30.0 ], [ 165.3071, 35.1023 ], [ 160.0, 40.0 ] ] } },
{ "type": "Feature", "properties": { "id": 2207 }, "geometry": { "type": "LineString", "coordinates": [ [ 163.1, 54.7 ], [ 167.9, 59.6 ] ] } },
{ "type": "Feature", "properties": { "id": 2208 }, "geometry": { "type": "LineString", "coordinates": [ [ 172.9, 52.6 ], [ 163.1, 54.7 ] ] } },
{ "type": "Feature", "properties": { "id": 2209 }, "geometry": { "type": "LineString", "coordinates": [ [ 163.5, -20.9 ], [ 163.7, -19.3 ] ] } },
{ "type": "Feature", "properties": { "id": 2210 }, "geometry": { "type": "LineString", "coordinates": [ [ 166.3, -22.4 ], [ 163.5, -20.9 ] ] } },
{ "type": "Feature", "properties": { "id": 2211 }, "geometry": { "type": "LineString", "coordinates": [ [ -130.0, -30.0 ], [ -135.2045, -25.0836 ], [ -140.0, -20.0 ] ] } },
{ "type": "Feature", "properties": { "id": 2212 }, "geometry": { "type": "LineString", "coordinates": [ [ 168.1, -18.0 ], [ 163.7, -19.3 ] ] } },
{ "type": "Feature", "properties": { "id": 2213 }, "geometry": { "type": "LineString", "coordinates": [ [ 163.7, -19.3 ], [ 166.0, -21.0 ] ] } },
{ "type": "Feature", "properties": { "id": 2214 }, "geometry": { "type": "LineString", "coordinates": [ [ 165.6, -46.0001 ], [ 171.0, -42.0 ] ] } },
{ "type": "Feature", "properties": { "id": 2215 }, "geometry": { "type": "LineString", "coordinates": [ [ 165.6, -46.0001 ], [ 170.0, -50.0 ] ] } },
{ "type": "Feature", "properties": { "id": 2216 }, "geometry": { "type": "LineString", "coordinates": [ [ 168.2, -46.6 ], [ 165.6, -46.0001 ] ] } },
{ "type": "Feature", "properties": { "id": 2217 }, "geometry": { "type": "LineString", "coordinates": [ [ 167.7, -23.0 ], [ 166.0, -21.0 ] ] } },
{ "type": "Feature", "properties": { "id": 2218 }, "geometry": { "type": "LineString", "coordinates": [ [ 167.7, -23.0 ], [ 166.3, -22.4 ] ] } },
{ "type": "Feature", "properties": { "id": 2219 }, "geometry": { "type": "LineString", "coordinates": [ [ 166.4, 9.1 ], [ 171.2914, 9.5318 ], [ 180.0, 10.0 ] ] } },
{ "type": "Feature", "properties": { "id": 2220 }, "geometry": { "type": "LineString", "coordinates": [ [ 180.0, 20.0 ], [ 176.4661, 17.3549 ], [ 173.0327, 14.6492 ], [ 169.6829, 11.8941 ], [ 166.4, 9.1 ] ] } },
{ "type": "Feature", "properties": { "id": 2221 }, "geometry": { "type": "LineString", "coordinates": [ [ 166.4, 9.1 ], [ 166.9367, 14.3018 ], [ 167.5, 19.5 ] ] } },
{ "type": "Feature", "properties": { "id": 2222 }, "geometry": { "type": "LineString", "coordinates": [ [ 166.4, 9.1 ], [ 169.8269, 6.8328 ], [ 173.2306, 4.5586 ], [ 176.619, 2.2803 ], [ 180.0, -0.00002 ] ] } },
{ "type": "Feature", "properties": { "id": 2223 }, "geometry": { "type": "LineString", "coordinates": [ [ 180.0, 20.0 ], [ 173.7409, 19.8573 ], [ 167.5, 19.5 ] ] } },
{ "type": "Feature", "properties": { "id": 2224 }, "geometry": { "type": "LineString", "coordinates": [ [ -140.0, -20.0 ], [ -135.0004, -20.0692 ], [ -130.0, -20.0 ] ] } },
{ "type": "Feature", "properties": { "id": 2225 }, "geometry": { "type": "LineString", "coordinates": [ [ 170.0, 30.0 ], [ 168.6965, 24.7572 ], [ 167.5, 19.5 ] ] } },
{ "type": "Feature", "properties": { "id": 2226 }, "geometry": { "type": "LineString", "coordinates": [ [ 167.5, 19.5 ], [ 170.6817, 17.117 ], [ 173.8203, 14.7388 ], [ 176.9241, 12.3665 ], [ 180.0, 10.0 ] ] } },
{ "type": "Feature", "properties": { "id": 2227 }, "geometry": { "type": "LineString", "coordinates": [ [ 178.7, -18.4 ], [ 173.2827, -20.7872 ], [ 167.7, -23.0 ] ] } },
{ "type": "Feature", "properties": { "id": 2228 }, "geometry": { "type": "LineString", "coordinates": [ [ 179.3, -8.9 ], [ 176.5401, -12.4797 ], [ 173.7038, -16.0298 ], [ 170.7662, -19.5402 ], [ 167.7, -23.0 ] ] } },
{ "type": "Feature", "properties": { "id": 2229 }, "geometry": { "type": "LineString", "coordinates": [ [ 167.7, -23.0 ], [ 176.3375, -12.719 ], [ 179.3, -8.9 ] ] } },
{ "type": "Feature", "properties": { "id": 2230 }, "geometry": { "type": "LineString", "coordinates": [ [ 168.1, -18.0 ], [ 167.7, -23.0 ] ] } },
{ "type": "Feature", "properties": { "id": 2231 }, "geometry": { "type": "LineString", "coordinates": [ [ 167.7, -23.0 ], [ 168.8153, -26.5053 ], [ 170.0, -30.0 ] ] } },
{ "type": "Feature", "properties": { "id": 2232 }, "geometry": { "type": "LineString", "coordinates": [ [ 167.7, -23.0 ], [ 173.6848, -26.5879 ], [ 180.0, -30.0 ] ] } },
{ "type": "Feature", "properties": { "id": 2233 }, "geometry": { "type": "LineString", "coordinates": [ [ 167.9, 59.6 ], [ 180.0, 62.1 ] ] } },
{ "type": "Feature", "properties": { "id": 2234 }, "geometry": { "type": "LineString", "coordinates": [ [ 168.1, -18.0 ], [ 170.9841, -15.7749 ], [ 173.8057, -13.5125 ], [ 176.5745, -11.2189 ], [ 179.3, -8.9 ] ] } },
{ "type": "Feature", "properties": { "id": 2235 }, "geometry": { "type": "LineString", "coordinates": [ [ -140.0, -10.0 ], [ -137.4667, -7.5169 ], [ -134.9621, -5.0193 ], [ -132.4763, -2.512 ], [ -130.0, -0.00001 ] ] } },
{ "type": "Feature", "properties": { "id": 2236 }, "geometry": { "type": "LineString", "coordinates": [ [ 168.1, -18.0 ], [ 169.0667, -14.0025 ], [ 170.0, -10.0 ] ] } },
{ "type": "Feature", "properties": { "id": 2237 }, "geometry": { "type": "LineString", "coordinates": [ [ 168.1, -18.0 ], [ 168.1849, -17.6331 ], [ 170.0, -10.0 ] ] } },
{ "type": "Feature", "properties": { "id": 2238 }, "geometry": { "type": "LineString", "coordinates": [ [ 168.1, -18.0 ], [ 172.4959, -18.1992 ], [ 176.9, -18.3 ] ] } },
{ "type": "Feature", "properties": { "id": 2239 }, "geometry": { "type": "LineString", "coordinates": [ [ 169.5, -47.0 ], [ 168.2, -46.6 ] ] } },
{ "type": "Feature", "properties": { "id": 2240 }, "geometry": { "type": "LineString", "coordinates": [ [ 171.0, -46.0 ], [ 169.5, -47.0 ] ] } },
{ "type": "Feature", "properties": { "id": 2241 }, "geometry": { "type": "LineString", "coordinates": [ [ 169.5, -47.0 ], [ 170.0, -50.0 ] ] } },
{ "type": "Feature", "properties": { "id": 2242 }, "geometry": { "type": "LineString", "coordinates": [ [ 180.0, -50.0 ], [ 170.0, -50.0 ] ] } },
{ "type": "Feature", "properties": { "id": 2243 }, "geometry": { "type": "LineString", "coordinates": [ [ 178.7, -18.4 ], [ 176.665, -21.3451 ], [ 174.5475, -24.2638 ], [ 172.3318, -27.1507 ], [ 170.0, -30.0 ] ] } },
{ "type": "Feature", "properties": { "id": 2244 }, "geometry": { "type": "LineString", "coordinates": [ [ 172.3, -34.4 ], [ 170.0, -30.0 ] ] } },
{ "type": "Feature", "properties": { "id": 2245 }, "geometry": { "type": "LineString", "coordinates": [ [ 174.0, -34.0 ], [ 170.0, -30.0 ] ] } },
{ "type": "Feature", "properties": { "id": 2246 }, "geometry": { "type": "LineString", "coordinates": [ [ 180.0, -30.0 ], [ 174.9995, -30.0935 ], [ 170.0, -30.0 ] ] } },
{ "type": "Feature", "properties": { "id": 2247 }, "geometry": { "type": "LineString", "coordinates": [ [ -140.0, -10.0 ], [ -139.9997, -5.0004 ], [ -140.0, -0.00001 ] ] } },
{ "type": "Feature", "properties": { "id": 2248 }, "geometry": { "type": "LineString", "coordinates": [ [ 170.0, -10.0 ], [ 172.5333, -7.5169 ], [ 175.0379, -5.0193 ], [ 177.5237, -2.512 ], [ 180.0, -0.00002 ] ] } },
{ "type": "Feature", "properties": { "id": 2249 }, "geometry": { "type": "LineString", "coordinates": [ [ 173.1, 1.1 ], [ 171.5618, -4.4521 ], [ 170.0, -10.0 ] ] } },
{ "type": "Feature", "properties": { "id": 2250 }, "geometry": { "type": "LineString", "coordinates": [ [ 176.9, -18.3 ], [ 173.2827, -14.1817 ], [ 170.0, -10.0 ] ] } },
{ "type": "Feature", "properties": { "id": 2251 }, "geometry": { "type": "LineString", "coordinates": [ [ 170.0, 30.0 ], [ 174.6948, 35.1041 ], [ 180.0, 40.0 ] ] } },
{ "type": "Feature", "properties": { "id": 2252 }, "geometry": { "type": "LineString", "coordinates": [ [ 170.0, 30.0 ], [ 169.9979, 35.002 ], [ 170.0, 40.0 ] ] } },
{ "type": "Feature", "properties": { "id": 2253 }, "geometry": { "type": "LineString", "coordinates": [ [ 170.0, 30.0 ], [ 175.2045, 25.0836 ], [ 180.0, 20.0 ] ] } },
{ "type": "Feature", "properties": { "id": 2254 }, "geometry": { "type": "LineString", "coordinates": [ [ 170.0, 40.0 ], [ 175.0004, 40.1067 ], [ 180.0, 40.0 ] ] } },
{ "type": "Feature", "properties": { "id": 2255 }, "geometry": { "type": "LineString", "coordinates": [ [ 179.5, 51.3 ], [ 174.2694, 45.7503 ], [ 170.0, 40.0 ] ] } },
{ "type": "Feature", "properties": { "id": 2256 }, "geometry": { "type": "LineString", "coordinates": [ [ 172.9, 52.6 ], [ 171.2794, 46.3128 ], [ 170.0, 40.0 ] ] } },
{ "type": "Feature", "properties": { "id": 2257 }, "geometry": { "type": "LineString", "coordinates": [ [ -140.0, -10.0 ], [ -137.5827, -12.5384 ], [ -135.1175, -15.0547 ], [ -132.5937, -17.5438 ], [ -130.0, -20.0 ] ] } },
{ "type": "Feature", "properties": { "id": 2258 }, "geometry": { "type": "LineString", "coordinates": [ [ 173.8, -43.7 ], [ 171.0, -46.0 ] ] } },
{ "type": "Feature", "properties": { "id": 2259 }, "geometry": { "type": "LineString", "coordinates": [ [ 171.0, -42.0 ], [ 172.0, -40.5 ] ] } },
{ "type": "Feature", "properties": { "id": 2260 }, "geometry": { "type": "LineString", "coordinates": [ [ 172.0, -40.5 ], [ 173.9, -40.3 ] ] } },
{ "type": "Feature", "properties": { "id": 2261 }, "geometry": { "type": "LineString", "coordinates": [ [ 172.0, -40.5 ], [ 173.75, -39.0 ] ] } },
{ "type": "Feature", "properties": { "id": 2262 }, "geometry": { "type": "LineString", "coordinates": [ [ 172.3, -34.4 ], [ 174.0, -34.0 ] ] } },
{ "type": "Feature", "properties": { "id": 2263 }, "geometry": { "type": "LineString", "coordinates": [ [ 173.7, -36.3 ], [ 172.3, -34.4 ] ] } },
{ "type": "Feature", "properties": { "id": 2264 }, "geometry": { "type": "LineString", "coordinates": [ [ 172.9, 52.6 ], [ 180.0, 62.1 ] ] } },
{ "type": "Feature", "properties": { "id": 2265 }, "geometry": { "type": "LineString", "coordinates": [ [ 172.9, 52.6 ], [ 176.939, 46.3721 ], [ 180.0, 40.0 ] ] } },
{ "type": "Feature", "properties": { "id": 2266 }, "geometry": { "type": "LineString", "coordinates": [ [ 179.5, 51.3 ], [ 172.9, 52.6 ] ] } },
{ "type": "Feature", "properties": { "id": 2267 }, "geometry": { "type": "LineString", "coordinates": [ [ -130.0, -10.0 ], [ -135.0002, -10.0367 ], [ -140.0, -10.0 ] ] } },
{ "type": "Feature", "properties": { "id": 2268 }, "geometry": { "type": "LineString", "coordinates": [ [ 173.1, 1.1 ], [ 176.5503, 0.5509 ], [ 180.0, -0.00002 ] ] } },
{ "type": "Feature", "properties": { "id": 2269 }, "geometry": { "type": "LineString", "coordinates": [ [ 174.0, -37.0 ], [ 173.7, -36.3 ] ] } },
{ "type": "Feature", "properties": { "id": 2270 }, "geometry": { "type": "LineString", "coordinates": [ [ 173.75, -39.0 ], [ 174.0, -37.0 ] ] } },
{ "type": "Feature", "properties": { "id": 2271 }, "geometry": { "type": "LineString", "coordinates": [ [ 173.75, -39.0 ], [ 173.9, -40.3 ] ] } },
{ "type": "Feature", "properties": { "id": 2272 }, "geometry": { "type": "LineString", "coordinates": [ [ 173.8, -43.7 ], [ 175.0, -42.0 ] ] } },
{ "type": "Feature", "properties": { "id": 2273 }, "geometry": { "type": "LineString", "coordinates": [ [ 174.5, -41.2 ], [ 173.9, -40.3 ] ] } },
{ "type": "Feature", "properties": { "id": 2274 }, "geometry": { "type": "LineString", "coordinates": [ [ 174.0, -34.0 ], [ 180.0, -30.0 ] ] } },
{ "type": "Feature", "properties": { "id": 2275 }, "geometry": { "type": "LineString", "coordinates": [ [ 175.2, -35.3 ], [ 174.0, -34.0 ] ] } },
{ "type": "Feature", "properties": { "id": 2276 }, "geometry": { "type": "LineString", "coordinates": [ [ -130.0, 10.0 ], [ -132.5333, 7.5169 ], [ -135.0379, 5.0192 ], [ -137.5237, 2.512 ], [ -140.0, -0.00001 ] ] } },
{ "type": "Feature", "properties": { "id": 2277 }, "geometry": { "type": "LineString", "coordinates": [ [ 174.5, -41.2 ], [ 175.0, -42.0 ] ] } },
{ "type": "Feature", "properties": { "id": 2278 }, "geometry": { "type": "LineString", "coordinates": [ [ 175.0, -42.0 ], [ 174.7564, -41.6071 ], [ 174.5, -41.2 ] ] } },
{ "type": "Feature", "properties": { "id": 2279 }, "geometry": { "type": "LineString", "coordinates": [ [ 178.0, -40.0 ], [ 175.0, -42.0 ] ] } },
{ "type": "Feature", "properties": { "id": 2280 }, "geometry": { "type": "LineString", "coordinates": [ [ 175.0, -42.0 ], [ 177.2316, -46.0485 ], [ 180.0, -50.0 ] ] } },
{ "type": "Feature", "properties": { "id": 2281 }, "geometry": { "type": "LineString", "coordinates": [ [ 175.2, -36.7 ], [ 176.9, -36.25 ] ] } },
{ "type": "Feature", "properties": { "id": 2282 }, "geometry": { "type": "LineString", "coordinates": [ [ 175.2, -35.3 ], [ 175.2, -36.7 ] ] } },
{ "type": "Feature", "properties": { "id": 2283 }, "geometry": { "type": "LineString", "coordinates": [ [ 175.2, -35.3 ], [ 176.9, -36.25 ] ] } },
{ "type": "Feature", "properties": { "id": 2284 }, "geometry": { "type": "LineString", "coordinates": [ [ 176.9, -36.25 ], [ 179.5, -37.8 ] ] } },
{ "type": "Feature", "properties": { "id": 2285 }, "geometry": { "type": "LineString", "coordinates": [ [ 178.7, -18.4 ], [ 176.9, -18.3 ] ] } },
{ "type": "Feature", "properties": { "id": 2286 }, "geometry": { "type": "LineString", "coordinates": [ [ 178.7, -18.4 ], [ 178.4263, -18.3806 ], [ 176.9, -18.3 ] ] } },
{ "type": "Feature", "properties": { "id": 2287 }, "geometry": { "type": "LineString", "coordinates": [ [ 179.5, -37.8 ], [ 178.0, -40.0 ] ] } },
{ "type": "Feature", "properties": { "id": 2288 }, "geometry": { "type": "LineString", "coordinates": [ [ -140.0, 10.0 ], [ -140.0003, 5.0004 ], [ -140.0, -0.00001 ] ] } },
{ "type": "Feature", "properties": { "id": 2289 }, "geometry": { "type": "LineString", "coordinates": [ [ 178.7, -18.4 ], [ 179.0066, -13.6511 ], [ 179.3, -8.9 ] ] } },
{ "type": "Feature", "properties": { "id": 2290 }, "geometry": { "type": "LineString", "coordinates": [ [ 178.7, -18.4 ], [ 179.3226, -24.2034 ], [ 180.0, -30.0 ] ] } },
{ "type": "Feature", "properties": { "id": 2291 }, "geometry": { "type": "LineString", "coordinates": [ [ 179.3, -8.9 ], [ 179.6523, -4.4504 ], [ 180.0, -0.00002 ] ] } },
{ "type": "Feature", "properties": { "id": 2292 }, "geometry": { "type": "LineString", "coordinates": [ [ 179.5, -37.8 ], [ 179.7625, -33.9016 ], [ 180.0, -30.0 ] ] } },
{ "type": "Feature", "properties": { "id": 2293 }, "geometry": { "type": "LineString", "coordinates": [ [ 179.5, -37.8 ], [ 179.729, -43.9034 ], [ 180.0, -50.0 ] ] } },
{ "type": "Feature", "properties": { "id": 2294 }, "geometry": { "type": "LineString", "coordinates": [ [ -149.7, -17.4 ], [ -153.1785, -19.2719 ], [ -156.7349, -21.0767 ], [ -160.3759, -22.8058 ], [ -164.107, -24.4504 ], [ -167.9328, -26.0014 ], [ -171.8564, -27.4496 ], [ -175.879, -28.7856 ], [ -180.0, -30.0 ] ] } },
{ "type": "Feature", "properties": { "id": 2295 }, "geometry": { "type": "LineString", "coordinates": [ [ -180.0, 62.1 ], [ -172.3, 64.2 ] ] } },
{ "type": "Feature", "properties": { "id": 2296 }, "geometry": { "type": "LineString", "coordinates": [ [ 179.5, 51.3 ], [ 180.0, 62.1 ] ] } },
{ "type": "Feature", "properties": { "id": 2297 }, "geometry": { "type": "LineString", "coordinates": [ [ 180.0, 10.0 ], [ 180.0, -0.00002 ] ] } },
{ "type": "Feature", "properties": { "id": 2298 }, "geometry": { "type": "LineString", "coordinates": [ [ 180.0, 20.0 ], [ 179.9992, 15.0011 ], [ 180.0, 10.0 ] ] } },
{ "type": "Feature", "properties": { "id": 2299 }, "geometry": { "type": "LineString", "coordinates": [ [ 180.0, 40.0 ], [ 180.0, 20.0 ] ] } },
{ "type": "Feature", "properties": { "id": 2300 }, "geometry": { "type": "LineString", "coordinates": [ [ -130.0, -10.0 ], [ -132.5336, -7.5167 ], [ -135.0384, -5.019 ], [ -137.524, -2.5119 ], [ -140.0, -0.00001 ] ] } },
{ "type": "Feature", "properties": { "id": 2301 }, "geometry": { "type": "LineString", "coordinates": [ [ -130.0, -0.00001 ], [ -135.0, -0.00002 ], [ -140.0, -0.00001 ] ] } },
{ "type": "Feature", "properties": { "id": 2302 }, "geometry": { "type": "LineString", "coordinates": [ [ -130.0, 10.0 ], [ -134.9998, 10.0367 ], [ -140.0, 10.0 ] ] } },
{ "type": "Feature", "properties": { "id": 2303 }, "geometry": { "type": "LineString", "coordinates": [ [ -130.0, 20.0 ], [ -132.5927, 17.5443 ], [ -135.1163, 15.0555 ], [ -137.5819, 12.5389 ], [ -140.0, 10.0 ] ] } },
{ "type": "Feature", "properties": { "id": 2304 }, "geometry": { "type": "LineString", "coordinates": [ [ -140.0, 20.0 ], [ -140.0008, 15.0011 ], [ -140.0, 10.0 ] ] } },
{ "type": "Feature", "properties": { "id": 2305 }, "geometry": { "type": "LineString", "coordinates": [ [ -140.0, 10.0 ], [ -137.4664, 7.5167 ], [ -134.9616, 5.019 ], [ -132.476, 2.5119 ], [ -130.0, -0.00001 ] ] } },
{ "type": "Feature", "properties": { "id": 2306 }, "geometry": { "type": "LineString", "coordinates": [ [ -130.0, 20.0 ], [ -134.9996, 20.0692 ], [ -140.0, 20.0 ] ] } },
{ "type": "Feature", "properties": { "id": 2307 }, "geometry": { "type": "LineString", "coordinates": [ [ -140.0, 20.0 ], [ -135.2027, 25.0849 ], [ -130.0, 30.0 ] ] } },
{ "type": "Feature", "properties": { "id": 2308 }, "geometry": { "type": "LineString", "coordinates": [ [ -140.0, 20.0 ], [ -140.0014, 25.0017 ], [ -140.0, 30.0 ] ] } },
{ "type": "Feature", "properties": { "id": 2309 }, "geometry": { "type": "LineString", "coordinates": [ [ -140.0, 20.0 ], [ -137.4063, 17.5438 ], [ -134.8825, 15.0547 ], [ -132.3684, 12.7054 ], [ -130.0, 10.0 ] ] } },
{ "type": "Feature", "properties": { "id": 2310 }, "geometry": { "type": "LineString", "coordinates": [ [ -140.0, 30.0 ], [ -134.9995, 30.0935 ], [ -130.0, 30.0 ] ] } },
{ "type": "Feature", "properties": { "id": 2311 }, "geometry": { "type": "LineString", "coordinates": [ [ -140.0, 30.0 ], [ -136.0096, 32.1384 ], [ -131.8354, 34.1459 ], [ -127.4675, 36.0056 ], [ -122.9, 37.7 ] ] } },
{ "type": "Feature", "properties": { "id": 2312 }, "geometry": { "type": "LineString", "coordinates": [ [ -130.0, 40.0 ], [ -135.3052, 35.1041 ], [ -140.0, 30.0 ] ] } },
{ "type": "Feature", "properties": { "id": 2313 }, "geometry": { "type": "LineString", "coordinates": [ [ -140.0, 30.0 ], [ -140.0021, 35.002 ], [ -140.0, 40.0 ] ] } },
{ "type": "Feature", "properties": { "id": 2314 }, "geometry": { "type": "LineString", "coordinates": [ [ -130.0, 20.0 ], [ -134.7955, 25.0836 ], [ -140.0, 30.0 ] ] } },
{ "type": "Feature", "properties": { "id": 2315 }, "geometry": { "type": "LineString", "coordinates": [ [ -140.0, 40.0 ], [ -134.9996, 40.1067 ], [ -130.0, 40.0 ] ] } },
{ "type": "Feature", "properties": { "id": 2316 }, "geometry": { "type": "LineString", "coordinates": [ [ -130.0, 50.0 ], [ -135.437, 45.1104 ], [ -140.0, 40.0 ] ] } },
{ "type": "Feature", "properties": { "id": 2317 }, "geometry": { "type": "LineString", "coordinates": [ [ -140.0, 40.0 ], [ -140.003, 45.0022 ], [ -140.0, 50.0 ] ] } },
{ "type": "Feature", "properties": { "id": 2318 }, "geometry": { "type": "LineString", "coordinates": [ [ -130.0, 30.0 ], [ -134.6929, 35.1023 ], [ -140.0, 40.0 ] ] } },
{ "type": "Feature", "properties": { "id": 2319 }, "geometry": { "type": "LineString", "coordinates": [ [ -180.0, 62.1 ], [ -178.0, 58.0 ] ] } },
{ "type": "Feature", "properties": { "id": 2320 }, "geometry": { "type": "LineString", "coordinates": [ [ -120.0, 30.0 ], [ -124.5844, 32.7301 ], [ -129.4201, 35.3367 ], [ -134.5487, 37.7741 ], [ -140.0, 40.0 ] ] } },
{ "type": "Feature", "properties": { "id": 2321 }, "geometry": { "type": "LineString", "coordinates": [ [ -130.0, 40.0 ], [ -134.7191, 45.0305 ], [ -140.0, 50.0 ] ] } },
{ "type": "Feature", "properties": { "id": 2322 }, "geometry": { "type": "LineString", "coordinates": [ [ -140.0, 50.0 ], [ -130.0, 50.0 ] ] } },
{ "type": "Feature", "properties": { "id": 2323 }, "geometry": { "type": "LineString", "coordinates": [ [ -135.0417, 58.1518 ], [ -135.3788, 58.2111 ], [ -135.749, 58.3088 ], [ -136.0254, 58.2391 ], [ -136.25, 58.233 ], [ -136.3076, 58.2225 ], [ -136.33, 58.2262 ], [ -136.3616, 58.2233 ], [ -136.4953, 58.1913 ], [ -136.5118, 58.1782 ], [ -136.7175, 58.1091 ], [ -137.5127, 57.8778 ] ] } },
{ "type": "Feature", "properties": { "id": 2324 }, "geometry": { "type": "LineString", "coordinates": [ [ -165.3621, 54.4911 ], [ -174.7889, 54.6812 ], [ -179.9085, 54.6049 ] ] } },
{ "type": "Feature", "properties": { "id": 2325 }, "geometry": { "type": "LineString", "coordinates": [ [ -137.5127, 57.8778 ], [ -136.7169, 57.4689 ], [ -135.8366, 56.7412 ] ] } },
{ "type": "Feature", "properties": { "id": 2326 }, "geometry": { "type": "LineString", "coordinates": [ [ -134.7021, 57.4478 ], [ -135.0707, 57.4439 ], [ -135.1617, 57.4802 ], [ -135.3182, 57.5547 ], [ -135.4728, 57.5947 ], [ -135.5509, 57.5135 ], [ -135.5338, 57.476 ], [ -135.5357, 57.4493 ], [ -135.5652, 57.4427 ], [ -135.5834, 57.4186 ], [ -135.633, 57.3976 ], [ -135.632, 57.3781 ], [ -135.6597, 57.3714 ], [ -135.6778, 57.3699 ], [ -135.7109, 57.3474 ], [ -135.6839, 57.3217 ], [ -135.6872, 57.3054 ], [ -135.6705, 57.2753 ], [ -135.6504, 57.2608 ], [ -135.6459, 57.2593 ], [ -135.6428, 57.2556 ], [ -135.6421, 57.2447 ], [ -135.597, 57.222 ], [ -135.5753, 57.1576 ], [ -135.5369, 57.1422 ], [ -135.5469, 57.0751 ], [ -135.6416, 56.9172 ], [ -135.8366, 56.7412 ] ] } },
{ "type": "Feature", "properties": { "id": 2327 }, "geometry": { "type": "LineString", "coordinates": [ [ -135.8366, 56.7412 ], [ -134.9382, 55.7449 ] ] } },
{ "type": "Feature", "properties": { "id": 2328 }, "geometry": { "type": "LineString", "coordinates": [ [ -135.3188, 59.4545 ], [ -135.3458, 59.4358 ], [ -135.3649, 59.3521 ], [ -135.3765, 59.2658 ], [ -135.3, 59.1876 ], [ -135.2327, 59.0787 ], [ -135.2121, 58.9787 ], [ -135.1864, 58.8387 ], [ -135.0278, 58.5502 ] ] } },
{ "type": "Feature", "properties": { "id": 2329 }, "geometry": { "type": "LineString", "coordinates": [ [ -135.0278, 58.5502 ], [ -135.0735, 58.5282 ], [ -135.0152, 58.2424 ], [ -135.0417, 58.1518 ] ] } },
{ "type": "Feature", "properties": { "id": 2330 }, "geometry": { "type": "LineString", "coordinates": [ [ -135.0417, 58.1518 ], [ -134.9142, 58.0857 ], [ -134.7021, 57.4478 ] ] } },
{ "type": "Feature", "properties": { "id": 2331 }, "geometry": { "type": "LineString", "coordinates": [ [ -135.0278, 58.5502 ], [ -134.8681, 58.4939 ], [ -134.7716, 58.3655 ], [ -134.7658, 58.3179 ], [ -134.5728, 58.2038 ], [ -134.2487, 58.1773 ], [ -134.2079, 58.1841 ], [ -134.1473, 58.1713 ], [ -134.079, 58.1 ], [ -134.0668, 58.0508 ], [ -133.8181, 57.8253 ], [ -133.723, 57.5816 ], [ -133.7921, 57.2025 ] ] } },
{ "type": "Feature", "properties": { "id": 2332 }, "geometry": { "type": "LineString", "coordinates": [ [ -134.5646, 56.855 ], [ -134.4718, 56.1483 ], [ -134.9382, 55.7449 ] ] } },
{ "type": "Feature", "properties": { "id": 2333 }, "geometry": { "type": "LineString", "coordinates": [ [ -134.9382, 55.7449 ], [ -134.5733, 55.6957 ] ] } },
{ "type": "Feature", "properties": { "id": 2334 }, "geometry": { "type": "LineString", "coordinates": [ [ -139.4467, 40.0118 ], [ -152.3988, 44.4585 ], [ -158.683, 45.853 ], [ -169.098, 47.3028 ], [ -176.0414, 47.8659 ], [ -179.7328, 47.9249 ], [ -179.7328, 47.925 ] ] } },
{ "type": "Feature", "properties": { "id": 2335 }, "geometry": { "type": "LineString", "coordinates": [ [ -134.7021, 57.4478 ], [ -134.6944, 57.3124 ], [ -134.7412, 57.2398 ], [ -134.6774, 56.9931 ], [ -134.5646, 56.855 ] ] } },
{ "type": "Feature", "properties": { "id": 2336 }, "geometry": { "type": "LineString", "coordinates": [ [ -134.5733, 55.6957 ], [ -134.3663, 55.7156 ], [ -134.2531, 55.403 ] ] } },
{ "type": "Feature", "properties": { "id": 2337 }, "geometry": { "type": "LineString", "coordinates": [ [ -133.2207, 56.395 ], [ -133.7119, 56.3717 ], [ -133.7615, 56.1864 ], [ -134.0418, 55.8632 ], [ -134.5733, 55.6957 ] ] } },
{ "type": "Feature", "properties": { "id": 2338 }, "geometry": { "type": "LineString", "coordinates": [ [ -133.7921, 57.2025 ], [ -134.1968, 57.0566 ], [ -134.3408, 56.9778 ], [ -134.5646, 56.855 ] ] } },
{ "type": "Feature", "properties": { "id": 2339 }, "geometry": { "type": "LineString", "coordinates": [ [ -132.3109, 54.4653 ], [ -133.3198, 54.7909 ], [ -133.5541, 55.2274 ], [ -133.2276, 55.5219 ], [ -133.3323, 55.5768 ], [ -133.5808, 55.6109 ], [ -133.6041, 55.6351 ], [ -133.7157, 55.6113 ], [ -134.2531, 55.403 ] ] } },
{ "type": "Feature", "properties": { "id": 2340 }, "geometry": { "type": "LineString", "coordinates": [ [ -134.2531, 55.403 ], [ -133.9805, 54.6499 ] ] } },
{ "type": "Feature", "properties": { "id": 2341 }, "geometry": { "type": "LineString", "coordinates": [ [ -179.4691, 50.2553 ], [ -171.537, 51.2286 ], [ -171.9325, 52.6774 ], [ -166.7359, 54.2238 ], [ -171.555, 51.2958 ] ] } },
{ "type": "Feature", "properties": { "id": 2342 }, "geometry": { "type": "LineString", "coordinates": [ [ -132.3109, 54.4653 ], [ -133.9805, 54.6499 ] ] } },
{ "type": "Feature", "properties": { "id": 2343 }, "geometry": { "type": "LineString", "coordinates": [ [ -133.7921, 57.2025 ], [ -133.1382, 57.0398 ], [ -133.0346, 57.0141 ], [ -132.91, 56.9114 ], [ -132.6269, 56.6821 ], [ -132.5962, 56.6387 ], [ -132.5687, 56.6183 ], [ -132.5311, 56.612 ], [ -132.5313, 56.5764 ], [ -132.6948, 56.4848 ], [ -133.0574, 56.4464 ], [ -133.2207, 56.395 ] ] } },
{ "type": "Feature", "properties": { "id": 2344 }, "geometry": { "type": "LineString", "coordinates": [ [ -133.2207, 56.395 ], [ -133.1599, 56.3524 ], [ -133.0771, 56.3252 ], [ -132.9827, 56.2896 ], [ -132.9462, 56.2723 ], [ -132.8098, 56.143 ], [ -132.3634, 55.7782 ], [ -132.2249, 55.5793 ], [ -132.0329, 55.463 ], [ -131.9715, 55.4041 ] ] } },
{ "type": "Feature", "properties": { "id": 2345 }, "geometry": { "type": "LineString", "coordinates": [ [ -132.8293, 55.2063 ], [ -132.8078, 55.189 ], [ -132.8038, 55.1799 ], [ -132.7824, 55.1772 ], [ -132.7529, 55.1621 ], [ -132.6782, 55.1326 ], [ -132.6583, 55.0502 ], [ -132.6623, 54.987 ], [ -132.3109, 54.4653 ] ] } },
{ "type": "Feature", "properties": { "id": 2346 }, "geometry": { "type": "LineString", "coordinates": [ [ -131.5619, 54.6384 ], [ -132.3109, 54.4653 ] ] } },
{ "type": "Feature", "properties": { "id": 2347 }, "geometry": { "type": "LineString", "coordinates": [ [ -131.9715, 55.4041 ], [ -131.852, 55.4381 ], [ -131.8042, 55.425 ], [ -131.7487, 55.3826 ], [ -131.6756, 55.3407 ], [ -131.6658, 55.3307 ], [ -131.6447, 55.318 ], [ -131.5984, 55.2967 ] ] } },
{ "type": "Feature", "properties": { "id": 2348 }, "geometry": { "type": "LineString", "coordinates": [ [ -131.9715, 55.4041 ], [ -131.8282, 55.6083 ], [ -131.7385, 55.8078 ], [ -131.7385, 55.8712 ], [ -131.6953, 55.9032 ], [ -131.6469, 55.9211 ], [ -131.6046, 55.9153 ], [ -131.5795, 55.9177 ], [ -131.5501, 55.9109 ], [ -131.5301, 55.9149 ], [ -131.5095, 55.9162 ], [ -131.4724, 55.9371 ], [ -131.437, 55.941 ], [ -131.3238, 55.9681 ], [ -131.2737, 55.9812 ], [ -131.2422, 55.9782 ], [ -131.0689, 55.8431 ], [ -130.9339, 55.7004 ], [ -130.9135, 55.5636 ], [ -130.9593, 55.4225 ], [ -130.9084, 55.3361 ], [ -131.1923, 55.1538 ] ] } },
{ "type": "Feature", "properties": { "id": 2349 }, "geometry": { "type": "LineString", "coordinates": [ [ -131.9715, 55.4041 ], [ -131.8201, 55.0516 ] ] } },
{ "type": "Feature", "properties": { "id": 2350 }, "geometry": { "type": "LineString", "coordinates": [ [ -131.5984, 55.2967 ], [ -131.6726, 55.1558 ], [ -131.8201, 55.0516 ] ] } },
{ "type": "Feature", "properties": { "id": 2351 }, "geometry": { "type": "LineString", "coordinates": [ [ -169.1502, 65.9622 ], [ -171.7127, 67.2175 ], [ -179.4471, 69.1436 ] ] } },
{ "type": "Feature", "properties": { "id": 2352 }, "geometry": { "type": "LineString", "coordinates": [ [ -131.8201, 55.0516 ], [ -131.5619, 54.6384 ] ] } },
{ "type": "Feature", "properties": { "id": 2353 }, "geometry": { "type": "LineString", "coordinates": [ [ -131.5984, 55.2967 ], [ -131.5557, 55.29 ], [ -131.5062, 55.2763 ], [ -131.4478, 55.2384 ], [ -131.2972, 55.1804 ], [ -131.1923, 55.1538 ] ] } },
{ "type": "Feature", "properties": { "id": 2354 }, "geometry": { "type": "LineString", "coordinates": [ [ -131.1618, 54.6716 ], [ -131.5619, 54.6384 ] ] } },
{ "type": "Feature", "properties": { "id": 2355 }, "geometry": { "type": "LineString", "coordinates": [ [ -131.2, 54.3 ], [ -130.3302, 54.3 ] ] } },
{ "type": "Feature", "properties": { "id": 2356 }, "geometry": { "type": "LineString", "coordinates": [ [ -131.1923, 55.1538 ], [ -131.1165, 55.0622 ], [ -131.1618, 54.6716 ] ] } },
{ "type": "Feature", "properties": { "id": 2357 }, "geometry": { "type": "LineString", "coordinates": [ [ -130.632, 54.635 ], [ -131.1618, 54.6716 ] ] } },
{ "type": "Feature", "properties": { "id": 2358 }, "geometry": { "type": "LineString", "coordinates": [ [ -130.017, 55.9104 ], [ -130.0391, 55.8915 ], [ -130.0967, 55.8261 ], [ -130.1437, 55.8083 ], [ -130.1747, 55.7723 ], [ -130.1753, 55.7569 ], [ -130.166, 55.7105 ], [ -130.1305, 55.6816 ], [ -130.1324, 55.6504 ], [ -130.148, 55.5896 ], [ -130.1318, 55.546 ], [ -130.1103, 55.5039 ], [ -130.1059, 55.4891 ], [ -130.0605, 55.4486 ], [ -130.056, 55.4139 ], [ -130.0429, 55.3366 ], [ -130.0325, 55.3281 ], [ -130.0004, 55.2986 ], [ -130.0018, 55.2831 ], [ -130.0643, 55.2392 ], [ -130.1168, 55.2035 ], [ -130.1633, 55.1522 ], [ -130.1711, 55.132 ], [ -130.2042, 55.0984 ], [ -130.2208, 55.0598 ], [ -130.258, 55.0163 ], [ -130.2745, 54.9954 ], [ -130.3026, 54.9719 ], [ -130.3736, 54.9162 ], [ -130.4243, 54.8888 ], [ -130.4808, 54.8507 ], [ -130.5461, 54.8172 ], [ -130.5791, 54.8016 ], [ -130.6442, 54.7918 ], [ -130.6741, 54.7712 ], [ -130.6454, 54.7471 ], [ -130.632, 54.635 ] ] } },
{ "type": "Feature", "properties": { "id": 2359 }, "geometry": { "type": "LineString", "coordinates": [ [ -130.632, 54.635 ], [ -130.3302, 54.3 ] ] } },
{ "type": "Feature", "properties": { "id": 2360 }, "geometry": { "type": "LineString", "coordinates": [ [ -179.4032, -37.0099 ], [ -168.329, -36.623 ], [ -158.8368, -35.7362 ], [ -145.3456, -33.1637 ], [ -135.0005, -30.0935 ], [ -122.45, -24.4756 ], [ -111.0243, -18.2173 ], [ -100.0, -10.0 ] ] } },
{ "type": "Feature", "properties": { "id": 2361 }, "geometry": { "type": "LineString", "coordinates": [ [ -130.0, -50.0 ], [ -120.0, -50.0 ] ] } },
{ "type": "Feature", "properties": { "id": 2362 }, "geometry": { "type": "LineString", "coordinates": [ [ -130.0, -50.0 ], [ -124.563, -45.1104 ], [ -120.0, -40.0 ] ] } },
{ "type": "Feature", "properties": { "id": 2363 }, "geometry": { "type": "LineString", "coordinates": [ [ -130.0, -50.0 ], [ -129.997, -45.0022 ], [ -130.0, -40.0 ] ] } },
{ "type": "Feature", "properties": { "id": 2364 }, "geometry": { "type": "LineString", "coordinates": [ [ -120.0, -30.0 ], [ -124.6948, -35.1041 ], [ -130.0, -40.0 ] ] } },
{ "type": "Feature", "properties": { "id": 2365 }, "geometry": { "type": "LineString", "coordinates": [ [ -165.3621, 54.4911 ], [ -166.1993, 54.3362 ], [ -168.9382, 53.7595 ], [ -174.6787, 53.2425 ], [ -176.8876, 52.8708 ], [ -179.3121, 52.3833 ] ] } },
{ "type": "Feature", "properties": { "id": 2366 }, "geometry": { "type": "LineString", "coordinates": [ [ -130.0, -30.0 ], [ -129.9979, -35.0021 ], [ -130.0, -40.0 ] ] } },
{ "type": "Feature", "properties": { "id": 2367 }, "geometry": { "type": "LineString", "coordinates": [ [ -120.0, -50.0 ], [ -125.2826, -45.0314 ], [ -130.0, -40.0 ] ] } },
{ "type": "Feature", "properties": { "id": 2368 }, "geometry": { "type": "LineString", "coordinates": [ [ -120.0, -40.0 ], [ -125.0004, -40.1068 ], [ -130.0, -40.0 ] ] } },
{ "type": "Feature", "properties": { "id": 2369 }, "geometry": { "type": "LineString", "coordinates": [ [ -130.0, -30.0 ], [ -124.7972, -25.085 ], [ -120.0, -20.0 ] ] } },
{ "type": "Feature", "properties": { "id": 2370 }, "geometry": { "type": "LineString", "coordinates": [ [ -130.0, -30.0 ], [ -127.6413, -27.6203 ], [ -120.0, -20.0 ] ] } },
{ "type": "Feature", "properties": { "id": 2371 }, "geometry": { "type": "LineString", "coordinates": [ [ -130.0, -30.0 ], [ -129.9986, -25.0017 ], [ -130.0, -20.0 ] ] } },
{ "type": "Feature", "properties": { "id": 2372 }, "geometry": { "type": "LineString", "coordinates": [ [ -179.2756, 24.2531 ], [ -156.3758, 15.4659 ], [ -120.0, -0.00002 ] ] } },
{ "type": "Feature", "properties": { "id": 2373 }, "geometry": { "type": "LineString", "coordinates": [ [ -130.0, -30.0 ], [ -125.3071, -35.1023 ], [ -120.0, -40.0 ] ] } },
{ "type": "Feature", "properties": { "id": 2374 }, "geometry": { "type": "LineString", "coordinates": [ [ -120.0, -30.0 ], [ -125.0005, -30.0935 ], [ -130.0, -30.0 ] ] } },
{ "type": "Feature", "properties": { "id": 2375 }, "geometry": { "type": "LineString", "coordinates": [ [ -120.0, -10.0 ], [ -122.4181, -12.5389 ], [ -124.8837, -15.0555 ], [ -127.4073, -17.5444 ], [ -130.0, -20.0 ] ] } },
{ "type": "Feature", "properties": { "id": 2376 }, "geometry": { "type": "LineString", "coordinates": [ [ -130.0, -10.0 ], [ -129.9992, -15.0011 ], [ -130.0, -20.0 ] ] } },
{ "type": "Feature", "properties": { "id": 2377 }, "geometry": { "type": "LineString", "coordinates": [ [ -120.0, -30.0 ], [ -125.2045, -25.0836 ], [ -130.0, -20.0 ] ] } },
{ "type": "Feature", "properties": { "id": 2378 }, "geometry": { "type": "LineString", "coordinates": [ [ -120.0, -30.0 ], [ -127.7581, -22.2399 ], [ -130.0, -20.0 ] ] } },
{ "type": "Feature", "properties": { "id": 2379 }, "geometry": { "type": "LineString", "coordinates": [ [ -120.0, -20.0 ], [ -125.0004, -20.0692 ], [ -130.0, -20.0 ] ] } },
{ "type": "Feature", "properties": { "id": 2380 }, "geometry": { "type": "LineString", "coordinates": [ [ -120.0, 10.0 ], [ -122.5333, 7.5169 ], [ -125.0379, 5.0192 ], [ -127.5237, 2.512 ], [ -130.0, -0.00001 ] ] } },
{ "type": "Feature", "properties": { "id": 2381 }, "geometry": { "type": "LineString", "coordinates": [ [ -130.0, 10.0 ], [ -130.0003, 5.0004 ], [ -130.0, -0.00001 ] ] } },
{ "type": "Feature", "properties": { "id": 2382 }, "geometry": { "type": "LineString", "coordinates": [ [ -130.0, -10.0 ], [ -129.9997, -5.0004 ], [ -130.0, -0.00001 ] ] } },
{ "type": "Feature", "properties": { "id": 2383 }, "geometry": { "type": "LineString", "coordinates": [ [ -120.0, -10.0 ], [ -122.5336, -7.5167 ], [ -125.0384, -5.019 ], [ -127.5239, -2.5119 ], [ -130.0, -0.00001 ] ] } },
{ "type": "Feature", "properties": { "id": 2384 }, "geometry": { "type": "LineString", "coordinates": [ [ -130.0, -0.00001 ], [ -125.0, -0.00002 ], [ -120.0, -0.00002 ] ] } },
{ "type": "Feature", "properties": { "id": 2385 }, "geometry": { "type": "LineString", "coordinates": [ [ -120.0, 30.0 ], [ -124.9995, 30.0935 ], [ -130.0, 30.0 ] ] } },
{ "type": "Feature", "properties": { "id": 2386 }, "geometry": { "type": "LineString", "coordinates": [ [ -130.0, 30.0 ], [ -126.6095, 33.9019 ], [ -122.9, 37.7 ] ] } },
{ "type": "Feature", "properties": { "id": 2387 }, "geometry": { "type": "LineString", "coordinates": [ [ -130.0, 40.0 ], [ -130.0021, 35.002 ], [ -130.0, 30.0 ] ] } },
{ "type": "Feature", "properties": { "id": 2388 }, "geometry": { "type": "LineString", "coordinates": [ [ -158.1931, 21.4425 ], [ -158.7042, 21.7917 ], [ -159.2325, 21.8447 ], [ -159.3532, 21.7528 ], [ -159.6692, 21.8113 ], [ -159.7161, 21.8156 ], [ -159.9159, 21.8364 ], [ -160.0283, 22.093 ], [ -160.4872, 22.0297 ], [ -164.9518, 23.7189 ], [ -169.527, 25.2878 ], [ -174.2155, 26.7215 ], [ -179.0164, 28.0053 ] ] } },
{ "type": "Feature", "properties": { "id": 2389 }, "geometry": { "type": "LineString", "coordinates": [ [ -130.0, 20.0 ], [ -130.0014, 25.0017 ], [ -130.0, 30.0 ] ] } },
{ "type": "Feature", "properties": { "id": 2390 }, "geometry": { "type": "LineString", "coordinates": [ [ -120.0, 20.0 ], [ -124.7955, 25.0836 ], [ -130.0, 30.0 ] ] } },
{ "type": "Feature", "properties": { "id": 2391 }, "geometry": { "type": "LineString", "coordinates": [ [ -130.0, -10.0 ], [ -127.4668, -7.5169 ], [ -124.9621, -5.0193 ], [ -122.4763, -2.512 ], [ -120.0, -0.00002 ] ] } },
{ "type": "Feature", "properties": { "id": 2392 }, "geometry": { "type": "LineString", "coordinates": [ [ -120.0, -20.0 ], [ -122.5937, -17.5438 ], [ -125.1175, -15.0547 ], [ -127.5827, -12.5384 ], [ -130.0, -10.0 ] ] } },
{ "type": "Feature", "properties": { "id": 2393 }, "geometry": { "type": "LineString", "coordinates": [ [ -120.0, -10.0 ], [ -125.0002, -10.0367 ], [ -130.0, -10.0 ] ] } },
{ "type": "Feature", "properties": { "id": 2394 }, "geometry": { "type": "LineString", "coordinates": [ [ -178.5, 28.5 ], [ -179.0, 28.0 ] ] } },
{ "type": "Feature", "properties": { "id": 2395 }, "geometry": { "type": "LineString", "coordinates": [ [ -120.0, 10.0 ], [ -124.9998, 10.0367 ], [ -130.0, 10.0 ] ] } },
{ "type": "Feature", "properties": { "id": 2396 }, "geometry": { "type": "LineString", "coordinates": [ [ -120.0, 20.0 ], [ -122.5927, 17.5443 ], [ -125.1163, 15.0554 ], [ -127.5819, 12.5389 ], [ -130.0, 10.0 ] ] } },
{ "type": "Feature", "properties": { "id": 2397 }, "geometry": { "type": "LineString", "coordinates": [ [ -130.0, 20.0 ], [ -130.0008, 15.0011 ], [ -130.0, 10.0 ] ] } },
{ "type": "Feature", "properties": { "id": 2398 }, "geometry": { "type": "LineString", "coordinates": [ [ -130.0, 10.0 ], [ -127.4664, 7.5167 ], [ -124.9616, 5.019 ], [ -122.476, 2.5119 ], [ -120.0, -0.00002 ] ] } },
{ "type": "Feature", "properties": { "id": 2399 }, "geometry": { "type": "LineString", "coordinates": [ [ -130.0, 20.0 ], [ -124.9996, 20.0692 ], [ -120.0, 20.0 ] ] } },
{ "type": "Feature", "properties": { "id": 2400 }, "geometry": { "type": "LineString", "coordinates": [ [ -130.0, 20.0 ], [ -125.2028, 25.0849 ], [ -120.0, 30.0 ] ] } },
{ "type": "Feature", "properties": { "id": 2401 }, "geometry": { "type": "LineString", "coordinates": [ [ -130.0, 20.0 ], [ -127.4063, 17.5438 ], [ -124.8825, 15.0547 ], [ -122.3653, 12.7067 ], [ -120.0, 10.0 ] ] } },
{ "type": "Feature", "properties": { "id": 2402 }, "geometry": { "type": "LineString", "coordinates": [ [ -130.0, 40.0 ], [ -124.4, 45.3 ], [ -124.9954, 45.6502 ] ] } },
{ "type": "Feature", "properties": { "id": 2403 }, "geometry": { "type": "LineString", "coordinates": [ [ -130.0, 40.0 ], [ -130.003, 45.0022 ], [ -130.0, 50.0 ] ] } },
{ "type": "Feature", "properties": { "id": 2404 }, "geometry": { "type": "LineString", "coordinates": [ [ -120.0, 30.0 ], [ -124.6929, 35.1023 ], [ -130.0, 40.0 ] ] } },
{ "type": "Feature", "properties": { "id": 2405 }, "geometry": { "type": "LineString", "coordinates": [ [ -110.0, 20.0 ], [ -113.8671, 21.4089 ], [ -117.8059, 22.735 ], [ -121.8182, 23.9693 ], [ -125.9043, 25.1033 ], [ -130.0629, 26.1281 ], [ -134.2907, 27.0362 ], [ -138.5828, 27.8199 ], [ -142.9323, 28.4726 ], [ -147.3306, 28.986 ], [ -151.7671, 29.3576 ], [ -156.2303, 29.5839 ], [ -160.7077, 29.6625 ], [ -165.1862, 29.5922 ], [ -169.6527, 29.3737 ], [ -174.0946, 29.0086 ], [ -178.5, 28.5 ] ] } },
{ "type": "Feature", "properties": { "id": 2406 }, "geometry": { "type": "LineString", "coordinates": [ [ -130.0, 40.0 ], [ -122.9, 37.7 ] ] } },
{ "type": "Feature", "properties": { "id": 2407 }, "geometry": { "type": "LineString", "coordinates": [ [ -125.5016, 48.5683 ], [ -125.5027, 48.1173 ], [ -125.5011, 47.9031 ], [ -125.4991, 47.687 ], [ -125.4354, 47.5444 ], [ -125.3772, 47.3391 ], [ -125.3173, 47.1186 ], [ -125.2524, 46.8808 ], [ -125.1965, 46.6773 ], [ -125.1093, 46.3532 ], [ -125.0634, 46.2167 ] ] } },
{ "type": "Feature", "properties": { "id": 2408 }, "geometry": { "type": "LineString", "coordinates": [ [ -123.1105, 48.2079 ], [ -123.2422, 48.2173 ], [ -123.3914, 48.1644 ], [ -123.4277, 48.1629 ], [ -123.4798, 48.2308 ], [ -123.9732, 48.2659 ], [ -124.6122, 48.4521 ], [ -124.7292, 48.4862 ], [ -125.5016, 48.5683 ] ] } },
{ "type": "Feature", "properties": { "id": 2409 }, "geometry": { "type": "LineString", "coordinates": [ [ -124.9954, 45.6502 ], [ -124.9847, 45.5528 ], [ -125.0777, 44.9221 ], [ -125.0958, 44.803 ], [ -125.1054, 44.598 ], [ -125.1621, 44.0101 ], [ -125.247, 43.6649 ], [ -125.32, 43.3704 ] ] } },
{ "type": "Feature", "properties": { "id": 2410 }, "geometry": { "type": "LineString", "coordinates": [ [ -125.32, 43.3704 ], [ -125.4016, 43.1455 ], [ -125.5151, 42.8378 ], [ -125.4524, 42.7398 ], [ -125.4082, 42.6091 ], [ -125.3355, 42.3965 ], [ -125.1974, 41.9968 ], [ -125.1984, 41.7275 ], [ -125.1997, 41.5487 ], [ -125.1939, 40.7581 ], [ -124.7749, 39.4264 ], [ -124.3291, 38.6558 ] ] } },
{ "type": "Feature", "properties": { "id": 2411 }, "geometry": { "type": "LineString", "coordinates": [ [ -170.0, 30.0 ], [ -174.2807, 29.3168 ], [ -178.5, 28.5 ] ] } },
{ "type": "Feature", "properties": { "id": 2412 }, "geometry": { "type": "LineString", "coordinates": [ [ -125.0634, 46.2167 ], [ -124.9954, 45.6502 ] ] } },
{ "type": "Feature", "properties": { "id": 2413 }, "geometry": { "type": "LineString", "coordinates": [ [ -124.3976, 49.9243 ], [ -124.5711, 49.8731 ] ] } },
{ "type": "Feature", "properties": { "id": 2414 }, "geometry": { "type": "LineString", "coordinates": [ [ -124.5711, 49.8731 ], [ -123.3795, 49.0699 ], [ -123.2668, 48.9972 ], [ -123.1679, 48.933 ], [ -123.1424, 48.9151 ], [ -123.051, 48.8551 ] ] } },
{ "type": "Feature", "properties": { "id": 2415 }, "geometry": { "type": "LineString", "coordinates": [ [ -124.3291, 38.6558 ], [ -123.9879, 38.2908 ], [ -123.4028, 37.4364 ] ] } },
{ "type": "Feature", "properties": { "id": 2416 }, "geometry": { "type": "LineString", "coordinates": [ [ -122.9, 37.7 ], [ -123.4028, 37.4364 ] ] } },
{ "type": "Feature", "properties": { "id": 2417 }, "geometry": { "type": "LineString", "coordinates": [ [ -122.9745, 48.3305 ], [ -123.1098, 48.274 ], [ -123.1105, 48.2079 ] ] } },
{ "type": "Feature", "properties": { "id": 2418 }, "geometry": { "type": "LineString", "coordinates": [ [ -122.8293, 48.1933 ], [ -123.1105, 48.2079 ] ] } },
{ "type": "Feature", "properties": { "id": 2419 }, "geometry": { "type": "LineString", "coordinates": [ [ -123.051, 48.8551 ], [ -123.0054, 48.7977 ], [ -123.006, 48.7325 ] ] } },
{ "type": "Feature", "properties": { "id": 2420 }, "geometry": { "type": "LineString", "coordinates": [ [ -123.051, 48.8551 ], [ -122.7764, 48.7537 ] ] } },
{ "type": "Feature", "properties": { "id": 2421 }, "geometry": { "type": "LineString", "coordinates": [ [ -123.006, 48.7325 ], [ -122.9311, 48.7345 ], [ -122.8184, 48.736 ], [ -122.7764, 48.7537 ] ] } },
{ "type": "Feature", "properties": { "id": 2422 }, "geometry": { "type": "LineString", "coordinates": [ [ -123.006, 48.7325 ], [ -123.0327, 48.7351 ], [ -123.0577, 48.7318 ], [ -123.1371, 48.724 ], [ -123.2549, 48.7146 ], [ -123.2424, 48.6684 ], [ -123.2345, 48.6367 ], [ -123.2204, 48.5853 ], [ -123.2018, 48.5113 ], [ -123.02, 48.384 ], [ -122.9745, 48.3305 ] ] } },
{ "type": "Feature", "properties": { "id": 2423 }, "geometry": { "type": "LineString", "coordinates": [ [ -122.7432, 48.463 ], [ -122.7915, 48.4075 ], [ -122.9745, 48.3305 ] ] } },
{ "type": "Feature", "properties": { "id": 2424 }, "geometry": { "type": "LineString", "coordinates": [ [ -120.8841, 34.4361 ], [ -122.9, 37.7 ] ] } },
{ "type": "Feature", "properties": { "id": 2425 }, "geometry": { "type": "LineString", "coordinates": [ [ -122.7361, 48.402 ], [ -122.8293, 48.1933 ] ] } },
{ "type": "Feature", "properties": { "id": 2426 }, "geometry": { "type": "LineString", "coordinates": [ [ -122.7302, 48.1487 ], [ -122.7817, 48.177 ], [ -122.8293, 48.1933 ] ] } },
{ "type": "Feature", "properties": { "id": 2427 }, "geometry": { "type": "LineString", "coordinates": [ [ -122.7764, 48.7537 ], [ -122.7291, 48.6586 ], [ -122.748, 48.5269 ], [ -122.7384, 48.4876 ], [ -122.7432, 48.463 ] ] } },
{ "type": "Feature", "properties": { "id": 2428 }, "geometry": { "type": "LineString", "coordinates": [ [ -122.7432, 48.463 ], [ -122.7361, 48.402 ] ] } },
{ "type": "Feature", "properties": { "id": 2429 }, "geometry": { "type": "LineString", "coordinates": [ [ -122.7361, 48.402 ], [ -122.6524, 48.4051 ], [ -122.646, 48.4063 ], [ -122.638, 48.406 ], [ -122.6308, 48.4095 ], [ -122.6257, 48.4101 ], [ -122.6203, 48.4093 ], [ -122.6083, 48.4137 ], [ -122.5961, 48.4143 ], [ -122.5641, 48.3687 ], [ -122.4312, 48.2828 ], [ -122.4041, 48.2554 ], [ -122.396, 48.2507 ], [ -122.3915, 48.2459 ], [ -122.3885, 48.2437 ], [ -122.3791, 48.2389 ], [ -122.3761, 48.238 ], [ -122.3748, 48.2355 ], [ -122.3753, 48.2338 ], [ -122.3776, 48.2319 ], [ -122.3804, 48.2306 ], [ -122.3846, 48.2262 ], [ -122.3849, 48.225 ], [ -122.3865, 48.2244 ], [ -122.39, 48.2246 ], [ -122.394, 48.2221 ], [ -122.4082, 48.2032 ] ] } },
{ "type": "Feature", "properties": { "id": 2430 }, "geometry": { "type": "LineString", "coordinates": [ [ -180.0, -30.0 ], [ -174.7972, -25.085 ], [ -170.0, -20.0 ] ] } },
{ "type": "Feature", "properties": { "id": 2431 }, "geometry": { "type": "LineString", "coordinates": [ [ -178.5, 28.5 ], [ -174.5406, 34.3257 ], [ -170.0, 40.0 ] ] } },
{ "type": "Feature", "properties": { "id": 2432 }, "geometry": { "type": "LineString", "coordinates": [ [ -122.494, 47.9223 ], [ -122.5801, 47.9623 ], [ -122.638, 48.0293 ], [ -122.6623, 48.1119 ], [ -122.7302, 48.1487 ] ] } },
{ "type": "Feature", "properties": { "id": 2433 }, "geometry": { "type": "LineString", "coordinates": [ [ -122.7116, 48.1386 ], [ -122.7302, 48.1487 ] ] } },
{ "type": "Feature", "properties": { "id": 2434 }, "geometry": { "type": "LineString", "coordinates": [ [ -122.4385, 47.7635 ], [ -122.494, 47.9223 ] ] } },
{ "type": "Feature", "properties": { "id": 2435 }, "geometry": { "type": "LineString", "coordinates": [ [ -122.3791, 47.8621 ], [ -122.494, 47.9223 ] ] } },
{ "type": "Feature", "properties": { "id": 2436 }, "geometry": { "type": "LineString", "coordinates": [ [ -122.4575, 47.3232 ], [ -122.3555, 47.3828 ], [ -122.4057, 47.4458 ], [ -122.4523, 47.5731 ], [ -122.4586, 47.6083 ], [ -122.4645, 47.6587 ], [ -122.4554, 47.702 ], [ -122.4504, 47.7188 ], [ -122.4385, 47.7635 ] ] } },
{ "type": "Feature", "properties": { "id": 2437 }, "geometry": { "type": "LineString", "coordinates": [ [ -122.3791, 47.8621 ], [ -122.4385, 47.7635 ] ] } },
{ "type": "Feature", "properties": { "id": 2438 }, "geometry": { "type": "LineString", "coordinates": [ [ -122.4082, 48.2032 ], [ -122.2781, 48.0054 ], [ -122.312, 47.9781 ] ] } },
{ "type": "Feature", "properties": { "id": 2439 }, "geometry": { "type": "LineString", "coordinates": [ [ -122.4082, 48.2032 ], [ -122.278, 48.0055 ], [ -122.312, 47.9781 ] ] } },
{ "type": "Feature", "properties": { "id": 2440 }, "geometry": { "type": "LineString", "coordinates": [ [ -122.312, 47.9781 ], [ -122.3791, 47.8621 ] ] } },
{ "type": "Feature", "properties": { "id": 2441 }, "geometry": { "type": "LineString", "coordinates": [ [ -120.9, 34.3 ], [ -120.8841, 34.4361 ] ] } },
{ "type": "Feature", "properties": { "id": 2442 }, "geometry": { "type": "LineString", "coordinates": [ [ -120.9, 34.3 ], [ -120.0, 30.0 ] ] } },
{ "type": "Feature", "properties": { "id": 2443 }, "geometry": { "type": "LineString", "coordinates": [ [ -120.8841, 34.4361 ], [ -120.5005, 34.3545 ], [ -120.2675, 34.3009 ], [ -120.0267, 34.2465 ], [ -119.8734, 34.2122 ], [ -119.8055, 34.1961 ], [ -119.7585, 34.1854 ], [ -119.7174, 34.1763 ], [ -119.5099, 34.1273 ], [ -119.2671, 34.0786 ], [ -119.0492, 33.9742 ], [ -118.9213, 33.9125 ], [ -118.7133, 33.8136 ], [ -118.4867, 33.7056 ] ] } },
{ "type": "Feature", "properties": { "id": 2444 }, "geometry": { "type": "LineString", "coordinates": [ [ -110.0, -50.0 ], [ -120.0, -50.0 ] ] } },
{ "type": "Feature", "properties": { "id": 2445 }, "geometry": { "type": "LineString", "coordinates": [ [ -120.0, -50.0 ], [ -114.563, -45.1105 ], [ -110.0, -40.0 ] ] } },
{ "type": "Feature", "properties": { "id": 2446 }, "geometry": { "type": "LineString", "coordinates": [ [ -120.0, -50.0 ], [ -119.997, -45.0022 ], [ -120.0, -40.0 ] ] } },
{ "type": "Feature", "properties": { "id": 2447 }, "geometry": { "type": "LineString", "coordinates": [ [ -170.0, 20.0 ], [ -174.1075, 24.309 ], [ -178.5, 28.5 ] ] } },
{ "type": "Feature", "properties": { "id": 2448 }, "geometry": { "type": "LineString", "coordinates": [ [ -110.0, -30.0 ], [ -114.6948, -35.1041 ], [ -120.0, -40.0 ] ] } },
{ "type": "Feature", "properties": { "id": 2449 }, "geometry": { "type": "LineString", "coordinates": [ [ -120.0, -30.0 ], [ -119.9979, -35.0021 ], [ -120.0, -40.0 ] ] } },
{ "type": "Feature", "properties": { "id": 2450 }, "geometry": { "type": "LineString", "coordinates": [ [ -110.0, -50.0 ], [ -115.2828, -45.0315 ], [ -120.0, -40.0 ] ] } },
{ "type": "Feature", "properties": { "id": 2451 }, "geometry": { "type": "LineString", "coordinates": [ [ -110.0, -40.0 ], [ -115.0004, -40.1068 ], [ -120.0, -40.0 ] ] } },
{ "type": "Feature", "properties": { "id": 2452 }, "geometry": { "type": "LineString", "coordinates": [ [ -120.0, -30.0 ], [ -114.7972, -25.085 ], [ -110.0, -20.0 ] ] } },
{ "type": "Feature", "properties": { "id": 2453 }, "geometry": { "type": "LineString", "coordinates": [ [ -120.0, -30.0 ], [ -119.9986, -25.0017 ], [ -120.0, -20.0 ] ] } },
{ "type": "Feature", "properties": { "id": 2454 }, "geometry": { "type": "LineString", "coordinates": [ [ -120.0, -30.0 ], [ -115.3071, -35.1023 ], [ -110.0, -40.0 ] ] } },
{ "type": "Feature", "properties": { "id": 2455 }, "geometry": { "type": "LineString", "coordinates": [ [ -110.0, -30.0 ], [ -115.0005, -30.0935 ], [ -120.0, -30.0 ] ] } },
{ "type": "Feature", "properties": { "id": 2456 }, "geometry": { "type": "LineString", "coordinates": [ [ -120.0, -20.0 ], [ -117.4073, -17.5444 ], [ -114.8837, -15.0555 ], [ -112.4181, -12.5389 ], [ -110.0, -10.0 ] ] } },
{ "type": "Feature", "properties": { "id": 2457 }, "geometry": { "type": "LineString", "coordinates": [ [ -120.0, -20.0 ], [ -119.9992, -15.0011 ], [ -120.0, -10.0 ] ] } },
{ "type": "Feature", "properties": { "id": 2458 }, "geometry": { "type": "LineString", "coordinates": [ [ -178.5, 28.5 ], [ -173.0609, 26.9298 ], [ -167.7784, 25.1688 ], [ -162.6505, 23.24 ], [ -157.67, 21.1667 ] ] } },
{ "type": "Feature", "properties": { "id": 2459 }, "geometry": { "type": "LineString", "coordinates": [ [ -110.0, -30.0 ], [ -115.2045, -25.0836 ], [ -120.0, -20.0 ] ] } },
{ "type": "Feature", "properties": { "id": 2460 }, "geometry": { "type": "LineString", "coordinates": [ [ -110.0, -20.0 ], [ -115.0004, -20.0692 ], [ -120.0, -20.0 ] ] } },
{ "type": "Feature", "properties": { "id": 2461 }, "geometry": { "type": "LineString", "coordinates": [ [ -120.0, -10.0 ], [ -117.4667, -7.5169 ], [ -114.9621, -5.0193 ], [ -112.4763, -2.512 ], [ -110.0, -0.00003 ] ] } },
{ "type": "Feature", "properties": { "id": 2462 }, "geometry": { "type": "LineString", "coordinates": [ [ -120.0, -10.0 ], [ -119.9997, -5.0004 ], [ -120.0, -0.00002 ] ] } },
{ "type": "Feature", "properties": { "id": 2463 }, "geometry": { "type": "LineString", "coordinates": [ [ -110.0, -20.0 ], [ -112.5937, -17.5438 ], [ -115.1175, -15.0547 ], [ -117.5827, -12.5384 ], [ -120.0, -10.0 ] ] } },
{ "type": "Feature", "properties": { "id": 2464 }, "geometry": { "type": "LineString", "coordinates": [ [ -110.0, -10.0 ], [ -115.0002, -10.0367 ], [ -120.0, -10.0 ] ] } },
{ "type": "Feature", "properties": { "id": 2465 }, "geometry": { "type": "LineString", "coordinates": [ [ -110.0, -0.00003 ], [ -115.0, -0.00001 ], [ -120.0, -0.00002 ] ] } },
{ "type": "Feature", "properties": { "id": 2466 }, "geometry": { "type": "LineString", "coordinates": [ [ -110.0, 10.0 ], [ -112.5333, 7.5169 ], [ -115.0379, 5.0192 ], [ -117.5237, 2.512 ], [ -120.0, -0.00002 ] ] } },
{ "type": "Feature", "properties": { "id": 2467 }, "geometry": { "type": "LineString", "coordinates": [ [ -120.0, 10.0 ], [ -120.0003, 5.0004 ], [ -120.0, -0.00002 ] ] } },
{ "type": "Feature", "properties": { "id": 2468 }, "geometry": { "type": "LineString", "coordinates": [ [ -110.0, -10.0 ], [ -112.5336, -7.5167 ], [ -115.0384, -5.0191 ], [ -117.524, -2.5119 ], [ -120.0, -0.00002 ] ] } },
{ "type": "Feature", "properties": { "id": 2469 }, "geometry": { "type": "LineString", "coordinates": [ [ -110.0, 10.0 ], [ -114.9998, 10.0367 ], [ -120.0, 10.0 ] ] } },
{ "type": "Feature", "properties": { "id": 2470 }, "geometry": { "type": "LineString", "coordinates": [ [ -110.0, 20.0 ], [ -112.5927, 17.5443 ], [ -115.1163, 15.0554 ], [ -117.5819, 12.5389 ], [ -120.0, 10.0 ] ] } },
{ "type": "Feature", "properties": { "id": 2471 }, "geometry": { "type": "LineString", "coordinates": [ [ -120.0, 20.0 ], [ -120.0008, 15.0011 ], [ -120.0, 10.0 ] ] } },
{ "type": "Feature", "properties": { "id": 2472 }, "geometry": { "type": "LineString", "coordinates": [ [ -120.0, 10.0 ], [ -117.4664, 7.5167 ], [ -114.9616, 5.019 ], [ -112.4761, 2.5119 ], [ -110.0, -0.00003 ] ] } },
{ "type": "Feature", "properties": { "id": 2473 }, "geometry": { "type": "LineString", "coordinates": [ [ -110.0, 20.0 ], [ -114.9996, 20.0692 ], [ -120.0, 20.0 ] ] } },
{ "type": "Feature", "properties": { "id": 2474 }, "geometry": { "type": "LineString", "coordinates": [ [ -120.0, 20.0 ], [ -120.0014, 25.0017 ], [ -120.0, 30.0 ] ] } },
{ "type": "Feature", "properties": { "id": 2475 }, "geometry": { "type": "LineString", "coordinates": [ [ -120.0, 20.0 ], [ -117.4063, 17.5438 ], [ -114.8825, 15.0547 ], [ -112.3448, 12.7158 ], [ -110.0, 10.0 ] ] } },
{ "type": "Feature", "properties": { "id": 2476 }, "geometry": { "type": "LineString", "coordinates": [ [ -80.0, -40.0 ], [ -83.6303, -36.0807 ], [ -87.3405, -32.0103 ], [ -90.9801, -27.9948 ], [ -94.7087, -23.8139 ], [ -96.5967, -19.2616 ], [ -98.3804, -14.6889 ], [ -100.0903, -10.1014 ], [ -101.7519, -5.5043 ], [ -103.8319, -1.0139 ], [ -105.9058, 3.4781 ], [ -108.0008, 7.9647 ], [ -110.1459, 12.4386 ], [ -112.3629, 16.8956 ], [ -114.7011, 21.3213 ], [ -117.2025, 25.7051 ], [ -120.0, 30.0 ] ] } },
{ "type": "Feature", "properties": { "id": 2477 }, "geometry": { "type": "LineString", "coordinates": [ [ -110.0, 20.0 ], [ -114.7955, 25.0836 ], [ -120.0, 30.0 ] ] } },
{ "type": "Feature", "properties": { "id": 2478 }, "geometry": { "type": "LineString", "coordinates": [ [ -176.7, 51.6 ], [ -178.0, 58.0 ] ] } },
{ "type": "Feature", "properties": { "id": 2479 }, "geometry": { "type": "LineString", "coordinates": [ [ -118.4867, 33.7056 ], [ -118.4648, 33.6364 ] ] } },
{ "type": "Feature", "properties": { "id": 2480 }, "geometry": { "type": "LineString", "coordinates": [ [ -118.4648, 33.6364 ], [ -118.295, 33.6384 ], [ -118.1788, 33.6279 ] ] } },
{ "type": "Feature", "properties": { "id": 2481 }, "geometry": { "type": "LineString", "coordinates": [ [ -118.1788, 33.6279 ], [ -118.1215, 33.6276 ] ] } },
{ "type": "Feature", "properties": { "id": 2482 }, "geometry": { "type": "LineString", "coordinates": [ [ -118.1215, 33.6276 ], [ -118.1012, 33.5676 ], [ -118.0244, 33.3332 ], [ -117.9861, 33.0261 ] ] } },
{ "type": "Feature", "properties": { "id": 2483 }, "geometry": { "type": "LineString", "coordinates": [ [ -165.8, 55.1 ], [ -171.666, 56.6976 ], [ -178.0, 58.0 ] ] } },
{ "type": "Feature", "properties": { "id": 2484 }, "geometry": { "type": "LineString", "coordinates": [ [ -117.9861, 33.0261 ], [ -117.9312, 32.7669 ], [ -117.7702, 32.6652 ] ] } },
{ "type": "Feature", "properties": { "id": 2485 }, "geometry": { "type": "LineString", "coordinates": [ [ -117.3, 32.7 ], [ -117.7702, 32.6652 ] ] } },
{ "type": "Feature", "properties": { "id": 2486 }, "geometry": { "type": "LineString", "coordinates": [ [ -115.2, 27.5 ], [ -117.3, 32.7 ] ] } },
{ "type": "Feature", "properties": { "id": 2487 }, "geometry": { "type": "LineString", "coordinates": [ [ -115.4404, -0.000011 ], [ -102.5336, -7.5167 ], [ -80.0, -20.0 ] ] } },
{ "type": "Feature", "properties": { "id": 2488 }, "geometry": { "type": "LineString", "coordinates": [ [ -115.2, 27.5 ], [ -112.4212, 25.0007 ], [ -109.7, 22.5 ] ] } },
{ "type": "Feature", "properties": { "id": 2489 }, "geometry": { "type": "LineString", "coordinates": [ [ -111.5, 27.7 ], [ -112.846, 29.0643 ], [ -114.4009, 31.359 ] ] } },
{ "type": "Feature", "properties": { "id": 2490 }, "geometry": { "type": "LineString", "coordinates": [ [ -107.4, 23.5 ], [ -111.5, 27.7 ] ] } },
{ "type": "Feature", "properties": { "id": 2491 }, "geometry": { "type": "LineString", "coordinates": [ [ -100.0, -50.0 ], [ -110.0, -50.0 ] ] } },
{ "type": "Feature", "properties": { "id": 2492 }, "geometry": { "type": "LineString", "coordinates": [ [ -110.0, -50.0 ], [ -104.563, -45.1105 ], [ -100.0, -40.0 ] ] } },
{ "type": "Feature", "properties": { "id": 2493 }, "geometry": { "type": "LineString", "coordinates": [ [ -110.0, -50.0 ], [ -109.997, -45.0022 ], [ -110.0, -40.0 ] ] } },
{ "type": "Feature", "properties": { "id": 2494 }, "geometry": { "type": "LineString", "coordinates": [ [ -100.0, -30.0 ], [ -104.6948, -35.1041 ], [ -110.0, -40.0 ] ] } },
{ "type": "Feature", "properties": { "id": 2495 }, "geometry": { "type": "LineString", "coordinates": [ [ -160.0, 50.0 ], [ -168.2056, 51.0966 ], [ -176.7, 51.6 ] ] } },
{ "type": "Feature", "properties": { "id": 2496 }, "geometry": { "type": "LineString", "coordinates": [ [ -110.0, -30.0 ], [ -109.9979, -35.0021 ], [ -110.0, -40.0 ] ] } },
{ "type": "Feature", "properties": { "id": 2497 }, "geometry": { "type": "LineString", "coordinates": [ [ -100.0, -50.0 ], [ -105.2866, -45.0333 ], [ -110.0, -40.0 ] ] } },
{ "type": "Feature", "properties": { "id": 2498 }, "geometry": { "type": "LineString", "coordinates": [ [ -100.0, -40.0 ], [ -105.0004, -40.1067 ], [ -110.0, -40.0 ] ] } },
{ "type": "Feature", "properties": { "id": 2499 }, "geometry": { "type": "LineString", "coordinates": [ [ -110.0, -30.0 ], [ -104.7972, -25.085 ], [ -100.0, -20.0 ] ] } },
{ "type": "Feature", "properties": { "id": 2500 }, "geometry": { "type": "LineString", "coordinates": [ [ -110.0, -30.0 ], [ -109.9986, -25.0017 ], [ -110.0, -20.0 ] ] } },
{ "type": "Feature", "properties": { "id": 2501 }, "geometry": { "type": "LineString", "coordinates": [ [ -175.8904, -14.5058 ], [ -170.0, -10.0 ] ] } },
{ "type": "Feature", "properties": { "id": 2502 }, "geometry": { "type": "LineString", "coordinates": [ [ -110.0, -30.0 ], [ -105.3071, -35.1023 ], [ -100.0, -40.0 ] ] } },
{ "type": "Feature", "properties": { "id": 2503 }, "geometry": { "type": "LineString", "coordinates": [ [ -100.0, -30.0 ], [ -105.0005, -30.0935 ], [ -110.0, -30.0 ] ] } },
{ "type": "Feature", "properties": { "id": 2504 }, "geometry": { "type": "LineString", "coordinates": [ [ -110.0, -20.0 ], [ -107.4073, -17.5444 ], [ -104.8837, -15.0555 ], [ -102.4181, -12.5389 ], [ -100.0, -10.0 ] ] } },
{ "type": "Feature", "properties": { "id": 2505 }, "geometry": { "type": "LineString", "coordinates": [ [ -110.0, -20.0 ], [ -109.9992, -15.0011 ], [ -110.0, -10.0 ] ] } },
{ "type": "Feature", "properties": { "id": 2506 }, "geometry": { "type": "LineString", "coordinates": [ [ -100.0, -30.0 ], [ -105.2045, -25.0836 ], [ -110.0, -20.0 ] ] } },
{ "type": "Feature", "properties": { "id": 2507 }, "geometry": { "type": "LineString", "coordinates": [ [ -100.0, -20.0 ], [ -105.0004, -20.0692 ], [ -110.0, -20.0 ] ] } },
{ "type": "Feature", "properties": { "id": 2508 }, "geometry": { "type": "LineString", "coordinates": [ [ -110.0, -10.0 ], [ -107.4667, -7.5169 ], [ -104.9621, -5.0193 ], [ -102.4763, -2.512 ], [ -100.0, -0.00002 ] ] } },
{ "type": "Feature", "properties": { "id": 2509 }, "geometry": { "type": "LineString", "coordinates": [ [ -110.0, -10.0 ], [ -109.9997, -5.0004 ], [ -110.0, -0.00003 ] ] } },
{ "type": "Feature", "properties": { "id": 2510 }, "geometry": { "type": "LineString", "coordinates": [ [ -100.0, -20.0 ], [ -102.5937, -17.5438 ], [ -105.1175, -15.0547 ], [ -107.5827, -12.5384 ], [ -110.0, -10.0 ] ] } },
{ "type": "Feature", "properties": { "id": 2511 }, "geometry": { "type": "LineString", "coordinates": [ [ -110.0, -10.0 ], [ -105.0002, -10.0367 ], [ -100.0, -10.0 ] ] } },
{ "type": "Feature", "properties": { "id": 2512 }, "geometry": { "type": "LineString", "coordinates": [ [ -175.8052, -23.9558 ], [ -130.0, -50.0 ] ] } },
{ "type": "Feature", "properties": { "id": 2513 }, "geometry": { "type": "LineString", "coordinates": [ [ -100.0, -0.00002 ], [ -105.0, -0.00002 ], [ -110.0, -0.00003 ] ] } },
{ "type": "Feature", "properties": { "id": 2514 }, "geometry": { "type": "LineString", "coordinates": [ [ -110.0, -0.00003 ], [ -107.5237, 2.512 ], [ -105.0379, 5.0193 ], [ -102.5333, 7.5169 ], [ -100.0, 10.0 ] ] } },
{ "type": "Feature", "properties": { "id": 2515 }, "geometry": { "type": "LineString", "coordinates": [ [ -110.0, 10.0 ], [ -110.0003, 5.0004 ], [ -110.0, -0.00003 ] ] } },
{ "type": "Feature", "properties": { "id": 2516 }, "geometry": { "type": "LineString", "coordinates": [ [ -100.0, -10.0 ], [ -102.5336, -7.5167 ], [ -105.0384, -5.019 ], [ -107.524, -2.5119 ], [ -110.0, -0.00003 ] ] } },
{ "type": "Feature", "properties": { "id": 2517 }, "geometry": { "type": "LineString", "coordinates": [ [ -110.0, 10.0 ], [ -104.9998, 10.0367 ], [ -100.0, 10.0 ] ] } },
{ "type": "Feature", "properties": { "id": 2518 }, "geometry": { "type": "LineString", "coordinates": [ [ -110.0, 20.0 ], [ -110.0008, 15.0011 ], [ -110.0, 10.0 ] ] } },
{ "type": "Feature", "properties": { "id": 2519 }, "geometry": { "type": "LineString", "coordinates": [ [ -110.0, 10.0 ], [ -107.4664, 7.5167 ], [ -104.9616, 5.019 ], [ -102.4761, 2.5119 ], [ -100.0, -0.00002 ] ] } },
{ "type": "Feature", "properties": { "id": 2520 }, "geometry": { "type": "LineString", "coordinates": [ [ -110.0, 20.0 ], [ -109.7, 22.5 ] ] } },
{ "type": "Feature", "properties": { "id": 2521 }, "geometry": { "type": "LineString", "coordinates": [ [ -110.0, 20.0 ], [ -107.4063, 17.5438 ], [ -104.8825, 15.0547 ], [ -102.3691, 12.7051 ], [ -100.0, 10.0 ] ] } },
{ "type": "Feature", "properties": { "id": 2522 }, "geometry": { "type": "LineString", "coordinates": [ [ -110.0, 20.0 ], [ -104.7, 18.75 ] ] } },
{ "type": "Feature", "properties": { "id": 2523 }, "geometry": { "type": "LineString", "coordinates": [ [ -109.7, 22.5 ], [ -107.4, 23.5 ] ] } },
{ "type": "Feature", "properties": { "id": 2524 }, "geometry": { "type": "LineString", "coordinates": [ [ -109.7, 22.5 ], [ -104.7, 18.75 ] ] } },
{ "type": "Feature", "properties": { "id": 2525 }, "geometry": { "type": "LineString", "coordinates": [ [ -80.0, -10.0 ], [ -91.3587, 4.2715 ], [ -105.5, 18.0 ] ] } },
{ "type": "Feature", "properties": { "id": 2526 }, "geometry": { "type": "LineString", "coordinates": [ [ -104.7, 18.75 ], [ -99.9, 16.5 ] ] } },
{ "type": "Feature", "properties": { "id": 2527 }, "geometry": { "type": "LineString", "coordinates": [ [ -100.0, -50.0 ], [ -90.0, -50.0 ] ] } },
{ "type": "Feature", "properties": { "id": 2528 }, "geometry": { "type": "LineString", "coordinates": [ [ -100.0, -50.0 ], [ -94.563, -45.1104 ], [ -90.0, -40.0 ] ] } },
{ "type": "Feature", "properties": { "id": 2529 }, "geometry": { "type": "LineString", "coordinates": [ [ -100.0, -50.0 ], [ -99.997, -45.0022 ], [ -100.0, -40.0 ] ] } },
{ "type": "Feature", "properties": { "id": 2530 }, "geometry": { "type": "LineString", "coordinates": [ [ -100.0, -50.0 ], [ -95.2297, -54.9726 ], [ -90.0, -60.0 ] ] } },
{ "type": "Feature", "properties": { "id": 2531 }, "geometry": { "type": "LineString", "coordinates": [ [ -90.0, -30.0 ], [ -94.6948, -35.1041 ], [ -100.0, -40.0 ] ] } },
{ "type": "Feature", "properties": { "id": 2532 }, "geometry": { "type": "LineString", "coordinates": [ [ -100.0, -30.0 ], [ -99.9979, -35.0021 ], [ -100.0, -40.0 ] ] } },
{ "type": "Feature", "properties": { "id": 2533 }, "geometry": { "type": "LineString", "coordinates": [ [ -90.0, -50.0 ], [ -95.2856, -45.0329 ], [ -100.0, -40.0 ] ] } },
{ "type": "Feature", "properties": { "id": 2534 }, "geometry": { "type": "LineString", "coordinates": [ [ -90.0, -40.0 ], [ -95.0004, -40.1068 ], [ -100.0, -40.0 ] ] } },
{ "type": "Feature", "properties": { "id": 2535 }, "geometry": { "type": "LineString", "coordinates": [ [ -100.0, -30.0 ], [ -94.7972, -25.0849 ], [ -90.0, -20.0 ] ] } },
{ "type": "Feature", "properties": { "id": 2536 }, "geometry": { "type": "LineString", "coordinates": [ [ -100.0, -30.0 ], [ -99.9986, -25.0017 ], [ -100.0, -20.0 ] ] } },
{ "type": "Feature", "properties": { "id": 2537 }, "geometry": { "type": "LineString", "coordinates": [ [ -100.0, -30.0 ], [ -95.3071, -35.1023 ], [ -90.0, -40.0 ] ] } },
{ "type": "Feature", "properties": { "id": 2538 }, "geometry": { "type": "LineString", "coordinates": [ [ -175.5, -21.0 ], [ -173.0562, -17.715 ], [ -170.7, -14.4 ] ] } },
{ "type": "Feature", "properties": { "id": 2539 }, "geometry": { "type": "LineString", "coordinates": [ [ -90.0, -30.0 ], [ -95.0005, -30.0935 ], [ -100.0, -30.0 ] ] } },
{ "type": "Feature", "properties": { "id": 2540 }, "geometry": { "type": "LineString", "coordinates": [ [ -100.0, -20.0 ], [ -97.4073, -17.5444 ], [ -94.8837, -15.0555 ], [ -92.4181, -12.5389 ], [ -90.0, -10.0 ] ] } },
{ "type": "Feature", "properties": { "id": 2541 }, "geometry": { "type": "LineString", "coordinates": [ [ -100.0, -20.0 ], [ -99.9992, -15.0011 ], [ -100.0, -10.0 ] ] } },
{ "type": "Feature", "properties": { "id": 2542 }, "geometry": { "type": "LineString", "coordinates": [ [ -90.0, -30.0 ], [ -95.2045, -25.0836 ], [ -100.0, -20.0 ] ] } },
{ "type": "Feature", "properties": { "id": 2543 }, "geometry": { "type": "LineString", "coordinates": [ [ -90.0, -20.0 ], [ -95.0004, -20.0692 ], [ -100.0, -20.0 ] ] } },
{ "type": "Feature", "properties": { "id": 2544 }, "geometry": { "type": "LineString", "coordinates": [ [ -175.5, -21.0 ], [ -177.6658, -25.5186 ], [ -180.0, -30.0 ] ] } },
{ "type": "Feature", "properties": { "id": 2545 }, "geometry": { "type": "LineString", "coordinates": [ [ -100.0, -10.0 ], [ -97.4667, -7.5169 ], [ -94.9621, -5.0193 ], [ -92.4763, -2.512 ], [ -90.0, -0.00003 ] ] } },
{ "type": "Feature", "properties": { "id": 2546 }, "geometry": { "type": "LineString", "coordinates": [ [ -100.0, -10.0 ], [ -99.9997, -5.0004 ], [ -100.0, -0.00002 ] ] } },
{ "type": "Feature", "properties": { "id": 2547 }, "geometry": { "type": "LineString", "coordinates": [ [ -90.0, -20.0 ], [ -92.5937, -17.5438 ], [ -95.1175, -15.0547 ], [ -97.5827, -12.5384 ], [ -100.0, -10.0 ] ] } },
{ "type": "Feature", "properties": { "id": 2548 }, "geometry": { "type": "LineString", "coordinates": [ [ -90.0, -10.0 ], [ -95.0002, -10.0367 ], [ -100.0, -10.0 ] ] } },
{ "type": "Feature", "properties": { "id": 2549 }, "geometry": { "type": "LineString", "coordinates": [ [ -90.0, -0.00003 ], [ -95.0, -0.00002 ], [ -100.0, -0.00002 ] ] } },
{ "type": "Feature", "properties": { "id": 2550 }, "geometry": { "type": "LineString", "coordinates": [ [ -172.75, 60.5 ], [ -168.8584, 60.482 ] ] } },
{ "type": "Feature", "properties": { "id": 2551 }, "geometry": { "type": "LineString", "coordinates": [ [ -87.6, 12.0 ], [ -90.7596, 9.0312 ], [ -93.868, 6.0354 ], [ -96.9424, 3.0221 ], [ -100.0, -0.00002 ] ] } },
{ "type": "Feature", "properties": { "id": 2552 }, "geometry": { "type": "LineString", "coordinates": [ [ -100.0, -0.00002 ], [ -100.0003, 5.0004 ], [ -100.0, 10.0 ] ] } },
{ "type": "Feature", "properties": { "id": 2553 }, "geometry": { "type": "LineString", "coordinates": [ [ -90.0, -10.0 ], [ -92.5336, -7.5167 ], [ -95.0384, -5.019 ], [ -97.5239, -2.5119 ], [ -100.0, -0.00002 ] ] } },
{ "type": "Feature", "properties": { "id": 2554 }, "geometry": { "type": "LineString", "coordinates": [ [ -100.0, 10.0 ], [ -93.8206, 11.0624 ], [ -87.6, 12.0 ] ] } },
{ "type": "Feature", "properties": { "id": 2555 }, "geometry": { "type": "LineString", "coordinates": [ [ -100.0, 10.0 ], [ -99.9, 16.5 ] ] } },
{ "type": "Feature", "properties": { "id": 2556 }, "geometry": { "type": "LineString", "coordinates": [ [ -166.5, 64.3 ], [ -172.3, 64.2 ] ] } },
{ "type": "Feature", "properties": { "id": 2557 }, "geometry": { "type": "LineString", "coordinates": [ [ -90.0, -0.00003 ], [ -92.476, 2.5118 ], [ -94.9616, 5.019 ], [ -97.4664, 7.5167 ], [ -100.0, 10.0 ] ] } },
{ "type": "Feature", "properties": { "id": 2558 }, "geometry": { "type": "LineString", "coordinates": [ [ -99.9, 16.5 ], [ -94.8, 15.0 ] ] } },
{ "type": "Feature", "properties": { "id": 2559 }, "geometry": { "type": "LineString", "coordinates": [ [ -97.4252, 26.5578 ], [ -97.4066, 26.5592 ], [ -97.2769, 26.5636 ], [ -97.2129, 26.5662 ], [ -96.9671, 26.5522 ] ] } },
{ "type": "Feature", "properties": { "id": 2560 }, "geometry": { "type": "LineString", "coordinates": [ [ -97.0, 26.0 ], [ -97.0, 22.3 ] ] } },
{ "type": "Feature", "properties": { "id": 2561 }, "geometry": { "type": "LineString", "coordinates": [ [ -96.0, 19.5 ], [ -97.0, 22.3 ] ] } },
{ "type": "Feature", "properties": { "id": 2562 }, "geometry": { "type": "LineString", "coordinates": [ [ -97.0, 22.3 ], [ -89.8, 22.1 ] ] } },
{ "type": "Feature", "properties": { "id": 2563 }, "geometry": { "type": "LineString", "coordinates": [ [ -172.3, 64.2 ], [ -171.6455, 63.7383 ], [ -167.3135, 63.9322 ] ] } },
{ "type": "Feature", "properties": { "id": 2564 }, "geometry": { "type": "LineString", "coordinates": [ [ -97.0, 26.0 ], [ -96.9805, 26.0513 ] ] } },
{ "type": "Feature", "properties": { "id": 2565 }, "geometry": { "type": "LineString", "coordinates": [ [ -86.0, 22.0 ], [ -91.4159, 24.09 ], [ -97.0, 26.0 ] ] } },
{ "type": "Feature", "properties": { "id": 2566 }, "geometry": { "type": "LineString", "coordinates": [ [ -91.0, 26.0 ], [ -97.0, 26.0 ] ] } },
{ "type": "Feature", "properties": { "id": 2567 }, "geometry": { "type": "LineString", "coordinates": [ [ -97.0, 27.6 ], [ -96.9339, 27.6931 ] ] } },
{ "type": "Feature", "properties": { "id": 2568 }, "geometry": { "type": "LineString", "coordinates": [ [ -97.0, 27.6 ], [ -91.0, 26.0 ] ] } },
{ "type": "Feature", "properties": { "id": 2569 }, "geometry": { "type": "LineString", "coordinates": [ [ -96.9805, 26.0513 ], [ -96.9671, 26.5522 ] ] } },
{ "type": "Feature", "properties": { "id": 2570 }, "geometry": { "type": "LineString", "coordinates": [ [ -96.9671, 26.5522 ], [ -96.9339, 27.6931 ] ] } },
{ "type": "Feature", "properties": { "id": 2571 }, "geometry": { "type": "LineString", "coordinates": [ [ -96.9671, 26.5522 ], [ -94.5678, 26.1633 ] ] } },
{ "type": "Feature", "properties": { "id": 2572 }, "geometry": { "type": "LineString", "coordinates": [ [ -96.9339, 27.6931 ], [ -96.8592, 27.7342 ] ] } },
{ "type": "Feature", "properties": { "id": 2573 }, "geometry": { "type": "LineString", "coordinates": [ [ -96.8592, 27.7342 ], [ -96.0733, 28.188 ] ] } },
{ "type": "Feature", "properties": { "id": 2574 }, "geometry": { "type": "LineString", "coordinates": [ [ -96.8592, 27.7342 ], [ -96.7706, 27.7078 ], [ -96.4743, 27.5623 ] ] } },
{ "type": "Feature", "properties": { "id": 2575 }, "geometry": { "type": "LineString", "coordinates": [ [ -96.5642, 28.5955 ], [ -96.3645, 28.4549 ] ] } },
{ "type": "Feature", "properties": { "id": 2576 }, "geometry": { "type": "LineString", "coordinates": [ [ -96.4743, 27.5623 ], [ -95.7986, 27.6052 ] ] } },
{ "type": "Feature", "properties": { "id": 2577 }, "geometry": { "type": "LineString", "coordinates": [ [ -96.4743, 27.5623 ], [ -96.1165, 27.3948 ], [ -94.5678, 26.1633 ] ] } },
{ "type": "Feature", "properties": { "id": 2578 }, "geometry": { "type": "LineString", "coordinates": [ [ -96.3645, 28.4549 ], [ -96.2917, 28.4717 ], [ -96.2602, 28.4889 ], [ -96.2273, 28.4962 ], [ -96.2217, 28.4867 ], [ -95.1011, 28.7464 ] ] } },
{ "type": "Feature", "properties": { "id": 2579 }, "geometry": { "type": "LineString", "coordinates": [ [ -96.3645, 28.4549 ], [ -96.3362, 28.435 ], [ -96.2765, 28.3797 ], [ -96.0733, 28.188 ] ] } },
{ "type": "Feature", "properties": { "id": 2580 }, "geometry": { "type": "LineString", "coordinates": [ [ -96.0733, 28.188 ], [ -95.1011, 28.7464 ] ] } },
{ "type": "Feature", "properties": { "id": 2581 }, "geometry": { "type": "LineString", "coordinates": [ [ -95.7986, 27.6052 ], [ -96.0733, 28.188 ] ] } },
{ "type": "Feature", "properties": { "id": 2582 }, "geometry": { "type": "LineString", "coordinates": [ [ -96.0, 19.5 ], [ -89.8, 22.1 ] ] } },
{ "type": "Feature", "properties": { "id": 2583 }, "geometry": { "type": "LineString", "coordinates": [ [ -96.0, 19.5 ], [ -94.4, 18.6 ] ] } },
{ "type": "Feature", "properties": { "id": 2584 }, "geometry": { "type": "LineString", "coordinates": [ [ -95.7986, 27.6052 ], [ -94.4162, 27.7014 ] ] } },
{ "type": "Feature", "properties": { "id": 2585 }, "geometry": { "type": "LineString", "coordinates": [ [ -95.7986, 27.6052 ], [ -94.5678, 26.1633 ] ] } },
{ "type": "Feature", "properties": { "id": 2586 }, "geometry": { "type": "LineString", "coordinates": [ [ -95.3085, 28.9427 ], [ -95.3039, 28.9418 ], [ -95.2959, 28.9342 ], [ -95.1011, 28.7464 ] ] } },
{ "type": "Feature", "properties": { "id": 2587 }, "geometry": { "type": "LineString", "coordinates": [ [ -95.1011, 28.7464 ], [ -94.4267, 29.1293 ] ] } },
{ "type": "Feature", "properties": { "id": 2588 }, "geometry": { "type": "LineString", "coordinates": [ [ -171.555, 51.2958 ], [ -160.0892, 51.8301 ], [ -154.7279, 51.6668 ], [ -144.0492, 50.7028 ], [ -140.0, 50.0 ] ] } },
{ "type": "Feature", "properties": { "id": 2589 }, "geometry": { "type": "LineString", "coordinates": [ [ -95.1011, 28.7464 ], [ -94.4167, 28.0824 ] ] } },
{ "type": "Feature", "properties": { "id": 2590 }, "geometry": { "type": "LineString", "coordinates": [ [ -95.0181, 29.7055 ], [ -95.016, 29.7034 ], [ -95.0132, 29.7019 ], [ -95.004, 29.7004 ], [ -94.9973, 29.6974 ], [ -94.9889, 29.6916 ], [ -94.9823, 29.6835 ], [ -94.9804, 29.6786 ], [ -94.9703, 29.6525 ], [ -94.9554, 29.6143 ], [ -94.9535, 29.6094 ], [ -94.9523, 29.6065 ], [ -94.9199, 29.5643 ], [ -94.8699, 29.4996 ], [ -94.8653, 29.4939 ], [ -94.8634, 29.4891 ], [ -94.8021, 29.3675 ], [ -94.7976, 29.3631 ], [ -94.7825, 29.3483 ], [ -94.7696, 29.3423 ], [ -94.7159, 29.3444 ], [ -94.6878, 29.3379 ], [ -94.6251, 29.3068 ] ] } },
{ "type": "Feature", "properties": { "id": 2591 }, "geometry": { "type": "LineString", "coordinates": [ [ -94.8, 15.0 ], [ -91.0, 13.5 ] ] } },
{ "type": "Feature", "properties": { "id": 2592 }, "geometry": { "type": "LineString", "coordinates": [ [ -91.0, 13.5 ], [ -91.0838, 13.5356 ], [ -94.8, 15.0 ] ] } },
{ "type": "Feature", "properties": { "id": 2593 }, "geometry": { "type": "LineString", "coordinates": [ [ -94.8, 29.2 ], [ -94.6251, 29.3068 ] ] } },
{ "type": "Feature", "properties": { "id": 2594 }, "geometry": { "type": "LineString", "coordinates": [ [ -94.8, 29.2 ], [ -91.0, 26.0 ] ] } },
{ "type": "Feature", "properties": { "id": 2595 }, "geometry": { "type": "LineString", "coordinates": [ [ -94.6251, 29.3068 ], [ -94.609, 29.2761 ], [ -94.4267, 29.1293 ] ] } },
{ "type": "Feature", "properties": { "id": 2596 }, "geometry": { "type": "LineString", "coordinates": [ [ -94.6251, 29.3068 ], [ -94.3779, 29.1479 ] ] } },
{ "type": "Feature", "properties": { "id": 2597 }, "geometry": { "type": "LineString", "coordinates": [ [ -94.5678, 26.1633 ], [ -91.9167, 26.1842 ] ] } },
{ "type": "Feature", "properties": { "id": 2598 }, "geometry": { "type": "LineString", "coordinates": [ [ -94.4162, 27.7014 ], [ -94.5678, 26.1633 ] ] } },
{ "type": "Feature", "properties": { "id": 2599 }, "geometry": { "type": "LineString", "coordinates": [ [ -94.5678, 26.1633 ], [ -90.2417, 23.9928 ], [ -86.05, 21.7333 ] ] } },
{ "type": "Feature", "properties": { "id": 2600 }, "geometry": { "type": "LineString", "coordinates": [ [ -94.4267, 29.1293 ], [ -94.3779, 29.1479 ] ] } },
{ "type": "Feature", "properties": { "id": 2601 }, "geometry": { "type": "LineString", "coordinates": [ [ -94.4267, 29.1293 ], [ -94.4161, 28.9367 ] ] } },
{ "type": "Feature", "properties": { "id": 2602 }, "geometry": { "type": "LineString", "coordinates": [ [ -94.4161, 28.9367 ], [ -94.4167, 28.0824 ] ] } },
{ "type": "Feature", "properties": { "id": 2603 }, "geometry": { "type": "LineString", "coordinates": [ [ -94.4167, 28.0824 ], [ -94.4162, 27.7014 ] ] } },
{ "type": "Feature", "properties": { "id": 2604 }, "geometry": { "type": "LineString", "coordinates": [ [ -92.5705, 27.8421 ], [ -94.4162, 27.7014 ] ] } },
{ "type": "Feature", "properties": { "id": 2605 }, "geometry": { "type": "LineString", "coordinates": [ [ -94.4162, 27.7014 ], [ -91.9167, 26.1842 ] ] } },
{ "type": "Feature", "properties": { "id": 2606 }, "geometry": { "type": "LineString", "coordinates": [ [ -94.4161, 28.9367 ], [ -93.8617, 28.8261 ] ] } },
{ "type": "Feature", "properties": { "id": 2607 }, "geometry": { "type": "LineString", "coordinates": [ [ -170.7, -14.4 ], [ -168.0228, -11.3888 ], [ -165.4013, -8.3535 ], [ -162.82, -5.3007 ], [ -160.264, -2.2372 ], [ -157.7184, 0.8309 ], [ -155.169, 3.8973 ], [ -152.6011, 6.9558 ], [ -150.0, 10.0 ] ] } },
{ "type": "Feature", "properties": { "id": 2608 }, "geometry": { "type": "LineString", "coordinates": [ [ -94.4, 18.6 ], [ -89.8, 22.1 ] ] } },
{ "type": "Feature", "properties": { "id": 2609 }, "geometry": { "type": "LineString", "coordinates": [ [ -94.4, 18.6 ], [ -92.745, 22.3097 ], [ -91.0, 26.0 ] ] } },
{ "type": "Feature", "properties": { "id": 2610 }, "geometry": { "type": "LineString", "coordinates": [ [ -94.3779, 29.1479 ], [ -93.9643, 29.476 ], [ -93.7265, 29.5326 ] ] } },
{ "type": "Feature", "properties": { "id": 2611 }, "geometry": { "type": "LineString", "coordinates": [ [ -94.3779, 29.1479 ], [ -93.8617, 28.8261 ] ] } },
{ "type": "Feature", "properties": { "id": 2612 }, "geometry": { "type": "LineString", "coordinates": [ [ -94.3779, 29.1479 ], [ -93.6685, 29.1321 ] ] } },
{ "type": "Feature", "properties": { "id": 2613 }, "geometry": { "type": "LineString", "coordinates": [ [ -94.0, 29.6 ], [ -88.2235, 27.0444 ], [ -82.7, 24.3 ] ] } },
{ "type": "Feature", "properties": { "id": 2614 }, "geometry": { "type": "LineString", "coordinates": [ [ -94.0, 29.6 ], [ -93.7265, 29.5326 ] ] } },
{ "type": "Feature", "properties": { "id": 2615 }, "geometry": { "type": "LineString", "coordinates": [ [ -157.3227, 21.3337 ], [ -170.7, -14.4 ] ] } },
{ "type": "Feature", "properties": { "id": 2616 }, "geometry": { "type": "LineString", "coordinates": [ [ -93.9577, 29.8157 ], [ -93.9611, 29.8246 ], [ -93.9442, 29.7805 ], [ -93.9374, 29.7741 ], [ -93.9309, 29.7702 ], [ -93.8885, 29.7558 ], [ -93.8363, 29.6879 ], [ -93.8259, 29.6451 ], [ -93.8045, 29.5986 ], [ -93.7265, 29.5326 ] ] } },
{ "type": "Feature", "properties": { "id": 2617 }, "geometry": { "type": "LineString", "coordinates": [ [ -93.8617, 28.8261 ], [ -92.8863, 28.2242 ] ] } },
{ "type": "Feature", "properties": { "id": 2618 }, "geometry": { "type": "LineString", "coordinates": [ [ -93.7265, 29.5326 ], [ -93.3208, 29.6256 ] ] } },
{ "type": "Feature", "properties": { "id": 2619 }, "geometry": { "type": "LineString", "coordinates": [ [ -93.7265, 29.5326 ], [ -93.6681, 29.4739 ], [ -93.6685, 29.1321 ] ] } },
{ "type": "Feature", "properties": { "id": 2620 }, "geometry": { "type": "LineString", "coordinates": [ [ -93.6685, 29.1321 ], [ -93.2161, 28.6096 ], [ -92.8863, 28.2242 ] ] } },
{ "type": "Feature", "properties": { "id": 2621 }, "geometry": { "type": "LineString", "coordinates": [ [ -93.6685, 29.1321 ], [ -93.214, 29.13 ] ] } },
{ "type": "Feature", "properties": { "id": 2622 }, "geometry": { "type": "LineString", "coordinates": [ [ -93.3338, 29.9898 ], [ -93.3393, 29.9252 ], [ -93.348, 29.8196 ], [ -93.3445, 29.7678 ], [ -93.3389, 29.731 ], [ -93.3208, 29.6256 ] ] } },
{ "type": "Feature", "properties": { "id": 2623 }, "geometry": { "type": "LineString", "coordinates": [ [ -93.3208, 29.6256 ], [ -93.2252, 29.5183 ], [ -93.2207, 29.3904 ], [ -93.214, 29.13 ] ] } },
{ "type": "Feature", "properties": { "id": 2624 }, "geometry": { "type": "LineString", "coordinates": [ [ -93.214, 29.13 ], [ -89.8711, 26.1842 ] ] } },
{ "type": "Feature", "properties": { "id": 2625 }, "geometry": { "type": "LineString", "coordinates": [ [ -93.214, 29.13 ], [ -91.5477, 28.5846 ], [ -91.298, 28.4321 ], [ -89.8999, 28.2842 ] ] } },
{ "type": "Feature", "properties": { "id": 2626 }, "geometry": { "type": "LineString", "coordinates": [ [ -73.8192, 32.0965 ], [ -77.8, 34.1 ], [ -72.974487, 31.632806 ], [ -73.8192, 32.0965 ] ] } },
{ "type": "Feature", "properties": { "id": 2627 }, "geometry": { "type": "LineString", "coordinates": [ [ -5.778249, 57.284772 ], [ -5.735169, 57.277885 ], [ -5.655077, 57.267716 ], [ -5.638694, 57.258857 ], [ -5.647796, 57.247369 ], [ -5.659324, 57.234893 ], [ -5.658717, 57.22077 ], [ -5.691482, 57.187248 ], [ -5.8274, 57.0506 ] ] } },
{ "type": "Feature", "properties": { "id": 2628 }, "geometry": { "type": "LineString", "coordinates": [ [ -5.8274, 57.0506 ], [ -5.755192, 57.023142 ], [ -5.712719, 57.015876 ], [ -5.677527, 56.993407 ] ] } },
{ "type": "Feature", "properties": { "id": 2629 }, "geometry": { "type": "LineString", "coordinates": [ [ -6.2943, 56.7145 ], [ -6.675038, 56.993407 ], [ -6.874054, 57.41277 ] ] } },
{ "type": "Feature", "properties": { "id": 2630 }, "geometry": { "type": "LineString", "coordinates": [ [ -7.0414, 57.1312 ], [ -7.257526, 57.147771 ] ] } },
{ "type": "Feature", "properties": { "id": 2631 }, "geometry": { "type": "LineString", "coordinates": [ [ -7.1, 56.9 ], [ -7.471105, 56.939162 ] ] } },
{ "type": "Feature", "properties": { "id": 2632 }, "geometry": { "type": "LineString", "coordinates": [ [ -6.7173, 57.6493 ], [ -7.002384, 57.731626 ], [ -7.061846, 57.769184 ], [ -7.115241, 57.789242 ], [ -7.90726, 57.790503 ] ] } },
{ "type": "Feature", "properties": { "id": 2633 }, "geometry": { "type": "LineString", "coordinates": [ [ -7.133444, 57.601168 ], [ -6.7173, 57.6493 ], [ -6.685656, 57.621319 ], [ -6.51819, 57.61092 ], [ -6.389558, 57.581006 ] ] } },
{ "type": "Feature", "properties": { "id": 2634 }, "geometry": { "type": "LineString", "coordinates": [ [ -6.389558, 57.581006 ], [ -6.610418, 57.753 ], [ -6.741478, 57.859679 ], [ -6.775456, 57.887429 ] ] } },
{ "type": "Feature", "properties": { "id": 2635 }, "geometry": { "type": "LineString", "coordinates": [ [ -6.211171, 54.083562 ], [ -6.03157, 54.003758 ], [ -3.172525, 53.920942 ], [ -2.944383, 54.035128 ] ] } },
{ "type": "Feature", "properties": { "id": 2636 }, "geometry": { "type": "LineString", "coordinates": [ [ -5.87624, 54.651955 ], [ -5.686931, 54.713691 ], [ -5.487915, 54.727708 ], [ -4.162754, 54.389945 ], [ -3.866656, 54.273901 ], [ -3.172525, 53.920942 ] ] } },
{ "type": "Feature", "properties": { "id": 2637 }, "geometry": { "type": "LineString", "coordinates": [ [ -3.060881, 53.4495 ], [ -3.293876, 53.539019 ], [ -3.4, 53.6 ], [ -3.832678, 53.940947 ], [ -4.162754, 54.389945 ] ] } },
{ "type": "Feature", "properties": { "id": 2638 }, "geometry": { "type": "LineString", "coordinates": [ [ -3.831529, 53.940045 ], [ -5.7, 53.4 ], [ -6.118943, 53.322117 ] ] } },
{ "type": "Feature", "properties": { "id": 2639 }, "geometry": { "type": "LineString", "coordinates": [ [ -3.4, 53.6 ], [ -4.879115, 53.970395 ] ] } },
{ "type": "Feature", "properties": { "id": 2640 }, "geometry": { "type": "LineString", "coordinates": [ [ -5.8714, 50.4096 ], [ -8.235317, 51.768133 ] ] } },
{ "type": "Feature", "properties": { "id": 2641 }, "geometry": { "type": "LineString", "coordinates": [ [ -5.8, 44.1 ], [ -5.747607, 43.652037 ] ] } },
{ "type": "Feature", "properties": { "id": 2642 }, "geometry": { "type": "LineString", "coordinates": [ [ -3.1, 43.8 ], [ -3.065735, 43.407447 ] ] } },
{ "type": "Feature", "properties": { "id": 2643 }, "geometry": { "type": "LineString", "coordinates": [ [ -1.9, 43.9 ], [ -1.55612, 43.565928 ] ] } },
{ "type": "Feature", "properties": { "id": 2644 }, "geometry": { "type": "LineString", "coordinates": [ [ -3.803553, 43.54834 ], [ -5.5, 48.6667 ] ] } },
{ "type": "Feature", "properties": { "id": 2645 }, "geometry": { "type": "LineString", "coordinates": [ [ -2.276949, 47.214947 ], [ -2.8, 46.6 ] ] } },
{ "type": "Feature", "properties": { "id": 2646 }, "geometry": { "type": "LineString", "coordinates": [ [ 3.58191, 39.748911 ], [ 3.1, 37.2 ], [ 3.11592, 36.800164 ] ] } },
{ "type": "Feature", "properties": { "id": 2647 }, "geometry": { "type": "LineString", "coordinates": [ [ 6.724489, 38.237336 ], [ 6.921508, 36.963236 ], [ 6.7245, 38.2374 ] ] } },
{ "type": "Feature", "properties": { "id": 2648 }, "geometry": { "type": "LineString", "coordinates": [ [ 7.5, 37.4 ], [ 7.834073, 36.94772 ] ] } },
{ "type": "Feature", "properties": { "id": 2649 }, "geometry": { "type": "LineString", "coordinates": [ [ -0.6, 36.2 ], [ -0.650837, 35.735687 ] ] } },
{ "type": "Feature", "properties": { "id": 2650 }, "geometry": { "type": "LineString", "coordinates": [ [ 15.9, 37.7 ], [ 20.397402, 37.884498 ] ] } },
{ "type": "Feature", "properties": { "id": 2651 }, "geometry": { "type": "LineString", "coordinates": [ [ 12.358064, 44.518459 ], [ 13.6, 43.9 ] ] } },
{ "type": "Feature", "properties": { "id": 2652 }, "geometry": { "type": "LineString", "coordinates": [ [ 12.37748, 45.268086 ], [ 12.775514, 45.124423 ], [ 13.6, 43.9 ] ] } },
{ "type": "Feature", "properties": { "id": 2653 }, "geometry": { "type": "LineString", "coordinates": [ [ 12.775514, 45.124423 ], [ 13.1, 45.3 ], [ 13.581289, 45.629054 ] ] } },
{ "type": "Feature", "properties": { "id": 2654 }, "geometry": { "type": "LineString", "coordinates": [ [ 13.1, 45.3 ], [ 12.911428, 45.540728 ] ] } },
{ "type": "Feature", "properties": { "id": 2655 }, "geometry": { "type": "LineString", "coordinates": [ [ 12.367772, 44.76023 ], [ 12.358064, 44.518459 ] ] } },
{ "type": "Feature", "properties": { "id": 2656 }, "geometry": { "type": "LineString", "coordinates": [ [ 12.367772, 44.76023 ], [ 12.629892, 44.863538 ], [ 12.775514, 45.124423 ] ] } },
{ "type": "Feature", "properties": { "id": 2657 }, "geometry": { "type": "LineString", "coordinates": [ [ 14.416188, 45.302239 ], [ 14.280275, 45.144968 ], [ 14.0, 44.6 ] ] } },
{ "type": "Feature", "properties": { "id": 2658 }, "geometry": { "type": "LineString", "coordinates": [ [ 13.1, 45.3 ], [ 13.882241, 44.334734 ], [ 14.522978, 43.7275 ], [ 15.867555, 42.526589 ], [ 17.3, 41.4 ] ] } },
{ "type": "Feature", "properties": { "id": 2659 }, "geometry": { "type": "LineString", "coordinates": [ [ 15.9, 37.7 ], [ 20.169, 39.3866 ] ] } },
{ "type": "Feature", "properties": { "id": 2660 }, "geometry": { "type": "LineString", "coordinates": [ [ 24.45, 37.8 ], [ 24.270885, 37.931181 ], [ 24.245983, 37.946933 ], [ 24.204745, 37.974675 ], [ 24.176975, 37.995213 ], [ 24.175291, 37.997468 ], [ 24.154683, 38.032558 ], [ 24.148688, 38.06416 ], [ 24.141942, 38.085053 ], [ 24.13836, 38.092597 ], [ 24.095199, 38.194201 ], [ 23.978701, 38.289511 ], [ 23.823371, 38.350444 ], [ 23.658333, 38.394208 ], [ 23.602511, 38.441747 ], [ 23.587949, 38.477856 ], [ 23.527273, 38.548122 ], [ 23.350099, 38.646758 ], [ 23.056428, 38.766077 ], [ 22.813725, 38.809589 ], [ 22.796736, 38.83417 ], [ 22.818579, 38.868193 ], [ 22.86712, 38.892754 ], [ 23.003033, 38.955064 ], [ 23.168072, 39.045599 ], [ 23.340391, 39.154841 ], [ 23.381651, 39.190591 ], [ 22.8, 40.2 ] ] } },
{ "type": "Feature", "properties": { "id": 2661 }, "geometry": { "type": "LineString", "coordinates": [ [ 22.959347, 39.339038 ], [ 23.041866, 39.077636 ], [ 23.168072, 39.045599 ] ] } },
{ "type": "Feature", "properties": { "id": 2662 }, "geometry": { "type": "LineString", "coordinates": [ [ 23.168072, 39.045599 ], [ 23.352526, 39.064446 ], [ 23.592803, 38.945627 ], [ 24.21655, 38.650549 ], [ 24.369453, 38.544326 ] ] } },
{ "type": "Feature", "properties": { "id": 2663 }, "geometry": { "type": "LineString", "coordinates": [ [ 23.592803, 38.563306 ], [ 23.325829, 38.574691 ], [ 23.527273, 38.548122 ] ] } },
{ "type": "Feature", "properties": { "id": 2664 }, "geometry": { "type": "LineString", "coordinates": [ [ 23.039439, 38.853074 ], [ 23.056428, 38.766077 ] ] } },
{ "type": "Feature", "properties": { "id": 2665 }, "geometry": { "type": "LineString", "coordinates": [ [ 23.978701, 38.289511 ], [ 24.029669, 38.377086 ] ] } },
{ "type": "Feature", "properties": { "id": 2666 }, "geometry": { "type": "LineString", "coordinates": [ [ 24.138885, 38.622112 ], [ 24.50294, 38.794457 ], [ 24.21655, 38.650549 ] ] } },
{ "type": "Feature", "properties": { "id": 2667 }, "geometry": { "type": "LineString", "coordinates": [ [ 24.656396, 38.117349 ], [ 24.888839, 39.250759 ], [ 25.041742, 39.873821 ] ] } },
{ "type": "Feature", "properties": { "id": 2668 }, "geometry": { "type": "LineString", "coordinates": [ [ 25.041742, 39.873821 ], [ 24.4152, 40.7548 ], [ 24.410713, 40.912624 ] ] } },
{ "type": "Feature", "properties": { "id": 2669 }, "geometry": { "type": "LineString", "coordinates": [ [ 24.4152, 40.7548 ], [ 24.316059, 40.787785 ] ] } },
{ "type": "Feature", "properties": { "id": 2670 }, "geometry": { "type": "LineString", "coordinates": [ [ 24.583032, 40.754701 ], [ 24.481097, 40.932796 ] ] } },
{ "type": "Feature", "properties": { "id": 2671 }, "geometry": { "type": "LineString", "coordinates": [ [ 24.481097, 40.932796 ], [ 24.4152, 40.7548 ] ] } },
{ "type": "Feature", "properties": { "id": 2672 }, "geometry": { "type": "LineString", "coordinates": [ [ 24.8, 40.8 ], [ 25.879068, 40.815344 ] ] } },
{ "type": "Feature", "properties": { "id": 2673 }, "geometry": { "type": "LineString", "coordinates": [ [ 25.879068, 40.815344 ], [ 25.012617, 40.000364 ], [ 25.041742, 39.873821 ] ] } },
{ "type": "Feature", "properties": { "id": 2674 }, "geometry": { "type": "LineString", "coordinates": [ [ 25.012617, 40.000364 ], [ 23.879193, 39.879409 ], [ 23.384078, 39.912926 ], [ 22.871974, 40.252748 ], [ 22.765184, 40.465429 ], [ 22.862266, 40.550313 ], [ 22.91566, 40.620354 ] ] } },
{ "type": "Feature", "properties": { "id": 2675 }, "geometry": { "type": "LineString", "coordinates": [ [ 22.871974, 40.252748 ], [ 22.8, 40.2 ] ] } },
{ "type": "Feature", "properties": { "id": 2676 }, "geometry": { "type": "LineString", "coordinates": [ [ 22.765184, 40.465429 ], [ 22.8, 40.2 ] ] } },
{ "type": "Feature", "properties": { "id": 2677 }, "geometry": { "type": "LineString", "coordinates": [ [ 23.384078, 39.912926 ], [ 25.4689, 39.102125 ], [ 26.53194, 38.694131 ], [ 26.677562, 38.603147 ], [ 26.825612, 38.456953 ], [ 26.903277, 38.40562 ], [ 26.993077, 38.415129 ], [ 27.153261, 38.449351 ] ] } },
{ "type": "Feature", "properties": { "id": 2678 }, "geometry": { "type": "LineString", "coordinates": [ [ 26.5, 38.9 ], [ 26.675135, 39.053139 ], [ 26.866871, 39.073868 ] ] } },
{ "type": "Feature", "properties": { "id": 2679 }, "geometry": { "type": "LineString", "coordinates": [ [ 26.675135, 39.053139 ], [ 26.881433, 38.764185 ] ] } },
{ "type": "Feature", "properties": { "id": 2680 }, "geometry": { "type": "LineString", "coordinates": [ [ 26.675135, 39.053139 ], [ 26.677562, 38.603147 ] ] } },
{ "type": "Feature", "properties": { "id": 2681 }, "geometry": { "type": "LineString", "coordinates": [ [ 26.675135, 39.053139 ], [ 26.41787, 39.37657 ], [ 26.345059, 39.423456 ], [ 26.080512, 39.442202 ], [ 26.034399, 39.475931 ], [ 26.097501, 39.784356 ], [ 26.143615, 39.992927 ], [ 26.2, 40.1 ] ] } },
{ "type": "Feature", "properties": { "id": 2682 }, "geometry": { "type": "LineString", "coordinates": [ [ 26.097501, 39.784356 ], [ 25.711664, 39.009159 ] ] } },
{ "type": "Feature", "properties": { "id": 2683 }, "geometry": { "type": "LineString", "coordinates": [ [ 26.289027, 38.787567 ], [ 25.830528, 39.136019 ], [ 25.825052, 39.237864 ] ] } },
{ "type": "Feature", "properties": { "id": 2684 }, "geometry": { "type": "LineString", "coordinates": [ [ 25.830528, 39.136019 ], [ 26.308653, 38.523442 ], [ 26.269821, 38.437945 ], [ 26.184875, 38.339023 ], [ 26.172739, 38.253308 ], [ 26.541649, 37.688895 ], [ 26.968807, 37.209122 ], [ 27.058607, 37.038829 ], [ 27.337716, 36.924441 ], [ 27.386256, 36.866211 ], [ 27.364413, 36.809881 ], [ 27.344997, 36.700987 ], [ 27.405673, 36.638693 ], [ 27.871663, 36.48859 ], [ 28.019712, 36.494444 ] ] } },
{ "type": "Feature", "properties": { "id": 2685 }, "geometry": { "type": "LineString", "coordinates": [ [ 27.871663, 36.48859 ], [ 27.002785, 36.547106 ] ] } },
{ "type": "Feature", "properties": { "id": 2686 }, "geometry": { "type": "LineString", "coordinates": [ [ 27.002785, 36.547106 ], [ 26.684844, 36.86427 ], [ 26.575627, 37.0582 ], [ 25.949452, 37.4041 ], [ 25.706749, 37.711938 ] ] } },
{ "type": "Feature", "properties": { "id": 2687 }, "geometry": { "type": "LineString", "coordinates": [ [ 25.706749, 37.711938 ], [ 25.420359, 38.35425 ], [ 25.366964, 38.55951 ], [ 25.444629, 38.911642 ], [ 25.774706, 39.685436 ] ] } },
{ "type": "Feature", "properties": { "id": 2688 }, "geometry": { "type": "LineString", "coordinates": [ [ 26.172739, 38.253308 ], [ 25.93489, 38.029975 ], [ 25.420359, 37.642786 ], [ 24.959223, 37.346238 ], [ 24.328194, 36.967114 ], [ 23.6, 36.5 ] ] } },
{ "type": "Feature", "properties": { "id": 2689 }, "geometry": { "type": "LineString", "coordinates": [ [ 25.124261, 35.37237 ], [ 25.2, 35.5 ] ] } },
{ "type": "Feature", "properties": { "id": 2690 }, "geometry": { "type": "LineString", "coordinates": [ [ 25.124261, 35.37237 ], [ 24.022388, 36.936081 ], [ 23.6425, 37.8192 ] ] } },
{ "type": "Feature", "properties": { "id": 2691 }, "geometry": { "type": "LineString", "coordinates": [ [ 23.6425, 37.8192 ], [ 23.175353, 37.880707 ], [ 23.027304, 37.913266 ] ] } },
{ "type": "Feature", "properties": { "id": 2692 }, "geometry": { "type": "LineString", "coordinates": [ [ 23.027304, 37.913266 ], [ 23.214185, 37.809795 ], [ 23.30884, 37.665844 ], [ 23.580668, 37.644707 ], [ 23.888901, 37.615875 ] ] } },
{ "type": "Feature", "properties": { "id": 2693 }, "geometry": { "type": "LineString", "coordinates": [ [ 23.430191, 37.535086 ], [ 23.405921, 37.767598 ], [ 23.6195, 37.917095 ] ] } },
{ "type": "Feature", "properties": { "id": 2694 }, "geometry": { "type": "LineString", "coordinates": [ [ 23.6425, 37.8192 ], [ 23.6195, 37.917095 ] ] } },
{ "type": "Feature", "properties": { "id": 2695 }, "geometry": { "type": "LineString", "coordinates": [ [ 23.6195, 37.917095 ], [ 23.55397, 37.96686 ], [ 23.532127, 38.016592 ] ] } },
{ "type": "Feature", "properties": { "id": 2696 }, "geometry": { "type": "LineString", "coordinates": [ [ 23.027304, 37.913266 ], [ 22.828287, 38.02424 ] ] } },
{ "type": "Feature", "properties": { "id": 2697 }, "geometry": { "type": "LineString", "coordinates": [ [ 22.828287, 38.02424 ], [ 22.973909, 38.177032 ] ] } },
{ "type": "Feature", "properties": { "id": 2698 }, "geometry": { "type": "LineString", "coordinates": [ [ 22.828287, 38.02424 ], [ 21.9041, 38.3486 ] ] } },
{ "type": "Feature", "properties": { "id": 2699 }, "geometry": { "type": "LineString", "coordinates": [ [ 22.6117, 38.2252 ], [ 22.517627, 38.279986 ], [ 22.435108, 38.403718 ] ] } },
{ "type": "Feature", "properties": { "id": 2700 }, "geometry": { "type": "LineString", "coordinates": [ [ 21.1797, 37.9586 ], [ 21.000731, 37.867297 ], [ 20.91093, 37.792535 ] ] } },
{ "type": "Feature", "properties": { "id": 2701 }, "geometry": { "type": "LineString", "coordinates": [ [ 20.709487, 37.932411 ], [ 20.60027, 38.100676 ], [ 20.680138, 37.977666 ] ] } },
{ "type": "Feature", "properties": { "id": 2702 }, "geometry": { "type": "LineString", "coordinates": [ [ 21.010439, 38.456953 ], [ 20.891514, 38.525341 ], [ 20.804141, 38.682764 ], [ 20.738611, 38.783107 ], [ 20.711914, 38.853074 ] ] } },
{ "type": "Feature", "properties": { "id": 2703 }, "geometry": { "type": "LineString", "coordinates": [ [ 20.974033, 38.949402 ], [ 20.845401, 38.955064 ], [ 20.777444, 38.949402 ], [ 20.73133, 38.922972 ], [ 20.3557, 39.1144 ] ] } },
{ "type": "Feature", "properties": { "id": 2704 }, "geometry": { "type": "LineString", "coordinates": [ [ 20.73133, 38.922972 ], [ 20.711914, 38.853074 ] ] } },
{ "type": "Feature", "properties": { "id": 2705 }, "geometry": { "type": "LineString", "coordinates": [ [ 20.711914, 38.853074 ], [ 20.3557, 39.1144 ] ] } },
{ "type": "Feature", "properties": { "id": 2706 }, "geometry": { "type": "LineString", "coordinates": [ [ 20.18282, 39.511517 ], [ 20.169, 39.3866 ] ] } },
{ "type": "Feature", "properties": { "id": 2707 }, "geometry": { "type": "LineString", "coordinates": [ [ 19.9547, 39.8141 ], [ 20.00322, 39.857056 ] ] } },
{ "type": "Feature", "properties": { "id": 2708 }, "geometry": { "type": "LineString", "coordinates": [ [ 19.452283, 40.443267 ], [ 18.127123, 40.692162 ], [ 17.991209, 40.657188 ], [ 18.3, 40.9 ] ] } },
{ "type": "Feature", "properties": { "id": 2709 }, "geometry": { "type": "LineString", "coordinates": [ [ 18.9, 40.1 ], [ 17.3, 41.4 ] ] } },
{ "type": "Feature", "properties": { "id": 2710 }, "geometry": { "type": "LineString", "coordinates": [ [ 16.8291, 41.1676 ], [ 16.430626, 41.99491 ] ] } },
{ "type": "Feature", "properties": { "id": 2711 }, "geometry": { "type": "LineString", "coordinates": [ [ 16.416064, 43.488501 ], [ 16.418491, 43.342174 ] ] } },
{ "type": "Feature", "properties": { "id": 2712 }, "geometry": { "type": "LineString", "coordinates": [ [ 13.739046, 43.317457 ], [ 13.8024, 43.3544 ] ] } },
{ "type": "Feature", "properties": { "id": 2713 }, "geometry": { "type": "LineString", "coordinates": [ [ 13.894376, 42.959715 ], [ 14.0166, 42.9858 ] ] } },
{ "type": "Feature", "properties": { "id": 2714 }, "geometry": { "type": "LineString", "coordinates": [ [ 13.976895, 42.75155 ], [ 14.0771, 42.7564 ] ] } },
{ "type": "Feature", "properties": { "id": 2715 }, "geometry": { "type": "LineString", "coordinates": [ [ 14.229307, 42.472907 ], [ 14.3352, 42.5058 ] ] } },
{ "type": "Feature", "properties": { "id": 2716 }, "geometry": { "type": "LineString", "coordinates": [ [ 14.425897, 42.342088 ], [ 14.5, 42.3761 ] ] } },
{ "type": "Feature", "properties": { "id": 2717 }, "geometry": { "type": "LineString", "coordinates": [ [ 14.714714, 42.17863 ], [ 14.8351, 42.2664 ] ] } },
{ "type": "Feature", "properties": { "id": 2718 }, "geometry": { "type": "LineString", "coordinates": [ [ 15.010812, 42.000321 ], [ 15.1372, 42.071 ] ] } },
{ "type": "Feature", "properties": { "id": 2719 }, "geometry": { "type": "LineString", "coordinates": [ [ 15.503499, 42.108447 ], [ 15.9667, 42.022 ] ] } },
{ "type": "Feature", "properties": { "id": 2720 }, "geometry": { "type": "LineString", "coordinates": [ [ 15.231672, 44.096422 ], [ 14.559383, 44.385055 ], [ 14.396772, 44.542681 ], [ 14.297264, 44.556518 ], [ 14.217172, 44.618743 ], [ 14.217172, 45.045596 ] ] } },
{ "type": "Feature", "properties": { "id": 2721 }, "geometry": { "type": "LineString", "coordinates": [ [ 16.022885, 43.469128 ], [ 15.430688, 43.671351 ], [ 15.132163, 43.865895 ], [ 14.741411, 44.166101 ], [ 14.559383, 44.385055 ] ] } },
{ "type": "Feature", "properties": { "id": 2722 }, "geometry": { "type": "LineString", "coordinates": [ [ 14.741411, 44.166101 ], [ 14.866403, 44.186119 ], [ 15.050858, 44.104265 ], [ 15.230458, 43.999605 ], [ 15.419767, 43.86502 ], [ 15.550827, 43.733639 ], [ 15.764406, 43.640621 ], [ 15.85906, 43.709082 ] ] } },
{ "type": "Feature", "properties": { "id": 2723 }, "geometry": { "type": "LineString", "coordinates": [ [ 15.764406, 43.640621 ], [ 16.022885, 43.469128 ] ] } },
{ "type": "Feature", "properties": { "id": 2724 }, "geometry": { "type": "LineString", "coordinates": [ [ 14.8, 44.0 ], [ 14.931933, 44.022297 ] ] } },
{ "type": "Feature", "properties": { "id": 2725 }, "geometry": { "type": "LineString", "coordinates": [ [ 15.201334, 43.859771 ], [ 13.8024, 43.3544 ] ] } },
{ "type": "Feature", "properties": { "id": 2726 }, "geometry": { "type": "LineString", "coordinates": [ [ 13.582502, 45.224513 ], [ 12.446651, 45.408832 ] ] } },
{ "type": "Feature", "properties": { "id": 2727 }, "geometry": { "type": "LineString", "coordinates": [ [ 13.581289, 45.629054 ], [ 13.157771, 45.677404 ] ] } },
{ "type": "Feature", "properties": { "id": 2728 }, "geometry": { "type": "LineString", "coordinates": [ [ 13.581289, 45.629054 ], [ 13.766957, 45.612928 ] ] } },
{ "type": "Feature", "properties": { "id": 2729 }, "geometry": { "type": "LineString", "coordinates": [ [ 13.581289, 45.629054 ], [ 13.72327, 45.553476 ] ] } },
{ "type": "Feature", "properties": { "id": 2730 }, "geometry": { "type": "LineString", "coordinates": [ [ 13.581289, 45.629054 ], [ 13.597065, 45.757048 ] ] } },
{ "type": "Feature", "properties": { "id": 2731 }, "geometry": { "type": "LineString", "coordinates": [ [ 13.157771, 45.677404 ], [ 13.099523, 45.587456 ], [ 12.911428, 45.540728 ] ] } },
{ "type": "Feature", "properties": { "id": 2732 }, "geometry": { "type": "LineString", "coordinates": [ [ 12.911428, 45.540728 ], [ 12.446651, 45.408832 ] ] } },
{ "type": "Feature", "properties": { "id": 2733 }, "geometry": { "type": "LineString", "coordinates": [ [ 12.446651, 45.408832 ], [ 12.37748, 45.268086 ] ] } },
{ "type": "Feature", "properties": { "id": 2734 }, "geometry": { "type": "LineString", "coordinates": [ [ 12.381121, 45.077311 ], [ 12.775514, 45.124423 ] ] } },
{ "type": "Feature", "properties": { "id": 2735 }, "geometry": { "type": "LineString", "coordinates": [ [ 12.485483, 45.000136 ], [ 12.99516, 44.817933 ] ] } },
{ "type": "Feature", "properties": { "id": 2736 }, "geometry": { "type": "LineString", "coordinates": [ [ 12.358064, 44.518459 ], [ 12.99516, 44.817933 ] ] } },
{ "type": "Feature", "properties": { "id": 2737 }, "geometry": { "type": "LineString", "coordinates": [ [ 12.358064, 44.518459 ], [ 12.358064, 44.518459 ] ] } },
{ "type": "Feature", "properties": { "id": 2738 }, "geometry": { "type": "LineString", "coordinates": [ [ 12.250061, 44.683491 ], [ 12.378694, 44.680039 ], [ 12.367772, 44.76023 ] ] } },
{ "type": "Feature", "properties": { "id": 2739 }, "geometry": { "type": "LineString", "coordinates": [ [ 12.757311, 43.978651 ], [ 12.890798, 44.106008 ] ] } },
{ "type": "Feature", "properties": { "id": 2740 }, "geometry": { "type": "LineString", "coordinates": [ [ 12.919922, 43.922737 ], [ 13.019431, 44.027532 ], [ 13.007295, 43.86677 ] ] } },
{ "type": "Feature", "properties": { "id": 2741 }, "geometry": { "type": "LineString", "coordinates": [ [ 13.783946, 44.888476 ], [ 13.410183, 44.408466 ] ] } },
{ "type": "Feature", "properties": { "id": 2742 }, "geometry": { "type": "LineString", "coordinates": [ [ 13.28155, 44.742132 ], [ 13.783946, 44.888476 ] ] } },
{ "type": "Feature", "properties": { "id": 2743 }, "geometry": { "type": "LineString", "coordinates": [ [ 13.473286, 45.553476 ], [ 13.504837, 45.386677 ], [ 13.582502, 45.224513 ], [ 13.6092, 45.055027 ], [ 13.783946, 44.888476 ] ] } },
{ "type": "Feature", "properties": { "id": 2744 }, "geometry": { "type": "LineString", "coordinates": [ [ 13.6092, 45.055027 ], [ 12.775514, 45.124423 ] ] } },
{ "type": "Feature", "properties": { "id": 2745 }, "geometry": { "type": "LineString", "coordinates": [ [ 19.05789, 42.102145 ], [ 16.8291, 41.1676 ] ] } },
{ "type": "Feature", "properties": { "id": 2746 }, "geometry": { "type": "LineString", "coordinates": [ [ 19.05789, 42.102145 ], [ 16.630857, 42.757788 ], [ 16.056344, 42.928605 ] ] } },
{ "type": "Feature", "properties": { "id": 2747 }, "geometry": { "type": "LineString", "coordinates": [ [ 16.418491, 43.342174 ], [ 16.3457, 43.2385 ] ] } },
{ "type": "Feature", "properties": { "id": 2748 }, "geometry": { "type": "LineString", "coordinates": [ [ 16.320196, 43.084808 ], [ 16.839582, 43.02806 ], [ 17.087139, 42.97481 ], [ 17.237615, 42.939285 ], [ 17.684189, 42.772042 ], [ 18.0047, 42.6272 ] ] } },
{ "type": "Feature", "properties": { "id": 2749 }, "geometry": { "type": "LineString", "coordinates": [ [ 18.0047, 42.6272 ], [ 18.538505, 42.386023 ] ] } },
{ "type": "Feature", "properties": { "id": 2750 }, "geometry": { "type": "LineString", "coordinates": [ [ 18.538505, 42.386023 ], [ 19.05789, 42.102145 ] ] } },
{ "type": "Feature", "properties": { "id": 2751 }, "geometry": { "type": "LineString", "coordinates": [ [ 15.557174, 38.032185 ], [ 15.6982, 37.892786 ], [ 20.680138, 37.977666 ] ] } },
{ "type": "Feature", "properties": { "id": 2752 }, "geometry": { "type": "LineString", "coordinates": [ [ 15.6982, 37.892786 ], [ 21.471448, 36.5804 ] ] } },
{ "type": "Feature", "properties": { "id": 2753 }, "geometry": { "type": "LineString", "coordinates": [ [ 12.747603, 38.246637 ], [ 12.504899, 38.063423 ], [ 12.364131, 37.902734 ], [ 12.184531, 37.518726 ], [ 12.10636, 37.191167 ], [ 11.9915, 37.4554 ] ] } },
{ "type": "Feature", "properties": { "id": 2754 }, "geometry": { "type": "LineString", "coordinates": [ [ 11.917557, 36.826396 ], [ 12.10636, 37.191167 ] ] } },
{ "type": "Feature", "properties": { "id": 2755 }, "geometry": { "type": "LineString", "coordinates": [ [ 9.65, 38.9 ], [ 13.3959, 38.2913 ] ] } },
{ "type": "Feature", "properties": { "id": 2756 }, "geometry": { "type": "LineString", "coordinates": [ [ 3.194798, 39.82258 ], [ 3.786994, 39.9827 ] ] } },
{ "type": "Feature", "properties": { "id": 2757 }, "geometry": { "type": "LineString", "coordinates": [ [ 3.194798, 39.82258 ], [ 3.194798, 40.031034 ], [ 2.209423, 41.312166 ] ] } },
{ "type": "Feature", "properties": { "id": 2758 }, "geometry": { "type": "LineString", "coordinates": [ [ 2.209423, 41.312166 ], [ 2.5, 41.3 ] ] } },
{ "type": "Feature", "properties": { "id": 2759 }, "geometry": { "type": "LineString", "coordinates": [ [ 3.786994, 39.9827 ], [ 2.209423, 41.312166 ] ] } },
{ "type": "Feature", "properties": { "id": 2760 }, "geometry": { "type": "LineString", "coordinates": [ [ 3.58191, 39.748911 ], [ 3.786994, 39.9827 ] ] } },
{ "type": "Feature", "properties": { "id": 2761 }, "geometry": { "type": "LineString", "coordinates": [ [ 3.58191, 39.748911 ], [ 3.194798, 39.82258 ] ] } },
{ "type": "Feature", "properties": { "id": 2762 }, "geometry": { "type": "LineString", "coordinates": [ [ 2.6156, 39.4248 ], [ 2.689975, 39.531175 ] ] } },
{ "type": "Feature", "properties": { "id": 2763 }, "geometry": { "type": "LineString", "coordinates": [ [ 2.6156, 39.4248 ], [ 3.049176, 39.234782 ], [ 3.479849, 39.216629 ] ] } },
{ "type": "Feature", "properties": { "id": 2764 }, "geometry": { "type": "LineString", "coordinates": [ [ 2.6156, 39.4248 ], [ -0.309838, 39.430018 ] ] } },
{ "type": "Feature", "properties": { "id": 2765 }, "geometry": { "type": "LineString", "coordinates": [ [ -0.309838, 39.430018 ], [ 0.1, 39.7 ] ] } },
{ "type": "Feature", "properties": { "id": 2766 }, "geometry": { "type": "LineString", "coordinates": [ [ 0.1, 39.7 ], [ 0.059071, 39.9641 ] ] } },
{ "type": "Feature", "properties": { "id": 2767 }, "geometry": { "type": "LineString", "coordinates": [ [ 0.059071, 39.9641 ], [ 9.2235, 41.2957 ] ] } },
{ "type": "Feature", "properties": { "id": 2768 }, "geometry": { "type": "LineString", "coordinates": [ [ 1.1722, 41.0019 ], [ 3.194798, 40.031034 ] ] } },
{ "type": "Feature", "properties": { "id": 2769 }, "geometry": { "type": "LineString", "coordinates": [ [ 1.1722, 41.0019 ], [ 2.314002, 41.177367 ] ] } },
{ "type": "Feature", "properties": { "id": 2770 }, "geometry": { "type": "LineString", "coordinates": [ [ 0.571175, 40.571518 ], [ 0.593018, 40.527258 ], [ 1.035449, 40.32817 ], [ 0.471666, 40.444191 ] ] } },
{ "type": "Feature", "properties": { "id": 2771 }, "geometry": { "type": "LineString", "coordinates": [ [ 0.471666, 40.444191 ], [ 0.818732, 40.17027 ], [ 0.059071, 39.9641 ] ] } },
{ "type": "Feature", "properties": { "id": 2772 }, "geometry": { "type": "LineString", "coordinates": [ [ -0.227319, 39.620969 ], [ 0.854836, 39.42794 ], [ -0.309838, 39.430018 ] ] } },
{ "type": "Feature", "properties": { "id": 2773 }, "geometry": { "type": "LineString", "coordinates": [ [ -0.149654, 38.997517 ], [ 1.253171, 38.986199 ], [ 1.122111, 38.871027 ] ] } },
{ "type": "Feature", "properties": { "id": 2774 }, "geometry": { "type": "LineString", "coordinates": [ [ 1.4071, 38.794 ], [ 1.122111, 38.871027 ], [ -0.309838, 39.430018 ] ] } },
{ "type": "Feature", "properties": { "id": 2775 }, "geometry": { "type": "LineString", "coordinates": [ [ -0.309838, 39.430018 ], [ 3.0676, 39.0265 ] ] } },
{ "type": "Feature", "properties": { "id": 2776 }, "geometry": { "type": "LineString", "coordinates": [ [ -0.309838, 39.430018 ], [ 0.3373, 38.7897 ] ] } },
{ "type": "Feature", "properties": { "id": 2777 }, "geometry": { "type": "LineString", "coordinates": [ [ -0.747918, 37.822257 ], [ -0.6, 37.5 ], [ -0.488225, 37.624526 ] ] } },
{ "type": "Feature", "properties": { "id": 2778 }, "geometry": { "type": "LineString", "coordinates": [ [ -0.491527, 37.627043 ], [ -0.41056, 38.093991 ], [ -0.337749, 38.357105 ], [ -0.221252, 38.490205 ] ] } },
{ "type": "Feature", "properties": { "id": 2779 }, "geometry": { "type": "LineString", "coordinates": [ [ -0.337749, 38.357105 ], [ -0.488225, 38.330456 ] ] } },
{ "type": "Feature", "properties": { "id": 2780 }, "geometry": { "type": "LineString", "coordinates": [ [ -0.488225, 38.330456 ], [ -0.41056, 38.093991 ] ] } },
{ "type": "Feature", "properties": { "id": 2781 }, "geometry": { "type": "LineString", "coordinates": [ [ -0.56589, 38.181801 ], [ -0.41056, 38.093991 ] ] } },
{ "type": "Feature", "properties": { "id": 2782 }, "geometry": { "type": "LineString", "coordinates": [ [ -0.56589, 38.181801 ], [ -0.585307, 38.017548 ], [ -0.677534, 37.960163 ], [ -0.747918, 37.822257 ] ] } },
{ "type": "Feature", "properties": { "id": 2783 }, "geometry": { "type": "LineString", "coordinates": [ [ -0.221252, 38.490205 ], [ 1.368455, 38.459804 ] ] } },
{ "type": "Feature", "properties": { "id": 2784 }, "geometry": { "type": "LineString", "coordinates": [ [ -3.898208, 35.25255 ], [ -3.529299, 36.721416 ] ] } },
{ "type": "Feature", "properties": { "id": 2785 }, "geometry": { "type": "LineString", "coordinates": [ [ -3.529299, 36.721416 ], [ -2.8529, 35.4442 ] ] } },
{ "type": "Feature", "properties": { "id": 2786 }, "geometry": { "type": "LineString", "coordinates": [ [ -4.2, 36.6 ], [ -4.398177, 36.70196 ] ] } },
{ "type": "Feature", "properties": { "id": 2787 }, "geometry": { "type": "LineString", "coordinates": [ [ 12.911428, 45.540728 ], [ 12.868499, 45.58421 ] ] } },
{ "type": "Feature", "properties": { "passage": "bosporus", "id": 2788 }, "geometry": { "type": "LineString", "coordinates": [ [ 29.132431, 41.242447 ], [ 29.096026, 41.186306 ], [ 29.050519, 41.15205 ], [ 29.070542, 41.117776 ], [ 29.042328, 41.050547 ], [ 28.995, 41.027893 ], [ 28.977708, 40.971568 ] ] } },
{ "type": "Feature", "properties": { "id": 2789 }, "geometry": { "type": "LineString", "coordinates": [ [ 29.2382, 40.7382 ], [ 29.510821, 40.751129 ], [ 29.747457, 40.733201 ], [ 29.896719, 40.741476 ] ] } },
{ "type": "Feature", "properties": { "id": 2790 }, "geometry": { "type": "LineString", "coordinates": [ [ 29.093978, 40.417972 ], [ 28.902849, 40.459534 ], [ 28.746305, 40.513527 ], [ 28.977708, 40.971568 ] ] } },
{ "type": "Feature", "properties": { "id": 2791 }, "geometry": { "type": "LineString", "coordinates": [ [ 28.746305, 40.513527 ], [ 28.930153, 40.372223 ] ] } },
{ "type": "Feature", "properties": { "id": 2792 }, "geometry": { "type": "LineString", "coordinates": [ [ 27.949025, 40.368063 ], [ 28.111029, 40.517678 ], [ 28.675315, 40.957651 ] ] } },
{ "type": "Feature", "properties": { "id": 2793 }, "geometry": { "type": "LineString", "coordinates": [ [ 27.949025, 40.368063 ], [ 28.977708, 40.971568 ] ] } },
{ "type": "Feature", "properties": { "id": 2794 }, "geometry": { "type": "LineString", "coordinates": [ [ 10.137328, 33.934821 ], [ 11.0, 34.0 ] ] } },
{ "type": "Feature", "properties": { "id": 2795 }, "geometry": { "type": "LineString", "coordinates": [ [ 15.3048, 32.4046 ], [ 12.554654, 36.097206 ], [ 12.3604, 36.6037 ] ] } },
{ "type": "Feature", "properties": { "id": 2796 }, "geometry": { "type": "LineString", "coordinates": [ [ 24.223831, 35.514585 ], [ 23.6425, 37.8192 ] ] } },
{ "type": "Feature", "properties": { "id": 2797 }, "geometry": { "type": "LineString", "coordinates": [ [ 21.5038, 36.8502 ], [ 23.495721, 35.170108 ], [ 24.859714, 34.864004 ], [ 25.778894, 34.445836 ] ] } },
{ "type": "Feature", "properties": { "id": 2798 }, "geometry": { "type": "LineString", "coordinates": [ [ 30.640908, 36.829164 ], [ 31.0, 36.7 ] ] } },
{ "type": "Feature", "properties": { "id": 2799 }, "geometry": { "type": "LineString", "coordinates": [ [ 30.640908, 36.829164 ], [ 30.623919, 36.425977 ] ] } },
{ "type": "Feature", "properties": { "id": 2800 }, "geometry": { "type": "LineString", "coordinates": [ [ 33.055807, 34.642661 ], [ 35.1155, 33.9496 ], [ 35.541089, 33.940861 ] ] } },
{ "type": "Feature", "properties": { "id": 2801 }, "geometry": { "type": "LineString", "coordinates": [ [ 35.541089, 33.940861 ], [ 35.2, 34.2 ] ] } },
{ "type": "Feature", "properties": { "id": 2802 }, "geometry": { "type": "LineString", "coordinates": [ [ 34.662503, 36.755307 ], [ 35.116067, 33.949588 ] ] } },
{ "type": "Feature", "properties": { "id": 2803 }, "geometry": { "type": "LineString", "coordinates": [ [ 36.002226, 36.891304 ], [ 36.128432, 36.603483 ] ] } },
{ "type": "Feature", "properties": { "id": 2804 }, "geometry": { "type": "LineString", "coordinates": [ [ 36.002226, 36.891304 ], [ 35.6, 36.5 ] ] } },
{ "type": "Feature", "properties": { "id": 2805 }, "geometry": { "type": "LineString", "coordinates": [ [ 36.128432, 36.603483 ], [ 35.633317, 36.295026 ], [ 34.681919, 35.670499 ], [ 33.958663, 35.168124 ] ] } },
{ "type": "Feature", "properties": { "id": 2806 }, "geometry": { "type": "LineString", "coordinates": [ [ 34.2, 35.2 ], [ 34.007204, 35.29104 ] ] } },
{ "type": "Feature", "properties": { "id": 2807 }, "geometry": { "type": "LineString", "coordinates": [ [ 30.0, 36.0 ], [ 31.978204, 36.498199 ] ] } },
{ "type": "Feature", "properties": { "id": 2808 }, "geometry": { "type": "LineString", "coordinates": [ [ 34.662503, 36.755307 ], [ 34.681919, 35.670499 ] ] } },
{ "type": "Feature", "properties": { "id": 2809 }, "geometry": { "type": "LineString", "coordinates": [ [ 33.868863, 36.203034 ], [ 34.681919, 35.670499 ] ] } },
{ "type": "Feature", "properties": { "id": 2810 }, "geometry": { "type": "LineString", "coordinates": [ [ 35.6, 36.5 ], [ 33.0, 35.8 ] ] } },
{ "type": "Feature", "properties": { "id": 2811 }, "geometry": { "type": "LineString", "coordinates": [ [ 33.055807, 34.642661 ], [ 33.436851, 34.700546 ], [ 33.69169, 34.929694 ] ] } },
{ "type": "Feature", "properties": { "id": 2812 }, "geometry": { "type": "LineString", "coordinates": [ [ 34.8, 33.0 ], [ 35.026558, 32.846664 ] ] } },
{ "type": "Feature", "properties": { "id": 2813 }, "geometry": { "type": "LineString", "coordinates": [ [ 23.449263, 36.076319 ], [ 19.582606, 36.209274 ] ] } },
{ "type": "Feature", "properties": { "id": 2814 }, "geometry": { "type": "LineString", "coordinates": [ [ 25.949452, 37.4041 ], [ 26.218853, 36.96309 ], [ 27.0028, 36.5471 ] ] } },
{ "type": "Feature", "properties": { "id": 2815 }, "geometry": { "type": "LineString", "coordinates": [ [ 26.218853, 36.96309 ], [ 27.2, 36.2 ] ] } },
{ "type": "Feature", "properties": { "id": 2816 }, "geometry": { "type": "LineString", "coordinates": [ [ 25.9495, 37.4041 ], [ 25.769568, 37.90579 ], [ 25.752863, 38.642824 ], [ 25.711842, 39.00883 ], [ 25.774706, 39.685436 ] ] } },
{ "type": "Feature", "properties": { "id": 2817 }, "geometry": { "type": "LineString", "coordinates": [ [ 25.393662, 38.692094 ], [ 26.157367, 38.717312 ], [ 25.366964, 38.55951 ] ] } },
{ "type": "Feature", "properties": { "id": 2818 }, "geometry": { "type": "LineString", "coordinates": [ [ 25.366964, 38.55951 ], [ 24.6863, 38.0741 ] ] } },
{ "type": "Feature", "properties": { "id": 2819 }, "geometry": { "type": "LineString", "coordinates": [ [ 24.60973, 37.987761 ], [ 26.060594, 38.148092 ], [ 24.6863, 38.0741 ] ] } },
{ "type": "Feature", "properties": { "id": 2820 }, "geometry": { "type": "LineString", "coordinates": [ [ 26.541649, 37.688895 ], [ 25.913047, 38.134902 ] ] } },
{ "type": "Feature", "properties": { "id": 2821 }, "geometry": { "type": "LineString", "coordinates": [ [ 26.951817, 37.765535 ], [ 26.172739, 38.253308 ] ] } },
{ "type": "Feature", "properties": { "id": 2822 }, "geometry": { "type": "LineString", "coordinates": [ [ 27.002782, 36.54711 ], [ 26.478546, 36.667753 ], [ 25.794122, 36.739749 ], [ 25.090282, 36.883539 ], [ 24.917963, 36.941755 ], [ 24.522357, 37.237966 ], [ 24.114615, 37.442504 ], [ 23.9657, 37.5496 ] ] } },
{ "type": "Feature", "properties": { "id": 2823 }, "geometry": { "type": "LineString", "coordinates": [ [ 25.371818, 36.441599 ], [ 25.422786, 36.720297 ], [ 25.31357, 37.123878 ] ] } },
{ "type": "Feature", "properties": { "id": 2824 }, "geometry": { "type": "LineString", "coordinates": [ [ 24.522357, 37.237966 ], [ 25.11698, 37.089037 ] ] } },
{ "type": "Feature", "properties": { "id": 2825 }, "geometry": { "type": "LineString", "coordinates": [ [ 25.11698, 37.089037 ], [ 24.932525, 37.529168 ] ] } },
{ "type": "Feature", "properties": { "id": 2826 }, "geometry": { "type": "LineString", "coordinates": [ [ 25.11698, 37.089037 ], [ 25.172658, 37.483641 ] ] } },
{ "type": "Feature", "properties": { "id": 2827 }, "geometry": { "type": "LineString", "coordinates": [ [ 25.172642, 37.483521 ], [ 24.728654, 37.851823 ], [ 24.175291, 37.997468 ] ] } },
{ "type": "Feature", "properties": { "id": 2828 }, "geometry": { "type": "LineString", "coordinates": [ [ 24.015107, 38.026008 ], [ 24.1753, 37.9975 ], [ 24.176975, 37.995213 ] ] } },
{ "type": "Feature", "properties": { "id": 2829 }, "geometry": { "type": "LineString", "coordinates": [ [ 24.519445, 37.906921 ], [ 24.114615, 37.769372 ], [ 24.083063, 37.715634 ], [ 24.063647, 37.621498 ], [ 23.888901, 37.615875 ] ] } },
{ "type": "Feature", "properties": { "id": 2830 }, "geometry": { "type": "LineString", "coordinates": [ [ 24.063647, 37.621498 ], [ 24.1578, 37.5703 ] ] } },
{ "type": "Feature", "properties": { "id": 2831 }, "geometry": { "type": "LineString", "coordinates": [ [ 25.228623, 36.706678 ], [ 24.643708, 36.873832 ], [ 23.9657, 37.5496 ] ] } },
{ "type": "Feature", "properties": { "id": 2832 }, "geometry": { "type": "LineString", "coordinates": [ [ 22.734036, 35.816779 ], [ 24.32334, 35.676414 ], [ 25.2, 35.5 ] ] } },
{ "type": "Feature", "properties": { "id": 2833 }, "geometry": { "type": "LineString", "coordinates": [ [ 25.507159, 36.798407 ], [ 26.153323, 36.461121 ], [ 26.779498, 36.157976 ], [ 27.341627, 35.930624 ], [ 25.422786, 36.720297 ] ] } },
{ "type": "Feature", "properties": { "id": 2834 }, "geometry": { "type": "LineString", "coordinates": [ [ 23.985469, 36.467884 ], [ 25.561127, 36.53136 ], [ 26.791633, 36.484541 ], [ 27.401905, 36.520232 ], [ 27.405673, 36.638693 ] ] } },
{ "type": "Feature", "properties": { "id": 2835 }, "geometry": { "type": "LineString", "coordinates": [ [ 26.080512, 39.442202 ], [ 25.0417, 39.8738 ] ] } },
{ "type": "Feature", "properties": { "id": 2836 }, "geometry": { "type": "LineString", "coordinates": [ [ 26.2, 40.1 ], [ 25.636365, 40.074552 ], [ 24.553908, 40.526196 ] ] } },
{ "type": "Feature", "properties": { "id": 2837 }, "geometry": { "type": "LineString", "coordinates": [ [ 25.636365, 40.074552 ], [ 25.012617, 40.000364 ] ] } },
{ "type": "Feature", "properties": { "id": 2838 }, "geometry": { "type": "LineString", "coordinates": [ [ 25.321548, 39.757796 ], [ 24.748071, 39.769294 ], [ 23.384154, 39.912896 ], [ 23.384078, 39.912926 ] ] } },
{ "type": "Feature", "properties": { "id": 2839 }, "geometry": { "type": "LineString", "coordinates": [ [ 23.274861, 40.223892 ], [ 22.871974, 40.252748 ] ] } },
{ "type": "Feature", "properties": { "id": 2840 }, "geometry": { "type": "LineString", "coordinates": [ [ 26.3941, 35.3719 ], [ 30.65183, 34.059575 ], [ 33.0651, 33.3086 ] ] } },
{ "type": "Feature", "properties": { "id": 2841 }, "geometry": { "type": "LineString", "coordinates": [ [ 29.7436, 35.2448 ], [ 27.592554, 35.869391 ] ] } },
{ "type": "Feature", "properties": { "id": 2842 }, "geometry": { "type": "LineString", "coordinates": [ [ 33.887066, 36.300894 ], [ 33.350692, 35.348469 ] ] } },
{ "type": "Feature", "properties": { "id": 2843 }, "geometry": { "type": "LineString", "coordinates": [ [ 33.868863, 36.203034 ], [ 33.887066, 36.300894 ] ] } },
{ "type": "Feature", "properties": { "id": 2844 }, "geometry": { "type": "LineString", "coordinates": [ [ 34.662503, 36.755307 ], [ 33.350692, 35.348469 ] ] } },
{ "type": "Feature", "properties": { "id": 2845 }, "geometry": { "type": "LineString", "coordinates": [ [ 35.72433, 35.532362 ], [ 35.450076, 35.534337 ], [ 34.681919, 35.670499 ] ] } },
{ "type": "Feature", "properties": { "id": 2846 }, "geometry": { "type": "LineString", "coordinates": [ [ 35.833547, 34.913774 ], [ 35.3894, 34.877942 ] ] } },
{ "type": "Feature", "properties": { "id": 2847 }, "geometry": { "type": "LineString", "coordinates": [ [ 35.3894, 34.877942 ], [ 33.784047, 34.518026 ], [ 33.6604, 34.3143 ] ] } },
{ "type": "Feature", "properties": { "id": 2848 }, "geometry": { "type": "LineString", "coordinates": [ [ 33.055807, 34.642661 ], [ 33.040031, 34.50677 ] ] } },
{ "type": "Feature", "properties": { "id": 2849 }, "geometry": { "type": "LineString", "coordinates": [ [ 32.387159, 31.298117 ], [ 32.1, 31.7 ] ] } },
{ "type": "Feature", "properties": { "id": 2850 }, "geometry": { "type": "LineString", "coordinates": [ [ 32.387159, 31.298117 ], [ 32.390763, 31.727717 ] ] } },
{ "type": "Feature", "properties": { "id": 2851 }, "geometry": { "type": "LineString", "coordinates": [ [ 30.087873, 34.234593 ], [ 27.592554, 35.869391 ] ] } },
{ "type": "Feature", "properties": { "id": 2852 }, "geometry": { "type": "LineString", "coordinates": [ [ 29.7545, 31.2025 ], [ 26.3941, 35.3719 ] ] } },
{ "type": "Feature", "properties": { "id": 2853 }, "geometry": { "type": "LineString", "coordinates": [ [ 29.7545, 31.2025 ], [ 25.75, 32.2 ] ] } },
{ "type": "Feature", "properties": { "id": 2854 }, "geometry": { "type": "LineString", "coordinates": [ [ 24.10612, 32.070528 ], [ 23.0, 34.8 ] ] } },
{ "type": "Feature", "properties": { "id": 2855 }, "geometry": { "type": "LineString", "coordinates": [ [ 24.10612, 32.070528 ], [ 25.784379, 34.444232 ] ] } },
{ "type": "Feature", "properties": { "id": 2856 }, "geometry": { "type": "LineString", "coordinates": [ [ 20.028704, 30.903265 ], [ 19.2928, 31.2284 ] ] } },
{ "type": "Feature", "properties": { "id": 2857 }, "geometry": { "type": "LineString", "coordinates": [ [ 2.5, 41.3 ], [ 8.577779, 43.045738 ] ] } },
{ "type": "Feature", "properties": { "id": 2858 }, "geometry": { "type": "LineString", "coordinates": [ [ 4.57561, 39.707486 ], [ 4.978399, 42.017695 ], [ 5.013733, 42.3809 ] ] } },
{ "type": "Feature", "properties": { "id": 2859 }, "geometry": { "type": "LineString", "coordinates": [ [ -1.9, 43.9 ], [ -5.0, 48.0 ] ] } },
{ "type": "Feature", "properties": { "id": 2860 }, "geometry": { "type": "LineString", "coordinates": [ [ -1.7, 46.1 ], [ -8.5, 43.9 ] ] } },
{ "type": "Feature", "properties": { "id": 2861 }, "geometry": { "type": "LineString", "coordinates": [ [ -1.946873, 43.364983 ], [ -1.9, 43.9 ] ] } },
{ "type": "Feature", "properties": { "id": 2862 }, "geometry": { "type": "LineString", "coordinates": [ [ -1.5561, 43.5659 ], [ -3.803553, 43.54834 ] ] } },
{ "type": "Feature", "properties": { "id": 2863 }, "geometry": { "type": "LineString", "coordinates": [ [ -5.592277, 43.583379 ], [ -3.803553, 43.54834 ] ] } },
{ "type": "Feature", "properties": { "id": 2864 }, "geometry": { "type": "LineString", "coordinates": [ [ -7.436823, 43.762436 ], [ -5.5, 48.6667 ] ] } },
{ "type": "Feature", "properties": { "id": 2865 }, "geometry": { "type": "LineString", "coordinates": [ [ -5.952064, 49.835483 ], [ -9.5, 43.0 ] ] } },
{ "type": "Feature", "properties": { "id": 2866 }, "geometry": { "type": "LineString", "coordinates": [ [ -8.5, 43.9 ], [ -10.089011, 43.377021 ] ] } },
{ "type": "Feature", "properties": { "id": 2867 }, "geometry": { "type": "LineString", "coordinates": [ [ 1.08692, 49.949817 ], [ 0.09669, 50.739707 ] ] } },
{ "type": "Feature", "properties": { "id": 2868 }, "geometry": { "type": "LineString", "coordinates": [ [ -1.209054, 49.576699 ], [ -0.109, 49.4978 ] ] } },
{ "type": "Feature", "properties": { "id": 2869 }, "geometry": { "type": "LineString", "coordinates": [ [ -0.247949, 49.324247 ], [ -1.0, 50.8 ] ] } },
{ "type": "Feature", "properties": { "id": 2870 }, "geometry": { "type": "LineString", "coordinates": [ [ -1.0, 50.8 ], [ -1.059792, 50.65977 ], [ -1.9767, 49.8745 ] ] } },
{ "type": "Feature", "properties": { "id": 2871 }, "geometry": { "type": "LineString", "coordinates": [ [ -4.145765, 50.307669 ], [ -3.717394, 50.162517 ] ] } },
{ "type": "Feature", "properties": { "id": 2872 }, "geometry": { "type": "LineString", "coordinates": [ [ -6.979327, 52.121838 ], [ -5.8714, 50.4096 ] ] } },
{ "type": "Feature", "properties": { "id": 2873 }, "geometry": { "type": "LineString", "coordinates": [ [ -8.945224, 52.668321 ], [ -9.090846, 52.635929 ], [ -9.314133, 52.578447 ], [ -9.374809, 52.600564 ], [ -9.542274, 52.584346 ], [ -9.666053, 52.585821 ], [ -10.491245, 52.218593 ], [ -10.476276, 52.225282 ] ] } },
{ "type": "Feature", "properties": { "id": 2874 }, "geometry": { "type": "LineString", "coordinates": [ [ -9.726729, 52.553368 ], [ -9.95487, 52.541561 ], [ -10.2, 53.0 ] ] } },
{ "type": "Feature", "properties": { "id": 2875 }, "geometry": { "type": "LineString", "coordinates": [ [ -6.331309, 52.260207 ], [ -4.97217, 52.033832 ], [ -4.967316, 52.018898 ] ] } },
{ "type": "Feature", "properties": { "id": 2876 }, "geometry": { "type": "LineString", "coordinates": [ [ -5.129927, 51.690603 ], [ -5.8714, 50.4096 ] ] } },
{ "type": "Feature", "properties": { "id": 2877 }, "geometry": { "type": "LineString", "coordinates": [ [ -3.586334, 54.665187 ], [ -5.018284, 54.603378 ] ] } },
{ "type": "Feature", "properties": { "id": 2878 }, "geometry": { "type": "LineString", "coordinates": [ [ -0.762136, 50.338145 ], [ -2.270882, 50.112738 ], [ -3.278101, 49.858371 ], [ -4.491617, 49.389851 ], [ -5.782799, 48.894486 ], [ -6.01094, 48.644945 ], [ -6.125011, 48.489156 ], [ -6.60071, 47.882361 ], [ -8.21226, 45.844905 ], [ -10.062171, 43.411995 ], [ -10.0729, 43.4198 ] ] } },
{ "type": "Feature", "properties": { "id": 2879 }, "geometry": { "type": "LineString", "coordinates": [ [ -9.770416, 42.914272 ], [ -9.760707, 43.169699 ], [ -9.362674, 43.758053 ], [ -7.954994, 45.668797 ], [ -5.925994, 48.368372 ], [ -5.557085, 48.80505 ], [ -4.46492, 49.218939 ], [ -2.85337, 49.830199 ], [ -1.270944, 50.0925 ], [ 0.29692, 50.375048 ], [ 1.117257, 50.563512 ], [ 1.396366, 50.760438 ], [ 1.498302, 50.961124 ] ] } },
{ "type": "Feature", "properties": { "id": 2880 }, "geometry": { "type": "LineString", "coordinates": [ [ 3.9, 52.0 ], [ 2.1349, 52.7457 ] ] } },
{ "type": "Feature", "properties": { "id": 2881 }, "geometry": { "type": "LineString", "coordinates": [ [ -180.0, 62.1 ], [ -180.0, 60.0 ], [ -180.0, 50.0 ], [ -180.0, 40.0 ], [ -180.0, 30.0 ], [ -180.0, 20.0 ], [ -180.0, 10.0 ], [ -180.0, 0.0 ], [ -180.0, -10.0 ], [ -180.0, -20.0 ], [ -180.0, -30.0 ], [ -180.0, -40.0 ], [ -180.0, -50.0 ], [ -180.0, -60.0 ], [ -180.0, -70.0 ], [ -180.0, -80.0 ] ] } },
{ "type": "Feature", "properties": { "id": 2882 }, "geometry": { "type": "LineString", "coordinates": [ [ -180.0, -20.0 ], [ -175.5, -21.0 ] ] } },
{ "type": "Feature", "properties": { "id": 2883 }, "geometry": { "type": "LineString", "coordinates": [ [ -180.0, -20.0 ], [ -175.8052, -23.9558 ] ] } },
{ "type": "Feature", "properties": { "id": 2884 }, "geometry": { "type": "LineString", "coordinates": [ [ -175.8904, -14.5058 ], [ -180.0, -10.0 ] ] } },
{ "type": "Feature", "properties": { "id": 2885 }, "geometry": { "type": "LineString", "coordinates": [ [ -175.8904, -14.5058 ], [ -180.0, -20.0 ] ] } },
{ "type": "Feature", "properties": { "id": 2886 }, "geometry": { "type": "LineString", "coordinates": [ [ -170.0, -10.0 ], [ -180.0, -10.0 ], [ -180.0, -10.0 ] ] } },
{ "type": "Feature", "properties": { "id": 2887 }, "geometry": { "type": "LineString", "coordinates": [ [ -170.0, -40.0 ], [ -180.0, -40.0 ] ] } },
{ "type": "Feature", "properties": { "id": 2888 }, "geometry": { "type": "LineString", "coordinates": [ [ -170.0, -50.0 ], [ -180.0, -60.0 ] ] } },
{ "type": "Feature", "properties": { "id": 2889 }, "geometry": { "type": "LineString", "coordinates": [ [ -180.0, 30.0 ], [ -178.5, 28.5 ] ] } },
{ "type": "Feature", "properties": { "id": 2890 }, "geometry": { "type": "LineString", "coordinates": [ [ -179.0164, 28.0053 ], [ -180.0, 30.0 ] ] } },
{ "type": "Feature", "properties": { "id": 2891 }, "geometry": { "type": "LineString", "coordinates": [ [ -170.0, 30.0 ], [ -180.0, 30.0 ] ] } },
{ "type": "Feature", "properties": { "id": 2892 }, "geometry": { "type": "LineString", "coordinates": [ [ -180.0, 50.0 ], [ -176.7, 51.6 ] ] } },
{ "type": "Feature", "properties": { "id": 2893 }, "geometry": { "type": "LineString", "coordinates": [ [ -179.3121, 52.3833 ], [ -180.0, 50.0 ] ] } },
{ "type": "Feature", "properties": { "id": 2894 }, "geometry": { "type": "LineString", "coordinates": [ [ -179.7328, 47.925 ], [ -180.0, 50.0 ] ] } },
{ "type": "Feature", "properties": { "id": 2895 }, "geometry": { "type": "LineString", "coordinates": [ [ -178.0, 58.0 ], [ -179.9085, 54.6049 ] ] } },
{ "type": "Feature", "properties": { "id": 2896 }, "geometry": { "type": "LineString", "coordinates": [ [ 180.0, 62.1 ], [ 180.0, 60.0 ], [ 180.0, 50.0 ], [ 180.0, 40.0 ], [ 180.0, 30.0 ], [ 180.0, 20.0 ], [ 180.0, 10.0 ], [ 180.0, 0.0 ], [ 180.0, -10.0 ], [ 180.0, -20.0 ], [ 180.0, -30.0 ], [ 180.0, -40.0 ], [ 180.0, -50.0 ], [ 180.0, -60.0 ], [ 180.0, -70.0 ] ] } },
{ "type": "Feature", "properties": { "id": 2897 }, "geometry": { "type": "LineString", "coordinates": [ [ 178.7, -18.4 ], [ 180.0, -20.0 ] ] } },
{ "type": "Feature", "properties": { "id": 2898 }, "geometry": { "type": "LineString", "coordinates": [ [ 180.0, -20.0 ], [ 176.9, -18.3 ] ] } },
{ "type": "Feature", "properties": { "id": 2899 }, "geometry": { "type": "LineString", "coordinates": [ [ 167.586, -23.0372 ], [ 180.0, -20.0 ] ] } },
{ "type": "Feature", "properties": { "id": 2900 }, "geometry": { "type": "LineString", "coordinates": [ [ 179.5, -37.8 ], [ 180.0, -40.0 ] ] } },
{ "type": "Feature", "properties": { "id": 2901 }, "geometry": { "type": "LineString", "coordinates": [ [ 180.0, -40.0 ], [ 178.0, -40.0 ] ] } },
{ "type": "Feature", "properties": { "id": 2902 }, "geometry": { "type": "LineString", "coordinates": [ [ 169.5, -47.0 ], [ 180.0, -50.0 ] ] } },
{ "type": "Feature", "properties": { "id": 2903 }, "geometry": { "type": "LineString", "coordinates": [ [ 169.5, -47.0 ], [ 180.0, -40.0 ] ] } },
{ "type": "Feature", "properties": { "id": 2904 }, "geometry": { "type": "LineString", "coordinates": [ [ 170.0, -50.0 ], [ 180.0, -60.0 ] ] } },
{ "type": "Feature", "properties": { "id": 2905 }, "geometry": { "type": "LineString", "coordinates": [ [ 144.3, -39.0 ], [ 155.91477, -43.181215 ], [ 165.60014, -46.000133 ] ] } },
{ "type": "Feature", "properties": { "id": 2906 }, "geometry": { "type": "LineString", "coordinates": [ [ 136.0, -35.5 ], [ 118.0, -35.5 ] ] } },
{ "type": "Feature", "properties": { "id": 2907 }, "geometry": { "type": "LineString", "coordinates": [ [ 114.0, -29.0 ], [ 114.439615, -28.635507 ] ] } },
{ "type": "Feature", "properties": { "id": 2908 }, "geometry": { "type": "LineString", "coordinates": [ [ 116.72937, -20.622387 ], [ 116.664478, -20.18796 ] ] } },
{ "type": "Feature", "properties": { "id": 2909 }, "geometry": { "type": "LineString", "coordinates": [ [ 122.133933, -17.989235 ], [ 121.790933, -17.007868 ], [ 123.0, -16.0 ] ] } },
{ "type": "Feature", "properties": { "id": 2910 }, "geometry": { "type": "LineString", "coordinates": [ [ 128.141063, -14.985124 ], [ 128.4, -14.5 ] ] } },
{ "type": "Feature", "properties": { "id": 2911 }, "geometry": { "type": "LineString", "coordinates": [ [ 136.475029, -15.396654 ], [ 137.0, -15.0 ] ] } },
{ "type": "Feature", "properties": { "id": 2912 }, "geometry": { "type": "LineString", "coordinates": [ [ 140.720809, -17.317878 ], [ 140.6, -16.7 ] ] } },
{ "type": "Feature", "properties": { "id": 2913 }, "geometry": { "type": "LineString", "coordinates": [ [ 139.052162, -16.510785 ], [ 141.2, -13.0 ] ] } },
{ "type": "Feature", "properties": { "id": 2914 }, "geometry": { "type": "LineString", "coordinates": [ [ 122.3, -11.0 ], [ 123.218553, -9.415071 ], [ 125.7, -8.0 ] ] } },
{ "type": "Feature", "properties": { "id": 2915 }, "geometry": { "type": "LineString", "coordinates": [ [ 118.6, -19.6 ], [ 122.3, -11.0 ] ] } },
{ "type": "Feature", "properties": { "id": 2916 }, "geometry": { "type": "LineString", "coordinates": [ [ 116.664478, -20.18796 ], [ 122.3, -11.0 ] ] } },
{ "type": "Feature", "properties": { "id": 2917 }, "geometry": { "type": "LineString", "coordinates": [ [ 116.693918, -7.291679 ], [ 116.95, -5.4 ] ] } },
{ "type": "Feature", "properties": { "id": 2918 }, "geometry": { "type": "LineString", "coordinates": [ [ 112.650454, -6.937744 ], [ 111.9, -5.9 ] ] } },
{ "type": "Feature", "properties": { "id": 2919 }, "geometry": { "type": "LineString", "coordinates": [ [ 106.8, -5.2 ], [ 110.7, -3.6 ], [ 106.8, -5.2 ] ] } },
{ "type": "Feature", "properties": { "id": 2920 }, "geometry": { "type": "LineString", "coordinates": [ [ 118.453638, -3.189385 ], [ 116.951856, -1.429535 ] ] } },
{ "type": "Feature", "properties": { "id": 2921 }, "geometry": { "type": "LineString", "coordinates": [ [ 115.042182, 5.145274 ], [ 114.5842, 6.2596 ] ] } },
{ "type": "Feature", "properties": { "id": 2922 }, "geometry": { "type": "LineString", "coordinates": [ [ 136.400867, -4.927756 ], [ 123.496661, -5.075516 ], [ 123.78177, -5.072251 ] ] } },
{ "type": "Feature", "properties": { "id": 2923 }, "geometry": { "type": "LineString", "coordinates": [ [ -0.321603, 50.763429 ], [ -0.330873, 50.813243 ] ] } },
{ "type": "Feature", "properties": { "id": 2924 }, "geometry": { "type": "LineString", "coordinates": [ [ -0.23817, 50.778818 ], [ -0.250917, 50.824957 ], [ -0.330873, 50.813243 ] ] } },
{ "type": "Feature", "properties": { "id": 2925 }, "geometry": { "type": "LineString", "coordinates": [ [ -0.111863, 50.802992 ], [ -0.165167, 50.720898 ] ] } },
{ "type": "Feature", "properties": { "id": 2926 }, "geometry": { "type": "LineString", "coordinates": [ [ -0.964727, 50.731167 ], [ -1.101463, 50.752433 ], [ -1.28571, 50.782482 ], [ -1.384206, 50.757565 ], [ -1.544118, 50.704021 ], [ -1.62871, 50.657029 ], [ -1.921882, 50.657764 ], [ -1.949692, 50.682734 ] ] } },
{ "type": "Feature", "properties": { "id": 2927 }, "geometry": { "type": "LineString", "coordinates": [ [ -1.921882, 50.657764 ], [ -1.544118, 50.704021 ] ] } },
{ "type": "Feature", "properties": { "id": 2928 }, "geometry": { "type": "LineString", "coordinates": [ [ -1.28571, 50.782482 ], [ -1.297298, 50.822029 ], [ -1.396953, 50.884942 ] ] } },
{ "type": "Feature", "properties": { "id": 2929 }, "geometry": { "type": "LineString", "coordinates": [ [ -1.101463, 50.752433 ], [ -1.109575, 50.785412 ] ] } },
{ "type": "Feature", "properties": { "id": 2930 }, "geometry": { "type": "LineString", "coordinates": [ [ -1.62871, 50.657029 ], [ -1.303092, 50.571 ], [ -1.19069, 50.590867 ], [ -1.059792, 50.65977 ] ] } },
{ "type": "Feature", "properties": { "id": 2931 }, "geometry": { "type": "LineString", "coordinates": [ [ -2.145527, 49.183667 ], [ -1.6252, 48.8261 ] ] } },
{ "type": "Feature", "properties": { "id": 2932 }, "geometry": { "type": "LineString", "coordinates": [ [ -3.514049, 50.327504 ], [ -3.611387, 50.204544 ], [ -3.717394, 50.162517 ] ] } },
{ "type": "Feature", "properties": { "id": 2933 }, "geometry": { "type": "LineString", "coordinates": [ [ -4.145765, 50.307669 ], [ -4.37966, 50.308266 ], [ -4.641545, 50.320845 ] ] } },
{ "type": "Feature", "properties": { "id": 2934 }, "geometry": { "type": "LineString", "coordinates": [ [ -4.37966, 50.308266 ], [ -4.446869, 50.348213 ] ] } },
{ "type": "Feature", "properties": { "id": 2935 }, "geometry": { "type": "LineString", "coordinates": [ [ -4.145765, 50.307669 ], [ -5.201237, 49.936793 ] ] } },
{ "type": "Feature", "properties": { "id": 2936 }, "geometry": { "type": "LineString", "coordinates": [ [ -5.033214, 50.192676 ], [ -5.02742, 50.116203 ], [ -5.109693, 50.09911 ] ] } },
{ "type": "Feature", "properties": { "id": 2937 }, "geometry": { "type": "LineString", "coordinates": [ [ -5.02742, 50.116203 ], [ -5.02742, 49.996422 ] ] } },
{ "type": "Feature", "properties": { "id": 2938 }, "geometry": { "type": "LineString", "coordinates": [ [ -5.02742, 50.116203 ], [ -4.748153, 50.238649 ], [ -4.641545, 50.320845 ] ] } },
{ "type": "Feature", "properties": { "id": 2939 }, "geometry": { "type": "LineString", "coordinates": [ [ -5.526855, 50.113231 ], [ -5.19768, 49.938047 ] ] } },
{ "type": "Feature", "properties": { "id": 2940 }, "geometry": { "type": "LineString", "coordinates": [ [ -5.526855, 50.113231 ], [ -5.53149, 50.037375 ], [ -5.698355, 50.007595 ] ] } },
{ "type": "Feature", "properties": { "id": 2941 }, "geometry": { "type": "LineString", "coordinates": [ [ -6.282382, 49.940522 ], [ -5.698355, 50.007595 ] ] } },
{ "type": "Feature", "properties": { "id": 2942 }, "geometry": { "type": "LineString", "coordinates": [ [ -4.780599, 48.299559 ], [ -5.781787, 50.067136 ] ] } },
{ "type": "Feature", "properties": { "id": 2943 }, "geometry": { "type": "LineString", "coordinates": [ [ -3.436411, 47.685381 ], [ -4.328674, 47.769563 ], [ -4.785234, 48.038342 ], [ -4.780599, 48.299559 ] ] } },
{ "type": "Feature", "properties": { "id": 2944 }, "geometry": { "type": "LineString", "coordinates": [ [ -4.785234, 48.038342 ], [ -5.5, 48.6667 ] ] } },
{ "type": "Feature", "properties": { "id": 2945 }, "geometry": { "type": "LineString", "coordinates": [ [ -4.342579, 48.140514 ], [ -4.782917, 48.12814 ], [ -4.785234, 48.038342 ] ] } },
{ "type": "Feature", "properties": { "id": 2946 }, "geometry": { "type": "LineString", "coordinates": [ [ -4.351849, 48.31035 ], [ -4.509444, 48.325761 ], [ -4.54189, 48.34733 ], [ -4.780599, 48.299559 ] ] } },
{ "type": "Feature", "properties": { "id": 2947 }, "geometry": { "type": "LineString", "coordinates": [ [ -2.613675, 47.043358 ], [ -9.362674, 43.758053 ] ] } },
{ "type": "Feature", "properties": { "id": 2948 }, "geometry": { "type": "LineString", "coordinates": [ [ -5.116646, 48.338087 ], [ -4.463092, 48.853091 ], [ -2.85337, 49.830199 ] ] } },
{ "type": "Feature", "properties": { "id": 2949 }, "geometry": { "type": "LineString", "coordinates": [ [ -6.331309, 52.260207 ], [ -5.8714, 50.4096 ] ] } },
{ "type": "Feature", "properties": { "id": 2950 }, "geometry": { "type": "LineString", "coordinates": [ [ -6.599888, 55.815946 ], [ -6.567442, 56.420585 ], [ -6.2943, 56.7145 ] ] } },
{ "type": "Feature", "properties": { "id": 2951 }, "geometry": { "type": "LineString", "coordinates": [ [ -5.6681, 56.3175 ], [ -6.215172, 56.153029 ], [ -6.488645, 55.945941 ], [ -6.599888, 55.815946 ] ] } },
{ "type": "Feature", "properties": { "id": 2952 }, "geometry": { "type": "LineString", "coordinates": [ [ -5.848997, 55.294238 ], [ -6.029767, 55.776862 ], [ -6.096976, 55.831568 ], [ -6.113199, 55.886197 ], [ -6.041355, 55.993929 ], [ -5.6681, 56.3175 ] ] } },
{ "type": "Feature", "properties": { "id": 2953 }, "geometry": { "type": "LineString", "coordinates": [ [ -6.175773, 56.069034 ], [ -5.791058, 56.284469 ] ] } },
{ "type": "Feature", "properties": { "id": 2954 }, "geometry": { "type": "LineString", "coordinates": [ [ -6.175773, 56.069034 ], [ -6.113199, 55.886197 ] ] } },
{ "type": "Feature", "properties": { "id": 2955 }, "geometry": { "type": "LineString", "coordinates": [ [ -6.175773, 56.069034 ], [ -6.185333, 56.06871 ] ] } },
{ "type": "Feature", "properties": { "id": 2956 }, "geometry": { "type": "LineString", "coordinates": [ [ -6.046569, 56.369759 ], [ -6.197211, 56.349217 ], [ -6.310772, 56.439007 ], [ -6.347853, 56.541365 ], [ -6.317724, 56.628153 ], [ -6.141589, 56.666378 ] ] } },
{ "type": "Feature", "properties": { "id": 2957 }, "geometry": { "type": "LineString", "coordinates": [ [ -6.2943, 56.7145 ], [ -6.317724, 56.628153 ], [ -6.514717, 56.609026 ] ] } },
{ "type": "Feature", "properties": { "id": 2958 }, "geometry": { "type": "LineString", "coordinates": [ [ -6.514717, 56.609026 ], [ -6.751689, 56.502694 ], [ -6.79804, 56.513244 ] ] } },
{ "type": "Feature", "properties": { "id": 2959 }, "geometry": { "type": "LineString", "coordinates": [ [ -6.310772, 56.439007 ], [ -6.152018, 56.4579 ] ] } },
{ "type": "Feature", "properties": { "id": 2960 }, "geometry": { "type": "LineString", "coordinates": [ [ -6.339741, 56.512285 ], [ -6.220387, 56.504612 ], [ -6.193735, 56.496937 ], [ -6.152018, 56.4579 ] ] } },
{ "type": "Feature", "properties": { "id": 2961 }, "geometry": { "type": "LineString", "coordinates": [ [ 8.25, 53.9 ], [ 8.536713, 53.55888 ] ] } },
{ "type": "Feature", "properties": { "id": 2962 }, "geometry": { "type": "LineString", "coordinates": [ [ 8.25, 53.9 ], [ 8.745294, 53.909831 ], [ 9.041942, 53.874321 ], [ 9.227347, 53.877053 ], [ 9.336273, 53.840148 ], [ 9.39653, 53.775829 ], [ 9.496185, 53.710038 ], [ 9.535584, 53.633153 ], [ 9.632921, 53.583652 ], [ 9.751117, 53.55475 ], [ 9.927252, 53.545112 ] ] } },
{ "type": "Feature", "properties": { "id": 2963 }, "geometry": { "type": "LineString", "coordinates": [ [ 5.3182, 52.7274 ], [ 5.642073, 52.824362 ] ] } },
{ "type": "Feature", "properties": { "id": 2964 }, "geometry": { "type": "LineString", "coordinates": [ [ 5.642073, 52.824362 ], [ 5.324567, 52.82016 ] ] } },
{ "type": "Feature", "properties": { "id": 2965 }, "geometry": { "type": "LineString", "coordinates": [ [ 4.531959, 52.470023 ], [ 4.3083, 52.514 ] ] } },
{ "type": "Feature", "properties": { "id": 2966 }, "geometry": { "type": "LineString", "coordinates": [ [ 4.429986, 51.71539 ], [ 4.209818, 51.771355 ], [ 4.135656, 51.814358 ], [ 4.047588, 51.835844 ], [ 3.996602, 51.85732 ], [ 3.9, 52.0 ] ] } },
{ "type": "Feature", "properties": { "id": 2967 }, "geometry": { "type": "LineString", "coordinates": [ [ 1.566259, 50.740475 ], [ 1.08692, 49.949817 ] ] } },
{ "type": "Feature", "properties": { "id": 2968 }, "geometry": { "type": "LineString", "coordinates": [ [ 0.1107, 49.4228 ], [ 0.267638, 49.434681 ] ] } },
{ "type": "Feature", "properties": { "id": 2969 }, "geometry": { "type": "LineString", "coordinates": [ [ 0.059058, 49.375868 ], [ -0.343689, 49.514643 ] ] } },
{ "type": "Feature", "properties": { "id": 2970 }, "geometry": { "type": "LineString", "coordinates": [ [ -0.247949, 49.324247 ], [ -0.109, 49.4978 ] ] } },
{ "type": "Feature", "properties": { "id": 2971 }, "geometry": { "type": "LineString", "coordinates": [ [ 0.371929, 49.763637 ], [ 0.1, 49.9 ] ] } },
{ "type": "Feature", "properties": { "id": 2972 }, "geometry": { "type": "LineString", "coordinates": [ [ 1.08692, 49.949817 ], [ -0.338422, 50.260754 ] ] } },
{ "type": "Feature", "properties": { "id": 2973 }, "geometry": { "type": "LineString", "coordinates": [ [ 1.366165, 50.071041 ], [ 0.640538, 50.307515 ], [ 1.567793, 50.226975 ] ] } },
{ "type": "Feature", "properties": { "id": 2974 }, "geometry": { "type": "LineString", "coordinates": [ [ 1.567793, 50.226975 ], [ 1.27578, 50.281801 ] ] } },
{ "type": "Feature", "properties": { "id": 2975 }, "geometry": { "type": "LineString", "coordinates": [ [ -0.761361, 49.360776 ], [ -0.464712, 49.378885 ], [ -0.247949, 49.324247 ] ] } },
{ "type": "Feature", "properties": { "id": 2976 }, "geometry": { "type": "LineString", "coordinates": [ [ -0.761361, 49.360776 ], [ -0.925908, 49.558112 ] ] } },
{ "type": "Feature", "properties": { "id": 2977 }, "geometry": { "type": "LineString", "coordinates": [ [ -1.046421, 49.404529 ], [ -1.209054, 49.576699 ] ] } },
{ "type": "Feature", "properties": { "id": 2978 }, "geometry": { "type": "LineString", "coordinates": [ [ -1.046421, 49.404529 ], [ -0.343689, 49.514643 ] ] } },
{ "type": "Feature", "properties": { "id": 2979 }, "geometry": { "type": "LineString", "coordinates": [ [ -0.761361, 49.360776 ], [ -0.343689, 49.514643 ] ] } },
{ "type": "Feature", "properties": { "id": 2980 }, "geometry": { "type": "LineString", "coordinates": [ [ -0.761361, 49.360776 ], [ -0.754408, 49.750162 ] ] } },
{ "type": "Feature", "properties": { "id": 2981 }, "geometry": { "type": "LineString", "coordinates": [ [ -1.62165, 49.66475 ], [ -1.3, 49.95 ] ] } },
{ "type": "Feature", "properties": { "id": 2982 }, "geometry": { "type": "LineString", "coordinates": [ [ -0.964727, 50.731167 ], [ -1.62165, 49.66475 ] ] } },
{ "type": "Feature", "properties": { "id": 2983 }, "geometry": { "type": "LineString", "coordinates": [ [ -1.62165, 49.66475 ], [ -2.360481, 49.881757 ] ] } },
{ "type": "Feature", "properties": { "id": 2984 }, "geometry": { "type": "LineString", "coordinates": [ [ -2.360481, 49.881757 ], [ -2.531981, 49.88773 ] ] } },
{ "type": "Feature", "properties": { "id": 2985 }, "geometry": { "type": "LineString", "coordinates": [ [ -1.209054, 49.576699 ], [ -1.194745, 49.642227 ], [ -1.255002, 49.7232 ], [ -1.350022, 49.741176 ], [ -1.493711, 49.71421 ], [ -1.62165, 49.66475 ] ] } },
{ "type": "Feature", "properties": { "id": 2986 }, "geometry": { "type": "LineString", "coordinates": [ [ -1.209054, 49.576699 ], [ -0.754529, 49.743418 ] ] } },
{ "type": "Feature", "properties": { "id": 2987 }, "geometry": { "type": "LineString", "coordinates": [ [ -0.754408, 49.750162 ], [ -0.550414, 49.923236 ] ] } },
{ "type": "Feature", "properties": { "id": 2988 }, "geometry": { "type": "LineString", "coordinates": [ [ -0.109, 49.4978 ], [ 0.082233, 49.485898 ] ] } },
{ "type": "Feature", "properties": { "id": 2989 }, "geometry": { "type": "LineString", "coordinates": [ [ -2.1086, 48.703 ], [ -2.040657, 48.644695 ] ] } },
{ "type": "Feature", "properties": { "id": 2990 }, "geometry": { "type": "LineString", "coordinates": [ [ -2.040657, 48.644695 ], [ -2.963048, 48.838793 ] ] } },
{ "type": "Feature", "properties": { "id": 2991 }, "geometry": { "type": "LineString", "coordinates": [ [ -2.833264, 48.681433 ], [ -2.963048, 48.838793 ] ] } },
{ "type": "Feature", "properties": { "id": 2992 }, "geometry": { "type": "LineString", "coordinates": [ [ -2.833264, 48.681433 ], [ -2.293272, 48.696732 ] ] } },
{ "type": "Feature", "properties": { "id": 2993 }, "geometry": { "type": "LineString", "coordinates": [ [ -2.226062, 48.649289 ], [ -2.34976, 48.946318 ] ] } },
{ "type": "Feature", "properties": { "id": 2994 }, "geometry": { "type": "LineString", "coordinates": [ [ -4.615472, 48.624785 ], [ -4.635825, 48.717487 ], [ -4.6794, 48.7102 ] ] } },
{ "type": "Feature", "properties": { "id": 2995 }, "geometry": { "type": "LineString", "coordinates": [ [ -2.4821, 49.455 ], [ -2.538934, 49.403021 ], [ -3.946, 48.832707 ] ] } },
{ "type": "Feature", "properties": { "id": 2996 }, "geometry": { "type": "LineString", "coordinates": [ [ -2.3118, 49.1649 ], [ -3.499218, 49.440497 ] ] } },
{ "type": "Feature", "properties": { "id": 2997 }, "geometry": { "type": "LineString", "coordinates": [ [ -3.499218, 49.440497 ], [ -5.19768, 49.938047 ] ] } },
{ "type": "Feature", "properties": { "id": 2998 }, "geometry": { "type": "LineString", "coordinates": [ [ -1.870316, 49.554353 ], [ -2.4821, 49.455 ] ] } },
{ "type": "Feature", "properties": { "id": 2999 }, "geometry": { "type": "LineString", "coordinates": [ [ -1.6252, 48.8261 ], [ -1.794995, 49.366813 ] ] } },
{ "type": "Feature", "properties": { "id": 3000 }, "geometry": { "type": "LineString", "coordinates": [ [ -0.534239, 50.792921 ], [ -0.47235, 50.709643 ], [ -0.321603, 50.763429 ] ] } },
{ "type": "Feature", "properties": { "id": 3001 }, "geometry": { "type": "LineString", "coordinates": [ [ 0.2645, 52.9033 ], [ 0.745057, 53.296512 ] ] } },
{ "type": "Feature", "properties": { "id": 3002 }, "geometry": { "type": "LineString", "coordinates": [ [ 0.735468, 53.288701 ], [ 0.950531, 53.593177 ], [ 0.745057, 53.296512 ] ] } },
{ "type": "Feature", "properties": { "id": 3003 }, "geometry": { "type": "LineString", "coordinates": [ [ 4.31106, 52.513458 ], [ 3.324503, 52.244514 ] ] } },
{ "type": "Feature", "properties": { "id": 3004 }, "geometry": { "type": "LineString", "coordinates": [ [ 3.324503, 52.244514 ], [ 3.4, 51.5 ] ] } },
{ "type": "Feature", "properties": { "id": 3005 }, "geometry": { "type": "LineString", "coordinates": [ [ 4.8, 58.8 ], [ 5.329202, 59.100248 ] ] } },
{ "type": "Feature", "properties": { "id": 3006 }, "geometry": { "type": "LineString", "coordinates": [ [ -21.980992, 64.234172 ], [ -23.5, 64.1 ] ] } },
{ "type": "Feature", "properties": { "id": 3007 }, "geometry": { "type": "LineString", "coordinates": [ [ -24.0, 66.5 ], [ -23.056343, 66.184498 ] ] } },
{ "type": "Feature", "properties": { "id": 3008 }, "geometry": { "type": "LineString", "coordinates": [ [ -18.532454, 66.206948 ], [ -16.27051, 66.622364 ], [ -14.397917, 66.422935 ], [ -13.489431, 65.509357 ], [ -13.0, 65.0 ] ] } },
{ "type": "Feature", "properties": { "id": 3009 }, "geometry": { "type": "LineString", "coordinates": [ [ -13.0, 65.0 ], [ -6.833383, 62.368951 ] ] } },
{ "type": "Feature", "properties": { "id": 3010 }, "geometry": { "type": "LineString", "coordinates": [ [ -15.0, 64.0 ], [ -15.306403, 64.193845 ] ] } },
{ "type": "Feature", "properties": { "id": 3011 }, "geometry": { "type": "LineString", "coordinates": [ [ -23.390072, 65.020634 ], [ -24.9, 65.6 ] ] } },
{ "type": "Feature", "properties": { "id": 3012 }, "geometry": { "type": "LineString", "coordinates": [ [ -6.833383, 62.368951 ], [ -6.833383, 62.300083 ], [ -6.74068, 62.234295 ], [ -6.631755, 62.209453 ], [ -6.541369, 62.126137 ], [ -6.715187, 62.014328 ], [ -6.606261, 61.839827 ] ] } },
{ "type": "Feature", "properties": { "id": 3013 }, "geometry": { "type": "LineString", "coordinates": [ [ -6.715187, 62.014328 ], [ -6.844971, 62.118551 ] ] } },
{ "type": "Feature", "properties": { "id": 3014 }, "geometry": { "type": "LineString", "coordinates": [ [ -6.74068, 62.234295 ], [ -6.798619, 62.229977 ] ] } },
{ "type": "Feature", "properties": { "id": 3015 }, "geometry": { "type": "LineString", "coordinates": [ [ -6.606261, 61.839827 ], [ -6.738363, 61.538673 ] ] } },
{ "type": "Feature", "properties": { "id": 3016 }, "geometry": { "type": "LineString", "coordinates": [ [ -6.041575, 58.085738 ], [ -5.449796, 59.173959 ], [ -4.068527, 62.038244 ], [ 9.680204, 67.809958 ], [ -5.729708, 58.114745 ] ] } },
{ "type": "Feature", "properties": { "id": 3017 }, "geometry": { "type": "LineString", "coordinates": [ [ 39.5983, 65.4453 ], [ 36.377629, 66.122659 ] ] } },
{ "type": "Feature", "properties": { "id": 3018 }, "geometry": { "type": "LineString", "coordinates": [ [ 12.525243, 55.374154 ], [ 12.974851, 55.258099 ], [ 14.374661, 55.229033 ] ] } },
{ "type": "Feature", "properties": { "id": 3019 }, "geometry": { "type": "LineString", "coordinates": [ [ 13.790634, 55.41101 ], [ 13.9, 55.0 ] ] } },
{ "type": "Feature", "properties": { "id": 3020 }, "geometry": { "type": "LineString", "coordinates": [ [ 13.790634, 55.41101 ], [ 14.374661, 55.229033 ], [ 14.638863, 55.096643 ] ] } },
{ "type": "Feature", "properties": { "id": 3021 }, "geometry": { "type": "LineString", "coordinates": [ [ 14.638863, 55.096643 ], [ 13.767459, 54.268685 ], [ 13.628405, 54.206381 ], [ 13.405918, 54.209092 ] ] } },
{ "type": "Feature", "properties": { "id": 3022 }, "geometry": { "type": "LineString", "coordinates": [ [ 10.893677, 53.983485 ], [ 12.2, 54.5 ] ] } },
{ "type": "Feature", "properties": { "id": 3023 }, "geometry": { "type": "LineString", "coordinates": [ [ 11.853149, 55.993443 ], [ 11.792893, 55.837587 ] ] } },
{ "type": "Feature", "properties": { "id": 3024 }, "geometry": { "type": "LineString", "coordinates": [ [ 11.4, 57.7 ], [ 11.524055, 57.879429 ] ] } },
{ "type": "Feature", "properties": { "id": 3025 }, "geometry": { "type": "LineString", "coordinates": [ [ 9.952745, 57.599859 ], [ 9.762705, 58.978637 ] ] } },
{ "type": "Feature", "properties": { "id": 3026 }, "geometry": { "type": "LineString", "coordinates": [ [ 10.7, 59.1 ], [ 10.601664, 59.292512 ], [ 10.569218, 59.427162 ], [ 10.629475, 59.561277 ], [ 10.62484, 59.664441 ], [ 10.546042, 59.80694 ] ] } },
{ "type": "Feature", "properties": { "id": 3027 }, "geometry": { "type": "LineString", "coordinates": [ [ 10.404671, 59.522509 ], [ 10.569218, 59.427162 ] ] } },
{ "type": "Feature", "properties": { "id": 3028 }, "geometry": { "type": "LineString", "coordinates": [ [ 9.762705, 58.978637 ], [ 9.890171, 58.926045 ], [ 10.103387, 58.940396 ], [ 10.497685, 59.00858 ] ] } },
{ "type": "Feature", "properties": { "id": 3029 }, "geometry": { "type": "LineString", "coordinates": [ [ 9.762705, 58.978637 ], [ 10.7333, 57.8 ] ] } },
{ "type": "Feature", "properties": { "id": 3030 }, "geometry": { "type": "LineString", "coordinates": [ [ 9.762705, 58.978637 ], [ 11.4, 57.7 ] ] } },
{ "type": "Feature", "properties": { "id": 3031 }, "geometry": { "type": "LineString", "coordinates": [ [ 11.4, 57.7 ], [ 10.70164, 59.03711 ] ] } },
{ "type": "Feature", "properties": { "id": 3032 }, "geometry": { "type": "LineString", "coordinates": [ [ 8.05, 57.95 ], [ 8.052342, 58.099327 ] ] } },
{ "type": "Feature", "properties": { "id": 3033 }, "geometry": { "type": "LineString", "coordinates": [ [ 5.211006, 60.181289 ], [ 4.944486, 60.14093 ], [ 4.2, 60.2 ] ] } },
{ "type": "Feature", "properties": { "id": 3034 }, "geometry": { "type": "LineString", "coordinates": [ [ 6.077776, 60.188203 ], [ 6.096316, 60.124772 ], [ 5.913228, 60.012603 ], [ 5.669884, 59.864003 ], [ 5.489114, 59.728758 ], [ 5.308344, 59.637508 ], [ 5.213324, 59.561277 ], [ 5.206371, 59.543661 ], [ 5.192466, 59.491933 ], [ 5.150749, 59.416551 ], [ 5.051094, 59.355179 ], [ 4.953756, 59.338637 ], [ 4.571358, 59.304345 ], [ 5.519242, 59.760286 ] ] } },
{ "type": "Feature", "properties": { "id": 3035 }, "geometry": { "type": "LineString", "coordinates": [ [ 5.329202, 59.100248 ], [ 5.542418, 59.147822 ], [ 5.730141, 59.277124 ], [ 5.929451, 59.345727 ] ] } },
{ "type": "Feature", "properties": { "id": 3036 }, "geometry": { "type": "LineString", "coordinates": [ [ 5.329202, 59.100248 ], [ 5.34079, 59.246325 ] ] } },
{ "type": "Feature", "properties": { "id": 3037 }, "geometry": { "type": "LineString", "coordinates": [ [ 5.542418, 59.147822 ], [ 5.533148, 59.084773 ], [ 5.600357, 59.038304 ] ] } },
{ "type": "Feature", "properties": { "id": 3038 }, "geometry": { "type": "LineString", "coordinates": [ [ 5.519242, 59.760286 ], [ 5.720871, 59.669123 ], [ 5.570229, 59.78712 ] ] } },
{ "type": "Feature", "properties": { "id": 3039 }, "geometry": { "type": "LineString", "coordinates": [ [ 5.211006, 60.181289 ], [ 5.282851, 60.137468 ], [ 5.329202, 60.050807 ], [ 5.352378, 59.98711 ], [ 5.433492, 59.951154 ], [ 5.516925, 59.912836 ], [ 5.542418, 59.857021 ], [ 5.570229, 59.78712 ] ] } },
{ "type": "Feature", "properties": { "id": 3040 }, "geometry": { "type": "LineString", "coordinates": [ [ 5.211006, 60.181289 ], [ 5.141479, 60.264159 ] ] } },
{ "type": "Feature", "properties": { "id": 3041 }, "geometry": { "type": "LineString", "coordinates": [ [ 5.282851, 60.137468 ], [ 5.528513, 60.109761 ], [ 5.70233, 60.078563 ] ] } },
{ "type": "Feature", "properties": { "id": 3042 }, "geometry": { "type": "LineString", "coordinates": [ [ 2.214394, 61.159758 ], [ 4.657108, 60.854215 ], [ 5.141479, 60.264159 ] ] } },
{ "type": "Feature", "properties": { "id": 3043 }, "geometry": { "type": "LineString", "coordinates": [ [ 4.096257, 61.73794 ], [ 4.772986, 61.700606 ], [ 4.1, 62.0 ] ] } },
{ "type": "Feature", "properties": { "id": 3044 }, "geometry": { "type": "LineString", "coordinates": [ [ 6.182066, 62.352824 ], [ 6.029107, 62.445167 ], [ 5.380188, 62.588483 ], [ 6.3, 63.0 ] ] } },
{ "type": "Feature", "properties": { "id": 3045 }, "geometry": { "type": "LineString", "coordinates": [ [ 6.84489, 62.898406 ], [ 6.474079, 63.058451 ], [ 6.3, 63.0 ] ] } },
{ "type": "Feature", "properties": { "id": 3046 }, "geometry": { "type": "LineString", "coordinates": [ [ 7.799727, 63.156988 ], [ 7.707024, 63.240586 ], [ 7.354754, 63.41121 ], [ 6.3, 63.0 ] ] } },
{ "type": "Feature", "properties": { "id": 3047 }, "geometry": { "type": "LineString", "coordinates": [ [ 23.60089, 70.789663 ], [ 23.4, 71.15 ] ] } },
{ "type": "Feature", "properties": { "id": 3048 }, "geometry": { "type": "LineString", "coordinates": [ [ 24.7, 59.8 ], [ 24.907997, 60.112071 ] ] } },
{ "type": "Feature", "properties": { "id": 3049 }, "geometry": { "type": "LineString", "coordinates": [ [ -3.169891, 51.22219 ], [ -3.328851, 51.184051 ] ] } },
{ "type": "Feature", "properties": { "id": 3050 }, "geometry": { "type": "LineString", "coordinates": [ [ -3.169891, 51.22219 ], [ -3.055479, 51.181789 ] ] } },
{ "type": "Feature", "properties": { "id": 3051 }, "geometry": { "type": "LineString", "coordinates": [ [ -5.129927, 51.690603 ], [ -5.009025, 51.702862 ] ] } },
{ "type": "Feature", "properties": { "id": 3052 }, "geometry": { "type": "LineString", "coordinates": [ [ -6.331309, 52.260207 ], [ -6.389876, 52.309035 ] ] } },
{ "type": "Feature", "properties": { "id": 3053 }, "geometry": { "type": "LineString", "coordinates": [ [ -4.806092, 52.785658 ], [ -6.136358, 52.777331 ] ] } },
{ "type": "Feature", "properties": { "id": 3054 }, "geometry": { "type": "LineString", "coordinates": [ [ -6.027722, 52.977904 ], [ -5.088613, 52.78389 ], [ -6.136358, 52.777331 ] ] } },
{ "type": "Feature", "properties": { "id": 3055 }, "geometry": { "type": "LineString", "coordinates": [ [ -4.806092, 52.785658 ], [ -4.329113, 53.12664 ], [ -4.119099, 53.234173 ], [ -3.964322, 53.295363 ], [ -3.4, 53.6 ] ] } },
{ "type": "Feature", "properties": { "id": 3056 }, "geometry": { "type": "LineString", "coordinates": [ [ -3.964322, 53.295363 ], [ -4.229134, 53.441057 ], [ -4.665902, 53.490192 ], [ -4.7, 53.5 ] ] } },
{ "type": "Feature", "properties": { "id": 3057 }, "geometry": { "type": "LineString", "coordinates": [ [ -3.172525, 53.920942 ], [ -3.4, 53.6 ] ] } },
{ "type": "Feature", "properties": { "id": 3058 }, "geometry": { "type": "LineString", "coordinates": [ [ -3.832678, 53.940947 ], [ -3.586334, 54.665187 ], [ -3.400306, 54.935988 ] ] } },
{ "type": "Feature", "properties": { "id": 3059 }, "geometry": { "type": "LineString", "coordinates": [ [ -4.162754, 54.389945 ], [ -4.08813, 54.741899 ] ] } },
{ "type": "Feature", "properties": { "id": 3060 }, "geometry": { "type": "LineString", "coordinates": [ [ -4.109244, 54.642627 ], [ -4.294477, 54.803395 ], [ -4.08813, 54.741899 ] ] } },
{ "type": "Feature", "properties": { "id": 3061 }, "geometry": { "type": "LineString", "coordinates": [ [ -5.0, 55.9 ], [ -4.768562, 55.987575 ] ] } },
{ "type": "Feature", "properties": { "id": 3062 }, "geometry": { "type": "LineString", "coordinates": [ [ -2.3, 56.3 ], [ -3.176764, 56.015723 ], [ -3.627288, 56.033021 ] ] } },
{ "type": "Feature", "properties": { "id": 3063 }, "geometry": { "type": "LineString", "coordinates": [ [ -2.3, 56.3 ], [ -2.809638, 56.459614 ], [ -2.936025, 56.455813 ], [ -3.199978, 56.374961 ] ] } },
{ "type": "Feature", "properties": { "id": 3064 }, "geometry": { "type": "LineString", "coordinates": [ [ -4.0257, 57.6228 ], [ -4.157127, 57.527539 ], [ -4.211938, 57.506183 ] ] } },
{ "type": "Feature", "properties": { "id": 3065 }, "geometry": { "type": "LineString", "coordinates": [ [ -1.746, 57.664 ], [ -1.775794, 57.51157 ], [ -1.4, 57.3 ] ] } },
{ "type": "Feature", "properties": { "id": 3066 }, "geometry": { "type": "LineString", "coordinates": [ [ -3.265106, 59.335932 ], [ -2.884654, 59.189821 ], [ -2.779331, 59.113772 ], [ -2.6414, 58.9651 ] ] } },
{ "type": "Feature", "properties": { "id": 3067 }, "geometry": { "type": "LineString", "coordinates": [ [ -7.669691, 56.492203 ], [ -7.791845, 56.865552 ], [ -7.5769, 57.683575 ], [ -7.104021, 58.298787 ], [ -5.722753, 58.67623 ], [ -7.471105, 56.939162 ] ] } },
{ "type": "Feature", "properties": { "id": 3068 }, "geometry": { "type": "LineString", "coordinates": [ [ -7.2886, 56.2687 ], [ -7.5, 55.417 ] ] } },
{ "type": "Feature", "properties": { "id": 3069 }, "geometry": { "type": "LineString", "coordinates": [ [ -7.131964, 55.093306 ], [ -6.856834, 55.261462 ], [ -6.599888, 55.815946 ], [ -6.594827, 55.821869 ] ] } },
{ "type": "Feature", "properties": { "id": 3070 }, "geometry": { "type": "LineString", "coordinates": [ [ -6.856834, 55.261462 ], [ -6.676281, 55.223474 ] ] } },
{ "type": "Feature", "properties": { "id": 3071 }, "geometry": { "type": "LineString", "coordinates": [ [ -6.783753, 55.203854 ], [ -6.1, 55.5 ] ] } },
{ "type": "Feature", "properties": { "id": 3072 }, "geometry": { "type": "LineString", "coordinates": [ [ -5.686931, 54.713691 ], [ -5.08139, 55.40939 ] ] } },
{ "type": "Feature", "properties": { "id": 3073 }, "geometry": { "type": "LineString", "coordinates": [ [ -5.487915, 54.727708 ], [ -6.061539, 55.238184 ], [ -6.40545, 55.274933 ], [ -6.718269, 55.232312 ] ] } },
{ "type": "Feature", "properties": { "id": 3074 }, "geometry": { "type": "LineString", "coordinates": [ [ 2.377196, 51.070059 ], [ 2.328327, 51.32976 ], [ 2.1, 51.1 ] ] } },
{ "type": "Feature", "properties": { "id": 3075 }, "geometry": { "type": "LineString", "coordinates": [ [ 1.27578, 50.281801 ], [ 1.117257, 50.563512 ], [ 0.922738, 50.518891 ] ] } },
{ "type": "Feature", "properties": { "id": 3076 }, "geometry": { "type": "LineString", "coordinates": [ [ -0.247949, 49.324247 ], [ 0.059058, 49.375868 ] ] } },
{ "type": "Feature", "properties": { "id": 3077 }, "geometry": { "type": "LineString", "coordinates": [ [ -4.780599, 48.299559 ], [ -5.116646, 48.338087 ] ] } },
{ "type": "Feature", "properties": { "id": 3078 }, "geometry": { "type": "LineString", "coordinates": [ [ -2.613675, 47.043358 ], [ -2.276949, 47.214947 ] ] } },
{ "type": "Feature", "properties": { "id": 3079 }, "geometry": { "type": "LineString", "coordinates": [ [ -2.276949, 47.214947 ], [ -2.157424, 47.281905 ], [ -2.082909, 47.294541 ] ] } },
{ "type": "Feature", "properties": { "id": 3080 }, "geometry": { "type": "LineString", "coordinates": [ [ -1.13142, 45.979157 ], [ -1.440941, 46.086598 ], [ -1.7, 46.1 ] ] } },
{ "type": "Feature", "properties": { "id": 3081 }, "geometry": { "type": "LineString", "coordinates": [ [ -5.592277, 43.583379 ], [ -5.747607, 43.652037 ] ] } },
{ "type": "Feature", "properties": { "id": 3082 }, "geometry": { "type": "LineString", "coordinates": [ [ -5.665324, 43.566728 ], [ -5.592277, 43.583379 ] ] } },
{ "type": "Feature", "properties": { "id": 3083 }, "geometry": { "type": "LineString", "coordinates": [ [ -5.8, 44.1 ], [ -5.947618, 43.646623 ] ] } },
{ "type": "Feature", "properties": { "id": 3084 }, "geometry": { "type": "LineString", "coordinates": [ [ -5.947618, 43.646623 ], [ -7.03094, 43.605132 ], [ -7.436823, 43.762436 ], [ -8.5, 43.9 ] ] } },
{ "type": "Feature", "properties": { "id": 3085 }, "geometry": { "type": "LineString", "coordinates": [ [ -7.022246, 43.559574 ], [ -7.03094, 43.605132 ] ] } },
{ "type": "Feature", "properties": { "id": 3086 }, "geometry": { "type": "LineString", "coordinates": [ [ -8.366464, 43.438883 ], [ -9.145997, 43.688085 ], [ -8.5, 43.9 ] ] } },
{ "type": "Feature", "properties": { "id": 3087 }, "geometry": { "type": "LineString", "coordinates": [ [ -8.775427, 42.387668 ], [ -9.360942, 42.266566 ], [ -8.788267, 42.247742 ] ] } },
{ "type": "Feature", "properties": { "id": 3088 }, "geometry": { "type": "LineString", "coordinates": [ [ -8.788267, 42.247742 ], [ -9.312221, 42.071145 ], [ -9.3, 42.05 ] ] } },
{ "type": "Feature", "properties": { "id": 3089 }, "geometry": { "type": "LineString", "coordinates": [ [ -8.764828, 41.067715 ], [ -9.968519, 40.851288 ] ] } },
{ "type": "Feature", "properties": { "id": 3090 }, "geometry": { "type": "LineString", "coordinates": [ [ -9.968519, 40.851288 ], [ -9.9844, 40.7798 ], [ -11.187656, 40.388838 ] ] } },
{ "type": "Feature", "properties": { "id": 3091 }, "geometry": { "type": "LineString", "coordinates": [ [ -8.237497, 36.963612 ], [ -8.140997, 34.74863 ], [ -9.197848, 36.474577 ] ] } },
{ "type": "Feature", "properties": { "id": 3092 }, "geometry": { "type": "LineString", "coordinates": [ [ -53.2, 63.6 ], [ -49.021496, 60.448011 ], [ -44.2, 58.6 ], [ -30.0, 50.0 ], [ -9.25, 36.8 ] ] } },
{ "type": "Feature", "properties": { "id": 3093 }, "geometry": { "type": "LineString", "coordinates": [ [ -10.8, 51.3 ], [ -9.9844, 40.7798 ] ] } },
{ "type": "Feature", "properties": { "id": 3094 }, "geometry": { "type": "LineString", "coordinates": [ [ 142.20559, -10.581495 ], [ 160.0, -20.0 ] ] } },
{ "type": "Feature", "properties": { "id": 3095 }, "geometry": { "type": "LineString", "coordinates": [ [ 150.1, -37.7 ], [ 165.740356, -34.631007 ] ] } },
{ "type": "Feature", "properties": { "id": 3096 }, "geometry": { "type": "LineString", "coordinates": [ [ -24.0, 66.5 ], [ -32.728816, 60.891962 ] ] } },
{ "type": "Feature", "properties": { "id": 3097 }, "geometry": { "type": "LineString", "coordinates": [ [ 15.6982, 37.892786 ], [ 15.571908, 37.844599 ] ] } },
{ "type": "Feature", "properties": { "id": 3098 }, "geometry": { "type": "LineString", "coordinates": [ [ 15.727668, 38.366322 ], [ 13.742924, 39.488889 ] ] } },
{ "type": "Feature", "properties": { "id": 3099 }, "geometry": { "type": "LineString", "coordinates": [ [ 125.1, -3.7 ], [ 122.001683, -2.03567 ] ] } },
{ "type": "Feature", "properties": { "id": 3100 }, "geometry": { "type": "LineString", "coordinates": [ [ 124.342303, -0.31852 ], [ 123.736099, -2.944108 ], [ 123.78177, -5.072251 ], [ 124.339324, -0.331427 ] ] } },
{ "type": "Feature", "properties": { "id": 3101 }, "geometry": { "type": "LineString", "coordinates": [ [ 124.339324, -0.331427 ], [ 125.5, 1.2 ] ] } },
{ "type": "Feature", "properties": { "id": 3102 }, "geometry": { "type": "LineString", "coordinates": [ [ 125.352642, -0.486906 ], [ 127.912168, -1.109885 ], [ 129.090897, -1.917868 ], [ 131.4, -3.0 ] ] } },
{ "type": "Feature", "properties": { "id": 3103 }, "geometry": { "type": "LineString", "coordinates": [ [ 121.0, -5.5 ], [ 120.671403, -3.314012 ] ] } },
{ "type": "Feature", "properties": { "id": 3104 }, "geometry": { "type": "LineString", "coordinates": [ [ 118.453638, -3.189385 ], [ 119.661064, -8.171327 ], [ 119.644225, -9.086977 ] ] } },
{ "type": "Feature", "properties": { "id": 3105 }, "geometry": { "type": "LineString", "coordinates": [ [ 124.039201, -10.927583 ], [ 127.356482, -8.820837 ], [ 127.45, -8.3167 ] ] } },
{ "type": "Feature", "properties": { "id": 3106 }, "geometry": { "type": "LineString", "coordinates": [ [ 55.286166, -20.924411 ], [ 52.3, 11.6 ] ] } },
{ "type": "Feature", "properties": { "id": 3107 }, "geometry": { "type": "LineString", "coordinates": [ [ 66.975702, 24.817412 ], [ 66.6, 24.3 ] ] } },
{ "type": "Feature", "properties": { "id": 3108 }, "geometry": { "type": "LineString", "coordinates": [ [ 58.566943, 23.626782 ], [ 59.0, 24.0 ] ] } },
{ "type": "Feature", "properties": { "id": 3109 }, "geometry": { "type": "LineString", "coordinates": [ [ 59.0, 24.0 ], [ 67.0, 22.3 ] ] } },
{ "type": "Feature", "properties": { "id": 3110 }, "geometry": { "type": "LineString", "coordinates": [ [ 50.621796, 26.141191 ], [ 51.6, 26.3 ] ] } },
{ "type": "Feature", "properties": { "id": 3111 }, "geometry": { "type": "LineString", "coordinates": [ [ 48.154587, 29.059473 ], [ 48.3, 29.1 ] ] } },
{ "type": "Feature", "properties": { "id": 3112 }, "geometry": { "type": "LineString", "coordinates": [ [ 22.888825, 39.678356 ], [ 23.384154, 39.912896 ] ] } },
{ "type": "Feature", "properties": { "id": 3113 }, "geometry": { "type": "LineString", "coordinates": [ [ 23.381651, 39.190591 ], [ 23.863952, 39.142861 ] ] } },
{ "type": "Feature", "properties": { "id": 3114 }, "geometry": { "type": "LineString", "coordinates": [ [ 170.0, 30.0 ], [ 164.2645, 24.9325 ], [ 160.0, 20.0 ] ] } },
{ "type": "Feature", "properties": { "id": 3115 }, "geometry": { "type": "LineString", "coordinates": [ [ 179.5, 51.3 ], [ 179.538731990601747, 44.440883638012032 ], [ 180.0, 40.0 ] ] } },
{ "type": "Feature", "properties": { "id": 3116 }, "geometry": { "type": "LineString", "coordinates": [ [ 155.5219, 58.1331 ], [ 150.9, 58.7 ] ] } },
{ "type": "Feature", "properties": { "id": 3117 }, "geometry": { "type": "LineString", "coordinates": [ [ 139.9, 34.8 ], [ 152.872915827678582, 40.06132353679061 ], [ 163.016, 42.2908 ], [ 178.7264, 44.3526 ], [ 179.538731990601747, 44.440883638012032 ] ] } },
{ "type": "Feature", "properties": { "id": 3118 }, "geometry": { "type": "LineString", "coordinates": [ [ 150.0, 40.0 ], [ 152.872915827678582, 40.06132353679061 ], [ 155.0004, 40.1067 ], [ 160.0, 40.0 ] ] } },
{ "type": "Feature", "properties": { "id": 3119 }, "geometry": { "type": "LineString", "coordinates": [ [ 150.0, 10.0 ], [ 144.8665, 23.2783 ], [ 141.855468750000028, 30.363396239603741 ], [ 139.3, 35.0 ] ] } },
{ "type": "Feature", "properties": { "id": 3120 }, "geometry": { "type": "LineString", "coordinates": [ [ 144.615783691406278, 13.49113123957099 ], [ 140.0, 10.0 ] ] } },
{ "type": "Feature", "properties": { "id": 3121 }, "geometry": { "type": "LineString", "coordinates": [ [ 144.615783691406278, 13.49113123957099 ], [ 144.8, 13.5 ] ] } },
{ "type": "Feature", "properties": { "id": 3122 }, "geometry": { "type": "LineString", "coordinates": [ [ 140.0, 20.0 ], [ 144.4046, 14.1196 ], [ 144.8, 13.5 ] ] } },
{ "type": "Feature", "properties": { "id": 3123 }, "geometry": { "type": "LineString", "coordinates": [ [ 144.841003417968778, 13.68868776978497 ], [ 145.072340362110168, 13.732850300007749 ] ] } },
{ "type": "Feature", "properties": { "id": 3124 }, "geometry": { "type": "LineString", "coordinates": [ [ 150.0, 20.0 ], [ 147.3559, 16.7667 ], [ 145.072340362110168, 13.732850300007749 ] ] } },
{ "type": "Feature", "properties": { "id": 3125 }, "geometry": { "type": "LineString", "coordinates": [ [ 128.5, 26.5 ], [ 128.9456, 26.1566 ], [ 133.1473, 22.9962 ], [ 137.248, 19.8486 ], [ 141.2706, 16.7187 ], [ 144.830365907235574, 13.92412423741907 ] ] } },
{ "type": "Feature", "properties": { "id": 3126 }, "geometry": { "type": "LineString", "coordinates": [ [ 144.841003417968778, 13.68868776978497 ], [ 144.830365907235574, 13.92412423741907 ], [ 145.072340362110168, 13.732850300007749 ] ] } },
{ "type": "Feature", "properties": { "id": 3127 }, "geometry": { "type": "LineString", "coordinates": [ [ 164.2645, 24.9325 ], [ 159.2542, 22.0416 ], [ 154.4295, 19.3453 ], [ 149.7634, 16.5262 ], [ 145.072340362110168, 13.732850300007749 ] ] } },
{ "type": "Feature", "properties": { "id": 3128 }, "geometry": { "type": "LineString", "coordinates": [ [ 145.072340362110168, 13.732850300007749 ], [ 150.698, 15.2833 ], [ 156.2469, 16.8267 ], [ 161.8809, 18.2201 ], [ 167.091751098632841, 19.392124834164221 ], [ 167.5, 19.5 ] ] } },
{ "type": "Feature", "properties": { "id": 3129 }, "geometry": { "type": "LineString", "coordinates": [ [ 145.072340362110168, 13.732850300007749 ], [ 150.0, 10.0 ] ] } },
{ "type": "Feature", "properties": { "id": 3130 }, "geometry": { "type": "LineString", "coordinates": [ [ 144.841003417968778, 13.68868776978497 ], [ 144.8, 13.5 ] ] } },
{ "type": "Feature", "properties": { "id": 3131 }, "geometry": { "type": "LineString", "coordinates": [ [ 179.3, -8.9 ], [ 176.1667, -3.913 ], [ 173.1, 1.1 ] ] } },
{ "type": "Feature", "properties": { "id": 3132 }, "geometry": { "type": "LineString", "coordinates": [ [ 179.3, -8.9 ], [ 174.6572, -9.4803 ], [ 170.0, -10.0 ] ] } },
{ "type": "Feature", "properties": { "id": 3133 }, "geometry": { "type": "LineString", "coordinates": [ [ 113.0, -23.5 ], [ 114.082964114009187, -21.627662348299658 ] ] } },
{ "type": "Feature", "properties": { "id": 3134 }, "geometry": { "type": "LineString", "coordinates": [ [ 114.082964114009187, -21.627662348299658 ], [ 114.5, -20.9 ] ] } },
{ "type": "Feature", "properties": { "id": 3135 }, "geometry": { "type": "LineString", "coordinates": [ [ -175.5, -21.0 ], [ -170.0, -20.0 ] ] } },
{ "type": "Feature", "properties": { "id": 3136 }, "geometry": { "type": "LineString", "coordinates": [ [ -160.0, -20.0 ], [ -162.5937, -17.5438 ], [ -165.086059570312528, -15.289483919148809 ], [ -167.5827, -12.5384 ], [ -170.0, -10.0 ] ] } },
{ "type": "Feature", "properties": { "id": 3137 }, "geometry": { "type": "LineString", "coordinates": [ [ -170.0, -20.0 ], [ -169.6531, -19.6552 ], [ -165.086059570312528, -15.289483919148809 ], [ -160.0, -10.0 ] ] } },
{ "type": "Feature", "properties": { "id": 3138 }, "geometry": { "type": "LineString", "coordinates": [ [ -170.7, -14.4 ], [ -165.086059570312528, -15.289483919148809 ], [ -159.999326877911528, -15.80283220836135 ], [ -149.7, -17.4 ] ] } },
{ "type": "Feature", "properties": { "id": 3139 }, "geometry": { "type": "LineString", "coordinates": [ [ -160.0, -10.0 ], [ -159.999326877911528, -15.80283220836135 ], [ -160.0, -20.0 ] ] } },
{ "type": "Feature", "properties": { "id": 3140 }, "geometry": { "type": "LineString", "coordinates": [ [ -170.7, -14.4 ], [ -175.8904, -14.5058 ] ] } },
{ "type": "Feature", "properties": { "id": 3141 }, "geometry": { "type": "LineString", "coordinates": [ [ -171.665496826171903, -13.61929479255037 ], [ -180.0, -10.0 ] ] } },
{ "type": "Feature", "properties": { "id": 3142 }, "geometry": { "type": "LineString", "coordinates": [ [ -170.7, -14.4 ], [ -171.665496826171903, -13.61929479255037 ] ] } },
{ "type": "Feature", "properties": { "id": 3143 }, "geometry": { "type": "LineString", "coordinates": [ [ -171.665496826171903, -13.61929479255037 ], [ -171.721115112304688, -13.78073530346756 ] ] } },
{ "type": "Feature", "properties": { "id": 3144 }, "geometry": { "type": "LineString", "coordinates": [ [ -175.0384, -5.019 ], [ -180.0, -10.0 ] ] } },
{ "type": "Feature", "properties": { "id": 3145 }, "geometry": { "type": "LineString", "coordinates": [ [ -175.0384, -5.019 ], [ -170.0, -0.00002 ], [ -157.67, 21.1667 ] ] } },
{ "type": "Feature", "properties": { "id": 3146 }, "geometry": { "type": "LineString", "coordinates": [ [ -140.0, 50.0 ], [ -138.6909, 54.0101 ], [ -137.5127, 57.8778 ] ] } },
{ "type": "Feature", "properties": { "id": 3147 }, "geometry": { "type": "LineString", "coordinates": [ [ 13.155621, 55.345172 ], [ 14.286593, 53.937125 ], [ 14.4, 54.4 ] ] } },
{ "type": "Feature", "properties": { "id": 3148 }, "geometry": { "type": "LineString", "coordinates": [ [ -5.26938250743323, 35.97289047797986 ], [ -5.34313201904297, 36.11097515869249 ] ] } },
{ "type": "Feature", "properties": { "id": 3149 }, "geometry": { "type": "LineString", "coordinates": [ [ -3.529299, 36.721416 ], [ -5.26938250743323, 35.97289047797986 ] ] } },
{ "type": "Feature", "properties": { "passage": "gibraltar", "id": 3150 }, "geometry": { "type": "LineString", "coordinates": [ [ -5.75, 35.95 ], [ -5.26938250743323, 35.97289047797986 ], [ -4.7, 36.0 ] ] } },
{ "type": "Feature", "properties": { "id": 3151 }, "geometry": { "type": "LineString", "coordinates": [ [ -5.8714, 50.4096 ], [ -5.5, 48.6667 ] ] } },
{ "type": "Feature", "properties": { "id": 3152 }, "geometry": { "type": "LineString", "coordinates": [ [ 1.566259, 50.740475 ], [ 1.56768706750624, 50.892845149873757 ] ] } },
{ "type": "Feature", "properties": { "id": 3153 }, "geometry": { "type": "LineString", "coordinates": [ [ 2.1, 51.1 ], [ 1.56768706750624, 50.892845149873757 ], [ 1.3, 50.8 ] ] } },
{ "type": "Feature", "properties": { "id": 3154 }, "geometry": { "type": "LineString", "coordinates": [ [ 0.344247, 50.785762 ], [ 1.396366, 50.760438 ], [ 1.566259, 50.740475 ] ] } },
{ "type": "Feature", "properties": { "id": 3155 }, "geometry": { "type": "LineString", "coordinates": [ [ 5.053412, 52.636301 ], [ 5.23612068076863, 52.579455836032508 ], [ 5.6231, 52.6208 ] ] } },
{ "type": "Feature", "properties": { "id": 3156 }, "geometry": { "type": "LineString", "coordinates": [ [ 5.1259, 52.38 ], [ 5.23612068076863, 52.579455836032508 ], [ 5.3182, 52.7274 ], [ 5.3264, 53.0736 ], [ 4.9337, 53.0637 ], [ 4.6233, 52.8917 ], [ 4.3, 52.5 ] ] } },
{ "type": "Feature", "properties": { "id": 3157 }, "geometry": { "type": "LineString", "coordinates": [ [ -5.9, 51.25 ], [ -5.784013, 52.133125 ], [ -5.7075, 53.3218 ], [ -5.7, 53.4 ] ] } },
{ "type": "Feature", "properties": { "id": 3158 }, "geometry": { "type": "LineString", "coordinates": [ [ -5.784013, 52.133125 ], [ -6.331309, 52.260207 ] ] } },
{ "type": "Feature", "properties": { "id": 3159 }, "geometry": { "type": "LineString", "coordinates": [ [ -4.35855777848146, 52.763574505148533 ], [ -4.806092, 52.785658 ], [ -4.7, 53.5 ] ] } },
{ "type": "Feature", "properties": { "id": 3160 }, "geometry": { "type": "LineString", "coordinates": [ [ -4.97217, 52.033832 ], [ -4.35855777848146, 52.763574505148533 ], [ -4.29290771484375, 52.84093558633915 ] ] } },
{ "type": "Feature", "properties": { "id": 3161 }, "geometry": { "type": "LineString", "coordinates": [ [ -2.92167663574219, 51.498912006258088 ], [ -3.123721, 51.397362 ], [ -3.169891, 51.22219 ] ] } },
{ "type": "Feature", "properties": { "id": 3162 }, "geometry": { "type": "LineString", "coordinates": [ [ -2.99034118652344, 51.365778905402138 ], [ -3.123721, 51.397362 ], [ -3.172958, 51.457935 ], [ -2.92167663574219, 51.498912006258088 ] ] } },
{ "type": "Feature", "properties": { "id": 3163 }, "geometry": { "type": "LineString", "coordinates": [ [ -2.92167663574219, 51.498912006258088 ], [ -2.98690795898437, 51.53822109343163 ], [ -2.977998, 51.561935 ] ] } },
{ "type": "Feature", "properties": { "id": 3164 }, "geometry": { "type": "LineString", "coordinates": [ [ -2.73490905761719, 51.501049241560182 ], [ -2.78228759765625, 51.519852590742722 ], [ -2.303386, 51.838751 ] ] } },
{ "type": "Feature", "properties": { "id": 3165 }, "geometry": { "type": "LineString", "coordinates": [ [ -2.92167663574219, 51.498912006258088 ], [ -2.78228759765625, 51.519852590742722 ] ] } },
{ "type": "Feature", "properties": { "id": 3166 }, "geometry": { "type": "LineString", "coordinates": [ [ -4.29771423339844, 51.100072572406141 ], [ -4.57511901855469, 51.176329747648751 ], [ -4.12635771419138, 51.43233847984132 ], [ -5.05645751953125, 51.5463350479341 ], [ -5.129927, 51.690603 ] ] } },
{ "type": "Feature", "properties": { "id": 3167 }, "geometry": { "type": "LineString", "coordinates": [ [ -3.123721, 51.397362 ], [ -3.26019287109375, 51.322030160922452 ], [ -4.12635771419138, 51.43233847984132 ] ] } },
{ "type": "Feature", "properties": { "id": 3168 }, "geometry": { "type": "LineString", "coordinates": [ [ -3.26019287109375, 51.322030160922452 ], [ -3.169891, 51.22219 ] ] } },
{ "type": "Feature", "properties": { "id": 3169 }, "geometry": { "type": "LineString", "coordinates": [ [ -9.6, 51.3333 ], [ -5.784013, 52.133125 ] ] } },
{ "type": "Feature", "properties": { "passage": "suez", "id": 3170 }, "geometry": { "type": "LineString", "coordinates": [ [ 34.5, 27.0 ], [ 33.75, 27.9 ], [ 32.6, 29.7 ], [ 32.557983398437507, 30.213981716870659 ], [ 32.382202148437507, 30.318358689813859 ], [ 32.306671142578132, 30.945813555175761 ] ] } },
{ "type": "Feature", "properties": { "id": 3171 }, "geometry": { "type": "LineString", "coordinates": [ [ 31.580200195312511, 31.459125370764411 ], [ 31.702833679442382, 31.679164658044751 ], [ 32.1, 31.7 ] ] } },
{ "type": "Feature", "properties": { "id": 3172 }, "geometry": { "type": "LineString", "coordinates": [ [ 32.306671142578132, 30.945813555175761 ], [ 32.387159, 31.298117 ] ] } },
{ "type": "Feature", "properties": { "id": 3173 }, "geometry": { "type": "LineString", "coordinates": [ [ 33.741444, 31.439033 ], [ 32.390763, 31.727717 ] ] } },
{ "type": "Feature", "properties": { "id": 3174 }, "geometry": { "type": "LineString", "coordinates": [ [ 34.8, 33.0 ], [ 34.3217, 32.126 ], [ 34.221929311752341, 31.941392387862422 ] ] } },
{ "type": "Feature", "properties": { "id": 3175 }, "geometry": { "type": "LineString", "coordinates": [ [ 33.823963, 31.169451 ], [ 33.741444, 31.439033 ], [ 34.221929311752341, 31.941392387862422 ] ] } },
{ "type": "Feature", "properties": { "id": 3176 }, "geometry": { "type": "LineString", "coordinates": [ [ 34.221929311752341, 31.941392387862422 ], [ 34.8, 33.0 ] ] } },
{ "type": "Feature", "properties": { "id": 3177 }, "geometry": { "type": "LineString", "coordinates": [ [ 34.601827, 31.827521 ], [ 34.221929311752341, 31.941392387862422 ], [ 25.778894, 34.445836 ] ] } },
{ "type": "Feature", "properties": { "id": 3178 }, "geometry": { "type": "LineString", "coordinates": [ [ 34.681919, 35.670499 ], [ 35.552358665300602, 34.51165616735333 ] ] } },
{ "type": "Feature", "properties": { "id": 3179 }, "geometry": { "type": "LineString", "coordinates": [ [ 35.798355, 34.51077 ], [ 35.552358665300602, 34.51165616735333 ], [ 33.040031, 34.50677 ], [ 30.724207, 34.529047 ], [ 30.7293, 34.5314 ] ] } },
{ "type": "Feature", "properties": { "id": 3180 }, "geometry": { "type": "LineString", "coordinates": [ [ 72.807769775390639, 18.94136126230854 ], [ 72.4, 19.0 ] ] } },
{ "type": "Feature", "properties": { "id": 3181 }, "geometry": { "type": "LineString", "coordinates": [ [ 70.0, 20.0 ], [ 68.719482421875014, 22.54300096592187 ], [ 66.6, 24.3 ] ] } },
{ "type": "Feature", "properties": { "id": 3182 }, "geometry": { "type": "LineString", "coordinates": [ [ 72.4, 19.0 ], [ 71.992831348574441, 20.26410713583374 ] ] } },
{ "type": "Feature", "properties": { "id": 3183 }, "geometry": { "type": "LineString", "coordinates": [ [ 72.388916015625014, 21.289374355860431 ], [ 71.992831348574441, 20.26410713583374 ], [ 71.0, 20.0 ], [ 67.0, 22.3 ] ] } },
{ "type": "Feature", "properties": { "id": 3184 }, "geometry": { "type": "LineString", "coordinates": [ [ 137.6, -12.0 ], [ 136.812744140625028, -10.892648015044211 ], [ 131.8, -10.5 ] ] } },
{ "type": "Feature", "properties": { "id": 3185 }, "geometry": { "type": "LineString", "coordinates": [ [ 136.669921875000028, -12.023203053704639 ], [ 137.6, -12.0 ] ] } },
{ "type": "Feature", "properties": { "id": 3186 }, "geometry": { "type": "LineString", "coordinates": [ [ 142.133, -10.55 ], [ 141.493263244628935, -12.690918537221579 ], [ 141.2, -13.0 ] ] } },
{ "type": "Feature", "properties": { "id": 3187 }, "geometry": { "type": "LineString", "coordinates": [ [ 141.493263244628935, -12.690918537221579 ], [ 127.612658, -3.670574 ], [ 125.5, 1.2 ] ] } },
{ "type": "Feature", "properties": { "id": 3188 }, "geometry": { "type": "LineString", "coordinates": [ [ 141.493263244628935, -12.690918537221579 ], [ 141.804656982421903, -12.64971817995785 ] ] } },
{ "type": "Feature", "properties": { "id": 3189 }, "geometry": { "type": "LineString", "coordinates": [ [ 145.588511493389461, -16.495125248690389 ], [ 145.838012695312528, -16.742742625810831 ], [ 146.0, -16.7 ] ] } },
{ "type": "Feature", "properties": { "id": 3190 }, "geometry": { "type": "LineString", "coordinates": [ [ 173.1, 1.1 ], [ 172.902935406273343, 1.34326202708942 ], [ 166.4, 9.1 ] ] } },
{ "type": "Feature", "properties": { "id": 3191 }, "geometry": { "type": "LineString", "coordinates": [ [ 173.1, 1.1 ], [ 176.5241, 5.5603 ], [ 180.0, 10.0 ] ] } },
{ "type": "Feature", "properties": { "id": 3192 }, "geometry": { "type": "LineString", "coordinates": [ [ -81.4, 6.9 ], [ -82.8605, 7.2437 ], [ -87.1658, 8.7473 ], [ -91.5049, 10.2065 ], [ -95.8827, 11.6127 ], [ -100.3033, 12.9573 ], [ -104.7702, 14.2316 ], [ -109.2859, 15.427 ], [ -113.8518, 16.535 ], [ -118.468, 17.5471 ], [ -123.1338, 18.4541 ], [ -127.8463, 19.2498 ], [ -132.6016, 19.9275 ], [ -137.3945, 20.481 ], [ -142.2187, 20.9051 ], [ -147.0664, 21.1959 ], [ -151.9295, 21.3505 ], [ -156.7991, 21.3673 ], [ -157.5109, 21.3217 ] ] } },
{ "type": "Feature", "properties": { "passage": "panama", "id": 3193 }, "geometry": { "type": "LineString", "coordinates": [ [ -80.0, 9.75 ], [ -79.900611864868566, 9.208175894689081 ], [ -79.821304329670966, 9.17301226481128 ], [ -79.803245561197414, 9.11830665254638 ], [ -79.769668579101577, 9.11131395451814 ], [ -79.741378775797799, 9.11823567799226 ], [ -79.689331054687514, 9.106390245459989 ], [ -79.641746529378011, 9.03598173286399 ], [ -79.585922216065242, 8.99265615757292 ], [ -79.494117745198324, 8.7965755343327 ], [ -79.5, 8.6 ], [ -80.0, 7.0 ] ] } },
{ "type": "Feature", "properties": { "id": 3194 }, "geometry": { "type": "LineString", "coordinates": [ [ -80.0, 9.75 ], [ -82.0, 9.5 ], [ -81.981353759765639, 9.210560107629689 ] ] } },
{ "type": "Feature", "properties": { "id": 3195 }, "geometry": { "type": "LineString", "coordinates": [ [ -86.05, 21.7333 ], [ -82.8698, 16.0793 ], [ -80.0, 9.75 ] ] } },
{ "type": "Feature", "properties": { "id": 3196 }, "geometry": { "type": "LineString", "coordinates": [ [ -64.7325, 17.7528 ], [ -68.6191, 15.9997 ], [ -72.4379, 14.1784 ], [ -76.1956, 12.2977 ], [ -80.0, 9.75 ] ] } },
{ "type": "Feature", "properties": { "id": 3197 }, "geometry": { "type": "LineString", "coordinates": [ [ -62.25, 17.0 ], [ -62.7359, 17.0444 ], [ -64.9859, 17.2143 ], [ -66.6, 17.3 ] ] } },
{ "type": "Feature", "properties": { "id": 3198 }, "geometry": { "type": "LineString", "coordinates": [ [ -94.5678, 26.1633 ], [ -97.0, 26.0 ] ] } },
{ "type": "Feature", "properties": { "id": 3199 }, "geometry": { "type": "LineString", "coordinates": [ [ -88.9828, 29.4279 ], [ -88.8734, 29.2661 ], [ -88.8491, 29.2104 ], [ -89.0089, 28.9357 ] ] } },
{ "type": "Feature", "properties": { "id": 3200 }, "geometry": { "type": "LineString", "coordinates": [ [ -82.7, 24.3 ], [ -85.321, 27.025 ], [ -88.0, 30.0 ], [ -88.057342520914986, 30.031838315246969 ], [ -88.0972, 30.1015 ] ] } },
{ "type": "Feature", "properties": { "id": 3201 }, "geometry": { "type": "LineString", "coordinates": [ [ -88.0972, 30.1015 ], [ -87.970001120120301, 30.548088276871361 ] ] } },
{ "type": "Feature", "properties": { "id": 3202 }, "geometry": { "type": "LineString", "coordinates": [ [ -88.0972, 30.1015 ], [ -88.526183981448426, 30.288608911564271 ] ] } },
{ "type": "Feature", "properties": { "id": 3203 }, "geometry": { "type": "LineString", "coordinates": [ [ -86.0, 22.0 ], [ -85.8556, 25.8011 ], [ -86.281, 28.1578 ] ] } },
{ "type": "Feature", "properties": { "id": 3204 }, "geometry": { "type": "LineString", "coordinates": [ [ -81.1122, 24.6271 ], [ -81.1599, 24.6718 ], [ -81.1606, 24.7045 ], [ -81.132350395411891, 24.71519788604288 ], [ -81.1247, 24.7262 ], [ -81.265594465658083, 24.900731630009989 ], [ -81.5207, 25.0404 ] ] } },
{ "type": "Feature", "properties": { "id": 3205 }, "geometry": { "type": "LineString", "coordinates": [ [ -80.9, 24.6 ], [ -81.825, 24.2187 ] ] } },
{ "type": "Feature", "properties": { "id": 3206 }, "geometry": { "type": "LineString", "coordinates": [ [ -82.2, 23.25 ], [ -80.869262628257289, 23.4079441799046 ], [ -79.0, 23.0 ] ] } },
{ "type": "Feature", "properties": { "id": 3207 }, "geometry": { "type": "LineString", "coordinates": [ [ -118.1215, 33.6276 ], [ -123.5238, 32.731 ], [ -128.8312, 31.6349 ], [ -134.0049, 30.3258 ], [ -139.0338, 28.8198 ], [ -143.9128, 27.1336 ], [ -148.6417, 25.2847 ], [ -153.2248, 23.2901 ], [ -157.67, 21.1667 ] ] } },
{ "type": "Feature", "properties": { "id": 3208 }, "geometry": { "type": "LineString", "coordinates": [ [ -118.1215, 33.6276 ], [ -124.1651, 31.9381 ], [ -130.0, 30.0 ] ] } },
{ "type": "Feature", "properties": { "id": 3209 }, "geometry": { "type": "LineString", "coordinates": [ [ -118.4867, 33.7056 ], [ -118.511718213558225, 33.950616652104571 ], [ -118.852569563314347, 33.983209403606352 ], [ -119.2671, 34.0786 ] ] } },
{ "type": "Feature", "properties": { "id": 3210 }, "geometry": { "type": "LineString", "coordinates": [ [ -123.4028, 37.4364 ], [ -123.317, 37.2792 ], [ -123.1281, 36.9315 ], [ -123.0581, 36.8027 ], [ -122.9663, 36.6328 ], [ -122.0464, 35.4383 ], [ -122.0005, 35.3616 ], [ -121.8686, 35.139 ], [ -121.532, 34.5768 ], [ -120.8841, 34.4361 ] ] } },
{ "type": "Feature", "properties": { "id": 3211 }, "geometry": { "type": "LineString", "coordinates": [ [ -125.5016, 48.5683 ], [ -129.1692, 46.5683 ], [ -133.0432, 44.4956 ], [ -136.645, 42.3006 ], [ -140.0, 40.0 ] ] } },
{ "type": "Feature", "properties": { "id": 3212 }, "geometry": { "type": "LineString", "coordinates": [ [ -130.0, 50.0 ], [ -125.5016, 48.5683 ] ] } },
{ "type": "Feature", "properties": { "id": 3213 }, "geometry": { "type": "LineString", "coordinates": [ [ -131.2, 54.3 ], [ -130.7582, 53.595 ] ] } },
{ "type": "Feature", "properties": { "id": 3214 }, "geometry": { "type": "LineString", "coordinates": [ [ -130.3302, 54.3 ], [ -130.7582, 53.595 ], [ -129.388183727860479, 52.168367157245243 ], [ -128.2191, 51.4191 ], [ -127.3618, 50.8984 ], [ -125.5688, 50.5508 ], [ -124.5711, 49.8731 ] ] } },
{ "type": "Feature", "properties": { "id": 3215 }, "geometry": { "type": "LineString", "coordinates": [ [ -129.388183727860479, 52.168367157245243 ], [ -130.0, 50.0 ] ] } },
{ "type": "Feature", "properties": { "id": 3216 }, "geometry": { "type": "LineString", "coordinates": [ [ -133.9805, 54.6499 ], [ -133.3198, 54.7909 ] ] } },
{ "type": "Feature", "properties": { "id": 3217 }, "geometry": { "type": "LineString", "coordinates": [ [ -133.9805, 54.6499 ], [ -133.487182818353205, 53.719020991232341 ], [ -132.5175, 52.8064 ], [ -125.5016, 48.5683 ] ] } },
{ "type": "Feature", "properties": { "id": 3218 }, "geometry": { "type": "LineString", "coordinates": [ [ -135.073608532547979, 53.348889396519468 ], [ -133.9805, 54.6499 ] ] } },
{ "type": "Feature", "properties": { "id": 3219 }, "geometry": { "type": "LineString", "coordinates": [ [ -135.073608532547979, 53.348889396519468 ], [ -130.0, 50.0 ] ] } },
{ "type": "Feature", "properties": { "id": 3220 }, "geometry": { "type": "LineString", "coordinates": [ [ -149.0, 59.7 ], [ -147.739762642894448, 59.713884484583353 ], [ -146.7694, 60.1439 ] ] } },
{ "type": "Feature", "properties": { "id": 3221 }, "geometry": { "type": "LineString", "coordinates": [ [ -150.0, 50.0 ], [ -149.5638, 54.853 ], [ -148.912598829323372, 59.353464070267542 ], [ -149.0, 59.7 ] ] } },
{ "type": "Feature", "properties": { "id": 3222 }, "geometry": { "type": "LineString", "coordinates": [ [ -150.7582, 58.6791 ], [ -149.7918, 58.8478 ], [ -148.912598829323372, 59.353464070267542 ] ] } },
{ "type": "Feature", "properties": { "id": 3223 }, "geometry": { "type": "LineString", "coordinates": [ [ -148.912598829323372, 59.353464070267542 ], [ -147.739762642894448, 59.713884484583353 ] ] } },
{ "type": "Feature", "properties": { "id": 3224 }, "geometry": { "type": "LineString", "coordinates": [ [ -161.5025, 57.7522 ], [ -158.9906, 58.3681 ], [ -158.4113, 58.4566 ] ] } },
{ "type": "Feature", "properties": { "id": 3225 }, "geometry": { "type": "LineString", "coordinates": [ [ -165.2246, 59.8046 ], [ -163.9015, 59.3229 ], [ -163.3631, 58.9736 ], [ -162.638, 58.4659 ], [ -162.0228, 58.3335 ], [ -161.3966, 58.3623 ], [ -160.8912, 58.6264 ], [ -160.3167, 59.0555 ], [ -161.5025, 57.7522 ] ] } },
{ "type": "Feature", "properties": { "id": 3226 }, "geometry": { "type": "LineString", "coordinates": [ [ -166.725, 54.1699 ], [ -168.5744, 59.0421 ] ] } },
{ "type": "Feature", "properties": { "id": 3227 }, "geometry": { "type": "LineString", "coordinates": [ [ -178.0, 58.0 ], [ -168.5744, 59.0421 ] ] } },
{ "type": "Feature", "properties": { "id": 3228 }, "geometry": { "type": "LineString", "coordinates": [ [ -177.41605095651181, 64.720739439652775 ], [ -172.3, 64.2 ] ] } },
{ "type": "Feature", "properties": { "id": 3229 }, "geometry": { "type": "LineString", "coordinates": [ [ -180.0, 62.1 ], [ -177.41605095651181, 64.720739439652775 ] ] } },
{ "type": "Feature", "properties": { "id": 3230 }, "geometry": { "type": "LineString", "coordinates": [ [ -98.4559, 68.6212 ], [ -100.6532, 68.3958 ], [ -106.2782, 69.0024 ], [ -109.8817, 68.4604 ], [ -113.1776, 68.3796 ], [ -113.5292, 68.7011 ], [ -122.494, 70.0024 ], [ -128.3827, 70.6678 ], [ -133.3485, 69.6233 ], [ -135.6336, 70.3156 ], [ -144.0714, 71.185 ], [ -147.1826, 71.0161 ], [ -147.813, 71.4122 ], [ -149.8616, 71.5832 ], [ -156.7051, 72.1996 ], [ -160.4146, 71.4273 ], [ -162.906644655804627, 71.467002438060319 ], [ -164.7128, 70.7371 ], [ -165.1538, 70.4039 ], [ -167.0866, 69.1624 ], [ -167.6608, 68.3266 ], [ -167.7467, 67.16 ] ] } },
{ "type": "Feature", "properties": { "id": 3231 }, "geometry": { "type": "LineString", "coordinates": [ [ -53.2, 63.6 ], [ -64.8741, 69.0295 ], [ -71.019364673075415, 72.176813381745447 ] ] } },
{ "type": "Feature", "properties": { "id": 3232 }, "geometry": { "type": "LineString", "coordinates": [ [ -74.6595, 72.6175 ], [ -71.019364673075415, 72.176813381745447 ] ] } },
{ "type": "Feature", "properties": { "id": 3233 }, "geometry": { "type": "LineString", "coordinates": [ [ -54.2, 69.0 ], [ -57.547407493478651, 71.066868498538113 ], [ -60.8433, 72.9097 ], [ -71.0, 76.5 ], [ -71.562587, 76.668154 ] ] } },
{ "type": "Feature", "properties": { "id": 3234 }, "geometry": { "type": "LineString", "coordinates": [ [ -80.5482, 72.2327 ], [ -79.9549, 72.6372 ], [ -77.6478, 72.8133 ], [ -74.6595, 72.6175 ], [ -57.547407493478651, 71.066868498538113 ], [ -54.0711, 70.8849 ] ] } },
{ "type": "Feature", "properties": { "id": 3235 }, "geometry": { "type": "LineString", "coordinates": [ [ -57.547407493478651, 71.066868498538113 ], [ -55.894044041633613, 70.797894419949671 ], [ -54.7303, 70.6896 ], [ -54.0711, 70.8849 ], [ -52.4012, 70.7549 ], [ -51.6761, 70.5876 ] ] } },
{ "type": "Feature", "properties": { "id": 3236 }, "geometry": { "type": "LineString", "coordinates": [ [ -24.0, 66.5 ], [ -21.117920055985451, 66.846445068324087 ], [ -18.0, 67.0 ] ] } },
{ "type": "Feature", "properties": { "id": 3237 }, "geometry": { "type": "LineString", "coordinates": [ [ -21.117920055985451, 66.846445068324087 ], [ -18.532454, 66.206948 ], [ -18.347049, 66.004182 ] ] } },
{ "type": "Feature", "properties": { "id": 3238 }, "geometry": { "type": "LineString", "coordinates": [ [ -21.117920055985451, 66.846445068324087 ], [ -21.071778014302261, 65.643438278099751 ] ] } },
{ "type": "Feature", "properties": { "id": 3239 }, "geometry": { "type": "LineString", "coordinates": [ [ -24.9, 65.6 ], [ -24.317138269543651, 64.712177263181232 ], [ -23.5, 64.1 ] ] } },
{ "type": "Feature", "properties": { "id": 3240 }, "geometry": { "type": "LineString", "coordinates": [ [ -24.317138269543651, 64.712177263181232 ], [ -22.743896618485451, 64.646552211266751 ], [ -21.980992, 64.234172 ] ] } },
{ "type": "Feature", "properties": { "id": 3241 }, "geometry": { "type": "LineString", "coordinates": [ [ -23.5, 64.1 ], [ -22.743896618485451, 64.646552211266751 ] ] } },
{ "type": "Feature", "properties": { "id": 3242 }, "geometry": { "type": "LineString", "coordinates": [ [ -15.0, 64.0 ], [ -16.015291060087051, 62.687825172851639 ], [ -20.0, 60.0 ] ] } },
{ "type": "Feature", "properties": { "id": 3243 }, "geometry": { "type": "LineString", "coordinates": [ [ -10.0, 60.0 ], [ -11.887273816767779, 62.360912272341821 ], [ -15.0, 64.0 ] ] } },
{ "type": "Feature", "properties": { "id": 3244 }, "geometry": { "type": "LineString", "coordinates": [ [ -11.887273816767779, 62.360912272341821 ], [ -16.015291060087051, 62.687825172851639 ], [ -20.0, 63.0 ] ] } },
{ "type": "Feature", "properties": { "id": 3245 }, "geometry": { "type": "LineString", "coordinates": [ [ -10.0, 60.0 ], [ -8.45288045704365, 61.65015345323927 ], [ -5.6145, 63.5866 ], [ 0.0, 67.0 ] ] } },
{ "type": "Feature", "properties": { "id": 3246 }, "geometry": { "type": "LineString", "coordinates": [ [ -11.887273816767779, 62.360912272341821 ], [ -8.45288045704365, 61.65015345323927 ], [ -5.41974506617349, 60.798805581536577 ], [ -0.622307, 60.844054 ], [ 4.8, 58.8 ] ] } },
{ "type": "Feature", "properties": { "id": 3247 }, "geometry": { "type": "LineString", "coordinates": [ [ -2.9088, 58.6048 ], [ -1.746, 57.664 ], [ -2.0, 58.4 ], [ -1.0703, 60.0493 ] ] } },
{ "type": "Feature", "properties": { "id": 3248 }, "geometry": { "type": "LineString", "coordinates": [ [ -0.7533, 54.8225 ], [ 4.8, 58.8 ] ] } },
{ "type": "Feature", "properties": { "id": 3249 }, "geometry": { "type": "LineString", "coordinates": [ [ -1.25, 45.6 ], [ -1.05194091796875, 45.583845559814847 ], [ -0.76904296875, 45.391198504930323 ], [ -0.65, 45.1 ] ] } },
{ "type": "Feature", "properties": { "id": 3250 }, "geometry": { "type": "LineString", "coordinates": [ [ -1.25, 45.6 ], [ -1.40130618587136, 44.603322987320617 ], [ -1.9, 43.9 ] ] } },
{ "type": "Feature", "properties": { "id": 3251 }, "geometry": { "type": "LineString", "coordinates": [ [ -1.40130618587136, 44.603322987320617 ], [ -1.2744140625, 44.58858588526931 ], [ -1.2249755859375, 44.614021044154008 ], [ -1.2249755859375, 44.670720886924919 ], [ -1.12335205078125, 44.6961200695538 ], [ -1.0601806640625, 44.672675065553761 ] ] } },
{ "type": "Feature", "properties": { "id": 3252 }, "geometry": { "type": "LineString", "coordinates": [ [ -1.56824704851587, 46.310724544179301 ], [ -1.7, 46.1 ] ] } },
{ "type": "Feature", "properties": { "id": 3253 }, "geometry": { "type": "LineString", "coordinates": [ [ -1.26123050227761, 46.239161196656838 ], [ -1.56824704851587, 46.310724544179301 ], [ -1.92304, 46.522834 ], [ -2.539513, 46.935858 ], [ -3.436411, 47.685381 ] ] } },
{ "type": "Feature", "properties": { "id": 3254 }, "geometry": { "type": "LineString", "coordinates": [ [ -78.8, 26.3 ], [ -79.3328, 26.7372 ] ] } },
{ "type": "Feature", "properties": { "id": 3255 }, "geometry": { "type": "LineString", "coordinates": [ [ -69.5, 40.3 ], [ -72.4054, 36.9131 ], [ -75.0623, 33.4596 ], [ -77.5149, 29.9519 ], [ -79.3328, 26.7372 ] ] } },
{ "type": "Feature", "properties": { "id": 3256 }, "geometry": { "type": "LineString", "coordinates": [ [ -75.1, 35.6 ], [ -77.5634, 31.0229 ], [ -79.3328, 26.7372 ] ] } },
{ "type": "Feature", "properties": { "id": 3257 }, "geometry": { "type": "LineString", "coordinates": [ [ -78.8, 26.3 ], [ -79.5356, 26.0942 ] ] } },
{ "type": "Feature", "properties": { "id": 3258 }, "geometry": { "type": "LineString", "coordinates": [ [ -79.9386, 25.9805 ], [ -79.3328, 26.7372 ] ] } },
{ "type": "Feature", "properties": { "id": 3259 }, "geometry": { "type": "LineString", "coordinates": [ [ -79.9386, 25.9805 ], [ -79.815, 25.7903 ] ] } },
{ "type": "Feature", "properties": { "id": 3260 }, "geometry": { "type": "LineString", "coordinates": [ [ -78.8, 26.3 ], [ -78.164428677409902, 26.28054803584806 ], [ -77.698059082031264, 26.513377198855789 ], [ -77.641417504060399, 26.677552623753702 ], [ -77.968872170895352, 26.860370055880871 ], [ -77.98205573111774, 26.921360629549142 ], [ -74.4754, 28.2202 ], [ -70.0, 30.0 ] ] } },
{ "type": "Feature", "properties": { "id": 3261 }, "geometry": { "type": "LineString", "coordinates": [ [ -81.321349963545813, 31.047187169790991 ], [ -80.1228, 30.3972 ] ] } },
{ "type": "Feature", "properties": { "id": 3262 }, "geometry": { "type": "LineString", "coordinates": [ [ -70.0, 30.0 ], [ -75.5881, 30.3177 ], [ -80.1228, 30.3972 ], [ -81.2, 30.4 ] ] } },
{ "type": "Feature", "properties": { "id": 3263 }, "geometry": { "type": "LineString", "coordinates": [ [ -79.2207, 32.2439 ], [ -79.8, 32.75 ] ] } },
{ "type": "Feature", "properties": { "id": 3264 }, "geometry": { "type": "LineString", "coordinates": [ [ -60.2, 47.75 ], [ -63.3547, 48.9284 ] ] } },
{ "type": "Feature", "properties": { "id": 3265 }, "geometry": { "type": "LineString", "coordinates": [ [ -6.5833, 49.75 ], [ -13.2789, 51.2871 ], [ -26.5724, 53.0654 ], [ -31.0328, 53.2761 ], [ -38.1634, 53.3802 ], [ -48.9186, 52.6408 ], [ -54.0, 52.5 ], [ -57.3015, 60.082 ] ] } },
{ "type": "Feature", "properties": { "id": 3266 }, "geometry": { "type": "LineString", "coordinates": [ [ -71.3569, 41.1171 ], [ -69.5, 40.3 ] ] } },
{ "type": "Feature", "properties": { "id": 3267 }, "geometry": { "type": "LineString", "coordinates": [ [ -75.0737, 35.8144 ], [ -73.921284904449905, 39.411452836266712 ] ] } },
{ "type": "Feature", "properties": { "id": 3268 }, "geometry": { "type": "LineString", "coordinates": [ [ -74.5743, 38.787 ], [ -73.921284904449905, 39.411452836266712 ] ] } },
{ "type": "Feature", "properties": { "id": 3269 }, "geometry": { "type": "LineString", "coordinates": [ [ -74.2471, 39.3921 ], [ -73.921284904449905, 39.411452836266712 ] ] } },
{ "type": "Feature", "properties": { "id": 3270 }, "geometry": { "type": "LineString", "coordinates": [ [ -73.783, 40.0331 ], [ -73.7709, 39.759 ], [ -73.921284904449905, 39.411452836266712 ] ] } },
{ "type": "Feature", "properties": { "id": 3271 }, "geometry": { "type": "LineString", "coordinates": [ [ -73.9, 20.0 ], [ -73.8833, 25.0305 ], [ -73.8621, 30.0577 ], [ -73.8351, 35.081 ], [ -73.7709, 39.759 ] ] } },
{ "type": "Feature", "properties": { "id": 3272 }, "geometry": { "type": "LineString", "coordinates": [ [ -33.8, -5.25 ], [ -36.2625, -2.4223 ], [ -38.5146, 0.4681 ], [ -40.9192, 3.2295 ], [ -43.4529, 6.1392 ], [ -45.811, 8.8386 ], [ -48.3033, 11.6876 ], [ -50.8127, 14.545 ], [ -53.4643, 17.5658 ], [ -55.7174, 20.1037 ], [ -58.1051, 22.7921 ], [ -60.5213, 25.4961 ], [ -63.0953, 28.362 ], [ -65.5892, 31.1058 ], [ -68.2354, 34.0236 ], [ -70.9764, 37.0418 ], [ -73.783, 40.0331 ] ] } },
{ "type": "Feature", "properties": { "id": 3273 }, "geometry": { "type": "LineString", "coordinates": [ [ -73.783, 40.0331 ], [ -69.436, 36.9206 ], [ -65.2756, 33.7413 ], [ -61.2619, 30.5867 ], [ -57.3616, 27.4647 ], [ -53.5498, 24.3836 ], [ -49.8114, 21.3357 ], [ -46.1331, 18.3185 ], [ -42.5036, 15.3282 ], [ -38.922, 12.3783 ], [ -35.3712, 9.4465 ], [ -31.8433, 6.5287 ], [ -28.331, 3.6205 ], [ -24.8276, 0.7181 ], [ -21.3258, -2.1832 ], [ -17.819, -5.0879 ], [ -14.3, -8.0 ] ] } },
{ "type": "Feature", "properties": { "id": 3274 }, "geometry": { "type": "LineString", "coordinates": [ [ -64.8, 32.3 ], [ -69.2362, 36.1516 ], [ -73.783, 40.0331 ] ] } },
{ "type": "Feature", "properties": { "id": 3275 }, "geometry": { "type": "LineString", "coordinates": [ [ -69.5, 40.3 ], [ -75.4399, 37.0813 ], [ -69.5, 40.3 ] ] } },
{ "type": "Feature", "properties": { "id": 3276 }, "geometry": { "type": "LineString", "coordinates": [ [ -75.3372, 36.6311 ], [ -75.4399, 37.0813 ] ] } },
{ "type": "Feature", "properties": { "id": 3277 }, "geometry": { "type": "LineString", "coordinates": [ [ -55.0, 45.0 ], [ -60.5618, 42.9936 ], [ -65.7532, 40.7356 ], [ -70.5906, 38.2606 ], [ -75.1, 35.6 ] ] } },
{ "type": "Feature", "properties": { "id": 3278 }, "geometry": { "type": "LineString", "coordinates": [ [ -23.5, 64.1 ], [ -20.0, 60.0 ], [ -9.197848, 36.474577 ] ] } },
{ "type": "Feature", "properties": { "id": 3279 }, "geometry": { "type": "LineString", "coordinates": [ [ -9.035024, 53.254543 ], [ -9.634502, 53.129489 ], [ -9.391510362022879, 53.096377903980773 ] ] } },
{ "type": "Feature", "properties": { "id": 3280 }, "geometry": { "type": "LineString", "coordinates": [ [ -9.035024, 53.254543 ], [ -9.391510362022879, 53.096377903980773 ], [ -9.450047, 53.033269 ], [ -10.476276, 52.225282 ], [ -10.659923, 51.739587 ] ] } },
{ "type": "Feature", "properties": { "id": 3281 }, "geometry": { "type": "LineString", "coordinates": [ [ -8.600889, 54.570082 ], [ -10.10565, 54.313209 ], [ -10.5, 54.4 ] ] } },
{ "type": "Feature", "properties": { "id": 3282 }, "geometry": { "type": "LineString", "coordinates": [ [ -7.1, 56.9 ], [ -7.916465, 56.012652 ], [ -8.887279, 54.654413 ], [ -8.600889, 54.570082 ], [ -8.32489013671875, 54.524868531480131 ] ] } },
{ "type": "Feature", "properties": { "id": 3283 }, "geometry": { "type": "LineString", "coordinates": [ [ -3.946, 48.832707 ], [ -4.145765, 50.307669 ] ] } },
{ "type": "Feature", "properties": { "id": 3284 }, "geometry": { "type": "LineString", "coordinates": [ [ -3.946, 48.832707 ], [ -5.366943, 49.750723 ], [ -5.781787, 50.067136 ], [ -5.8714, 50.4096 ] ] } },
{ "type": "Feature", "properties": { "id": 3285 }, "geometry": { "type": "LineString", "coordinates": [ [ -1.794995, 49.366813 ], [ -2.25906372070313, 49.471009210182423 ], [ -2.4821, 49.455 ] ] } },
{ "type": "Feature", "properties": { "id": 3286 }, "geometry": { "type": "LineString", "coordinates": [ [ -2.692472, 48.562514 ], [ -2.60904, 48.950592 ], [ -2.315782, 49.349551 ] ] } },
{ "type": "Feature", "properties": { "id": 3287 }, "geometry": { "type": "LineString", "coordinates": [ [ -2.1086, 48.703 ], [ -2.34976, 48.946318 ], [ -2.3118, 49.1649 ], [ -2.315782, 49.349551 ], [ -1.992179, 49.738459 ] ] } },
{ "type": "Feature", "properties": { "id": 3288 }, "geometry": { "type": "LineString", "coordinates": [ [ -2.040657, 48.644695 ], [ -1.92672729492188, 48.767248564393782 ], [ -1.6252, 48.8261 ] ] } },
{ "type": "Feature", "properties": { "id": 3289 }, "geometry": { "type": "LineString", "coordinates": [ [ -1.6252, 48.8261 ], [ -1.97891235351563, 48.873604830636573 ], [ -1.92672729492188, 48.767248564393782 ] ] } },
{ "type": "Feature", "properties": { "id": 3290 }, "geometry": { "type": "LineString", "coordinates": [ [ -1.794995, 49.366813 ], [ -1.97891235351563, 48.873604830636573 ], [ -2.1086, 48.703 ] ] } },
{ "type": "Feature", "properties": { "id": 3291 }, "geometry": { "type": "LineString", "coordinates": [ [ 1.3, 50.8 ], [ 1.4181, 51.1477 ], [ 1.4922, 51.5679 ], [ 1.61361694335938, 51.783902862551052 ] ] } },
{ "type": "Feature", "properties": { "id": 3292 }, "geometry": { "type": "LineString", "coordinates": [ [ 1.296638, 51.921686 ], [ 1.50650024414063, 51.878828636628498 ], [ 1.61361694335938, 51.783902862551052 ] ] } },
{ "type": "Feature", "properties": { "id": 3293 }, "geometry": { "type": "LineString", "coordinates": [ [ 1.25, 51.6 ], [ 1.50650024414063, 51.878828636628498 ], [ 1.76168401098304, 52.038709946323372 ], [ 2.1349, 52.7457 ], [ 0.3771, 53.9975 ], [ -0.7533, 54.8225 ], [ 4.3083, 52.514 ] ] } },
{ "type": "Feature", "properties": { "id": 3294 }, "geometry": { "type": "LineString", "coordinates": [ [ 1.50457760319114, 52.043362089235153 ], [ 1.76168401098304, 52.038709946323372 ], [ 3.9, 52.0 ] ] } },
{ "type": "Feature", "properties": { "id": 3295 }, "geometry": { "type": "LineString", "coordinates": [ [ 0.4, 53.5 ], [ 2.1349, 52.7457 ], [ 2.9, 51.9 ] ] } },
{ "type": "Feature", "properties": { "id": 3296 }, "geometry": { "type": "LineString", "coordinates": [ [ 1.8694, 51.2362 ], [ 2.328327, 51.32976 ], [ 3.4, 51.5 ] ] } },
{ "type": "Feature", "properties": { "id": 3297 }, "geometry": { "type": "LineString", "coordinates": [ [ -0.5047, 50.3968 ], [ 1.1434, 50.9561 ], [ 1.8694, 51.2362 ], [ 1.76168401098304, 52.038709946323372 ], [ 2.9, 51.9 ] ] } },
{ "type": "Feature", "properties": { "id": 3298 }, "geometry": { "type": "LineString", "coordinates": [ [ 1.3, 50.8 ], [ 1.498302, 50.961124 ], [ 1.8694, 51.2362 ], [ 2.3601, 51.6089 ], [ 2.9, 51.9 ] ] } },
{ "type": "Feature", "properties": { "id": 3299 }, "geometry": { "type": "LineString", "coordinates": [ [ 1.844154, 50.972588 ], [ 1.5330047858879, 51.131370718099198 ], [ 1.4181, 51.1477 ] ] } },
{ "type": "Feature", "properties": { "id": 3300 }, "geometry": { "type": "LineString", "coordinates": [ [ 1.31753543391824, 51.102112490212363 ], [ 1.4181, 51.1477 ], [ 1.8694, 51.2362 ] ] } },
{ "type": "Feature", "properties": { "id": 3301 }, "geometry": { "type": "LineString", "coordinates": [ [ 0.1, 49.9 ], [ 0.640538, 50.307515 ], [ 1.117257, 50.563512 ], [ 1.3, 50.8 ] ] } },
{ "type": "Feature", "properties": { "id": 3302 }, "geometry": { "type": "LineString", "coordinates": [ [ 1.08692, 49.949817 ], [ 0.689435, 49.892209 ], [ 0.404375, 49.801048 ], [ 0.200429, 49.732189 ], [ 0.107726, 49.669233 ], [ 0.03909462775549, 49.532857189258522 ], [ 0.082233, 49.485898 ], [ 0.1107, 49.4228 ], [ 0.059058, 49.375868 ] ] } },
{ "type": "Feature", "properties": { "id": 3303 }, "geometry": { "type": "LineString", "coordinates": [ [ 0.1107, 49.4228 ], [ -0.109, 49.4978 ], [ -0.05705379702741, 49.637359430414122 ], [ 0.1, 49.9 ] ] } },
{ "type": "Feature", "properties": { "id": 3304 }, "geometry": { "type": "LineString", "coordinates": [ [ 0.03909462775549, 49.532857189258522 ], [ -0.05705379702741, 49.637359430414122 ], [ -0.39055, 49.998098 ], [ -0.964727, 50.731167 ] ] } },
{ "type": "Feature", "properties": { "id": 3305 }, "geometry": { "type": "LineString", "coordinates": [ [ -1.85392974523107, 50.578724037462841 ], [ -2.4821, 49.455 ] ] } },
{ "type": "Feature", "properties": { "id": 3306 }, "geometry": { "type": "LineString", "coordinates": [ [ -1.62165, 49.66475 ], [ -1.85392974523107, 50.578724037462841 ] ] } },
{ "type": "Feature", "properties": { "id": 3307 }, "geometry": { "type": "LineString", "coordinates": [ [ -1.85392974523107, 50.578724037462841 ], [ -1.921882, 50.657764 ] ] } },
{ "type": "Feature", "properties": { "id": 3308 }, "geometry": { "type": "LineString", "coordinates": [ [ -2.414364, 50.484075 ], [ -2.35961728011441, 50.605816619290493 ], [ -2.13821411132813, 50.561590847310917 ], [ -1.85392974523107, 50.578724037462841 ], [ -1.62871, 50.657029 ] ] } },
{ "type": "Feature", "properties": { "id": 3309 }, "geometry": { "type": "LineString", "coordinates": [ [ -2.13821411132813, 50.561590847310917 ], [ -2.414364, 50.484075 ], [ -1.85392974523107, 50.578724037462841 ], [ -1.303092, 50.571 ] ] } },
{ "type": "Feature", "properties": { "id": 3310 }, "geometry": { "type": "LineString", "coordinates": [ [ -3.527955, 50.419884 ], [ -3.467698, 50.403639 ], [ -2.588182, 50.444243 ], [ -2.414364, 50.484075 ] ] } },
{ "type": "Feature", "properties": { "id": 3311 }, "geometry": { "type": "LineString", "coordinates": [ [ -2.588182, 50.444243 ], [ -3.398171, 50.597487 ], [ -3.467698, 50.403639 ], [ -3.514049, 50.327504 ], [ -3.555765, 50.331202 ] ] } },
{ "type": "Feature", "properties": { "id": 3312 }, "geometry": { "type": "LineString", "coordinates": [ [ 5.0, 43.0 ], [ 3.3104, 41.7972 ], [ 2.5, 41.3 ] ] } },
{ "type": "Feature", "properties": { "id": 3313 }, "geometry": { "type": "LineString", "coordinates": [ [ 3.06863, 43.013524 ], [ 3.427734375, 42.769632911649367 ], [ 5.013733, 42.3809 ], [ 5.4801, 42.4031 ] ] } },
{ "type": "Feature", "properties": { "id": 3314 }, "geometry": { "type": "LineString", "coordinates": [ [ 3.7499, 43.3504 ], [ 3.427734375, 42.769632911649367 ], [ 3.49484190463144, 42.453730991832842 ], [ 3.3104, 41.7972 ] ] } },
{ "type": "Feature", "properties": { "id": 3315 }, "geometry": { "type": "LineString", "coordinates": [ [ 11.715, 42.1138 ], [ 11.1, 42.2 ], [ 10.1041, 42.6938 ], [ 10.0451, 42.8531 ] ] } },
{ "type": "Feature", "properties": { "id": 3316 }, "geometry": { "type": "LineString", "coordinates": [ [ -2.1, 36.6 ], [ 5.0654, 39.9966 ], [ 9.2235, 41.2957 ] ] } },
{ "type": "Feature", "properties": { "id": 3317 }, "geometry": { "type": "LineString", "coordinates": [ [ 1.1722, 41.0019 ], [ 5.0654, 39.9966 ] ] } },
{ "type": "Feature", "properties": { "id": 3318 }, "geometry": { "type": "LineString", "coordinates": [ [ 2.5, 41.3 ], [ 5.0654, 39.9966 ], [ 8.4301, 38.6096 ] ] } },
{ "type": "Feature", "properties": { "id": 3319 }, "geometry": { "type": "LineString", "coordinates": [ [ 15.9, 37.7 ], [ 17.258567203175179, 38.777835103751571 ], [ 18.0, 39.3 ] ] } },
{ "type": "Feature", "properties": { "id": 3320 }, "geometry": { "type": "LineString", "coordinates": [ [ 17.1, 40.4 ], [ 17.405801845771901, 39.240948663380948 ], [ 17.258567203175179, 38.777835103751571 ] ] } },
{ "type": "Feature", "properties": { "id": 3321 }, "geometry": { "type": "LineString", "coordinates": [ [ 17.170872, 39.106692 ], [ 17.258567203175179, 38.777835103751571 ] ] } },
{ "type": "Feature", "properties": { "id": 3322 }, "geometry": { "type": "LineString", "coordinates": [ [ 18.0, 39.3 ], [ 17.788600035711671, 39.559960712121537 ], [ 17.1, 40.4 ] ] } },
{ "type": "Feature", "properties": { "id": 3323 }, "geometry": { "type": "LineString", "coordinates": [ [ 17.170872, 39.106692 ], [ 17.405801845771901, 39.240948663380948 ], [ 17.788600035711671, 39.559960712121537 ], [ 18.1859, 39.7508 ] ] } },
{ "type": "Feature", "properties": { "id": 3324 }, "geometry": { "type": "LineString", "coordinates": [ [ 18.0047, 42.6272 ], [ 16.8291, 41.1676 ], [ 19.3944, 41.2626 ], [ 18.9, 40.1 ] ] } },
{ "type": "Feature", "properties": { "id": 3325 }, "geometry": { "type": "LineString", "coordinates": [ [ 16.0558, 42.9293 ], [ 19.3944, 41.2626 ], [ 18.3, 40.9 ] ] } },
{ "type": "Feature", "properties": { "id": 3326 }, "geometry": { "type": "LineString", "coordinates": [ [ 18.538505, 42.386023 ], [ 18.9, 40.1 ] ] } },
{ "type": "Feature", "properties": { "id": 3327 }, "geometry": { "type": "LineString", "coordinates": [ [ 19.05789, 42.102145 ], [ 18.3, 40.9 ] ] } },
{ "type": "Feature", "properties": { "id": 3328 }, "geometry": { "type": "LineString", "coordinates": [ [ 18.538505, 42.386023 ], [ 18.3, 40.9 ] ] } },
{ "type": "Feature", "properties": { "id": 3329 }, "geometry": { "type": "LineString", "coordinates": [ [ 19.3944, 41.2626 ], [ 19.10385140217841, 41.8658344028402 ] ] } },
{ "type": "Feature", "properties": { "id": 3330 }, "geometry": { "type": "LineString", "coordinates": [ [ 19.05789, 42.102145 ], [ 19.10385140217841, 41.8658344028402 ], [ 19.476562365889549, 41.761589697309688 ] ] } },
{ "type": "Feature", "properties": { "id": 3331 }, "geometry": { "type": "LineString", "coordinates": [ [ 19.476562365889549, 41.761589697309688 ], [ 19.3944, 41.2626 ] ] } },
{ "type": "Feature", "properties": { "id": 3332 }, "geometry": { "type": "LineString", "coordinates": [ [ 18.0047, 42.6272 ], [ 18.3, 40.9 ] ] } },
{ "type": "Feature", "properties": { "id": 3333 }, "geometry": { "type": "LineString", "coordinates": [ [ 16.3457, 43.2385 ], [ 16.320196, 43.084808 ], [ 18.3, 40.9 ] ] } },
{ "type": "Feature", "properties": { "id": 3334 }, "geometry": { "type": "LineString", "coordinates": [ [ 21.1468, 38.2266 ], [ 21.010439, 38.456953 ], [ 21.08325, 38.521543 ] ] } },
{ "type": "Feature", "properties": { "id": 3335 }, "geometry": { "type": "LineString", "coordinates": [ [ 22.828287, 38.02424 ], [ 22.6117, 38.2252 ], [ 22.658395, 38.344734 ] ] } },
{ "type": "Feature", "properties": { "id": 3336 }, "geometry": { "type": "LineString", "coordinates": [ [ 23.396213, 37.953465 ], [ 23.175353, 37.880707 ], [ 23.405921, 37.767598 ] ] } },
{ "type": "Feature", "properties": { "id": 3337 }, "geometry": { "type": "LineString", "coordinates": [ [ 23.027304, 37.913266 ], [ 23.396213, 37.953465 ], [ 23.405921, 37.767598 ] ] } },
{ "type": "Feature", "properties": { "id": 3338 }, "geometry": { "type": "LineString", "coordinates": [ [ 21.5038, 36.8502 ], [ 21.000731, 37.867297 ], [ 20.9803, 38.0764 ] ] } },
{ "type": "Feature", "properties": { "id": 3339 }, "geometry": { "type": "LineString", "coordinates": [ [ 32.42425918579103, 34.62214009158221 ], [ 28.240572, 36.478687 ], [ 28.0141, 36.4942 ], [ 28.019712, 36.494444 ] ] } },
{ "type": "Feature", "properties": { "id": 3340 }, "geometry": { "type": "LineString", "coordinates": [ [ 27.2, 36.2 ], [ 29.7436, 35.2448 ], [ 32.42425918579103, 34.62214009158221 ], [ 33.6604, 34.3143 ] ] } },
{ "type": "Feature", "properties": { "id": 3341 }, "geometry": { "type": "LineString", "coordinates": [ [ 30.640908, 36.829164 ], [ 32.209986, 35.201845 ], [ 32.42425918579103, 34.62214009158221 ] ] } },
{ "type": "Feature", "properties": { "id": 3342 }, "geometry": { "type": "LineString", "coordinates": [ [ 33.69169, 34.929694 ], [ 34.34367371024566, 33.496172596969991 ] ] } },
{ "type": "Feature", "properties": { "id": 3343 }, "geometry": { "type": "LineString", "coordinates": [ [ 34.8, 33.0 ], [ 34.34367371024566, 33.496172596969991 ], [ 35.2, 34.2 ] ] } },
{ "type": "Feature", "properties": { "id": 3344 }, "geometry": { "type": "LineString", "coordinates": [ [ 32.1, 31.7 ], [ 33.899796, 33.160068 ], [ 34.34367371024566, 33.496172596969991 ] ] } },
{ "type": "Feature", "properties": { "id": 3345 }, "geometry": { "type": "LineString", "coordinates": [ [ 35.2, 34.2 ], [ 35.552358665300602, 34.51165616735333 ], [ 35.5578, 35.425 ], [ 35.7, 35.9 ] ] } },
{ "type": "Feature", "properties": { "id": 3346 }, "geometry": { "type": "LineString", "coordinates": [ [ 16.8291, 41.1676 ], [ 16.700027, 42.39409 ], [ 16.513145, 42.603453 ], [ 16.055347, 42.929313 ], [ 16.0558, 42.9293 ] ] } },
{ "type": "Feature", "properties": { "id": 3347 }, "geometry": { "type": "LineString", "coordinates": [ [ 18.3, 40.9 ], [ 19.452283, 40.443267 ] ] } },
{ "type": "Feature", "properties": { "id": 3348 }, "geometry": { "type": "LineString", "coordinates": [ [ 19.9547, 39.8141 ], [ 18.782226461917158, 40.494652245247401 ], [ 18.3, 40.9 ] ] } },
{ "type": "Feature", "properties": { "id": 3349 }, "geometry": { "type": "LineString", "coordinates": [ [ 19.452283, 40.443267 ], [ 18.782226461917158, 40.494652245247401 ], [ 16.843222, 41.90827 ], [ 15.509069, 42.849076 ], [ 15.39929, 42.947496 ] ] } },
{ "type": "Feature", "properties": { "id": 3350 }, "geometry": { "type": "LineString", "coordinates": [ [ 15.503499, 42.108447 ], [ 15.1372, 42.071 ] ] } },
{ "type": "Feature", "properties": { "id": 3351 }, "geometry": { "type": "LineString", "coordinates": [ [ 16.416064, 43.488501 ], [ 16.022885, 43.469128 ], [ 15.24138, 43.543062 ], [ 13.673727, 43.701832 ], [ 13.413823, 43.643256 ] ] } },
{ "type": "Feature", "properties": { "id": 3352 }, "geometry": { "type": "LineString", "coordinates": [ [ 13.6, 43.9 ], [ 13.673727, 43.701832 ], [ 13.8024, 43.3544 ], [ 14.0166, 42.9858 ], [ 14.0771, 42.7564 ], [ 14.3352, 42.5058 ], [ 14.5, 42.3761 ], [ 14.8351, 42.2664 ], [ 15.1372, 42.071 ], [ 15.9667, 42.022 ], [ 17.3, 41.4 ] ] } },
{ "type": "Feature", "properties": { "id": 3353 }, "geometry": { "type": "LineString", "coordinates": [ [ 13.6, 43.9 ], [ 13.410183, 44.408466 ], [ 13.28155, 44.742132 ], [ 13.1, 45.3 ] ] } },
{ "type": "Feature", "properties": { "id": 3354 }, "geometry": { "type": "LineString", "coordinates": [ [ 12.575283, 44.083348 ], [ 12.68783569335938, 44.216466252154682 ], [ 12.757311, 43.978651 ] ] } },
{ "type": "Feature", "properties": { "id": 3355 }, "geometry": { "type": "LineString", "coordinates": [ [ 13.673727, 43.701832 ], [ 13.201458, 43.907001 ], [ 13.019431, 44.027532 ], [ 12.890798, 44.106008 ], [ 12.68783569335938, 44.216466252154682 ], [ 12.358064, 44.518459 ] ] } },
{ "type": "Feature", "properties": { "id": 3356 }, "geometry": { "type": "LineString", "coordinates": [ [ 14.396772, 44.542681 ], [ 13.882241, 44.334734 ], [ 13.201458, 43.907001 ], [ 13.007295, 43.86677 ] ] } },
{ "type": "Feature", "properties": { "id": 3357 }, "geometry": { "type": "LineString", "coordinates": [ [ 25.75, 32.2 ], [ 26.652, 34.7106 ] ] } },
{ "type": "Feature", "properties": { "id": 3358 }, "geometry": { "type": "LineString", "coordinates": [ [ 24.1578, 37.5703 ], [ 24.49207603318445, 37.48248916939793 ], [ 24.932525, 37.529168 ], [ 25.318424, 37.455992 ] ] } },
{ "type": "Feature", "properties": { "id": 3359 }, "geometry": { "type": "LineString", "coordinates": [ [ 24.49052863704064, 37.483062194950662 ], [ 25.11698, 37.089037 ] ] } },
{ "type": "Feature", "properties": { "id": 3360 }, "geometry": { "type": "LineString", "coordinates": [ [ 24.45, 37.8 ], [ 24.43798829801381, 37.690383472949712 ], [ 24.339386019855741, 37.405274370485522 ], [ 23.6, 36.5 ] ] } },
{ "type": "Feature", "properties": { "id": 3361 }, "geometry": { "type": "LineString", "coordinates": [ [ 27.585273, 37.253422 ], [ 27.517316, 37.216708 ], [ 26.09022, 37.282394 ], [ 25.145681894902172, 37.292712974536371 ], [ 25.172642, 37.483521 ] ] } },
{ "type": "Feature", "properties": { "id": 3362 }, "geometry": { "type": "LineString", "coordinates": [ [ 27.2, 36.2 ], [ 26.218853, 36.96309 ], [ 24.45, 37.8 ] ] } },
{ "type": "Feature", "properties": { "id": 3363 }, "geometry": { "type": "LineString", "coordinates": [ [ 25.315085301001211, 36.1319345114699 ], [ 25.527149, 35.902819 ], [ 26.3941, 35.3719 ] ] } },
{ "type": "Feature", "properties": { "id": 3364 }, "geometry": { "type": "LineString", "coordinates": [ [ 27.592554, 35.869391 ], [ 26.432432, 36.152097 ], [ 25.315085301001211, 36.1319345114699 ], [ 23.449263, 36.076319 ] ] } },
{ "type": "Feature", "properties": { "id": 3365 }, "geometry": { "type": "LineString", "coordinates": [ [ 24.382095336914059, 37.402403048415039 ], [ 24.339386019855741, 37.405274370485522 ], [ 24.371246304363019, 37.4886113893306 ], [ 24.497892747271209, 37.480335107785912 ], [ 25.145681894902172, 37.292712974536371 ], [ 25.525085348635908, 37.251137015112711 ], [ 26.218853, 36.96309 ] ] } },
{ "type": "Feature", "properties": { "id": 3366 }, "geometry": { "type": "LineString", "coordinates": [ [ 25.769568, 37.90579 ], [ 25.706749, 37.711938 ], [ 25.525085348635908, 37.251137015112711 ], [ 25.31357, 37.123878 ], [ 25.228623, 36.706678 ], [ 25.371818, 36.441599 ], [ 25.2, 35.5 ] ] } },
{ "type": "Feature", "properties": { "id": 3367 }, "geometry": { "type": "LineString", "coordinates": [ [ 27.2, 36.2 ], [ 27.002785, 36.547106 ], [ 25.5, 39.4 ] ] } },
{ "type": "Feature", "properties": { "id": 3368 }, "geometry": { "type": "LineString", "coordinates": [ [ 33.899796, 33.160068 ], [ 30.7293, 34.5314 ], [ 27.592554, 35.869391 ] ] } },
{ "type": "Feature", "properties": { "id": 3369 }, "geometry": { "type": "LineString", "coordinates": [ [ 23.0, 34.8 ], [ 28.9628, 34.0382 ], [ 31.178958888631321, 33.628392619156401 ], [ 33.899796, 33.160068 ], [ 34.49332870019758, 33.054853747567762 ], [ 34.8, 33.0 ] ] } },
{ "type": "Feature", "properties": { "id": 3370 }, "geometry": { "type": "LineString", "coordinates": [ [ 29.7545, 31.2025 ], [ 31.178958888631321, 33.628392619156401 ], [ 32.209986, 35.201845 ], [ 33.0, 35.8 ] ] } },
{ "type": "Feature", "properties": { "id": 3371 }, "geometry": { "type": "LineString", "coordinates": [ [ 30.0, 36.0 ], [ 31.178958888631321, 33.628392619156401 ], [ 32.1, 31.7 ] ] } },
{ "type": "Feature", "properties": { "id": 3372 }, "geometry": { "type": "LineString", "coordinates": [ [ 34.221929311752341, 31.941392387862422 ], [ 31.178958888631321, 33.628392619156401 ], [ 30.087873, 34.234593 ] ] } },
{ "type": "Feature", "properties": { "id": 3373 }, "geometry": { "type": "LineString", "coordinates": [ [ 32.1, 31.7 ], [ 32.390763, 31.727717 ], [ 34.221929311752341, 31.941392387862422 ] ] } },
{ "type": "Feature", "properties": { "id": 3374 }, "geometry": { "type": "LineString", "coordinates": [ [ 17.0, 32.0 ], [ 15.3048, 32.4046 ], [ 14.348129016773379, 32.757346866106481 ], [ 13.2935, 33.1446 ], [ 13.1, 33.2 ] ] } },
{ "type": "Feature", "properties": { "id": 3375 }, "geometry": { "type": "LineString", "coordinates": [ [ 14.27906796801836, 32.662716418600212 ], [ 14.27851865999401, 32.676132973360872 ], [ 14.348129016773379, 32.757346866106481 ], [ 19.4939, 34.2368 ], [ 23.449263, 36.076319 ] ] } },
{ "type": "Feature", "properties": { "id": 3376 }, "geometry": { "type": "LineString", "coordinates": [ [ 13.5442, 37.2273 ], [ 12.554654, 36.097206 ], [ 11.6, 35.0 ] ] } },
{ "type": "Feature", "properties": { "id": 3377 }, "geometry": { "type": "LineString", "coordinates": [ [ 11.0, 37.5 ], [ 11.3579, 36.7887 ], [ 10.6905, 35.9216 ], [ 12.554654, 36.097206 ], [ 14.7, 36.0 ] ] } },
{ "type": "Feature", "properties": { "id": 3378 }, "geometry": { "type": "LineString", "coordinates": [ [ 14.51870729215443, 35.920413703087021 ], [ 14.7, 36.0 ] ] } },
{ "type": "Feature", "properties": { "id": 3379 }, "geometry": { "type": "LineString", "coordinates": [ [ 11.6, 35.0 ], [ 14.50469970703125, 35.73491194468788 ] ] } },
{ "type": "Feature", "properties": { "id": 3380 }, "geometry": { "type": "LineString", "coordinates": [ [ 14.50469970703125, 35.73491194468788 ], [ 14.7, 36.0 ] ] } },
{ "type": "Feature", "properties": { "id": 3381 }, "geometry": { "type": "LineString", "coordinates": [ [ 13.1, 33.2 ], [ 14.50469970703125, 35.73491194468788 ] ] } },
{ "type": "Feature", "properties": { "id": 3382 }, "geometry": { "type": "LineString", "coordinates": [ [ 14.50469970703125, 35.73491194468788 ], [ 11.0, 37.5 ] ] } },
{ "type": "Feature", "properties": { "id": 3383 }, "geometry": { "type": "LineString", "coordinates": [ [ 11.0, 34.0 ], [ 14.18389895930887, 35.557160977741098 ], [ 14.50469970703125, 35.73491194468788 ] ] } },
{ "type": "Feature", "properties": { "id": 3384 }, "geometry": { "type": "LineString", "coordinates": [ [ 11.0, 34.0 ], [ 10.802335, 34.684582 ], [ 10.8050537109375, 34.43227146222506 ], [ 10.373290982097391, 34.235303259095652 ], [ 11.0, 34.0 ] ] } },
{ "type": "Feature", "properties": { "id": 3385 }, "geometry": { "type": "LineString", "coordinates": [ [ 43.3, 12.7 ], [ 41.1861, 15.3828 ], [ 38.6238, 18.6444 ], [ 36.108, 24.0443 ], [ 34.5, 27.0 ] ] } },
{ "type": "Feature", "properties": { "id": 3386 }, "geometry": { "type": "LineString", "coordinates": [ [ 51.6, 26.3 ], [ 53.148965682284441, 26.254880389143288 ], [ 55.2, 25.6 ] ] } },
{ "type": "Feature", "properties": { "id": 3387 }, "geometry": { "type": "LineString", "coordinates": [ [ 53.148965682284441, 26.254880389143288 ], [ 56.4, 26.4 ] ] } },
{ "type": "Feature", "properties": { "id": 3388 }, "geometry": { "type": "LineString", "coordinates": [ [ 53.148965682284441, 26.254880389143288 ], [ 52.1, 24.7 ] ] } },
{ "type": "Feature", "properties": { "id": 3389 }, "geometry": { "type": "LineString", "coordinates": [ [ 48.540441, 28.413529 ], [ 49.055127, 28.214613 ], [ 48.964965753257282, 27.749647955464361 ] ] } },
{ "type": "Feature", "properties": { "id": 3390 }, "geometry": { "type": "LineString", "coordinates": [ [ 50.1, 28.6 ], [ 51.221979372429267, 27.18163068589196 ], [ 51.6, 26.3 ] ] } },
{ "type": "Feature", "properties": { "id": 3391 }, "geometry": { "type": "LineString", "coordinates": [ [ 53.148965682284441, 26.254880389143288 ], [ 51.221979372429267, 27.18163068589196 ], [ 49.055127, 28.214613 ] ] } },
{ "type": "Feature", "properties": { "id": 3392 }, "geometry": { "type": "LineString", "coordinates": [ [ 49.055127, 28.214613 ], [ 50.1, 28.6 ], [ 50.3649, 29.2472 ], [ 51.4475, 27.5435 ], [ 51.221979372429267, 27.18163068589196 ] ] } },
{ "type": "Feature", "properties": { "id": 3393 }, "geometry": { "type": "LineString", "coordinates": [ [ 48.9, 30.1 ], [ 50.3649, 29.2472 ], [ 51.221979372429267, 27.18163068589196 ], [ 53.3693, 26.5789 ], [ 53.148965682284441, 26.254880389143288 ] ] } },
{ "type": "Feature", "properties": { "passage": "ormuz", "id": 3394 }, "geometry": { "type": "LineString", "coordinates": [ [ 56.4, 26.4 ], [ 56.763061322271838, 26.42211171687946 ], [ 57.1, 25.5 ] ] } },
{ "type": "Feature", "properties": { "id": 3395 }, "geometry": { "type": "LineString", "coordinates": [ [ 66.6, 24.3 ], [ 62.375976294279113, 21.440441457203431 ], [ 59.0, 20.0 ] ] } },
{ "type": "Feature", "properties": { "id": 3396 }, "geometry": { "type": "LineString", "coordinates": [ [ 60.4, 22.7 ], [ 62.375976294279113, 21.440441457203431 ], [ 64.5005, 20.0838 ], [ 67.5721, 15.6159 ], [ 71.4585, 12.6535 ], [ 75.3, 9.7 ] ] } },
{ "type": "Feature", "properties": { "id": 3397 }, "geometry": { "type": "LineString", "coordinates": [ [ 66.6, 24.3 ], [ 65.1085, 21.3498 ], [ 64.5965, 15.0326 ], [ 64.9999, -5.0573 ] ] } },
{ "type": "Feature", "properties": { "id": 3398 }, "geometry": { "type": "LineString", "coordinates": [ [ 70.0, 20.0 ], [ 67.4073, 17.5443 ], [ 64.5965, 15.0326 ], [ 62.4181, 12.5389 ], [ 60.8257, 10.867 ], [ 60.0, 10.0 ] ] } },
{ "type": "Feature", "properties": { "id": 3399 }, "geometry": { "type": "LineString", "coordinates": [ [ 79.646485447883606, 7.2296723360048 ], [ 77.0, 8.0 ], [ 70.821972, 8.364223 ], [ 80.1, 5.8 ] ] } },
{ "type": "Feature", "properties": { "id": 3400 }, "geometry": { "type": "LineString", "coordinates": [ [ 77.0, 8.0 ], [ 73.0, 4.0 ] ] } },
{ "type": "Feature", "properties": { "id": 3401 }, "geometry": { "type": "LineString", "coordinates": [ [ 73.0, 4.0 ], [ 73.342468130153449, -0.000017611978133 ], [ 75.098719067912171, -3.200228394564919 ], [ 76.314314813890647, -5.401373121904296 ] ] } },
{ "type": "Feature", "properties": { "id": 3402 }, "geometry": { "type": "LineString", "coordinates": [ [ 80.0, -0.00002 ], [ 73.342528528827572, -0.00001662988587 ], [ 70.0, -0.00003 ] ] } },
{ "type": "Feature", "properties": { "id": 3403 }, "geometry": { "type": "LineString", "coordinates": [ [ 92.0, 20.0 ], [ 91.6295, 21.7994 ], [ 91.0, 22.0 ] ] } },
{ "type": "Feature", "properties": { "id": 3404 }, "geometry": { "type": "LineString", "coordinates": [ [ 97.0, 12.0 ], [ 97.610408, 13.415672 ], [ 97.0, 16.0 ] ] } },
{ "type": "Feature", "properties": { "id": 3405 }, "geometry": { "type": "LineString", "coordinates": [ [ 93.3, 14.4 ], [ 97.610408, 13.415672 ], [ 97.0, 12.0 ] ] } },
{ "type": "Feature", "properties": { "id": 3406 }, "geometry": { "type": "LineString", "coordinates": [ [ 100.6823, 7.3179 ], [ 102.041018911797224, 9.160960110427821 ], [ 103.341, 10.5516 ] ] } },
{ "type": "Feature", "properties": { "id": 3407 }, "geometry": { "type": "LineString", "coordinates": [ [ 100.4, 13.0 ], [ 103.341, 10.5516 ], [ 104.9, 8.4 ] ] } },
{ "type": "Feature", "properties": { "id": 3408 }, "geometry": { "type": "LineString", "coordinates": [ [ 100.4, 13.0 ], [ 102.041018911797224, 9.160960110427821 ], [ 102.439501985001854, 7.76907215441561 ], [ 103.9303, 4.6903 ], [ 104.482294, 1.341312 ] ] } },
{ "type": "Feature", "properties": { "id": 3409 }, "geometry": { "type": "LineString", "coordinates": [ [ 100.6823, 7.3179 ], [ 102.439501985001854, 7.76907215441561 ], [ 104.9, 8.4 ] ] } },
{ "type": "Feature", "properties": { "id": 3410 }, "geometry": { "type": "LineString", "coordinates": [ [ -44.6816, -25.7764 ], [ -20.0, -30.0 ], [ -10.3016, -30.9667 ], [ 18.0, -35.0 ] ] } },
{ "type": "Feature", "properties": { "id": 3411 }, "geometry": { "type": "LineString", "coordinates": [ [ -18.0, 21.0 ], [ -13.61865274608135, 27.705077538053018 ], [ -12.19438690667223, 29.15645161810226 ], [ -10.1, 31.8 ] ] } },
{ "type": "Feature", "properties": { "id": 3412 }, "geometry": { "type": "LineString", "coordinates": [ [ -15.3, 28.3 ], [ -12.19438690667223, 29.15645161810226 ], [ -10.1, 30.2 ] ] } },
{ "type": "Feature", "properties": { "id": 3413 }, "geometry": { "type": "LineString", "coordinates": [ [ -5.75, 35.95 ], [ -11.1264, 32.5313 ], [ -15.172119140625, 29.33750321371873 ], [ -16.1, 28.9 ] ] } },
{ "type": "Feature", "properties": { "id": 3414 }, "geometry": { "type": "LineString", "coordinates": [ [ -10.0729, 43.4198 ], [ -13.9051, 32.4093 ], [ -15.172119140625, 29.33750321371873 ] ] } },
{ "type": "Feature", "properties": { "id": 3415 }, "geometry": { "type": "LineString", "coordinates": [ [ -43.9, -1.4 ], [ -28.1434, 15.3388 ], [ -17.8, 29.0 ], [ -15.3, 28.3 ] ] } },
{ "type": "Feature", "properties": { "id": 3416 }, "geometry": { "type": "LineString", "coordinates": [ [ -33.8, -5.25 ], [ -31.746, -0.9401 ], [ -29.6971, 3.3712 ], [ -27.63, 7.6777 ], [ -25.5208, 11.9733 ], [ -23.3439, 16.2512 ], [ -21.0708, 20.5041 ], [ -18.6689, 24.7237 ], [ -16.186157092452049, 27.716060160593429 ], [ -16.1, 28.9 ] ] } },
{ "type": "Feature", "properties": { "id": 3417 }, "geometry": { "type": "LineString", "coordinates": [ [ -17.0, 33.0 ], [ -16.031249463558201, 32.67709658232922 ], [ -15.172119140625, 29.33750321371873 ], [ -15.3, 28.3 ] ] } },
{ "type": "Feature", "properties": { "id": 3418 }, "geometry": { "type": "LineString", "coordinates": [ [ -5.26938250743323, 35.97289047797986 ], [ -5.412677, 36.166941 ], [ -5.336225, 35.904932 ], [ -5.26938250743323, 35.97289047797986 ] ] } },
{ "type": "Feature", "properties": { "id": 3419 }, "geometry": { "type": "LineString", "coordinates": [ [ 117.710911, -16.488495 ], [ 116.636667, -8.829281 ], [ 116.809387207031264, -8.296954455015941 ], [ 116.693918, -7.291679 ] ] } },
{ "type": "Feature", "properties": { "id": 3420 }, "geometry": { "type": "LineString", "coordinates": [ [ 116.664478, -20.18796 ], [ 115.6, -9.1 ] ] } },
{ "type": "Feature", "properties": { "id": 3421 }, "geometry": { "type": "LineString", "coordinates": [ [ 118.6, -19.6 ], [ 116.664478, -20.18796 ], [ 114.5, -20.9 ] ] } },
{ "type": "Feature", "properties": { "id": 3422 }, "geometry": { "type": "LineString", "coordinates": [ [ 113.56821, -25.298256 ], [ 113.031737878918676, -25.35014619436939 ], [ 112.746252140586478, -25.490972766203999 ] ] } },
{ "type": "Feature", "properties": { "id": 3423 }, "geometry": { "type": "LineString", "coordinates": [ [ 113.0, -23.5 ], [ 112.746252140586478, -25.490972766203999 ], [ 112.7, -26.0 ] ] } },
{ "type": "Feature", "properties": { "id": 3424 }, "geometry": { "type": "LineString", "coordinates": [ [ 129.1, -32.1 ], [ 132.264404296875028, -32.493152337775911 ], [ 134.5, -34.0 ] ] } },
{ "type": "Feature", "properties": { "id": 3425 }, "geometry": { "type": "LineString", "coordinates": [ [ 173.1, 1.1 ], [ 169.8542, -1.6924 ], [ 166.5992, -4.4794 ], [ 162.707519531250028, -9.463143654549739 ], [ 160.0, -10.0 ] ] } },
{ "type": "Feature", "properties": { "id": 3426 }, "geometry": { "type": "LineString", "coordinates": [ [ 162.707519531250028, -9.463143654549739 ], [ 160.0003, -5.0004 ], [ 160.0, -0.00002 ] ] } },
{ "type": "Feature", "properties": { "id": 3427 }, "geometry": { "type": "LineString", "coordinates": [ [ 116.95, -5.4 ], [ 118.453638, -3.189385 ], [ 118.2277, -2.1506 ], [ 119.5, 1.1 ] ] } },
{ "type": "Feature", "properties": { "id": 3428 }, "geometry": { "type": "LineString", "coordinates": [ [ 114.411804, -3.707578 ], [ 113.756047268303007, -4.48069689812797 ], [ 112.650454, -6.937744 ] ] } },
{ "type": "Feature", "properties": { "id": 3429 }, "geometry": { "type": "LineString", "coordinates": [ [ 116.95, -5.4 ], [ 113.756047268303007, -4.48069689812797 ], [ 110.7, -3.6 ] ] } },
{ "type": "Feature", "properties": { "id": 3430 }, "geometry": { "type": "LineString", "coordinates": [ [ 111.9, -5.9 ], [ 113.756047268303007, -4.48069689812797 ], [ 114.099994927473773, -4.57975380918624 ], [ 117.508216251552227, -3.98188804485393 ], [ 118.453638, -3.189385 ] ] } },
{ "type": "Feature", "properties": { "id": 3431 }, "geometry": { "type": "LineString", "coordinates": [ [ -118.194488575682058, 33.703898474732931 ], [ -118.1215, 33.6276 ] ] } },
{ "type": "Feature", "properties": { "id": 3432 }, "geometry": { "type": "LineString", "coordinates": [ [ -117.7702, 32.6652 ], [ -116.130460666668085, 27.98926515417984 ], [ -113.4508, 24.926 ], [ -111.0067, 22.3104 ], [ -108.2357, 20.1502 ], [ -105.5, 18.0 ], [ -99.644, 15.5163 ], [ -93.9243, 12.9057 ], [ -88.3178, 10.1973 ], [ -82.8, 7.4167 ], [ -81.4, 6.9 ] ] } },
{ "type": "Feature", "properties": { "id": 3433 }, "geometry": { "type": "LineString", "coordinates": [ [ -115.2, 27.5 ], [ -116.130460666668085, 27.98926515417984 ], [ -120.0, 30.0 ] ] } },
{ "type": "Feature", "properties": { "id": 3434 }, "geometry": { "type": "LineString", "coordinates": [ [ -81.4, 6.9 ], [ -85.6025, 5.2828 ], [ -89.7834, 3.6376 ], [ -93.9491, 1.9733 ], [ -98.1066, 0.2987 ], [ -100.0, -0.00002 ], [ -102.2629, -1.3775 ], [ -106.4249, -3.0464 ], [ -110.5996, -4.6994 ], [ -114.7936, -6.3276 ], [ -119.0136, -7.9219 ], [ -123.2654, -9.4738 ], [ -127.5546, -10.9743 ], [ -131.886, -12.4146 ], [ -136.2636, -13.786 ], [ -140.6907, -15.0797 ], [ -145.1692, -16.2871 ], [ -149.7, -17.4 ] ] } },
{ "type": "Feature", "properties": { "id": 3435 }, "geometry": { "type": "LineString", "coordinates": [ [ -121.532, 34.5768 ], [ -125.4023, 35.9921 ], [ -130.0893, 37.5193 ], [ -134.9586, 38.8614 ], [ -140.0, 40.0 ] ] } },
{ "type": "Feature", "properties": { "id": 3436 }, "geometry": { "type": "LineString", "coordinates": [ [ -118.0244, 33.3332 ], [ -120.0, 30.0 ] ] } },
{ "type": "Feature", "properties": { "id": 3437 }, "geometry": { "type": "LineString", "coordinates": [ [ 180.0, 0.0 ], [ -180.0, 0.0 ] ] } },
{ "type": "Feature", "properties": { "id": 3438 }, "geometry": { "type": "LineString", "coordinates": [ [ 180.0, 10.0 ], [ -180.0, 10.0 ] ] } },
{ "type": "Feature", "properties": { "id": 3439 }, "geometry": { "type": "LineString", "coordinates": [ [ 180.0, 20.0 ], [ -180.0, 20.0 ] ] } },
{ "type": "Feature", "properties": { "id": 3440 }, "geometry": { "type": "LineString", "coordinates": [ [ 180.0, 30.0 ], [ -180.0, 30.0 ] ] } },
{ "type": "Feature", "properties": { "id": 3441 }, "geometry": { "type": "LineString", "coordinates": [ [ 180.0, 40.0 ], [ -180.0, 40.0 ] ] } },
{ "type": "Feature", "properties": { "id": 3442 }, "geometry": { "type": "LineString", "coordinates": [ [ 180.0, -10.0 ], [ 75.279490335370213, -10.000715092324057 ], [ 70.000000031224189, -10.000000067776476 ], [ -180.0, -10.0 ] ] } },
{ "type": "Feature", "properties": { "id": 3443 }, "geometry": { "type": "LineString", "coordinates": [ [ 180.0, -20.0 ], [ -180.0, -20.0 ] ] } },
{ "type": "Feature", "properties": { "id": 3444 }, "geometry": { "type": "LineString", "coordinates": [ [ 180.0, -30.0 ], [ -180.0, -30.0 ] ] } },
{ "type": "Feature", "properties": { "id": 3445 }, "geometry": { "type": "LineString", "coordinates": [ [ 180.0, -40.0 ], [ -180.0, -40.0 ] ] } },
{ "type": "Feature", "properties": { "id": 3446 }, "geometry": { "type": "LineString", "coordinates": [ [ 180.0, -50.0 ], [ -180.0, -50.0 ] ] } },
{ "type": "Feature", "properties": { "id": 3447 }, "geometry": { "type": "LineString", "coordinates": [ [ 10.249394, 56.158999 ], [ 10.34500122070313, 56.085830048987987 ], [ 10.67596435546875, 56.023715550533552 ], [ 10.95062255859375, 56.119529339943249 ] ] } },
{ "type": "Feature", "properties": { "id": 3448 }, "geometry": { "type": "LineString", "coordinates": [ [ 10.95062255859375, 56.119529339943249 ], [ 11.391819190189331, 56.41165955659045 ], [ 12.205419, 57.084621 ] ] } },
{ "type": "Feature", "properties": { "id": 3449 }, "geometry": { "type": "LineString", "coordinates": [ [ 10.9, 55.6 ], [ 10.95062255859375, 56.119529339943249 ], [ 11.1350918249132, 56.714560832329809 ], [ 11.4, 57.7 ] ] } },
{ "type": "Feature", "properties": { "id": 3450 }, "geometry": { "type": "LineString", "coordinates": [ [ 10.95062255859375, 56.119529339943249 ], [ 12.2248649597168, 56.202120773375 ] ] } },
{ "type": "Feature", "properties": { "id": 3451 }, "geometry": { "type": "LineString", "coordinates": [ [ 10.7333, 57.8 ], [ 10.694366, 57.370646 ], [ 10.773164, 57.137476 ], [ 11.1350918249132, 56.714560832329809 ], [ 11.391819190189331, 56.41165955659045 ], [ 12.2248649597168, 56.202120773375 ], [ 12.62972493488952, 56.063887212096077 ] ] } },
{ "type": "Feature", "properties": { "id": 3452 }, "geometry": { "type": "LineString", "coordinates": [ [ 12.75, 55.9 ], [ 12.62972493488952, 56.063887212096077 ], [ 12.409118277425369, 56.337382172377652 ], [ 11.4, 57.7 ] ] } },
{ "type": "Feature", "properties": { "id": 3453 }, "geometry": { "type": "LineString", "coordinates": [ [ 12.821892, 56.638669 ], [ 12.40750878837154, 56.336202707295747 ], [ 12.2248649597168, 56.202120773375 ], [ 11.853149, 55.993443 ] ] } },
{ "type": "Feature", "properties": { "id": 3454 }, "geometry": { "type": "LineString", "coordinates": [ [ 9.781246, 55.662808 ], [ 10.174940977603301, 55.659036737509211 ], [ 10.9, 55.6 ] ] } },
{ "type": "Feature", "properties": { "id": 3455 }, "geometry": { "type": "LineString", "coordinates": [ [ 9.781246, 55.662808 ], [ 9.822962, 55.565951 ], [ 10.174940977603301, 55.659036737509211 ], [ 10.62652587890625, 55.753008661974171 ], [ 10.9577, 55.8488 ], [ 11.792893, 55.837587 ] ] } },
{ "type": "Feature", "properties": { "id": 3456 }, "geometry": { "type": "LineString", "coordinates": [ [ 10.7333, 57.8 ], [ 9.952745, 57.599859 ], [ 8.9354, 57.406 ], [ 7.7379, 56.6708 ], [ 5.7822, 54.7977 ] ] } },
{ "type": "Feature", "properties": { "id": 3457 }, "geometry": { "type": "LineString", "coordinates": [ [ 10.063989, 58.988191 ], [ 9.952745, 57.599859 ] ] } },
{ "type": "Feature", "properties": { "id": 3458 }, "geometry": { "type": "LineString", "coordinates": [ [ 10.7333, 57.8 ], [ 9.75477223243127, 57.878653729452559 ], [ 8.05, 57.95 ] ] } },
{ "type": "Feature", "properties": { "id": 3459 }, "geometry": { "type": "LineString", "coordinates": [ [ 0.4, 53.5 ], [ 0.4513, 53.1725 ], [ 0.2645, 52.9033 ], [ 0.6133, 53.0439 ], [ 1.7064, 52.8569 ], [ 2.1349, 52.7457 ], [ 3.1907, 53.0346 ], [ 4.508, 54.1908 ], [ 6.2438, 56.0193 ], [ 7.3436, 57.2069 ], [ 8.05, 57.95 ] ] } },
{ "type": "Feature", "properties": { "id": 3460 }, "geometry": { "type": "LineString", "coordinates": [ [ -1.1033, 54.7161 ], [ 7.3436, 57.2069 ], [ 10.7333, 57.8 ] ] } },
{ "type": "Feature", "properties": { "id": 3461 }, "geometry": { "type": "LineString", "coordinates": [ [ 11.287663, 58.288653 ], [ 9.75477223243127, 57.878653729452559 ], [ 7.3436, 57.2069 ] ] } },
{ "type": "Feature", "properties": { "id": 3462 }, "geometry": { "type": "LineString", "coordinates": [ [ 10.247076, 59.032342 ], [ 10.511279, 59.00729 ], [ 10.975341796875, 58.941507298419793 ], [ 10.831103, 59.057376 ], [ 10.497685, 59.00858 ] ] } },
{ "type": "Feature", "properties": { "id": 3463 }, "geometry": { "type": "LineString", "coordinates": [ [ 9.762705, 58.978637 ], [ 9.763069152832029, 59.011047096167722 ], [ 9.70556259155274, 59.049825703392912 ] ] } },
{ "type": "Feature", "properties": { "id": 3464 }, "geometry": { "type": "LineString", "coordinates": [ [ 17.0, 56.4 ], [ 15.80657958984375, 55.727110085045993 ], [ 14.374661, 55.229033 ], [ 13.9, 55.0 ] ] } },
{ "type": "Feature", "properties": { "id": 3465 }, "geometry": { "type": "LineString", "coordinates": [ [ 13.9, 55.0 ], [ 15.03341674804688, 54.927930974018658 ], [ 19.0, 55.0 ] ] } },
{ "type": "Feature", "properties": { "id": 3466 }, "geometry": { "type": "LineString", "coordinates": [ [ 15.556619, 54.195535 ], [ 15.03341674804688, 54.927930974018658 ], [ 14.638863, 55.096643 ] ] } },
{ "type": "Feature", "properties": { "id": 3467 }, "geometry": { "type": "LineString", "coordinates": [ [ 27.7743, 59.4767 ], [ 23.127, 59.7545 ], [ 19.092864990234379, 59.387779823784797 ] ] } },
{ "type": "Feature", "properties": { "id": 3468 }, "geometry": { "type": "LineString", "coordinates": [ [ 19.092864990234379, 59.387779823784797 ], [ 18.3636474609375, 58.762503262787128 ], [ 17.1, 58.5 ] ] } },
{ "type": "Feature", "properties": { "id": 3469 }, "geometry": { "type": "LineString", "coordinates": [ [ 20.6, 58.2 ], [ 19.619910214601209, 58.9770305745065 ], [ 19.092864990234379, 59.387779823784797 ] ] } },
{ "type": "Feature", "properties": { "id": 3470 }, "geometry": { "type": "LineString", "coordinates": [ [ 21.4, 60.0 ], [ 20.052651417848061, 59.645586385055921 ], [ 19.092864990234379, 59.387779823784797 ] ] } },
{ "type": "Feature", "properties": { "id": 3471 }, "geometry": { "type": "LineString", "coordinates": [ [ 21.4, 60.0 ], [ 20.7861328125, 60.890372480514053 ], [ 21.1715, 61.4685 ] ] } },
{ "type": "Feature", "properties": { "id": 3472 }, "geometry": { "type": "LineString", "coordinates": [ [ 21.1715, 61.4685 ], [ 20.0, 62.35 ] ] } },
{ "type": "Feature", "properties": { "id": 3473 }, "geometry": { "type": "LineString", "coordinates": [ [ 19.307012557983398, 60.092069858149422 ], [ 20.052651417848061, 59.645586385055921 ], [ 20.054493037392518, 59.475558912986038 ], [ 19.619910214601209, 58.9770305745065 ], [ 18.360874, 57.98279 ], [ 17.702685, 57.398128 ], [ 17.0, 56.4 ] ] } },
{ "type": "Feature", "properties": { "id": 3474 }, "geometry": { "type": "LineString", "coordinates": [ [ 20.0, 62.35 ], [ 19.307012557983398, 60.092069858149422 ], [ 19.092864990234379, 59.387779823784797 ] ] } },
{ "type": "Feature", "properties": { "id": 3475 }, "geometry": { "type": "LineString", "coordinates": [ [ 18.2701, 62.2967 ], [ 19.307012557983398, 60.092069858149422 ], [ 19.480133056640629, 59.707248531838722 ], [ 19.092864990234379, 59.387779823784797 ] ] } },
{ "type": "Feature", "properties": { "id": 3476 }, "geometry": { "type": "LineString", "coordinates": [ [ 17.546, 60.7466 ], [ 18.2701, 62.2967 ], [ 21.1715, 61.4685 ], [ 19.307012557983398, 60.092069858149422 ] ] } },
{ "type": "Feature", "properties": { "id": 3477 }, "geometry": { "type": "LineString", "coordinates": [ [ 19.307012557983398, 60.092069858149422 ], [ 18.5888671875, 60.970441603933267 ], [ 17.290158, 61.613686 ], [ 17.546, 60.7466 ], [ 18.446044921875, 60.667797115411801 ], [ 19.032968, 60.26071 ], [ 19.307012557983398, 60.092069858149422 ] ] } },
{ "type": "Feature", "properties": { "id": 3478 }, "geometry": { "type": "LineString", "coordinates": [ [ 18.2701, 62.2967 ], [ 21.0, 63.2 ], [ 21.438376476155931, 63.604554117963623 ], [ 22.7535, 64.0369 ], [ 23.901805, 65.133992 ], [ 24.15737, 65.37095 ], [ 24.235352, 65.444353 ], [ 24.365488, 65.554722 ] ] } },
{ "type": "Feature", "properties": { "id": 3479 }, "geometry": { "type": "LineString", "coordinates": [ [ 14.4, 54.4 ], [ 15.03341674804688, 54.927930974018658 ], [ 16.63454702537426, 55.741512588497059 ], [ 17.0, 56.4 ] ] } },
{ "type": "Feature", "properties": { "id": 3480 }, "geometry": { "type": "LineString", "coordinates": [ [ 17.0, 56.4 ], [ 17.748765500462511, 55.760886045689652 ], [ 19.0, 55.0 ] ] } },
{ "type": "Feature", "properties": { "id": 3481 }, "geometry": { "type": "LineString", "coordinates": [ [ 20.8419, 55.7126 ], [ 20.0, 55.8 ], [ 14.9468994140625, 56.006059860014702 ], [ 15.80657958984375, 55.727110085045993 ], [ 16.63454702537426, 55.741512588497059 ], [ 17.748765500462511, 55.760886045689652 ], [ 18.595432978357611, 55.772744001582687 ], [ 20.0, 55.8 ] ] } },
{ "type": "Feature", "properties": { "id": 3482 }, "geometry": { "type": "LineString", "coordinates": [ [ 19.0, 55.0 ], [ 18.595432978357611, 55.772744001582687 ], [ 17.1, 58.5 ] ] } },
{ "type": "Feature", "properties": { "id": 3483 }, "geometry": { "type": "LineString", "coordinates": [ [ -65.4, 43.2 ], [ -64.2, 42.3 ] ] } },
{ "type": "Feature", "properties": { "id": 3484 }, "geometry": { "type": "LineString", "coordinates": [ [ -65.4, 43.2 ], [ -63.5, 44.4 ] ] } },
{ "type": "Feature", "properties": { "id": 3485 }, "geometry": { "type": "LineString", "coordinates": [ [ -69.25, 41.8 ], [ -65.4, 43.2 ] ] } },
{ "type": "Feature", "properties": { "id": 3486 }, "geometry": { "type": "LineString", "coordinates": [ [ -67.7575, 44.0943 ], [ -66.730957031250014, 43.39307372067443 ], [ -65.4, 43.2 ] ] } },
{ "type": "Feature", "properties": { "id": 3487 }, "geometry": { "type": "LineString", "coordinates": [ [ -65.4, 43.2 ], [ -66.044311523437514, 43.58039085560786 ], [ -66.7618, 44.2835 ] ] } },
{ "type": "Feature", "properties": { "id": 3488 }, "geometry": { "type": "LineString", "coordinates": [ [ -55.0, 45.0 ], [ -62.183923784024188, 44.501586085155942 ], [ -63.5, 44.4 ] ] } },
{ "type": "Feature", "properties": { "id": 3489 }, "geometry": { "type": "LineString", "coordinates": [ [ -65.4, 43.2 ], [ -62.183923784024188, 44.501586085155942 ], [ -60.2173, 45.2835 ] ] } },
{ "type": "Feature", "properties": { "id": 3490 }, "geometry": { "type": "LineString", "coordinates": [ [ 114.1, 21.7 ], [ 113.855438232421875, 22.034729817044202 ], [ 113.693389892578125, 22.238259929564311 ], [ 113.755187988281264, 22.385634801857179 ], [ 113.752185040575085, 22.531493484114851 ], [ 113.685150146484375, 22.70398860669377 ] ] } },
{ "type": "Feature", "properties": { "id": 3491 }, "geometry": { "type": "LineString", "coordinates": [ [ 114.1, 21.7 ], [ 114.216613769531264, 21.932854736335301 ], [ 114.426727294921875, 22.070368801349261 ], [ 114.421234130859375, 22.253512814974751 ], [ 114.428100585937514, 22.33864420091119 ], [ 114.451446533203139, 22.42626252620585 ], [ 114.408874511718764, 22.517631421923781 ], [ 114.336090087890639, 22.558220454844051 ] ] } },
{ "type": "Feature", "properties": { "id": 3492 }, "geometry": { "type": "LineString", "coordinates": [ [ 109.0, 16.1 ], [ 107.479248046875, 18.281518235308909 ], [ 107.1, 20.25 ] ] } },
{ "type": "Feature", "properties": { "id": 3493 }, "geometry": { "type": "LineString", "coordinates": [ [ 126.4, 10.5 ], [ 125.562744140625014, 10.585021646686441 ], [ 125.057373046875014, 9.438224391343351 ], [ 123.8, 9.1 ] ] } },
{ "type": "Feature", "properties": { "id": 3494 }, "geometry": { "type": "LineString", "coordinates": [ [ 125.5, 1.2 ], [ 123.655771, 4.142329 ], [ 121.865095, 6.98886 ], [ 121.614, 11.22 ], [ 119.9, 14.4 ] ] } },
{ "type": "Feature", "properties": { "id": 3495 }, "geometry": { "type": "LineString", "coordinates": [ [ 123.655771, 4.142329 ], [ 118.111877, 3.669807 ], [ 124.1092, 5.1966 ] ] } },
{ "type": "Feature", "properties": { "id": 3496 }, "geometry": { "type": "LineString", "coordinates": [ [ 125.8, 5.7 ], [ 125.463867187500014, 5.24412758148954 ], [ 124.1092, 5.1966 ], [ 123.655771, 4.142329 ], [ 119.5, 1.1 ] ] } },
{ "type": "Feature", "properties": { "id": 3497 }, "geometry": { "type": "LineString", "coordinates": [ [ 125.8, 5.7 ], [ 125.988545196655906, 3.71129561476796 ], [ 125.5, 1.2 ] ] } },
{ "type": "Feature", "properties": { "id": 3498 }, "geometry": { "type": "LineString", "coordinates": [ [ 120.05, 8.4 ], [ 124.1092, 5.1966 ], [ 125.988545196655906, 3.71129561476796 ], [ 128.15, 2.0 ] ] } },
{ "type": "Feature", "properties": { "id": 3499 }, "geometry": { "type": "LineString", "coordinates": [ [ 125.352642, -0.486906 ], [ 122.170073, 0.001419 ], [ 120.410156250000014, -0.65916514628945 ] ] } },
{ "type": "Feature", "properties": { "id": 3500 }, "geometry": { "type": "LineString", "coordinates": [ [ 117.740478515625014, -0.61522255240684 ], [ 119.5002, 1.1002 ], [ 119.465332031250014, -0.63719389619987 ], [ 118.2277, -2.1506 ], [ 117.740478515625014, -0.61522255240684 ] ] } },
{ "type": "Feature", "properties": { "id": 3501 }, "geometry": { "type": "LineString", "coordinates": [ [ 117.0, 23.0 ], [ 118.103027343750014, 23.765236889758668 ], [ 118.937988281250014, 24.542126388899309 ], [ 119.761962890625014, 25.085598897064781 ], [ 120.0, 25.7 ] ] } },
{ "type": "Feature", "properties": { "id": 3502 }, "geometry": { "type": "LineString", "coordinates": [ [ 125.7, 13.4 ], [ 122.875213623046875, 30.181934730780569 ] ] } },
{ "type": "Feature", "properties": { "id": 3503 }, "geometry": { "type": "LineString", "coordinates": [ [ 121.3, 27.8 ], [ 122.211914062500014, 28.733947338403691 ], [ 122.875213623046875, 30.181934730780569 ], [ 122.6776, 30.8345 ] ] } },
{ "type": "Feature", "properties": { "id": 3504 }, "geometry": { "type": "LineString", "coordinates": [ [ 122.6776, 30.8345 ], [ 121.827392578125014, 30.732392734006091 ], [ 121.217651367187514, 30.448673679287559 ], [ 122.6776, 30.8345 ], [ 122.492065429687514, 30.387091887781121 ], [ 122.875213623046875, 30.181934730780569 ], [ 122.492065429687514, 30.387091887781121 ], [ 121.217651367187514, 30.448673679287559 ], [ 121.926269531250014, 30.254322336443451 ], [ 122.416534423828139, 30.154627220775971 ], [ 122.875213623046875, 30.181934730780569 ], [ 123.077087402343764, 30.082166336910561 ], [ 124.8944, 29.0848 ] ] } },
{ "type": "Feature", "properties": { "id": 3505 }, "geometry": { "type": "LineString", "coordinates": [ [ 122.9, 31.3 ], [ 122.392275496853003, 33.13088784899994 ], [ 121.0, 35.9 ] ] } },
{ "type": "Feature", "properties": { "id": 3506 }, "geometry": { "type": "LineString", "coordinates": [ [ 123.2, 37.1 ], [ 123.297925267396465, 33.49110301915281 ], [ 122.9, 31.3 ] ] } },
{ "type": "Feature", "properties": { "id": 3507 }, "geometry": { "type": "LineString", "coordinates": [ [ 121.2816, 32.6871 ], [ 121.821831783657174, 32.903235950249929 ], [ 122.392275496853003, 33.13088784899994 ], [ 123.297925267396465, 33.49110301915281 ], [ 125.6, 34.4 ] ] } },
{ "type": "Feature", "properties": { "id": 3508 }, "geometry": { "type": "LineString", "coordinates": [ [ 125.6, 34.4 ], [ 121.0, 35.9 ], [ 119.88332827640312, 34.90786950328377 ], [ 120.7763, 34.2995 ], [ 121.821831783657174, 32.903235950249929 ], [ 122.9, 31.3 ] ] } },
{ "type": "Feature", "properties": { "id": 3509 }, "geometry": { "type": "LineString", "coordinates": [ [ 131.9, 33.75 ], [ 132.462158203125028, 33.820230085247388 ], [ 132.659912109375028, 34.102707993174882 ] ] } },
{ "type": "Feature", "properties": { "id": 3510 }, "geometry": { "type": "LineString", "coordinates": [ [ 132.659912109375028, 34.102707993174882 ], [ 132.962036132812528, 34.152726980118182 ], [ 133.085632324218778, 34.07086232376632 ], [ 133.634948730468778, 34.332096438353922 ], [ 134.005737304687528, 34.418239163003491 ], [ 134.393005371093778, 34.388779254390208 ], [ 134.859924316406278, 34.098159345215542 ] ] } },
{ "type": "Feature", "properties": { "id": 3511 }, "geometry": { "type": "LineString", "coordinates": [ [ 135.263671875000028, 34.576690995271981 ], [ 135.1, 34.377445758577402 ], [ 134.859924316406278, 34.098159345215542 ], [ 135.1, 33.2 ] ] } },
{ "type": "Feature", "properties": { "id": 3512 }, "geometry": { "type": "LineString", "coordinates": [ [ 135.1, 33.2 ], [ 136.598132569977594, 33.846444763969942 ], [ 137.197265625000028, 34.32529192442734 ], [ 137.857074237018168, 34.38592668170093 ], [ 138.661193847656278, 34.94673942495389 ], [ 138.787536621093778, 34.406909656520597 ], [ 139.191284179687528, 34.655803905058981 ], [ 139.3, 35.0 ] ] } },
{ "type": "Feature", "properties": { "id": 3513 }, "geometry": { "type": "LineString", "coordinates": [ [ 131.9, 33.75 ], [ 131.212463378906278, 33.79512630103207 ], [ 131.066894531250028, 33.94335994657883 ], [ 130.690612792968778, 33.991195769956001 ], [ 130.1, 34.3 ] ] } },
{ "type": "Feature", "properties": { "id": 3514 }, "geometry": { "type": "LineString", "coordinates": [ [ 130.1, 34.3 ], [ 129.353027343750028, 33.724339661747599 ], [ 129.287109375000028, 33.142150831105361 ], [ 129.353027343750028, 32.50976173591944 ], [ 128.9, 31.4 ] ] } },
{ "type": "Feature", "properties": { "id": 3515 }, "geometry": { "type": "LineString", "coordinates": [ [ 49.4942, 37.6287 ], [ 49.655130209765851, 39.52756890838986 ], [ 50.8785, 39.89 ], [ 53.1417, 39.6493 ] ] } },
{ "type": "Feature", "properties": { "id": 3516 }, "geometry": { "type": "LineString", "coordinates": [ [ 53.3394, 36.9644 ], [ 53.6251, 38.2007 ], [ 52.793700769543648, 39.066181026402347 ], [ 53.1417, 39.6493 ] ] } },
{ "type": "Feature", "properties": { "id": 3517 }, "geometry": { "type": "LineString", "coordinates": [ [ 51.1641, 43.1143 ], [ 49.031982421875007, 44.38348030556601 ], [ 47.8023, 45.1174 ] ] } },
{ "type": "Feature", "properties": { "id": 3518 }, "geometry": { "type": "LineString", "coordinates": [ [ 53.1417, 39.6493 ], [ 50.765625201165683, 41.506129999337809 ], [ 48.348633348941803, 42.869850709025478 ] ] } },
{ "type": "Feature", "properties": { "id": 3519 }, "geometry": { "type": "LineString", "coordinates": [ [ 47.8023, 45.1174 ], [ 50.765625201165683, 41.506129999337809 ] ] } },
{ "type": "Feature", "properties": { "id": 3520 }, "geometry": { "type": "LineString", "coordinates": [ [ 53.3394, 36.9644 ], [ 51.640136986970923, 38.582626989149219 ], [ 50.8785, 39.89 ], [ 48.348633348941803, 42.869850709025478 ], [ 47.8023, 45.1174 ] ] } },
{ "type": "Feature", "properties": { "id": 3521 }, "geometry": { "type": "LineString", "coordinates": [ [ 47.8023, 45.1174 ], [ 47.78256208403036, 45.394294120254742 ], [ 47.698791332077242, 45.682041889891053 ], [ 47.637474017101347, 45.721893858022447 ], [ 47.65120692725759, 45.738437966808682 ], [ 47.64571376319509, 45.768157092383959 ], [ 47.656013445812277, 45.782292087631973 ], [ 47.66493983741384, 45.796902468254352 ], [ 47.68416591163259, 45.806480966678713 ], [ 47.677986102062292, 45.816297218555754 ], [ 47.669403033214643, 45.835685216256863 ], [ 47.671462969738059, 45.847649745490124 ], [ 47.629577593761503, 45.868222717201888 ], [ 47.622436437523, 45.880276857473127 ], [ 47.662261876976117, 45.938592594675683 ], [ 47.629989538108937, 45.974889459873431 ], [ 47.694534215843312, 45.981573131342557 ], [ 47.7048338984605, 46.028271408588452 ], [ 47.742599401390187, 46.0992947720217 ], [ 47.81744376174175, 46.150241761261022 ], [ 47.849029455101117, 46.192582336346923 ], [ 47.908767614280812, 46.21255196163942 ], [ 48.039367503952242, 46.392097542396513 ], [ 47.976196117233492, 46.460285610170153 ], [ 48.033874339889728, 46.524607137738862 ], [ 48.017394847702242, 46.541620691306612 ], [ 47.906158275436617, 46.581298256151541 ], [ 47.892425365280367, 46.653021999374438 ], [ 47.832000560592867, 46.747250618671941 ], [ 47.71472099237144, 46.858910459904749 ], [ 47.60485771112144, 46.843876164095732 ], [ 47.60485771112144, 46.956530808145509 ], [ 47.07751396112144, 47.218471369199086 ], [ 47.12145927362144, 47.29680239864674 ], [ 46.97863700799644, 47.427096645726557 ], [ 46.87426689080894, 47.427096645726557 ], [ 46.55017021112144, 47.723704142419308 ], [ 46.352416304871447, 47.860317064393698 ], [ 46.15466239862144, 47.948738859344033 ], [ 46.17663505487144, 48.205773342892861 ], [ 46.004150218795992, 48.240877434554513 ], [ 45.888793773483492, 48.323166535099773 ], [ 45.56332380278036, 48.466398051503631 ], [ 45.368316478561617, 48.408059363441829 ], [ 45.097778148483478, 48.474596557013591 ], [ 44.976928539108492, 48.437986382789752 ], [ 44.905517406295992, 48.477166990477613 ], [ 44.625366039108492, 48.538155586373591 ], [ 44.557147958257708, 48.530548536341989 ], [ 44.55285642383388, 48.525430278489303 ], [ 44.554573037603411, 48.513485665076651 ], [ 44.559877384890576, 48.50396741998906 ], [ 44.55198096155074, 48.484618917070613 ], [ 44.523056019534131, 48.454973648733649 ], [ 44.50362391944509, 48.424982905586383 ], [ 44.483024554210722, 48.42201959321735 ], [ 44.41333003516776, 48.444126297793268 ], [ 44.39650722022634, 48.448683185220361 ], [ 44.36629481788259, 48.450050171718921 ], [ 44.34706874366384, 48.468500887943087 ], [ 44.20678676571697, 48.494016992572227 ], [ 44.160094871185741, 48.548618927635708 ], [ 44.063964500091991, 48.624962768948158 ], [ 43.967422399437062, 48.682195214042977 ], [ 43.6948241328355, 48.654066070733421 ], [ 43.32018974237144, 48.486060013589089 ], [ 42.728025969117887, 47.767293767244482 ], [ 42.090818937867887, 47.560018306649809 ], [ 40.915281828492887, 47.582265761775282 ], [ 40.508787687867887, 47.46350344641526 ], [ 40.201170500367887, 47.225171987983032 ], [ 39.695799406617887, 47.195304887365062 ], [ 39.267332609742887, 47.075668273588661 ], [ 39.0431, 47.104 ] ] } },
{ "type": "Feature", "properties": { "id": 3522 }, "geometry": { "type": "LineString", "coordinates": [ [ -65.638915747404099, 49.51112497559631 ], [ -63.3547, 48.9284 ], [ -64.4587, 47.2377 ], [ -64.539184570312514, 46.672056467344987 ], [ -63.8360595703125, 46.214050815339533 ], [ -62.767639160156257, 45.920587344733647 ], [ -61.754150390625007, 45.956878250632201 ], [ -61.398468017578132, 45.625563438215977 ], [ -60.999804988490673, 45.418113763646438 ], [ -60.2173, 45.2835 ] ] } },
{ "type": "Feature", "properties": { "id": 3523 }, "geometry": { "type": "LineString", "coordinates": [ [ 180.0, 50.0 ], [ -180.0, 50.0 ] ] } },
{ "type": "Feature", "properties": { "id": 3524 }, "geometry": { "type": "LineString", "coordinates": [ [ 52.065, 46.314 ], [ 51.4718, 45.9791 ], [ 49.9337, 45.3495 ], [ 49.612059742212303, 45.076921668238519 ], [ 51.1641, 43.1143 ], [ 50.765625201165683, 41.506129999337809 ], [ 50.8785, 39.89 ], [ 49.4942, 37.6287 ] ] } },
{ "type": "Feature", "properties": { "id": 3525 }, "geometry": { "type": "LineString", "coordinates": [ [ 47.8023, 45.1174 ], [ 49.612059742212303, 45.076921668238519 ] ] } },
{ "type": "Feature", "properties": { "id": 3526 }, "geometry": { "type": "LineString", "coordinates": [ [ 51.1641, 43.1143 ], [ 51.809326037764549, 41.223203836907139 ], [ 53.1417, 39.6493 ] ] } },
{ "type": "Feature", "properties": { "id": 3527 }, "geometry": { "type": "LineString", "coordinates": [ [ -83.605957031250014, 45.769037555346053 ], [ -84.313476160168676, 45.832638600958482 ], [ -85.115478113293648, 45.809658234515616 ], [ -86.225097253918648, 45.61778629282523 ], [ -86.851317957043648, 44.93715569546125 ], [ -87.554442957043648, 43.58326110252473 ], [ -87.741210535168648, 43.11968883449903 ], [ -87.609374597668648, 42.660661115564352 ], [ -87.653319910168648, 42.247058074479931 ], [ -87.521483972668648, 41.928931406391321 ], [ -87.213866785168648, 41.732368534668751 ], [ -86.510741785168648, 42.124890471633996 ], [ -87.609374597668648, 42.652577511481567 ], [ -86.387695446610465, 42.663182349337511 ], [ -86.510741785168648, 42.124890471633996 ] ] } },
{ "type": "Feature", "properties": { "id": 3528 }, "geometry": { "type": "LineString", "coordinates": [ [ -65.638915747404099, 49.51112497559631 ], [ -66.849609240889563, 49.158622487822349 ], [ -68.7297, 48.7027 ], [ -69.625854492187514, 47.820539084828063 ], [ -70.922241210937514, 46.893985460925506 ], [ -71.040412907022997, 46.841121279111597 ], [ -71.183097835164517, 46.837089291225837 ], [ -71.234802254475667, 46.766198051354813 ], [ -71.356447289412159, 46.738916495724212 ], [ -71.68386854231359, 46.652011505316111 ], [ -71.890960726887002, 46.672032496734033 ], [ -72.194183366373196, 46.54728188388723 ], [ -72.281799316406264, 46.432117134976338 ], [ -72.806396484375014, 46.217851767403012 ], [ -73.040097571846843, 46.061273692697029 ], [ -73.164276173338308, 46.038911405951367 ], [ -73.211242659017458, 45.906206846940343 ], [ -73.373290998861208, 45.793129141467602 ], [ -73.48837293684484, 45.617586466552218 ], [ -73.535614013671889, 45.509612706529978 ], [ -73.524902276694789, 45.460319149504961 ], [ -73.572143521159902, 45.427014724326618 ], [ -73.782806396484389, 45.420073407159776 ], [ -73.939087316393852, 45.299451389839113 ], [ -74.224544198204001, 45.260853514232359 ], [ -74.509277343750014, 45.06673148768116 ], [ -74.911651611328139, 44.986170463577928 ], [ -75.3311, 44.805 ], [ -75.4908, 44.7099 ], [ -76.0901, 44.2466 ], [ -79.125732555985451, 43.420087094133692 ], [ -78.936767578125014, 42.810496773061871 ], [ -82.722656652331366, 41.648465140579781 ], [ -83.16430684179069, 41.911045413330989 ], [ -83.006103113293662, 42.360911070934897 ], [ -82.498534955084338, 42.63310466561191 ], [ -82.428222522139563, 43.002304374678779 ], [ -82.114013135433211, 43.583038406344599 ], [ -82.487548962235465, 45.327618300886627 ], [ -83.605957031250014, 45.769037555346053 ], [ -84.108581542968764, 46.284519007416627 ], [ -84.213775685057058, 46.369091802172363 ], [ -84.250717163085938, 46.443821057171441 ], [ -84.326110789552345, 46.509426318826058 ], [ -84.434600821696236, 46.489508865867002 ], [ -84.476760872639744, 46.45554190379022 ], [ -84.562316886149361, 46.441160830034107 ], [ -84.799072667956366, 46.862204838623313 ], [ -86.607424020767226, 47.321627647455998 ], [ -87.903808392584352, 47.77346357705629 ], [ -89.479748663439238, 47.449332110055749 ], [ -90.580078661441817, 47.23387610541846 ], [ -91.496338024735465, 46.935114088897521 ] ] } },
{ "type": "Feature", "properties": { "id": 3530 }, "geometry": { "type": "LineString", "coordinates": [ [ -75.10148186043385, -52.58761879200744 ], [ -74.701538085937514, -52.659725933358047 ], [ -73.443603515625014, -53.090725263664623 ], [ -73.262329101562514, -53.252068805894133 ], [ -72.586669921875014, -53.550099314556192 ], [ -72.372436523437514, -53.55336278552808 ], [ -72.155456542968764, -53.69508030389494 ], [ -71.048583984375014, -54.014224657560888 ], [ -70.677795410156264, -53.386604685626907 ], [ -70.45, -52.7501 ] ] } },
{ "type": "Feature", "properties": { "id": 3531 }, "geometry": { "type": "LineString", "coordinates": [ [ -75.10148186043385, -52.58761879200744 ], [ -82.748, -51.7366 ], [ -90.0, -50.0 ] ] } },
{ "type": "Feature", "properties": { "id": 3532 }, "geometry": { "type": "LineString", "coordinates": [ [ -75.10148186043385, -52.58761879200744 ], [ -82.731, -50.0724 ], [ -89.5334, -46.723 ], [ -95.5514, -43.0728 ], [ -101.0082, -39.2759 ], [ -106.1003, -35.4399 ], [ -110.9524, -31.6319 ], [ -115.6341, -27.8742 ], [ -120.1861, -24.1691 ], [ -123.7698, -20.1614 ], [ -127.474, -15.9677 ], [ -131.3128, -11.5802 ], [ -134.9415, -7.4332 ], [ -138.7336, -3.0802 ], [ -142.4126, 1.2856 ], [ -146.1057, 5.5258 ], [ -150.0, 10.0 ] ] } },
{ "type": "Feature", "properties": { "id": 3533 }, "geometry": { "type": "LineString", "coordinates": [ [ -75.10148186043385, -52.58761879200744 ], [ -80.0, -50.0 ] ] } },
{ "type": "Feature", "properties": { "id": 3534 }, "geometry": { "type": "LineString", "coordinates": [ [ -75.10148186043385, -52.58761879200744 ], [ -76.813732496200558, -55.730913939182066 ], [ -80.0, -60.0 ] ] } },
{ "type": "Feature", "properties": { "id": 3535 }, "geometry": { "type": "LineString", "coordinates": [ [ -76.813732496200558, -55.730913939182066 ], [ -73.3059, -54.6046 ] ] } },
{ "type": "Feature", "properties": { "id": 3536 }, "geometry": { "type": "LineString", "coordinates": [ [ -60.0, -50.0 ], [ -64.401, -55.662 ], [ -70.0, -60.0001 ] ] } },
{ "type": "Feature", "properties": { "id": 3537 }, "geometry": { "type": "LineString", "coordinates": [ [ -61.8714, -62.9294 ], [ -64.270019531250014, -56.920996758391063 ], [ -64.401, -55.662 ] ] } },
{ "type": "Feature", "properties": { "id": 3538 }, "geometry": { "type": "LineString", "coordinates": [ [ -70.631103515625014, -20.231274641302551 ], [ -71.3, -23.8 ] ] } },
{ "type": "Feature", "properties": { "id": 3539 }, "geometry": { "type": "LineString", "coordinates": [ [ -70.631103515625014, -20.231274641302551 ], [ -75.2164, -25.1723 ], [ -80.0, -30.0 ] ] } },
{ "type": "Feature", "properties": { "id": 3540 }, "geometry": { "type": "LineString", "coordinates": [ [ -70.631103515625014, -20.231274641302551 ], [ -75.4033, -20.1587 ], [ -80.0, -20.0 ] ] } },
{ "type": "Feature", "properties": { "id": 3541 }, "geometry": { "type": "LineString", "coordinates": [ [ -71.0, -18.9 ], [ -70.631103515625014, -20.231274641302551 ] ] } },
{ "type": "Feature", "properties": { "id": 3542 }, "geometry": { "type": "LineString", "coordinates": [ [ -71.3, -23.8 ], [ -72.020524247367561, -26.622890974054879 ], [ -72.8, -29.6 ] ] } },
{ "type": "Feature", "properties": { "id": 3543 }, "geometry": { "type": "LineString", "coordinates": [ [ -40.0, -30.0 ], [ -35.03687587027062, -35.35940599840626 ], [ -30.0, -40.0 ] ] } },
{ "type": "Feature", "properties": { "id": 3544 }, "geometry": { "type": "LineString", "coordinates": [ [ -40.0, -40.0 ], [ -35.03687587027062, -35.35940599840626 ], [ -30.0, -30.0 ] ] } },
{ "type": "Feature", "properties": { "id": 3545 }, "geometry": { "type": "LineString", "coordinates": [ [ -40.0, -40.0 ], [ -39.998046748160533, -35.362159014272613 ], [ -40.0, -30.0 ] ] } },
{ "type": "Feature", "properties": { "id": 3546 }, "geometry": { "type": "LineString", "coordinates": [ [ -40.0, -40.0 ], [ -45.0296, -35.3427 ], [ -49.5, -30.5 ] ] } },
{ "type": "Feature", "properties": { "id": 3547 }, "geometry": { "type": "LineString", "coordinates": [ [ -40.0, -30.0 ], [ -45.0296, -35.3427 ], [ -50.0, -40.0 ] ] } },
{ "type": "Feature", "properties": { "id": 3548 }, "geometry": { "type": "LineString", "coordinates": [ [ -54.6, -35.25 ], [ -45.0296, -35.3427 ], [ -39.998046748160533, -35.362159014272613 ], [ -35.03687587027062, -35.35940599840626 ], [ -18.036, -35.0196 ], [ 18.0, -35.0 ] ] } },
{ "type": "Feature", "properties": { "id": 3549 }, "geometry": { "type": "LineString", "coordinates": [ [ -60.0, -50.0 ], [ -56.0902, -44.84 ], [ -50.0, -40.0 ] ] } },
{ "type": "Feature", "properties": { "id": 3550 }, "geometry": { "type": "LineString", "coordinates": [ [ -41.3, -23.5 ], [ -43.6594, -27.3786 ], [ -46.1885, -31.2125 ], [ -48.9288, -34.9906 ], [ -51.9307, -38.699 ], [ -55.2557, -42.32 ], [ -57.097243625672498, -43.796846078823428 ], [ -58.9788, -45.8314 ], [ -63.1909, -49.204 ], [ -68.0, -52.4 ] ] } },
{ "type": "Feature", "properties": { "id": 3551 }, "geometry": { "type": "LineString", "coordinates": [ [ -61.25, -39.3 ], [ -57.097243625672498, -43.796846078823428 ], [ -56.0902, -44.84 ], [ -50.0, -50.0 ] ] } },
{ "type": "Feature", "properties": { "id": 3552 }, "geometry": { "type": "LineString", "coordinates": [ [ -68.0, -52.4 ], [ -62.618420395018447, -50.799310251400307 ], [ -60.0, -50.0 ] ] } },
{ "type": "Feature", "properties": { "id": 3553 }, "geometry": { "type": "LineString", "coordinates": [ [ -30.0, -50.0 ], [ -34.563, -45.1105 ], [ -40.0, -40.0 ] ] } },
{ "type": "Feature", "properties": { "id": 3554 }, "geometry": { "type": "LineString", "coordinates": [ [ -40.0, -50.0 ], [ -34.563, -45.1105 ], [ -30.0, -40.0 ] ] } },
{ "type": "Feature", "properties": { "id": 3555 }, "geometry": { "type": "LineString", "coordinates": [ [ -20.0, -50.0 ], [ -24.563, -45.1105 ], [ -30.0, -40.0 ] ] } },
{ "type": "Feature", "properties": { "id": 3556 }, "geometry": { "type": "LineString", "coordinates": [ [ 0.0, -50.0 ], [ 4.7139, -45.0332 ], [ 10.0, -40.0 ] ] } },
{ "type": "Feature", "properties": { "id": 3557 }, "geometry": { "type": "LineString", "coordinates": [ [ 18.0, -35.0 ], [ 12.2211, -39.3374 ], [ 10.0, -40.0 ], [ 4.8779296875, -42.553080288955812 ], [ -2.83972937311038, -47.010795208781559 ], [ -10.0, -50.0 ] ] } },
{ "type": "Feature", "properties": { "id": 3558 }, "geometry": { "type": "LineString", "coordinates": [ [ 20.0, -50.0 ], [ 15.37992206383368, -45.684611309924648 ], [ 10.0, -40.0 ] ] } },
{ "type": "Feature", "properties": { "id": 3559 }, "geometry": { "type": "LineString", "coordinates": [ [ 10.0, -50.0 ], [ 15.37992206383368, -45.684611309924648 ], [ 20.0, -40.0 ] ] } },
{ "type": "Feature", "properties": { "id": 3560 }, "geometry": { "type": "LineString", "coordinates": [ [ -64.7325, 17.7528 ], [ -64.7507, 17.722 ], [ -61.0, 14.0 ], [ -60.8787, 13.6212 ], [ -56.9106, 11.3521 ], [ -52.9962, 9.0522 ], [ -49.1234, 6.7299 ], [ -45.2809, 4.3921 ], [ -41.4576, 2.0456 ], [ -37.6431, -0.3052 ], [ -33.8274, -2.6554 ], [ -30.0, -5.0 ], [ -32.9163, -10.9972 ], [ -35.9531, -16.9632 ], [ -39.1877, -22.8777 ], [ -42.7142, -28.7165 ], [ -46.6531, -34.4474 ], [ -51.1627, -40.0285 ], [ -56.0902, -44.84 ], [ -62.618420395018447, -50.799310251400307 ], [ -63.1847, -53.7546 ], [ -64.401, -55.662 ], [ -65.192871093750014, -55.847566153298899 ], [ -66.395874023437514, -55.890715987422219 ], [ -66.958117222734316, -55.98361000389491 ], [ -67.467041015625014, -55.998380955359629 ], [ -68.2442, -55.8267 ], [ -71.385, -55.3608 ], [ -73.3059, -54.6046 ], [ -75.10148186043385, -52.58761879200744 ], [ -75.454101562500014, -52.099756925757262 ], [ -75.8605, -51.4344 ], [ -80.4071, -46.6931 ], [ -84.9131, -41.8212 ], [ -88.9141, -37.5102 ], [ -92.9934, -33.0464 ], [ -95.3524, -28.1348 ], [ -97.4932, -23.1811 ], [ -99.4773, -18.1973 ], [ -101.3495, -13.1919 ], [ -103.3041, -8.1291 ], [ -105.2095, -3.0561 ], [ -107.0969, 2.0208 ], [ -108.9961, 7.0952 ], [ -110.0, 10.0 ], [ -110.9376, 12.1608 ], [ -112.9555, 17.2105 ], [ -114.963514260273413, 21.787916296907198 ], [ -117.3882, 27.2281 ], [ -117.7702, 32.6652 ] ] } },
{ "type": "Feature", "properties": { "id": 3561 }, "geometry": { "type": "LineString", "coordinates": [ [ -66.395874023437514, -55.890715987422219 ], [ -65.258789062500014, -55.541064956111029 ], [ -64.978637695312514, -54.52108149544361 ] ] } },
{ "type": "Feature", "properties": { "id": 3562 }, "geometry": { "type": "LineString", "coordinates": [ [ -64.978637695312514, -54.52108149544361 ], [ -63.1847, -53.7546 ], [ -60.0, -50.0 ] ] } },
{ "type": "Feature", "properties": { "id": 3563 }, "geometry": { "type": "LineString", "coordinates": [ [ -68.0, -52.4 ], [ -67.280273437500014, -53.69670647530323 ], [ -64.978637695312514, -54.52108149544361 ], [ -64.401, -55.662 ] ] } },
{ "type": "Feature", "properties": { "id": 3564 }, "geometry": { "type": "LineString", "coordinates": [ [ -65.258789062500014, -55.541064956111029 ], [ -64.401, -55.662 ] ] } },
{ "type": "Feature", "properties": { "id": 3565 }, "geometry": { "type": "LineString", "coordinates": [ [ -57.1, -38.25 ], [ -58.210310419552208, -38.532435573675599 ], [ -60.221418797829699, -39.041198387967299 ], [ -61.25, -39.3 ] ] } },
{ "type": "Feature", "properties": { "id": 3566 }, "geometry": { "type": "LineString", "coordinates": [ [ -75.10148186043385, -52.58761879200744 ], [ -75.305786132812514, -52.072753653953178 ], [ -75.8605, -51.4344 ], [ -75.966506646856629, -48.91209859596632 ], [ -76.5, -46.5001 ] ] } },
{ "type": "Feature", "properties": { "id": 3567 }, "geometry": { "type": "LineString", "coordinates": [ [ -50.0, -50.0 ], [ -45.2843, -45.0323 ], [ -40.0, -40.0 ] ] } },
{ "type": "Feature", "properties": { "id": 3568 }, "geometry": { "type": "LineString", "coordinates": [ [ -10.0, -50.0 ], [ -14.563, -45.1104 ], [ -16.410697991357718, -43.420729231051958 ], [ -20.0, -40.0 ] ] } },
{ "type": "Feature", "properties": { "id": 3569 }, "geometry": { "type": "LineString", "coordinates": [ [ -20.0, -50.0 ], [ -14.563, -45.1104 ], [ -12.301778815816229, -42.630284543698288 ], [ -10.0, -40.0 ] ] } },
{ "type": "Feature", "properties": { "id": 3570 }, "geometry": { "type": "LineString", "coordinates": [ [ 0.0, -50.0 ], [ -2.83972937311038, -47.010795208781559 ], [ -4.563, -45.1105 ], [ -7.90188174269532, -41.836407352565182 ], [ -10.0, -40.0 ] ] } },
{ "type": "Feature", "properties": { "id": 3571 }, "geometry": { "type": "LineString", "coordinates": [ [ -56.0902, -44.84 ], [ -53.28369140625, -45.151053265563391 ], [ -50.932617187500007, -45.151053265563391 ], [ -47.74658203125, -45.120052841530537 ], [ -45.2843, -45.0323 ], [ -43.1982421875, -45.182036837015879 ], [ -40.78125, -45.305802599435772 ], [ -35.70556640625, -45.24395342262325 ], [ -34.563, -45.1105 ], [ -31.0693359375, -45.042478050891532 ], [ -28.49853515625, -45.182036837015879 ], [ -26.2353515625, -45.197522303056829 ], [ -16.410697991357718, -43.420729231051958 ], [ -12.301778815816229, -42.630284543698288 ], [ -7.90188174269532, -41.836407352565182 ], [ 0.0, -40.0 ] ] } },
{ "type": "Feature", "properties": { "passage": "northwest", "id": 3572 }, "geometry": { "type": "LineString", "coordinates": [ [ 176.209716796875028, 70.172064032253601 ], [ 178.857421875, 69.763756922231778 ], [ 182.856445312500028, 68.704486288511688 ], [ 185.844726562500028, 67.676084581981002 ], [ 188.6572265625, 67.221052967354083 ], [ 190.722656250000028, 66.107169558580424 ], [ 187.690429687500028, 64.033743921764014 ], [ 182.828979492187528, 63.136985449794402 ], [ 180.0, 62.1 ] ] } },
{ "type": "Feature", "properties": { "id": 3573 }, "geometry": { "type": "LineString", "coordinates": [ [ 141.0, 49.0 ], [ 141.4828, 52.0502 ], [ 141.5487, 53.5119 ], [ 139.7, 56.2 ], [ 143.2186, 59.1965 ] ] } },
{ "type": "Feature", "properties": { "id": 3574 }, "geometry": { "type": "LineString", "coordinates": [ [ 45.833918817219782, 69.551660249881849 ], [ 56.9347, 69.4851 ], [ 57.55, 70.2043 ], [ 60.5382, 71.2908 ], [ 69.591, 73.6808 ], [ 72.2716, 73.7425 ], [ 73.1066, 73.0135 ], [ 73.9855, 72.5451 ], [ 72.4035, 71.3471 ], [ 73.5021, 70.9064 ], [ 73.3263, 69.6615 ], [ 73.8097, 68.4362 ], [ 72.4474, 66.7449 ] ] } },
{ "type": "Feature", "properties": { "id": 3575 }, "geometry": { "type": "LineString", "coordinates": [ [ 23.4, 71.15 ], [ 27.1, 71.3 ], [ 32.034679, 70.633107 ], [ 45.833918817219782, 69.551660249881849 ] ] } },
{ "type": "Feature", "properties": { "id": 3576 }, "geometry": { "type": "LineString", "coordinates": [ [ 30.201317, 69.910724 ], [ 31.343994140625011, 70.248316711801507 ], [ 32.034679, 70.633107 ] ] } },
{ "type": "Feature", "properties": { "id": 3577 }, "geometry": { "type": "LineString", "coordinates": [ [ 17.0, 70.0 ], [ 20.921784, 70.740799 ], [ 23.4, 71.15 ] ] } },
{ "type": "Feature", "properties": { "id": 3578 }, "geometry": { "type": "LineString", "coordinates": [ [ 16.879949, 68.866663 ], [ 16.676003, 69.10931 ], [ 16.620382, 69.479674 ], [ 16.67724609375, 69.695244611371152 ], [ 17.0, 70.0 ] ] } },
{ "type": "Feature", "properties": { "id": 3579 }, "geometry": { "type": "LineString", "coordinates": [ [ 17.0, 70.0 ], [ 15.452761160336991, 69.400453091099195 ], [ 12.0, 68.0 ] ] } },
{ "type": "Feature", "properties": { "id": 3580 }, "geometry": { "type": "LineString", "coordinates": [ [ 4.1, 62.0 ], [ 4.1784, 62.961 ], [ 12.0, 68.0 ], [ 17.0, 70.0 ], [ 22.3937, 71.4801 ], [ 25.6676, 71.6815 ], [ 28.9855, 71.4312 ], [ 32.034679, 70.633107 ], [ 33.402, 69.9271 ], [ 33.5778, 69.3538 ], [ 35.5553, 69.5543 ], [ 39.248681416362352, 69.592842023163897 ], [ 45.833918817219782, 69.551660249881849 ] ] } },
{ "type": "Feature", "properties": { "id": 3581 }, "geometry": { "type": "LineString", "coordinates": [ [ 19.753731, 69.814981 ], [ 20.921784, 70.740799 ], [ 22.3937, 71.4801 ], [ 23.4, 71.15 ] ] } },
{ "type": "Feature", "properties": { "id": 3582 }, "geometry": { "type": "LineString", "coordinates": [ [ 25.529104, 70.55032 ], [ 27.1, 71.3 ], [ 25.6676, 71.6815 ] ] } },
{ "type": "Feature", "properties": { "id": 3583 }, "geometry": { "type": "LineString", "coordinates": [ [ -6.606261, 61.839827 ], [ -3.80203770958232, 59.162776133026867 ], [ -3.616541, 58.972247 ], [ -3.3333, 58.7 ] ] } },
{ "type": "Feature", "properties": { "id": 3584 }, "geometry": { "type": "LineString", "coordinates": [ [ -5.2, 58.7 ], [ -3.80203770958232, 59.162776133026867 ], [ -3.265106, 59.335932 ], [ -1.0703, 60.0493 ] ] } },
{ "type": "Feature", "properties": { "id": 3585 }, "geometry": { "type": "LineString", "coordinates": [ [ -2.750605, 58.818408 ], [ -2.885728, 58.878499 ], [ -3.055535, 58.904596 ], [ -3.274779, 58.911811 ], [ -3.344636, 58.94232 ], [ -3.616541, 58.972247 ], [ -3.265106, 59.335932 ], [ -3.616541, 58.972247 ] ] } },
{ "type": "Feature", "properties": { "id": 3586 }, "geometry": { "type": "LineString", "coordinates": [ [ -2.955585, 57.700233 ], [ -2.908737, 58.604749 ], [ -2.750605, 58.818408 ] ] } },
{ "type": "Feature", "properties": { "id": 3587 }, "geometry": { "type": "LineString", "coordinates": [ [ -3.86762218736852, 57.661229002939358 ], [ -3.955612548371, 57.676279665060541 ], [ -4.096943, 57.695638 ], [ -4.18507, 57.680127 ], [ -4.2626953125, 57.67258278634381 ], [ -4.39247131347656, 57.602749860464023 ] ] } },
{ "type": "Feature", "properties": { "id": 3588 }, "geometry": { "type": "LineString", "coordinates": [ [ -1.4, 57.3 ], [ -1.746, 57.664 ], [ -2.0756, 57.7461 ], [ -3.4434, 57.7579 ], [ -3.86762218736852, 57.661229002939358 ], [ -4.0257, 57.6228 ], [ -3.955612548371, 57.676279665060541 ], [ -3.1358, 58.296 ], [ -2.6414, 58.9651 ], [ -1.0703, 60.0493 ] ] } },
{ "type": "Feature", "properties": { "id": 10000 }, "geometry": { "type": "LineString", "coordinates": [ [ 120.0, 19.0 ], [ 123.0197, 25.8543 ] ] } },
{ "type": "Feature", "properties": { "id": 10001 }, "geometry": { "type": "LineString", "coordinates": [ [ 123.0197, 25.8543 ], [ 122.875213623046875, 30.181934730780569 ], [ 122.6776, 30.8345 ] ] } },
{ "type": "Feature", "properties": { "id": 10002 }, "geometry": { "type": "LineString", "coordinates": [ [ 123.0197, 25.8543 ], [ 123.9952, 25.9042 ], [ 120.0, 25.7 ] ] } },
{ "type": "Feature", "properties": { "id": 10003 }, "geometry": { "type": "LineString", "coordinates": [ [ 121.3, 27.8 ], [ 122.875213623046875, 30.181934730780569 ], [ 120.1716, 24.2347 ], [ 119.8903, 23.8715 ], [ 119.8646, 22.7595 ], [ 109.8, 3.7 ] ] } },
{ "type": "Feature", "properties": { "id": 11000 }, "geometry": { "type": "LineString", "coordinates": [ [ -64.401, -55.662 ], [ -58.465317, -54.160314 ], [ -53.171863, -52.160739 ], [ -48.356686, -49.945261 ], [ -43.981277, -47.548414 ], [ -40.0, -45.0 ], [ -40.0, -45.0 ] ] } },
{ "type": "Feature", "properties": { "id": 11001 }, "geometry": { "type": "LineString", "coordinates": [ [ -64.401, -55.662 ], [ -57.448479, -54.851593 ], [ -51.040535, -53.438198 ], [ -45.089354, -51.705457 ], [ -39.610384, -49.695311 ], [ -34.590847, -47.44797 ], [ -30.0, -45.0 ], [ -30.0, -45.0 ] ] } },
{ "type": "Feature", "properties": { "id": 11002 }, "geometry": { "type": "LineString", "coordinates": [ [ -64.401, -55.662 ], [ -56.790083, -55.480365 ], [ -49.560604, -54.613598 ], [ -42.701289, -53.33668 ], [ -36.295515, -51.691265 ], [ -30.380725, -49.723349 ], [ -24.957246, -47.478727 ], [ -20.0, -45.0 ], [ -20.0, -45.0 ] ] } },
{ "type": "Feature", "properties": { "id": 11003 }, "geometry": { "type": "LineString", "coordinates": [ [ -60.0, -50.0 ], [ -54.650517, -49.086561 ], [ -49.518638, -47.935583 ], [ -44.630659, -46.566529 ], [ -40.0, -45.0 ], [ -40.0, -45.0 ] ] } },
{ "type": "Feature", "properties": { "id": 11004 }, "geometry": { "type": "LineString", "coordinates": [ [ -60.0, -50.0 ], [ -53.595986, -49.651999 ], [ -47.327426, -48.957409 ], [ -41.270737, -47.933888 ], [ -35.482978, -46.605435 ], [ -30.0, -45.0 ], [ -30.0, -45.0 ] ] } },
{ "type": "Feature", "properties": { "id": 11005 }, "geometry": { "type": "LineString", "coordinates": [ [ -60.0, -50.0 ], [ -53.960733, -50.180096 ], [ -47.915651, -50.046056 ], [ -41.942922, -49.601092 ], [ -36.114013, -48.855565 ], [ -30.487887, -47.825876 ], [ -25.107677, -46.532853 ], [ -20.0, -45.0 ], [ -20.0, -45.0 ] ] } },
{ "type": "Feature", "properties": { "id": 11006 }, "geometry": { "type": "LineString", "coordinates": [ [ -57.6, -51.5 ], [ -51.230299, -49.639618 ], [ -45.367678, -47.45686 ], [ -40.0, -45.0 ], [ -40.0, -45.0 ] ] } },
{ "type": "Feature", "properties": { "id": 11007 }, "geometry": { "type": "LineString", "coordinates": [ [ -57.6, -51.5 ], [ -51.544978, -50.755481 ], [ -45.71699, -49.708501 ], [ -40.166515, -48.382464 ], [ -34.923617, -46.803805 ], [ -30.0, -45.0 ], [ -30.0, -45.0 ] ] } },
{ "type": "Feature", "properties": { "id": 11008 }, "geometry": { "type": "LineString", "coordinates": [ [ -57.6, -51.5 ], [ -50.77434, -51.318547 ], [ -44.05976, -50.745619 ], [ -37.559257, -49.798349 ], [ -31.352454, -48.503018 ], [ -25.491097, -46.89189 ], [ -20.0, -45.0 ], [ -20.0, -45.0 ] ] } },
{ "type": "Feature", "properties": { "id": 11009 }, "geometry": { "type": "LineString", "coordinates": [ [ -36.4078, -54.20499 ], [ -31.697741, -52.133022 ], [ -27.42253, -49.890509 ], [ -23.5384, -47.50504 ], [ -20.0, -45.0 ], [ -20.0, -45.0 ] ] } },
{ "type": "Feature", "properties": { "id": 11010 }, "geometry": { "type": "LineString", "coordinates": [ [ -36.4078, -54.20499 ], [ -30.315442, -52.878151 ], [ -24.622718, -51.259302 ], [ -19.346364, -49.384045 ], [ -14.479641, -47.286963 ], [ -10.0, -45.0 ], [ -10.0, -45.0 ] ] } },
{ "type": "Feature", "properties": { "id": 11011 }, "geometry": { "type": "LineString", "coordinates": [ [ -61.25, -39.3 ], [ -55.93468, -40.91218 ], [ -50.375521, -42.268819 ], [ -44.597824, -43.346048 ], [ -38.641215, -44.122966 ], [ -32.558765, -44.583305 ], [ -26.413973, -44.716911 ], [ -20.275806, -44.520763 ], [ -14.212641, -43.999285 ], [ -8.286325, -43.163888 ], [ -2.547541, -42.031846 ], [ 2.966802, -40.624752 ], [ 8.234066, -38.966853 ], [ 13.244693, -37.083519 ], [ 18.0, -35.0 ], [ 18.0, -35.0 ] ] } },
{ "type": "Feature", "properties": { "id": 11012 }, "geometry": { "type": "LineString", "coordinates": [ [ -61.25, -39.3 ], [ -56.553389, -40.788059 ], [ -51.656347, -42.077394 ], [ -46.573765, -43.150424 ], [ -41.329723, -43.991062 ], [ -35.957492, -44.585669 ], [ -30.498473, -44.924004 ], [ -25.0, -45.0 ], [ -25.0, -45.0 ] ] } },
{ "type": "Feature", "properties": { "id": 11013 }, "geometry": { "type": "LineString", "coordinates": [ [ -54.6, -35.25 ], [ -49.460996, -36.861758 ], [ -44.11692, -38.243274 ], [ -38.585195, -39.373711 ], [ -32.893676, -40.234375 ], [ -27.080353, -40.809931 ], [ -21.191753, -41.089542 ], [ -15.280041, -41.067766 ], [ -9.399167, -40.745031 ], [ -3.600704, -40.127597 ], [ 2.0699, -39.227013 ], [ 7.576049, -38.059172 ], [ 12.891404, -36.643151 ], [ 18.0, -35.0 ], [ 18.0, -35.0 ] ] } },
{ "type": "Feature", "properties": { "id": 11014 }, "geometry": { "type": "LineString", "coordinates": [ [ -54.6, -35.25 ], [ -50.117186, -37.233798 ], [ -45.403387, -39.039812 ], [ -40.456478, -40.646558 ], [ -35.282914, -42.032313 ], [ -29.899553, -43.176035 ], [ -24.334814, -44.058503 ], [ -18.628715, -44.6636 ], [ -12.831385, -44.979561 ], [ -7.0, -45.0 ], [ -7.0, -45.0 ] ] } },
{ "type": "Feature", "properties": { "id": 11015 }, "geometry": { "type": "LineString", "coordinates": [ [ -51.8, -32.2 ], [ -46.959816, -33.85732 ], [ -41.939794, -35.318335 ], [ -36.749043, -36.564674 ], [ -31.404319, -37.579144 ], [ -25.930318, -38.34659 ], [ -20.359197, -38.854789 ], [ -14.729214, -39.095257 ], [ -9.08254, -39.063868 ], [ -3.462484, -38.761165 ], [ 2.089455, -38.192318 ], [ 7.536257, -37.366736 ], [ 12.847398, -36.297395 ], [ 18.0, -35.0 ], [ 18.0, -35.0 ] ] } },
{ "type": "Feature", "properties": { "id": 11016 }, "geometry": { "type": "LineString", "coordinates": [ [ -51.8, -32.2 ], [ -47.396863, -34.515263 ], [ -42.751468, -36.66377 ], [ -37.851622, -38.621869 ], [ -32.692479, -40.364626 ], [ -27.279168, -41.86659 ], [ -21.629255, -43.102902 ], [ -15.774439, -44.05074 ], [ -9.760779, -44.69097 ], [ -3.646896, -45.009778 ], [ 2.5, -45.0 ], [ 2.5, -45.0 ] ] } },
{ "type": "Feature", "properties": { "id": 11017 }, "geometry": { "type": "LineString", "coordinates": [ [ -49.5, -30.5 ], [ -44.858289, -32.157613 ], [ -40.054002, -33.63978 ], [ -35.092665, -34.929984 ], [ -29.985903, -36.012478 ], [ -24.751856, -36.87294 ], [ -19.415078, -37.499192 ], [ -14.005806, -37.881891 ], [ -8.558563, -38.015115 ], [ -3.110216, -37.896764 ], [ 2.302299, -37.528706 ], [ 7.64426, -36.916643 ], [ 12.885133, -36.069731 ], [ 18.0, -35.0 ], [ 18.0, -35.0 ] ] } },
{ "type": "Feature", "properties": { "id": 11018 }, "geometry": { "type": "LineString", "coordinates": [ [ -49.5, -30.5 ], [ -45.359138, -32.86356 ], [ -40.998688, -35.08343 ], [ -36.403696, -37.13874 ], [ -31.564225, -39.007129 ], [ -26.47756, -40.665197 ], [ -21.150545, -42.089255 ], [ -15.601697, -43.256367 ], [ -9.862534, -44.145679 ], [ -3.977547, -44.739898 ], [ 1.997645, -45.026726 ], [ 8.0, -45.0 ], [ 8.0, -45.0 ] ] } },
{ "type": "Feature", "properties": { "id": 11019 }, "geometry": { "type": "LineString", "coordinates": [ [ -46.3, -24.3 ], [ -42.02685, -26.195895 ], [ -37.617293, -27.961515 ], [ -33.067293, -29.582089 ], [ -28.376362, -31.042693 ], [ -23.548245, -32.328591 ], [ -18.591489, -33.42566 ], [ -13.519788, -34.320906 ], [ -8.351988, -35.003011 ], [ -3.111648, -35.462884 ], [ 2.17385, -35.694155 ], [ 7.474635, -35.693544 ], [ 12.759973, -35.46106 ], [ 18.0, -35.0 ], [ 18.0, -35.0 ] ] } },
{ "type": "Feature", "properties": { "id": 11020 }, "geometry": { "type": "LineString", "coordinates": [ [ -46.3, -24.3 ], [ -42.418047, -27.075282 ], [ -38.343057, -29.738659 ], [ -34.051412, -32.270541 ], [ -29.521142, -34.649178 ], [ -24.733628, -36.850675 ], [ -19.675876, -38.849211 ], [ -14.343301, -40.617572 ], [ -8.742763, -42.128051 ], [ -2.895353, -43.353777 ], [ 3.161832, -44.270417 ], [ 9.375768, -44.858099 ], [ 15.680055, -45.103249 ], [ 22.0, -45.0 ], [ 22.0, -45.0 ] ] } },
{ "type": "Feature", "properties": { "id": 11021 }, "geometry": { "type": "LineString", "coordinates": [ [ -41.3, -23.5 ], [ -37.005715, -25.418782 ], [ -32.577345, -27.208884 ], [ -28.010378, -28.855433 ], [ -23.303755, -30.343374 ], [ -18.460553, -31.657809 ], [ -13.488569, -32.784409 ], [ -8.40069, -33.709922 ], [ -3.214942, -34.422716 ], [ 2.045888, -34.913339 ], [ 7.355082, -35.175016 ], [ 12.683268, -35.204041 ], [ 18.0, -35.0 ], [ 18.0, -35.0 ] ] } },
{ "type": "Feature", "properties": { "id": 11022 }, "geometry": { "type": "LineString", "coordinates": [ [ -41.3, -23.5 ], [ -37.671592, -26.160069 ], [ -33.876929, -28.725037 ], [ -29.895643, -31.17886 ], [ -25.708278, -33.503771 ], [ -21.29742, -35.680249 ], [ -16.649234, -37.687102 ], [ -11.755411, -39.501741 ], [ -6.615421, -41.100702 ], [ -1.238829, -42.46046 ], [ 4.352738, -43.558548 ], [ 10.124554, -44.374927 ], [ 16.029233, -44.893468 ], [ 22.009042, -45.103334 ], [ 28.0, -45.0 ], [ 28.0, -45.0 ] ] } },
{ "type": "Feature", "properties": { "id": 11023 }, "geometry": { "type": "LineString", "coordinates": [ [ -39.5, -20.0 ], [ -35.390407, -22.092975 ], [ -31.160335, -24.080223 ], [ -26.801213, -25.947586 ], [ -22.30683, -27.680408 ], [ -17.674, -29.263709 ], [ -12.903251, -30.682469 ], [ -7.999473, -31.921981 ], [ -2.972422, -32.968316 ], [ 2.163033, -33.808836 ], [ 7.387029, -34.432753 ], [ 12.675262, -34.831661 ], [ 18.0, -35.0 ], [ 18.0, -35.0 ] ] } },
{ "type": "Feature", "properties": { "id": 11024 }, "geometry": { "type": "LineString", "coordinates": [ [ -39.5, -20.0 ], [ -35.960937, -22.836161 ], [ -32.273381, -25.590855 ], [ -28.415123, -28.248808 ], [ -24.363962, -30.793005 ], [ -20.098509, -33.204539 ], [ -15.599402, -35.462538 ], [ -10.850986, -37.544243 ], [ -5.84349, -39.425288 ], [ -0.575577, -41.080262 ], [ 4.942983, -42.483616 ], [ 10.689039, -43.610931 ], [ 16.624828, -44.440474 ], [ 22.698497, -44.954905 ], [ 28.846821, -45.142842 ], [ 35.0, -45.0 ], [ 35.0, -45.0 ] ] } },
{ "type": "Feature", "properties": { "id": 11025 }, "geometry": { "type": "LineString", "coordinates": [ [ -36.2, -13.0 ], [ -32.379394, -15.471324 ], [ -28.467743, -17.875604 ], [ -24.450597, -20.199778 ], [ -20.31426, -22.429985 ], [ -16.046233, -24.551527 ], [ -11.635781, -26.548897 ], [ -7.074651, -28.405872 ], [ -2.357894, -30.105699 ], [ 2.515233, -31.631393 ], [ 7.540396, -32.966159 ], [ 12.707448, -34.093928 ], [ 18.0, -35.0 ], [ 18.0, -35.0 ] ] } },
{ "type": "Feature", "properties": { "id": 11026 }, "geometry": { "type": "LineString", "coordinates": [ [ -36.2, -13.0 ], [ -32.969781, -15.958168 ], [ -29.643542, -18.866772 ], [ -26.201087, -21.71423 ], [ -22.621433, -24.487767 ], [ -18.882981, -27.173198 ], [ -14.963858, -29.754727 ], [ -10.84255, -32.214773 ], [ -6.498866, -34.533852 ], [ -1.915355, -36.690581 ], [ 2.920822, -38.661829 ], [ 8.015567, -40.423126 ], [ 13.365251, -41.949357 ], [ 18.954227, -43.215814 ], [ 24.752993, -44.199575 ], [ 30.71772, -44.881108 ], [ 36.791718, -45.245902 ], [ 42.909064, -45.285834 ], [ 49.0, -45.0 ], [ 49.0, -45.0 ] ] } },
{ "type": "Feature", "properties": { "id": 11027 }, "geometry": { "type": "LineString", "coordinates": [ [ -33.8, -5.25 ], [ -30.420544, -7.96897 ], [ -26.996112, -10.660215 ], [ -23.511011, -13.313603 ], [ -19.949387, -15.918454 ], [ -16.295276, -18.463405 ], [ -12.532736, -20.936283 ], [ -8.646082, -23.323988 ], [ -4.620246, -25.612405 ], [ -0.441295, -27.786358 ], [ 3.902861, -29.829619 ], [ 8.421582, -31.725001 ], [ 13.120433, -33.454573 ], [ 18.0, -35.0 ], [ 18.0, -35.0 ] ] } },
{ "type": "Feature", "properties": { "id": 11028 }, "geometry": { "type": "LineString", "coordinates": [ [ -33.8, -5.25 ], [ -30.628551, -8.392302 ], [ -27.405552, -11.508852 ], [ -24.110754, -14.589173 ], [ -20.723134, -17.622016 ], [ -17.220773, -20.59512 ], [ -13.580826, -23.494964 ], [ -9.779635, -26.306517 ], [ -5.793049, -29.012991 ], [ -1.59703, -31.595612 ], [ 2.831334, -34.033463 ], [ 7.512322, -36.303434 ], [ 12.461504, -38.380353 ], [ 17.687089, -40.237389 ], [ 23.186902, -41.846809 ], [ 28.94537, -43.181155 ], [ 34.931227, -44.21483 ], [ 41.096782, -44.925981 ], [ 47.379519, -45.298429 ], [ 53.706346, -45.323303 ], [ 60.0, -45.0 ], [ 60.0, -45.0 ] ] } },
{ "type": "Feature", "properties": { "id": 11029 }, "geometry": { "type": "LineString", "coordinates": [ [ 18.0, -35.0 ], [ 13.66639, -36.948899 ], [ 9.115259, -38.732339 ], [ 4.343634, -40.330649 ], [ -0.644078, -41.723834 ], [ -5.834449, -42.892334 ], [ -11.203865, -43.817982 ], [ -16.718235, -44.485098 ], [ -22.333916, -44.881607 ], [ -28.0, -45.0 ], [ -28.0, -45.0 ] ] } },
{ "type": "Feature", "properties": { "id": 11030 }, "geometry": { "type": "LineString", "coordinates": [ [ 26.0, -34.5 ], [ 21.601518, -36.537277 ], [ 16.975332, -38.404575 ], [ 12.116839, -40.080762 ], [ 7.029259, -41.544217 ], [ 1.725554, -42.77365 ], [ -3.770136, -43.749159 ], [ -9.422022, -44.453468 ], [ -15.183569, -44.873202 ], [ -21.0, -45.0 ], [ -21.0, -45.0 ] ] } },
{ "type": "Feature", "properties": { "id": 11031 }, "geometry": { "type": "LineString", "coordinates": [ [ 58.0, -20.7 ], [ 54.460311, -23.475814 ], [ 50.770779, -26.168345 ], [ 46.91009, -28.762469 ], [ 42.857124, -31.241379 ], [ 38.591799, -33.586461 ], [ 34.096296, -35.777253 ], [ 29.356734, -37.791562 ], [ 24.365272, -39.605771 ], [ 19.122528, -41.195436 ], [ 13.640012, -42.536184 ], [ 7.942112, -43.604954 ], [ 2.066996, -44.381479 ], [ -3.934165, -44.849862 ], [ -10.0, -45.0 ], [ -10.0, -45.0 ] ] } },
{ "type": "Feature", "properties": { "id": 11032 }, "geometry": { "type": "LineString", "coordinates": [ [ 70.0, -20.0 ], [ 66.383261, -22.880675 ], [ 62.612067, -25.676077 ], [ 58.663077, -28.369975 ], [ 54.513042, -30.944267 ], [ 50.139705, -33.378821 ], [ 45.523181, -35.651418 ], [ 40.647837, -37.737858 ], [ 35.504718, -39.612306 ], [ 30.094345, -41.247964 ], [ 24.429558, -42.618121 ], [ 18.537808, -43.697598 ], [ 12.462124, -44.464485 ], [ 6.260025, -44.901981 ], [ 0.0, -45.0 ], [ 0.0, -45.0 ] ] } },
{ "type": "Feature", "properties": { "id": 11033 }, "geometry": { "type": "LineString", "coordinates": [ [ 80.0, -20.0 ], [ 76.383261, -22.880675 ], [ 72.612067, -25.676077 ], [ 68.663077, -28.369975 ], [ 64.513042, -30.944267 ], [ 60.139705, -33.378821 ], [ 55.523181, -35.651418 ], [ 50.647837, -37.737858 ], [ 45.504718, -39.612306 ], [ 40.094345, -41.247964 ], [ 34.429558, -42.618121 ], [ 28.537808, -43.697598 ], [ 22.462124, -44.464485 ], [ 16.260025, -44.901981 ], [ 10.0, -45.0 ], [ 10.0, -45.0 ] ] } },
{ "type": "Feature", "properties": { "id": 11034 }, "geometry": { "type": "LineString", "coordinates": [ [ 104.0, -7.0 ], [ 100.752367, -10.138466 ], [ 97.44079, -13.244413 ], [ 94.044193, -16.306589 ], [ 90.540662, -19.312802 ], [ 86.907385, -22.249682 ], [ 83.120718, -25.102415 ], [ 79.156438, -27.854493 ], [ 74.990267, -30.487478 ], [ 70.598762, -32.98082 ], [ 65.960678, -35.311766 ], [ 61.058892, -37.455441 ], [ 55.882903, -39.385173 ], [ 50.431776, -41.073152 ], [ 44.71721, -42.4915 ], [ 38.766083, -43.613763 ], [ 32.621684, -44.416753 ], [ 26.342767, -44.882497 ], [ 20.0, -45.0 ], [ 20.0, -45.0 ] ] } },
{ "type": "Feature", "properties": { "id": 11035 }, "geometry": { "type": "LineString", "coordinates": [ [ 110.25, -8.7 ], [ 107.098595, -11.7015 ], [ 103.878436, -14.667832 ], [ 100.570462, -17.588628 ], [ 97.154863, -20.452629 ], [ 93.611069, -23.247467 ], [ 89.917857, -25.959467 ], [ 86.053636, -28.57343 ], [ 81.996959, -31.072456 ], [ 77.72736, -33.437812 ], [ 73.226577, -35.648884 ], [ 68.480232, -37.683278 ], [ 63.479959, -39.517131 ], [ 58.225858, -41.12569 ], [ 52.728999, -42.484222 ], [ 47.013488, -43.569265 ], [ 41.117448, -44.36013 ], [ 35.092305, -44.840523 ], [ 29.0, -45.0 ], [ 29.0, -45.0 ] ] } },
{ "type": "Feature", "properties": { "id": 11036 }, "geometry": { "type": "LineString", "coordinates": [ [ 115.6, -9.1 ], [ 112.47091, -12.069053 ], [ 109.272102, -15.002393 ], [ 105.984972, -17.889854 ], [ 102.590187, -20.720386 ], [ 99.067688, -23.481856 ], [ 95.396806, -26.16085 ], [ 91.556548, -28.742472 ], [ 87.526107, -31.210179 ], [ 83.285686, -33.545653 ], [ 78.817685, -35.72877 ], [ 74.108332, -37.737701 ], [ 69.149722, -39.549215 ], [ 63.942166, -41.139246 ], [ 58.49658, -42.483768 ], [ 52.836443, -43.559982 ], [ 46.998733, -44.347766 ], [ 41.033251, -44.831206 ], [ 35.0, -45.0 ], [ 35.0, -45.0 ] ] } },
{ "type": "Feature", "properties": { "id": 11037 }, "geometry": { "type": "LineString", "coordinates": [ [ 113.0, -23.5 ], [ 109.284458, -26.209244 ], [ 105.395168, -28.818543 ], [ 101.310602, -31.310724 ], [ 97.010316, -33.666756 ], [ 92.476235, -35.865712 ], [ 87.694395, -37.884896 ], [ 82.657128, -39.70017 ], [ 77.365574, -41.28658 ], [ 71.832182, -42.619311 ], [ 66.082716, -43.674979 ], [ 60.157092, -44.433177 ], [ 54.10843, -44.878103 ], [ 48.0, -45.0 ], [ 48.0, -45.0 ] ] } },
{ "type": "Feature", "properties": { "id": 11038 }, "geometry": { "type": "LineString", "coordinates": [ [ 115.133, -34.533 ], [ 110.807725, -36.534551 ], [ 106.262416, -38.371882 ], [ 101.492628, -40.024926 ], [ 96.50119, -41.473147 ], [ 91.299969, -42.696283 ], [ 85.91122, -43.675314 ], [ 80.368093, -44.393585 ], [ 74.713908, -44.837988 ], [ 69.0, -45.0 ], [ 69.0, -45.0 ] ] } },
{ "type": "Feature", "properties": { "id": 11039 }, "geometry": { "type": "LineString", "coordinates": [ [ 118.0, -35.5 ], [ 113.183951, -37.582667 ], [ 108.105032, -39.458835 ], [ 102.76292, -41.102417 ], [ 97.168978, -42.487313 ], [ 91.348535, -43.588763 ], [ 85.341965, -44.38499 ], [ 79.203876, -44.858967 ], [ 73.0, -45.0 ], [ 73.0, -45.0 ] ] } },
{ "type": "Feature", "properties": { "id": 11040 }, "geometry": { "type": "LineString", "coordinates": [ [ 141.0, -38.7 ], [ 136.054779, -40.447803 ], [ 130.862891, -41.974152 ], [ 125.437244, -43.255752 ], [ 119.803345, -44.270718 ], [ 114.0, -45.0 ], [ 114.0, -45.0 ] ] } },
{ "type": "Feature", "properties": { "id": 11041 }, "geometry": { "type": "LineString", "coordinates": [ [ 146.0, -44.0 ], [ 140.820756, -44.786868 ], [ 135.520598, -45.333859 ], [ 130.140895, -45.631675 ], [ 124.72839, -45.675065 ], [ 119.332126, -45.463252 ], [ 114.0, -45.0 ], [ 114.0, -45.0 ] ] } },
{ "type": "Feature", "properties": { "id": 11042 }, "geometry": { "type": "LineString", "coordinates": [ [ -70.631104, -20.231275 ], [ -73.643684, -23.511023 ], [ -76.808768, -26.729895 ], [ -80.156066, -29.874481 ], [ -83.71816, -32.929171 ], [ -87.530434, -35.875692 ], [ -91.630537, -38.692615 ], [ -96.057135, -41.354881 ], [ -100.847551, -43.833431 ], [ -106.033922, -46.095092 ], [ -111.637557, -48.102923 ], [ -117.661611, -49.817313 ], [ -124.08301, -51.198072 ], [ -130.845729, -52.207621 ], [ -137.85852, -52.815006 ], [ -145.0, -53.0 ], [ -145.0, -53.0 ] ] } },
{ "type": "Feature", "properties": { "id": 11043 }, "geometry": { "type": "LineString", "coordinates": [ [ -72.0, -33.0 ], [ -75.899064, -36.005172 ], [ -80.099878, -38.874334 ], [ -84.643623, -41.580613 ], [ -89.569824, -44.092768 ], [ -94.911941, -46.375092 ], [ -100.69092, -48.387864 ], [ -106.906896, -50.088676 ], [ -113.530268, -51.434921 ], [ -120.494777, -52.387502 ], [ -127.696239, -52.91538 ], [ -135.0, -53.0 ], [ -135.0, -53.0 ] ] } },
{ "type": "Feature", "properties": { "id": 11044 }, "geometry": { "type": "LineString", "coordinates": [ [ -75.101482, -52.587619 ], [ -85.0, -53.0 ] ] } },
{ "type": "Feature", "properties": { "id": 11045 }, "geometry": { "type": "LineString", "coordinates": [ [ -71.385, -55.3608 ], [ -78.387764, -54.372391 ], [ -85.0, -53.0 ], [ -85.0, -53.0 ] ] } },
{ "type": "Feature", "properties": { "id": 11046 }, "geometry": { "type": "LineString", "coordinates": [ [ 115.133, -34.533 ], [ 118.925826, -37.29651 ], [ 123.000891, -39.929927 ], [ 127.39207, -42.409522 ], [ 132.130821, -44.708104 ], [ 137.242458, -46.795056 ], [ 142.740998, -48.63683 ], [ 148.622864, -50.198092 ], [ 154.860416, -51.443697 ], [ 161.397165, -52.341489 ], [ 168.147088, -52.86566 ], [ 175.0, -53.0 ], [ 175.0, -53.0 ] ] } },
{ "type": "Feature", "properties": { "id": 11047 }, "geometry": { "type": "LineString", "coordinates": [ [ 118.0, -35.5 ], [ 122.057596, -38.333137 ], [ 126.436199, -41.01532 ], [ 131.173415, -43.518091 ], [ 136.302274, -45.808876 ], [ 141.84586, -47.851268 ], [ 147.810197, -49.605995 ], [ 154.176204, -51.03287 ], [ 160.892659, -52.09382 ], [ 167.873141, -52.756814 ], [ 175.0, -53.0 ], [ 175.0, -53.0 ] ] } },
{ "type": "Feature", "properties": { "id": 11048 }, "geometry": { "type": "LineString", "coordinates": [ [ 146.0, -44.0 ], [ 151.182144, -46.232277 ], [ 156.777359, -48.211361 ], [ 162.787417, -49.898247 ], [ 169.188045, -51.253517 ], [ 175.92255, -52.240483 ], [ 182.899901, -52.829115 ], [ 190.0, -53.0 ], [ 190.0, -53.0 ] ] } },
{ "type": "Feature", "properties": { "id": 11050 }, "geometry": { "type": "LineString", "coordinates": [ [ 170.0, -50.0 ], [ 175.898886, -51.239279 ], [ 182.081849, -52.16703 ], [ 188.479289, -52.75942 ], [ 195.0, -53.0 ], [ 195.0, -53.0 ] ] } },
{ "type": "Feature", "properties": { "id": 11051 }, "geometry": { "type": "LineString", "coordinates": [ [ 169.5, -47.0 ], [ 174.703577, -48.714503 ], [ 180.246263, -50.178989 ], [ 186.104656, -51.364143 ], [ 192.232685, -52.242963 ], [ 198.560909, -52.793238 ], [ 205.0, -53.0 ], [ 205.0, -53.0 ] ] } },
{ "type": "Feature", "properties": { "id": 11052 }, "geometry": { "type": "LineString", "coordinates": [ [ 175.0, -42.0 ], [ 179.659447, -44.322309 ], [ 184.685139, -46.440089 ], [ 190.093292, -48.320629 ], [ 195.883944, -49.929204 ], [ 202.034536, -51.230864 ], [ 208.494746, -52.193041 ], [ 215.184895, -52.788778 ], [ 222.0, -53.0 ], [ 222.0, -53.0 ] ] } },
{ "type": "Feature", "properties": { "id": 11053 }, "geometry": { "type": "LineString", "coordinates": [ [ 179.5, -37.8 ], [ 183.561711, -40.365391 ], [ 187.934783, -42.777696 ], [ 192.648508, -45.01049 ], [ 197.725776, -47.034176 ], [ 203.178142, -48.816514 ], [ 208.99993, -50.323768 ], [ 215.162334, -51.522617 ], [ 221.609262, -52.382802 ], [ 228.257091, -52.880241 ], [ 235.0, -53.0 ], [ 235.0, -53.0 ] ] } },
{ "type": "Feature", "properties": { "id": 11054 }, "geometry": { "type": "LineString", "coordinates": [ [ -40.0, -45.0 ], [ -30.0, -45.0 ] ] } },
{ "type": "Feature", "properties": { "id": 11055 }, "geometry": { "type": "LineString", "coordinates": [ [ -30.0, -45.0 ], [ -28.0, -45.0 ] ] } },
{ "type": "Feature", "properties": { "id": 11056 }, "geometry": { "type": "LineString", "coordinates": [ [ -28.0, -45.0 ], [ -25.0, -45.0 ] ] } },
{ "type": "Feature", "properties": { "id": 11057 }, "geometry": { "type": "LineString", "coordinates": [ [ -25.0, -45.0 ], [ -21.0, -45.0 ] ] } },
{ "type": "Feature", "properties": { "id": 11058 }, "geometry": { "type": "LineString", "coordinates": [ [ -21.0, -45.0 ], [ -20.0, -45.0 ] ] } },
{ "type": "Feature", "properties": { "id": 11059 }, "geometry": { "type": "LineString", "coordinates": [ [ -20.0, -45.0 ], [ -10.0, -45.0 ] ] } },
{ "type": "Feature", "properties": { "id": 11060 }, "geometry": { "type": "LineString", "coordinates": [ [ -10.0, -45.0 ], [ -7.0, -45.0 ] ] } },
{ "type": "Feature", "properties": { "id": 11061 }, "geometry": { "type": "LineString", "coordinates": [ [ -7.0, -45.0 ], [ 0.0, -45.0 ] ] } },
{ "type": "Feature", "properties": { "id": 11062 }, "geometry": { "type": "LineString", "coordinates": [ [ 0.0, -45.0 ], [ 2.5, -45.0 ] ] } },
{ "type": "Feature", "properties": { "id": 11063 }, "geometry": { "type": "LineString", "coordinates": [ [ 2.5, -45.0 ], [ 8.0, -45.0 ] ] } },
{ "type": "Feature", "properties": { "id": 11064 }, "geometry": { "type": "LineString", "coordinates": [ [ 8.0, -45.0 ], [ 10.0, -45.0 ] ] } },
{ "type": "Feature", "properties": { "id": 11065 }, "geometry": { "type": "LineString", "coordinates": [ [ 10.0, -45.0 ], [ 20.0, -45.0 ] ] } },
{ "type": "Feature", "properties": { "id": 11066 }, "geometry": { "type": "LineString", "coordinates": [ [ 20.0, -45.0 ], [ 22.0, -45.0 ] ] } },
{ "type": "Feature", "properties": { "id": 11067 }, "geometry": { "type": "LineString", "coordinates": [ [ 22.0, -45.0 ], [ 28.0, -45.0 ] ] } },
{ "type": "Feature", "properties": { "id": 11068 }, "geometry": { "type": "LineString", "coordinates": [ [ 28.0, -45.0 ], [ 29.0, -45.0 ] ] } },
{ "type": "Feature", "properties": { "id": 11069 }, "geometry": { "type": "LineString", "coordinates": [ [ 29.0, -45.0 ], [ 35.0, -45.0 ] ] } },
{ "type": "Feature", "properties": { "id": 11070 }, "geometry": { "type": "LineString", "coordinates": [ [ 35.0, -45.0 ], [ 48.0, -45.0 ] ] } },
{ "type": "Feature", "properties": { "id": 11071 }, "geometry": { "type": "LineString", "coordinates": [ [ 48.0, -45.0 ], [ 49.0, -45.0 ] ] } },
{ "type": "Feature", "properties": { "id": 11072 }, "geometry": { "type": "LineString", "coordinates": [ [ 49.0, -45.0 ], [ 60.0, -45.0 ] ] } },
{ "type": "Feature", "properties": { "id": 11073 }, "geometry": { "type": "LineString", "coordinates": [ [ 60.0, -45.0 ], [ 69.0, -45.0 ] ] } },
{ "type": "Feature", "properties": { "id": 11074 }, "geometry": { "type": "LineString", "coordinates": [ [ 69.0, -45.0 ], [ 73.0, -45.0 ] ] } },
{ "type": "Feature", "properties": { "id": 11075 }, "geometry": { "type": "LineString", "coordinates": [ [ 73.0, -45.0 ], [ 114.0, -45.0 ] ] } },
{ "type": "Feature", "properties": { "id": 11076 }, "geometry": { "type": "LineString", "coordinates": [ [ -185.0, -53.0 ], [ -170.0, -53.0 ] ] } },
{ "type": "Feature", "properties": { "id": 11077 }, "geometry": { "type": "LineString", "coordinates": [ [ -170.0, -53.0 ], [ -165.0, -53.0 ] ] } },
{ "type": "Feature", "properties": { "id": 11078 }, "geometry": { "type": "LineString", "coordinates": [ [ -165.0, -53.0 ], [ -155.0, -53.0 ] ] } },
{ "type": "Feature", "properties": { "id": 11079 }, "geometry": { "type": "LineString", "coordinates": [ [ -155.0, -53.0 ], [ -145.0, -53.0 ] ] } },
{ "type": "Feature", "properties": { "id": 11080 }, "geometry": { "type": "LineString", "coordinates": [ [ -145.0, -53.0 ], [ -138.0, -53.0 ] ] } },
{ "type": "Feature", "properties": { "id": 11081 }, "geometry": { "type": "LineString", "coordinates": [ [ -138.0, -53.0 ], [ -135.0, -53.0 ] ] } },
{ "type": "Feature", "properties": { "id": 11082 }, "geometry": { "type": "LineString", "coordinates": [ [ -135.0, -53.0 ], [ -125.0, -53.0 ] ] } },
{ "type": "Feature", "properties": { "id": 11083 }, "geometry": { "type": "LineString", "coordinates": [ [ -125.0, -53.0 ], [ -120.0, -53.0 ] ] } },
{ "type": "Feature", "properties": { "id": 11084 }, "geometry": { "type": "LineString", "coordinates": [ [ -120.0, -53.0 ], [ -115.0, -53.0 ] ] } },
{ "type": "Feature", "properties": { "id": 11085 }, "geometry": { "type": "LineString", "coordinates": [ [ -115.0, -53.0 ], [ -110.0, -53.0 ] ] } },
{ "type": "Feature", "properties": { "id": 11086 }, "geometry": { "type": "LineString", "coordinates": [ [ -110.0, -53.0 ], [ -105.55, -53.0 ] ] } },
{ "type": "Feature", "properties": { "id": 11087 }, "geometry": { "type": "LineString", "coordinates": [ [ -105.55, -53.0 ], [ -105.0, -53.0 ] ] } },
{ "type": "Feature", "properties": { "id": 11088 }, "geometry": { "type": "LineString", "coordinates": [ [ -105.0, -53.0 ], [ -95.0, -53.0 ] ] } },
{ "type": "Feature", "properties": { "id": 11089 }, "geometry": { "type": "LineString", "coordinates": [ [ -95.0, -53.0 ], [ -93.0, -53.0 ] ] } },
{ "type": "Feature", "properties": { "id": 11090 }, "geometry": { "type": "LineString", "coordinates": [ [ -93.0, -53.0 ], [ -90.0, -53.0 ] ] } },
{ "type": "Feature", "properties": { "id": 11091 }, "geometry": { "type": "LineString", "coordinates": [ [ -90.0, -53.0 ], [ -85.0, -53.0 ] ] } },
{ "type": "Feature", "properties": { "id": 11100 }, "geometry": { "type": "LineString", "coordinates": [ [ -180.0, -30.0 ], [ -176.333009, -33.138652 ], [ -172.399115, -36.162021 ], [ -168.157134, -39.046575 ], [ -163.564871, -41.764675 ], [ -158.581972, -44.284165 ], [ -153.174601, -46.568284 ], [ -147.322265, -48.576174 ], [ -141.02654, -50.264324 ], [ -134.320334, -51.589244 ], [ -127.274801, -52.511402 ], [ -120.0, -53.0 ], [ -120.0, -53.0 ] ] } },
{ "type": "Feature", "properties": { "id": 11101 }, "geometry": { "type": "LineString", "coordinates": [ [ -180.0, -30.0 ], [ -176.428352, -33.051004 ], [ -172.605, -35.993027 ], [ -168.492208, -38.804497 ], [ -164.051301, -41.460193 ], [ -159.245064, -43.930884 ], [ -154.041663, -46.183221 ], [ -148.420363, -48.180119 ], [ -142.378914, -49.881884 ], [ -135.941624, -51.24835 ], [ -129.16597, -52.242111 ], [ -122.144619, -52.832567 ], [ -115.0, -53.0 ], [ -115.0, -53.0 ] ] } },
{ "type": "Feature", "properties": { "id": 11102 }, "geometry": { "type": "LineString", "coordinates": [ [ -180.0, -30.0 ], [ -176.524513, -32.990017 ], [ -172.809576, -35.877094 ], [ -168.819803, -38.64128 ], [ -164.518752, -41.259303 ], [ -159.870973, -43.704221 ], [ -154.845357, -45.945285 ], [ -149.420069, -47.948197 ], [ -143.589027, -49.67599 ], [ -137.36924, -51.090776 ], [ -130.807336, -52.156464 ], [ -123.982638, -52.842294 ], [ -117.004115, -53.126618 ], [ -110.0, -53.0 ], [ -110.0, -53.0 ] ] } },
{ "type": "Feature", "properties": { "id": 11103 }, "geometry": { "type": "LineString", "coordinates": [ [ -180.0, -30.0 ], [ -176.35418, -33.172901 ], [ -172.439516, -36.231685 ], [ -168.213557, -39.152748 ], [ -163.632432, -41.90826 ], [ -158.653675, -44.465697 ], [ -153.240945, -46.787689 ], [ -147.37108, -48.832468 ], [ -141.043286, -50.555278 ], [ -134.289123, -51.911084 ], [ -127.180248, -52.858667 ], [ -119.829682, -53.365653 ], [ -112.383056, -53.413368 ], [ -105.0, -53.0 ], [ -105.0, -53.0 ] ] } },
{ "type": "Feature", "properties": { "id": 11104 }, "geometry": { "type": "LineString", "coordinates": [ [ -180.0, -20.0 ], [ -176.970708, -23.311757 ], [ -173.78803, -26.56236 ], [ -170.421641, -29.738166 ], [ -166.838249, -32.823277 ], [ -163.001654, -35.799059 ], [ -158.873275, -38.643633 ], [ -154.413439, -41.331373 ], [ -149.583803, -43.83252 ], [ -144.351351, -46.113055 ], [ -138.694269, -48.13506 ], [ -132.609597, -49.857869 ], [ -126.121652, -51.240262 ], [ -119.288981, -52.243815 ], [ -112.206527, -52.837112 ], [ -105.0, -53.0 ], [ -105.0, -53.0 ] ] } },
{ "type": "Feature", "properties": { "id": 11105 }, "geometry": { "type": "LineString", "coordinates": [ [ -180.0, -10.0 ], [ -177.244681, -13.464168 ], [ -174.40872, -16.897459 ], [ -171.46815, -20.290275 ], [ -168.396866, -23.631826 ], [ -165.166199, -26.909779 ], [ -161.744566, -30.109863 ], [ -158.097274, -33.215409 ], [ -154.186624, -36.206835 ], [ -149.972543, -39.061105 ], [ -145.414065, -41.751217 ], [ -140.472094, -44.245813 ], [ -135.113888, -46.509107 ], [ -129.319588, -48.501378 ], [ -123.090527, -50.180349 ], [ -116.45805, -51.503717 ], [ -109.490174, -52.432901 ], [ -102.292435, -52.937572 ], [ -95.0, -53.0 ], [ -95.0, -53.0 ] ] } },
{ "type": "Feature", "properties": { "id": 11106 }, "geometry": { "type": "LineString", "coordinates": [ [ -180.0, 0.0 ], [ -177.417722, -3.421566 ], [ -174.816941, -6.83615 ], [ -172.178776, -10.236584 ], [ -169.483588, -13.615317 ], [ -166.710581, -16.964212 ], [ -163.837416, -20.274302 ], [ -160.839804, -23.535535 ], [ -157.691141, -26.73646 ], [ -154.362186, -29.863877 ], [ -150.820889, -32.902433 ], [ -147.032464, -35.834169 ], [ -142.959891, -38.638044 ], [ -138.565139, -41.289473 ], [ -133.811425, -43.759962 ], [ -128.666925, -46.016988 ], [ -123.110208, -48.024324 ], [ -117.137322, -49.743075 ], [ -110.769659, -51.133671 ], [ -104.060613, -52.158924 ], [ -97.098089, -52.787914 ], [ -90.0, -53.0 ], [ -90.0, -53.0 ] ] } },
{ "type": "Feature", "properties": { "id": 11200 }, "geometry": { "type": "LineString", "coordinates": [ [ -179.9085, 54.6049 ], [ 172.9, 52.6 ] ] } },
{ "type": "Feature", "properties": { "id": 11201 }, "geometry": { "type": "LineString", "coordinates": [ [ -179.9085, 54.6049 ], [ 179.5, 51.3 ] ] } },
{ "type": "Feature", "properties": { "id": 20000 }, "geometry": { "type": "LineString", "coordinates": [ [ 60.8257, 10.867 ], [ 56.231300000419658, 14.692099996362705 ] ] } },
{ "type": "Feature", "properties": { "id": 20001 }, "geometry": { "type": "LineString", "coordinates": [ [ 54.2, 16.2 ], [ 54.1125712, 15.144283 ] ] } },
{ "type": "Feature", "properties": { "id": 20002 }, "geometry": { "type": "LineString", "coordinates": [ [ 55.5809, 15.8264 ], [ 54.1125712, 15.144283 ] ] } },
{ "type": "Feature", "properties": { "id": 20003 }, "geometry": { "type": "LineString", "coordinates": [ [ 56.2313, 14.6921 ], [ 54.1125712, 15.144283 ] ] } },
{ "type": "Feature", "properties": { "id": 20004 }, "geometry": { "type": "LineString", "coordinates": [ [ 41.1801421, 15.2426285 ], [ 41.1861, 15.3828 ] ] } },
{ "type": "Feature", "properties": { "id": 20005 }, "geometry": { "type": "LineString", "coordinates": [ [ 41.1801421, 15.2426285 ], [ 41.6593, 15.5468 ] ] } },
{ "type": "Feature", "properties": { "passage": null, "id": 21000 }, "geometry": { "type": "LineString", "coordinates": [ [ 52.300000000010115, 11.599999999983703 ], [ 70.000284460584581, -0.000216800279869 ], [ 75.098719483366835, -3.200228483871 ], [ 89.999999940078169, -9.999999864603106 ], [ 112.999999999981341, -23.500000000014566 ] ] } },
{ "type": "Feature", "properties": { "passage": null, "id": 30001 }, "geometry": { "type": "LineString", "coordinates": [ [ 64.029700002674446, -14.18729999909738 ], [ 57.999999989587977, -20.70000000250095 ] ] } },
{ "type": "Feature", "properties": { "id": 35291 }, "geometry": { "type": "LineString", "coordinates": [ [ 76.2267, 73.7178 ], [ 81.738281250000014, 74.543329826779058 ], [ 89.824218750000014, 76.142958464798483 ], [ 93.515625, 77.254478702285297 ] ] } },
{ "type": "Feature", "properties": { "id": 35292 }, "geometry": { "type": "LineString", "coordinates": [ [ 122.080078125000014, 74.543329826779058 ], [ 127.089843750000014, 74.259738370931316 ], [ 130.429687500000028, 73.627788793399418 ], [ 132.1875, 72.633373638538373 ], [ 135.878906250000028, 72.422268039522621 ], [ 138.691406250000028, 73.073843512772171 ], [ 145.561899848899088, 73.058584445615139 ], [ 152.566955745745616, 72.614433255289569 ], [ 159.257812500000028, 71.663662931417321 ], [ 165.333251953125028, 70.59802116106809 ], [ 167.695312500000028, 70.377853941092269 ], [ 169.9420166015625, 70.289116643306741 ], [ 176.209716796875028, 70.172064032253601 ] ] } },
{ "type": "Feature", "properties": { "id": 35300 }, "geometry": { "type": "LineString", "coordinates": [ [ -57.6, -51.5 ], [ -64.401, -55.662 ], [ -71.385, -55.3608 ] ] } }
]
}
