6730
0 8 -50.0000 180.0000
1 2 -45.1104 -174.5630
2 8 -40.0000 -170.0000
3 4 28.2242 -92.8863
4 5 27.8421 -92.5705
5 4 26.1850 -90.8482
6 6 27.9158 -91.5578
7 1 29.4539 -92.3207
8 7 26.1842 -91.9167
9 1 29.6201 -91.9939
10 2 29.5854 -92.0255
11 2 29.5830 -92.0381
12 2 29.5094 -92.1091
13 2 29.3897 -92.1335
14 2 23.9557 -88.9569
15 11 21.7333 -86.0500
16 8 26.0000 -91.0000
17 10 -14.4000 -170.7000
18 10 -10.0000 -170.0000
19 7 28.2842 -89.8999
20 2 28.0154 -90.1455
21 4 28.4308 -91.2981
22 5 28.5839 -91.5483
23 1 29.1858 -91.5493
24 1 29.1678 -90.9528
25 2 29.0816 -90.9592
26 2 29.0013 -91.0064
27 4 13.5000 -91.0000
28 4 13.1000 -89.5000
29 2 13.1597 -89.7166
30 2 -14.3503 -170.6925
31 4 28.8000 -89.0000
32 12 22.0000 -86.0000
33 9 24.3000 -82.7000
34 2 25.2060 -86.8210
35 5 26.1842 -89.8711
36 1 30.2948 -90.3009
37 2 30.2544 -90.1328
38 2 30.2474 -90.0958
39 2 30.0314 -90.0347
40 2 30.0178 -90.0303
41 2 30.0070 -90.0268
42 4 29.9890 -90.0200
43 1 29.0829 -90.2269
44 2 29.9807 -90.0220
45 3 29.9668 -90.0266
46 2 29.9827 -90.0216
47 2 29.9764 -90.0235
48 2 29.9630 -90.0278
49 2 29.9594 -90.0284
50 2 29.9568 -90.0275
51 2 29.9547 -90.0283
52 2 29.9502 -90.0199
53 2 29.9400 -90.0018
54 2 29.9227 -89.9619
55 2 29.9222 -89.9359
56 2 29.6743 -89.9619
57 2 29.5713 -89.7933
58 2 29.4799 -89.6876
59 2 29.4643 -89.6676
60 2 29.4576 -89.6473
61 2 29.4582 -89.6236
62 2 29.4510 -89.6068
63 2 29.4408 -89.6008
64 2 29.4182 -89.6077
65 2 29.4108 -89.6073
66 2 29.3993 -89.6019
67 2 29.3906 -89.5939
68 2 29.3850 -89.5885
69 2 29.3726 -89.5663
70 2 29.3646 -89.5413
71 2 29.3625 -89.5285
72 2 29.3564 -89.5091
73 2 29.3426 -89.4848
74 2 29.3463 -89.4704
75 2 29.3645 -89.4541
76 2 29.3605 -89.4330
77 2 29.3443 -89.4054
78 3 29.2866 -89.3558
79 2 29.9949 -90.0136
80 2 29.9985 -89.9921
81 2 30.0077 -89.9291
82 2 29.9776 -89.8841
83 2 29.9424 -89.8404
84 2 29.9168 -89.8091
85 2 29.8656 -89.7092
86 2 29.8567 -89.6786
87 2 29.8422 -89.6264
88 2 29.8402 -89.6215
89 2 29.8258 -89.6006
90 2 29.8086 -89.5758
91 2 29.6768 -89.3875
92 2 29.4962 -89.1283
93 3 29.4918 -89.1204
94 5 -60.0000 -80.0000
95 4 -60.0000 -90.0000
96 6 -50.0000 -80.0000
97 2 -55.1031 -84.3743
98 8 -50.0000 -90.0000
99 2 -55.0021 -89.9957
100 8 -20.0000 -170.0000
101 2 -45.1104 -84.5630
102 8 -40.0000 -80.0000
103 2 -45.0022 -89.9970
104 8 -40.0000 -90.0000
105 2 -54.9724 -85.2289
106 2 -19.1816 -170.0967
107 7 -30.0000 -80.0000
108 2 -35.1041 -84.6948
109 8 -30.0000 -90.0000
110 2 -35.0021 -89.9979
111 2 -45.0325 -85.2847
112 2 -40.1068 -85.0004
113 2 -25.0850 -84.7972
114 8 -20.0000 -80.0000
115 2 -25.0017 -89.9986
116 8 -20.0000 -90.0000
117 2 -35.1023 -85.3071
118 2 -30.0935 -85.0005
119 2 -17.5444 -87.4073
120 2 -15.0555 -84.8837
121 2 -12.5389 -82.4181
122 8 -10.0000 -80.0000
123 2 -15.0011 -89.9992
124 8 -10.0000 -90.0000
125 2 -25.0836 -85.2045
126 2 -20.0692 -85.0004
127 5 -0.9000 -81.8000
128 2 -5.4642 -85.8692
129 2 -5.0004 -89.9997
130 8 -0.0000 -90.0000
131 2 -17.5438 -82.5937
132 2 -15.0547 -85.1175
133 2 -12.5384 -87.5827
134 5 -50.0000 -160.0000
135 5 -50.0000 -170.0000
136 2 -10.0367 -85.0002
137 5 7.0000 -80.0000
138 2 3.5134 -85.0185
139 6 12.0000 -87.6000
140 2 6.0020 -88.8134
141 2 -7.5167 -82.5336
142 2 -5.0190 -85.0384
143 2 -2.5119 -87.5240
144 2 -0.4512 -85.9003
145 3 28.6394 -89.5864
146 5 28.1053 -88.4725
147 4 26.3095 -85.7171
148 2 23.2396 -86.2788
149 5 22.1000 -89.8000
150 5 28.7160 -89.3702
151 2 -35.1023 -175.3071
152 17 -30.0000 180.0000
153 2 -45.1105 -164.5630
154 8 -40.0000 -160.0000
155 3 28.8137 -89.4328
156 3 12.7000 -88.1000
157 2 13.0565 -89.3428
158 3 29.1604 -89.2549
159 2 29.1364 -89.2575
160 2 29.1258 -89.2617
161 2 29.0821 -89.2855
162 2 29.0764 -89.2908
163 2 29.0664 -89.3031
164 2 29.0600 -89.3102
165 2 29.0441 -89.3193
166 2 29.0277 -89.3338
167 2 28.9988 -89.3573
168 2 28.9614 -89.3889
169 2 28.9116 -89.4248
170 2 28.9048 -89.4317
171 1 29.0756 -89.4104
172 2 29.0986 -89.3882
173 2 29.1184 -89.3718
174 2 29.1371 -89.3599
175 2 29.1663 -89.3529
176 2 29.1795 -89.3460
177 2 29.1955 -89.3397
178 2 29.2087 -89.3422
179 2 29.2285 -89.3416
180 2 29.2467 -89.3454
181 2 29.2605 -89.3495
182 2 29.2650 -89.3514
183 2 29.2707 -89.3508
184 3 29.2749 -89.3468
185 5 28.9357 -89.0089
186 2 25.2355 -87.6590
187 2 28.6086 -89.2910
188 2 29.2891 -89.3545
189 2 29.2900 -89.3501
190 2 29.2933 -89.3477
191 2 29.2939 -89.3432
192 2 29.2986 -89.3330
193 2 29.2995 -89.3295
194 2 29.3073 -89.3231
195 2 29.3097 -89.3225
196 2 29.3130 -89.3194
197 2 29.3177 -89.3166
198 2 29.3198 -89.3163
199 2 29.3242 -89.3137
200 2 29.3276 -89.3125
201 2 29.3319 -89.3093
202 2 29.3344 -89.3066
203 2 29.3379 -89.3041
204 2 29.3487 -89.3018
205 2 29.3558 -89.3011
206 2 29.3601 -89.2992
207 2 29.3637 -89.2985
208 2 29.3975 -89.2998
209 2 29.2380 -89.3029
210 2 29.1938 -89.2718
211 2 29.1719 -89.2609
212 2 29.1405 -89.2476
213 2 29.1314 -89.2426
214 2 29.1122 -89.2410
215 2 29.1033 -89.2364
216 2 29.0805 -89.2189
217 2 29.0735 -89.2129
218 2 29.0529 -89.2028
219 2 29.0273 -89.1816
220 2 29.0245 -89.1782
221 2 29.0162 -89.1658
222 2 29.0101 -89.1597
223 2 28.9956 -89.1423
224 2 28.9888 -89.1370
225 3 29.4279 -88.9828
226 2 25.4086 -87.4559
227 2 -45.0022 -169.9970
228 2 26.5543 -85.8107
229 2 29.4534 -88.9391
230 2 29.6376 -88.7254
231 2 29.7545 -88.5671
232 4 29.9504 -88.3169
233 6 28.1578 -86.2810
234 6 30.1015 -88.0972
235 2 25.8472 -87.1450
236 5 29.0228 -87.3464
237 4 30.2318 -87.2889
238 2 30.0943 -87.9928
239 2 29.3574 -87.4091
240 4 16.2500 -87.8000
241 3 18.3000 -87.3000
242 2 16.9579 -87.6304
243 2 -35.1041 -164.6948
244 9 -30.0000 -160.0000
245 4 16.0000 -83.7500
246 2 16.2215 -87.1206
247 3 11.1000 -86.8000
248 2 11.3170 -86.9906
249 2 30.2003 -87.2811
250 2 29.6665 -87.2778
251 2 25.3802 -86.6796
252 2 30.3017 -86.8421
253 2 30.2803 -86.3455
254 2 29.8451 -85.7988
255 6 29.8381 -85.7744
256 2 10.0000 -86.6000
257 2 9.2000 -84.9000
258 3 28.8725 -85.7708
259 9 24.2187 -81.8250
260 5 27.5833 -84.6525
261 1 21.8058 -86.0690
262 2 16.2058 -78.3729
263 10 12.0000 -61.9000
264 2 -35.0021 -169.9977
265 6 -30.0000 -170.0000
266 5 25.5211 -84.2612
267 3 21.8452 -85.8613
268 2 18.3378 -82.7561
269 5 14.3000 -80.5000
270 2 18.8456 -81.2293
271 4 21.6000 -83.9000
272 2 63.2000 -75.0000
273 3 61.1000 -86.0000
274 1 59.0000 -93.6000
275 2 -45.0317 -165.2833
276 2 57.0000 -83.0000
277 2 15.9102 -79.5594
278 11 9.7500 -80.0000
279 2 29.8610 -85.4898
280 1 29.8731 -85.4716
281 1 30.1300 -85.7196
282 2 30.1271 -85.7195
283 2 30.1234 -85.7248
284 2 30.1173 -85.7312
285 2 29.4988 -85.4991
286 4 28.9201 -83.4318
287 6 6.9000 -81.4000
288 5 27.6012 -83.3816
289 1 29.9980 -84.3327
290 2 30.0089 -84.2711
291 2 30.0099 -84.1747
292 2 29.9386 -83.8421
293 3 29.8895 -83.7626
294 5 26.4507 -82.6626
295 2 25.8329 -83.7391
296 3 22.3000 -82.7000
297 2 -40.1068 -165.0004
298 8 19.0000 -78.2000
299 2 20.3138 -80.9348
300 2 29.8274 -83.6621
301 2 29.6411 -83.5018
302 2 29.3792 -83.3654
303 2 29.2596 -83.4255
304 2 29.2007 -83.3184
305 2 29.1092 -83.1160
306 3 28.9415 -83.0208
307 1 29.8742 -83.7378
308 3 14.6000 -82.7000
309 2 28.1675 -83.4380
310 3 12.2000 -83.4000
311 3 10.0000 -82.9000
312 2 10.2829 -82.9628
313 2 26.6896 -82.8234
314 3 27.5864 -83.0024
315 2 28.9244 -83.0157
316 2 28.8498 -82.9975
317 2 28.7513 -82.9975
318 2 28.3701 -82.9944
319 2 28.2644 -82.9972
320 2 28.1837 -83.0491
321 2 28.1620 -83.0647
322 2 27.9362 -83.0072
323 2 27.7875 -82.9996
324 2 27.5997 -83.0035
325 2 27.4921 -82.9828
326 2 27.2105 -82.6844
327 2 27.1159 -82.6211
328 2 26.7074 -82.3773
329 3 26.6665 -82.3226
330 1 53.8000 -79.7000
331 2 -25.0849 -164.7972
332 10 -20.0000 -160.0000
333 3 21.6000 -80.7500
334 2 22.2960 -82.6884
335 2 23.2500 -82.2000
336 4 23.0000 -79.0000
337 3 26.4952 -82.2522
338 2 26.2819 -82.4822
339 2 25.6217 -82.0978
340 2 25.1618 -82.0286
341 2 24.6799 -82.0927
342 2 24.4172 -82.0471
343 2 26.5190 -82.2772
344 2 26.4028 -82.1616
345 2 26.3622 -82.0138
346 2 26.3568 -81.9921
347 2 26.0435 -81.9144
348 2 25.7693 -81.7129
349 3 25.0404 -81.5207
350 2 -25.0017 -169.9986
351 2 -3.0000 -81.2500
352 3 -5.2500 -81.9000
353 3 -7.3000 -80.2000
354 2 -5.6477 -81.5607
355 4 25.7903 -79.8150
356 2 25.3329 -79.9482
357 2 25.1157 -80.0286
358 2 24.7537 -80.3533
359 2 24.5040 -80.8143
360 2 24.7616 -81.8201
361 2 24.5410 -81.8204
362 2 22.9608 -77.7989
363 2 21.6102 -73.8486
364 2 20.1758 -69.9723
365 10 18.6667 -66.1668
366 4 1.2000 -80.3000
367 2 3.0505 -80.9033
368 3 30.4000 -81.2000
369 2 30.2861 -81.1905
370 2 -35.1023 -165.3071
371 3 21.7000 -71.2000
372 2 25.7074 -76.3728
373 2 29.9152 -81.1137
374 4 1.1000 103.6000
375 7 1.3413 104.4823
376 2 29.0791 -80.7948
377 2 0.3479 103.8593
378 2 -0.5866 104.1371
379 2 -2.1690 105.0632
380 2 -2.3456 105.6863
381 2 -2.8923 105.9052
382 2 -3.0000 106.1000
383 3 25.7921 -79.9545
384 2 25.7608 -79.9567
385 2 25.5421 -80.0872
386 2 25.4796 -80.0934
387 2 25.2375 -80.1694
388 2 25.0394 -80.3256
389 2 24.9561 -80.4332
390 2 24.7402 -80.7641
391 2 24.6356 -81.0362
392 3 24.6271 -81.1122
393 3 24.6000 -80.9000
394 2 28.4472 -80.4402
395 3 28.4248 -80.4347
396 2 -30.0936 -165.0005
397 8 13.0000 -70.0000
398 2 13.7038 -75.2353
399 3 28.4937 -79.6882
400 2 28.3836 -80.4249
401 2 27.9097 -80.2419
402 3 27.5819 -80.0986
403 2 25.9475 -76.6149
404 4 28.3620 -63.0953
405 2 29.3933 -52.7967
406 10 30.0000 -50.0000
407 4 3.9000 -78.0000
408 2 1.7741 -79.8285
409 4 15.5163 -99.6440
410 6 32.2439 -79.2207
411 2 31.9811 -79.7900
412 2 31.7801 -79.9246
413 2 31.6806 -80.0292
414 2 31.2087 -80.0550
415 2 30.8186 -80.0660
416 7 30.3972 -80.1228
417 2 25.3577 -76.7809
418 10 20.0000 -73.8000
419 4 37.8155 122.1825
420 4 38.0500 124.1000
421 7 37.1000 123.2000
422 2 27.4076 -76.5440
423 2 24.4585 -73.0316
424 2 21.3384 -69.7214
425 2 27.4715 -80.0488
426 5 27.4491 -79.3211
427 2 27.2097 -79.9599
428 2 27.1678 -79.9479
429 4 37.4000 125.5000
430 1 37.5262 126.0741
431 2 -30.0935 -175.0005
432 2 -55.0021 -79.9957
433 3 -60.0001 -70.0000
434 2 -45.0022 -79.9970
435 5 -33.0000 -72.0000
436 2 -36.5676 -75.8198
437 2 -35.0021 -79.9979
438 3 -46.5001 -76.5000
439 2 -43.2666 -78.3560
440 2 -25.0017 -79.9986
441 2 -31.5575 -76.0630
442 2 -15.0011 -79.9992
443 5 -29.6000 -72.8000
444 2 -24.9673 -76.9618
445 3 -12.0000 -77.7000
446 2 -25.0836 -165.2045
447 3 11.7000 -75.2500
448 4 17.5000 -69.7500
449 2 13.6778 -74.9584
450 6 18.5000 -75.0000
451 2 14.1387 -77.5478
452 2 9.5375 -78.0323
453 2 8.6153 -77.0765
454 5 25.9805 -79.9386
455 3 26.7929 -79.8904
456 4 26.0942 -79.5356
457 2 26.7658 -79.8863
458 2 26.7467 -79.8872
459 2 26.6483 -79.8891
460 2 26.0985 -79.9385
461 2 26.0795 -79.9370
462 2 -20.0692 -165.0004
463 7 26.7372 -79.3328
464 2 32.7500 -79.8000
465 2 31.4643 -74.8286
466 13 30.0000 -70.0000
467 5 33.1436 -77.8929
468 2 32.9347 -78.1343
469 2 32.6892 -78.6433
470 2 26.1507 -76.3617
471 2 5.8851 -86.9560
472 2 4.8160 -92.4917
473 2 3.7029 -98.0102
474 2 2.5560 -103.5149
475 2 1.3858 -109.0098
476 2 0.2031 -114.4995
477 2 -0.9815 -119.9884
478 2 -2.1572 -125.4810
479 2 -3.3131 -130.9820
480 2 -4.4388 -136.4953
481 2 -5.5238 -142.0248
482 2 -6.5582 -147.5736
483 2 -7.5320 -153.1443
484 2 -8.4360 -158.7385
485 2 -9.2614 -164.3571
486 2 28.9619 -75.6655
487 2 25.5924 -72.3317
488 2 22.0278 -69.1495
489 4 21.5000 -75.2000
490 5 26.3000 -78.8000
491 2 28.8372 -75.7692
492 2 31.3028 -72.5903
493 2 33.6855 -69.2449
494 2 35.9725 -65.7143
495 2 38.1497 -61.9797
496 2 40.2014 -58.0238
497 2 42.1102 -53.8316
498 2 43.8573 -49.3923
499 2 45.4228 -44.7008
500 2 46.7862 -39.7613
501 2 47.9273 -34.5883
502 2 48.8270 -29.2087
503 2 49.4691 -23.6625
504 2 49.8410 -18.0015
505 2 49.9352 -12.2866
506 11 49.7500 -6.5833
507 2 24.9000 -77.5000
508 3 19.7000 -75.1000
509 2 18.7727 -76.6482
510 4 35.2318 -75.1081
511 2 35.0301 -75.4780
512 2 34.7940 -75.7745
513 2 34.6300 -76.0644
514 2 34.2168 -76.2640
515 2 29.8711 -76.7764
516 2 26.5887 -75.7303
517 2 23.2978 -74.7418
518 2 29.4585 -74.5529
519 2 25.9937 -71.4334
520 2 22.5004 -68.3159
521 2 -7.5169 -167.4667
522 2 -5.0193 -164.9621
523 2 -2.5120 -162.4763
524 8 -0.0000 -160.0000
525 4 -13.7000 -77.0000
526 2 -12.5704 -77.4616
527 2 -17.3000 -72.7000
528 12 35.9500 -5.7500
529 2 36.2900 -18.3875
530 2 36.5022 -28.1874
531 2 36.1836 -38.9100
532 2 34.6437 -51.5223
533 2 32.4371 -57.7916
534 4 29.1243 -69.0025
535 2 -43.5001 -75.5000
536 1 38.5713 -76.4345
537 2 38.5384 -76.4292
538 2 38.4303 -76.3673
539 2 38.3792 -76.3394
540 2 38.3526 -76.3364
541 2 38.3391 -76.3318
542 2 38.1871 -76.2868
543 2 38.0958 -76.2597
544 2 38.0431 -76.2329
545 2 37.9644 -76.1936
546 2 37.9285 -76.1757
547 2 37.9133 -76.1685
548 2 37.8805 -76.1514
549 2 37.8521 -76.1605
550 2 37.8314 -76.1673
551 2 37.8076 -76.1752
552 2 37.7817 -76.1836
553 2 37.7405 -76.1789
554 2 37.6881 -76.1725
555 2 37.6579 -76.1710
556 2 37.5709 -76.1625
557 2 37.5346 -76.1596
558 2 37.4661 -76.1525
559 2 37.3617 -76.1374
560 2 37.3299 -76.1256
561 2 37.2940 -76.1124
562 2 37.2320 -76.1375
563 2 37.2175 -76.1444
564 2 37.1867 -76.1542
565 2 37.1472 -76.1496
566 2 37.0920 -76.1080
567 2 37.0262 -76.0623
568 2 36.9585 -76.0085
569 2 36.9485 -75.9599
570 3 36.8468 -75.8067
571 6 38.3084 -74.5315
572 2 37.6502 -75.0202
573 2 37.4694 -75.1485
574 2 37.2901 -75.2870
575 4 37.0813 -75.4399
576 2 36.8090 -75.7447
577 4 36.6311 -75.3372
578 2 -41.3000 -75.0000
579 5 35.8144 -75.0737
580 2 32.2200 -72.6820
581 2 27.7409 -70.3270
582 2 23.2195 -68.1721
583 2 -5.0004 -169.9997
584 9 -0.0000 -170.0000
585 3 39.2494 -75.3218
586 2 39.3111 -75.3936
587 2 39.2637 -75.3384
588 2 39.2314 -75.3016
589 2 39.2070 -75.2867
590 2 39.1800 -75.2711
591 2 39.1420 -75.2383
592 2 39.1137 -75.2128
593 2 39.0837 -75.1861
594 2 39.0061 -75.1436
595 2 38.9747 -75.1262
596 2 38.9472 -75.1114
597 2 38.9208 -75.0972
598 3 38.8498 -75.0590
599 7 20.0000 -73.9000
600 4 20.3000 -72.0000
601 2 38.7992 -75.1177
602 1 38.7815 -75.1178
603 2 37.9102 -72.0628
604 9 40.5034 -68.7925
605 2 31.4281 -74.7475
606 2 27.6213 -74.4126
607 2 23.8119 -74.0982
608 8 35.6000 -75.1000
609 2 37.7934 -67.4490
610 2 39.4669 -59.3921
611 2 40.5637 -51.0125
612 2 41.0429 -42.4372
613 2 40.8847 -33.8222
614 2 40.0990 -25.3307
615 2 38.7192 -17.1054
616 11 36.8000 -9.2500
617 7 40.0000 -60.0000
618 2 38.0408 -67.7743
619 12 40.3000 -69.5000
620 2 32.7151 -72.4667
621 6 32.3000 -64.8000
622 2 34.0519 -69.8509
623 4 38.7900 -75.0095
624 3 38.6023 -74.8373
625 3 38.6565 -74.5647
626 4 38.7870 -74.5743
627 2 38.7884 -74.7648
628 8 -10.0000 -160.0000
629 2 -10.0367 -165.0002
630 2 -36.9000 -73.9000
631 3 17.3000 -73.0000
632 5 61.1000 -64.5000
633 3 38.5317 -74.5502
634 2 38.7342 -74.5730
635 2 33.7364 -74.3266
636 2 29.1608 -74.1390
637 2 24.5818 -73.9645
638 2 33.4582 -72.1002
639 2 28.5593 -69.9433
640 2 23.6258 -67.9830
641 2 -0.0000 -165.0000
642 3 41.2514 -72.1973
643 2 41.2453 -72.2207
644 2 41.2143 -72.3449
645 2 41.2043 -72.3958
646 2 41.1806 -72.5164
647 2 41.1632 -72.6061
648 2 41.1538 -72.6505
649 2 41.1426 -72.6963
650 2 41.1315 -72.7486
651 2 41.1227 -72.7942
652 2 41.1201 -72.8201
653 2 41.1167 -72.8457
654 2 41.1140 -72.8679
655 2 41.1045 -72.9613
656 2 41.0964 -73.0282
657 2 41.0938 -73.0578
658 2 41.0479 -73.1602
659 2 41.0380 -73.1930
660 2 41.0412 -73.2643
661 2 41.0258 -73.3041
662 2 41.0149 -73.3616
663 2 41.0025 -73.4279
664 2 41.0009 -73.4385
665 2 40.9989 -73.4462
666 2 40.9959 -73.4641
667 2 40.9908 -73.4912
668 2 40.9834 -73.5329
669 2 40.9800 -73.5497
670 2 40.9752 -73.5770
671 2 40.9677 -73.6173
672 2 40.9602 -73.6283
673 2 40.9504 -73.6410
674 2 40.9422 -73.6520
675 2 40.9319 -73.6656
676 2 40.9243 -73.6751
677 2 40.9186 -73.6819
678 2 40.9072 -73.6960
679 2 40.8943 -73.7129
680 2 40.8708 -73.7387
681 2 40.8541 -73.7541
682 2 40.8439 -73.7631
683 2 40.8246 -73.7795
684 2 40.8128 -73.7809
685 2 40.8017 -73.7824
686 2 40.8032 -73.8035
687 2 40.8034 -73.8297
688 2 40.8005 -73.8378
689 2 40.7982 -73.8541
690 2 40.7953 -73.8688
691 2 40.7974 -73.9044
692 2 40.7912 -73.9143
693 2 40.7792 -73.9380
694 2 40.7662 -73.9498
695 2 40.7348 -73.9666
696 2 40.7237 -73.9663
697 2 40.7139 -73.9734
698 2 40.7081 -73.9779
699 2 40.7045 -73.9993
700 2 40.6951 -74.0081
701 2 40.6870 -74.0111
702 2 40.6676 -74.0488
703 2 40.6465 -74.0631
704 3 40.6285 -74.0561
705 4 40.6061 -74.0456
706 2 40.6143 -74.0494
707 2 40.5937 -74.0396
708 2 40.5640 -74.0310
709 2 40.5373 -74.0226
710 2 40.5253 -74.0106
711 2 40.4980 -73.9393
712 2 40.4799 -73.8929
713 4 40.4456 -73.8129
714 2 40.6000 -74.0000
715 1 19.1000 -73.1000
716 2 40.3456 -73.7932
717 6 40.0331 -73.7830
718 3 39.4965 -72.4725
719 4 40.4313 -73.3345
720 2 2.5120 -167.5237
721 2 5.0192 -165.0379
722 2 7.5169 -162.5333
723 8 10.0000 -160.0000
724 2 35.4039 -70.2670
725 2 30.2839 -71.5636
726 2 25.1481 -72.7297
727 4 44.0943 -67.7575
728 2 38.1103 -69.6153
729 2 32.0948 -71.1876
730 2 26.0560 -72.5624
731 6 41.0726 -71.4738
732 2 35.8157 -72.1669
733 2 30.5504 -72.7704
734 2 25.2781 -73.3088
735 2 36.2227 -72.5888
736 2 32.1720 -72.9320
737 2 28.1177 -73.2440
738 2 24.0602 -73.5315
739 2 -0.0000 -175.0000
740 11 -0.0000 180.0000
741 3 40.4556 -71.6331
742 3 40.9975 -71.6894
743 2 40.7393 -72.4247
744 2 14.7026 -67.3869
745 2 5.0004 -170.0002
746 8 10.0000 -170.0000
747 2 -18.9000 -71.0000
748 2 34.3243 -70.6309
749 2 23.9033 -67.5286
750 1 15.6874 -72.2321
751 2 14.4364 -69.7486
752 4 10.6839 -61.8055
753 9 11.0000 -61.0000
754 3 41.3103 -71.4771
755 2 41.3065 -71.6217
756 2 41.2953 -71.8490
757 2 41.3040 -71.9146
758 2 41.2919 -71.9710
759 2 41.2857 -72.0108
760 2 41.2757 -72.0758
761 7 19.7500 -68.9000
762 1 9.7649 -71.5504
763 2 10.6083 -71.6053
764 2 11.1693 -71.5504
765 2 11.6755 -70.3089
766 2 12.5455 -70.1881
767 3 41.4170 -71.3336
768 4 41.1171 -71.3569
769 2 41.1095 -71.3729
770 2 41.1047 -71.3907
771 2 35.4989 -69.9008
772 2 29.9034 -68.5280
773 2 24.2913 -67.2971
774 3 41.3250 -71.1677
775 2 -7.5167 -162.5336
776 2 -5.0190 -165.0384
777 2 -2.5119 -167.5240
778 2 40.7029 -70.0158
779 1 41.5000 -71.2500
780 2 41.4170 -71.1957
781 3 41.4535 -71.0037
782 3 41.4908 -70.6704
783 2 41.4521 -70.7476
784 2 41.4056 -70.8432
785 2 41.3977 -70.8663
786 2 41.3891 -70.8921
787 2 41.3740 -71.1170
788 3 41.5963 -70.7415
789 2 41.5197 -70.8421
790 2 41.4761 -70.9421
791 3 41.7813 -70.4810
792 2 41.7739 -70.5026
793 2 41.7728 -70.5110
794 2 41.7760 -70.5481
795 2 41.7747 -70.5549
796 2 41.7691 -70.5645
797 2 41.7635 -70.5684
798 2 41.7543 -70.5762
799 2 41.7465 -70.5922
800 2 41.7434 -70.6097
801 2 41.7395 -70.6204
802 2 41.7323 -70.6306
803 2 41.7310 -70.6319
804 2 41.7231 -70.6398
805 2 41.6824 -70.6781
806 2 41.6391 -70.6944
807 2 41.6309 -70.6974
808 2 10.0367 -164.9998
809 2 41.5269 -70.6983
810 2 41.5202 -70.6908
811 2 41.5191 -70.6850
812 2 41.5200 -70.6799
813 2 44.0844 -67.7858
814 2 44.0691 -67.8231
815 2 44.0567 -67.8554
816 2 44.0453 -67.8845
817 2 44.0318 -67.9145
818 2 44.0219 -67.9434
819 2 44.0110 -67.9714
820 2 43.9991 -67.9989
821 2 43.9846 -68.0360
822 2 43.9634 -68.0894
823 2 43.9440 -68.1336
824 2 43.9261 -68.1766
825 2 43.9091 -68.2185
826 2 43.8896 -68.2687
827 2 43.8737 -68.3060
828 2 43.8445 -68.3760
829 2 43.8147 -68.4501
830 2 43.8015 -68.4809
831 2 43.7924 -68.5038
832 2 43.7826 -68.5262
833 2 43.7727 -68.5492
834 2 43.7645 -68.5713
835 2 43.7560 -68.5917
836 2 43.7451 -68.6183
837 2 43.7363 -68.6396
838 2 43.7263 -68.6632
839 2 43.7174 -68.6867
840 2 43.7070 -68.7110
841 2 43.6972 -68.7372
842 2 43.6860 -68.7628
843 2 43.6757 -68.7885
844 2 43.6656 -68.8140
845 2 43.6618 -68.8231
846 2 43.6592 -68.8327
847 2 43.6567 -68.8402
848 2 43.6523 -68.8482
849 2 43.6489 -68.8579
850 2 43.6455 -68.8659
851 2 43.6426 -68.8731
852 2 43.6390 -68.8809
853 2 43.6357 -68.8884
854 2 43.6332 -68.8947
855 2 43.6292 -68.9035
856 2 43.6261 -68.9124
857 2 43.6223 -68.9215
858 2 43.6177 -68.9303
859 2 43.6144 -68.9386
860 2 43.6108 -68.9473
861 2 43.6078 -68.9559
862 2 43.6045 -68.9625
863 2 43.6014 -68.9697
864 2 43.5997 -68.9754
865 2 43.5971 -68.9830
866 2 43.5932 -68.9901
867 2 43.5900 -68.9998
868 2 43.5782 -69.0319
869 2 43.5630 -69.0670
870 2 43.5492 -69.0984
871 2 43.5374 -69.1290
872 2 43.5235 -69.1641
873 2 43.5107 -69.1943
874 2 43.4967 -69.2286
875 2 43.4833 -69.2621
876 2 43.4656 -69.3059
877 2 43.4425 -69.3693
878 2 43.4216 -69.4421
879 2 43.3969 -69.5235
880 2 43.1127 -69.9058
881 2 43.0696 -70.0470
882 2 43.0162 -70.0878
883 2 42.9580 -70.1320
884 2 42.9151 -70.1640
885 2 42.8694 -70.1934
886 2 42.8280 -70.2201
887 2 42.7922 -70.2431
888 2 42.7408 -70.2751
889 2 42.6888 -70.3083
890 2 42.6540 -70.3303
891 2 42.6271 -70.4069
892 2 42.5706 -70.4660
893 2 42.5554 -70.4821
894 2 42.5354 -70.5029
895 2 42.5220 -70.5170
896 2 42.5128 -70.5270
897 2 42.4894 -70.5514
898 2 42.4108 -70.6333
899 2 42.3842 -70.6610
900 3 42.3542 -70.6925
901 2 42.2816 -70.7125
902 2 42.2194 -70.6477
903 2 42.1958 -70.6161
904 2 42.1459 -70.5920
905 2 42.1219 -70.5803
906 2 42.0264 -70.5360
907 3 41.9880 -70.5195
908 2 42.3184 -70.5626
909 2 42.2904 -70.4577
910 2 42.2725 -70.3935
911 2 42.2549 -70.3280
912 2 42.2369 -70.2609
913 2 42.2143 -70.1918
914 3 42.1947 -70.1183
915 2 41.5038 -70.6342
916 2 41.4794 -70.5527
917 2 41.4589 -70.3501
918 2 41.4528 -70.2864
919 2 41.4442 -70.2305
920 3 41.4515 -70.1995
921 5 42.0251 -70.3394
922 2 41.8478 -70.4594
923 5 -52.4000 -68.0000
924 2 -52.7501 -70.4500
925 1 41.7724 -70.1615
926 1 41.9997 -70.1890
927 2 41.4577 -70.1724
928 4 41.4823 -70.0641
929 2 42.1322 -69.8936
930 3 41.8480 -69.7009
931 3 41.4882 -69.4593
932 3 41.3218 -69.3457
933 3 -60.0000 -60.0000
934 13 21.1667 -157.6700
935 2 18.4450 -160.8861
936 2 15.6704 -164.0019
937 2 12.8524 -167.0345
938 2 17.3628 -60.3334
939 2 22.8284 -50.8192
940 2 28.2769 -38.7342
941 2 32.5575 -24.4959
942 2 34.3539 -15.0038
943 6 17.3000 -66.6000
944 3 12.1000 -68.5000
945 2 12.2629 -68.7656
946 2 12.9115 -69.8490
947 2 12.5294 -65.9420
948 8 30.0000 -60.0000
949 2 30.0935 -64.9995
950 2 37.1828 -13.8900
951 2 37.8518 -22.2384
952 2 37.9302 -30.6735
953 2 37.4136 -39.0614
954 2 36.3184 -47.2741
955 2 34.6827 -55.2082
956 2 32.5571 -62.7947
957 2 31.9639 -64.6416
958 4 31.6328 -72.9745
959 2 31.6323 -72.9735
960 8 20.0000 -170.0000
961 2 15.0011 -170.0008
962 2 24.8776 -69.4289
963 8 20.0000 -60.0000
964 2 25.0836 -64.7955
965 1 41.8407 -69.8888
966 6 18.5000 -67.9500
967 2 41.7615 -69.6420
968 2 41.6827 -69.5906
969 3 41.5917 -69.5275
970 4 41.8000 -69.2500
971 12 40.0000 -20.0000
972 2 41.1999 -25.9351
973 2 42.0901 -32.0626
974 2 42.6501 -38.3322
975 2 42.8665 -44.6814
976 2 42.7330 -51.0402
977 2 42.2526 -57.3379
978 2 41.4359 -63.5093
979 5 42.3000 -64.2000
980 2 36.3343 -66.9931
981 2 2.5118 -162.4760
982 2 5.0190 -164.9616
983 2 7.5167 -167.4664
984 2 40.2463 -64.7392
985 2 19.9296 -64.4532
986 2 20.6917 -163.8579
987 2 24.9425 -64.6340
988 5 18.9000 -64.3500
989 7 43.2000 -65.4000
990 2 35.0558 -68.0237
991 2 29.5995 -67.3457
992 2 24.1360 -66.7329
993 2 11.0000 -66.7500
994 2 -47.7500 -65.4000
995 2 18.7000 -66.0000
996 2 35.8502 -10.1424
997 2 35.5925 -14.5159
998 2 35.1792 -18.8537
999 2 34.6142 -23.1406
1000 2 33.9022 -27.3629
1001 2 33.0496 -31.5096
1002 2 32.0633 -35.5717
1003 2 30.9510 -39.5427
1004 2 29.7204 -43.4184
1005 2 28.3801 -47.1972
1006 2 26.9387 -50.8793
1007 2 25.4045 -54.4666
1008 2 23.7856 -57.9624
1009 2 22.0901 -61.3711
1010 2 20.3258 -64.6983
1011 11 40.0000 -40.0000
1012 2 37.6913 -44.2375
1013 2 35.2400 -48.2133
1014 2 32.6658 -51.9519
1015 2 29.9865 -55.4786
1016 2 27.2173 -58.8184
1017 2 24.3720 -61.9953
1018 2 21.4627 -65.0321
1019 2 25.0849 -165.2028
1020 8 30.0000 -160.0000
1021 3 44.2835 -66.7618
1022 2 44.2613 -66.8026
1023 2 44.2336 -66.8532
1024 2 44.2443 -66.9309
1025 2 44.2537 -67.0083
1026 2 44.2668 -67.0679
1027 2 44.2753 -67.1241
1028 2 44.2845 -67.1728
1029 2 44.2919 -67.2505
1030 2 44.2836 -67.2731
1031 2 44.2734 -67.2984
1032 2 44.2651 -67.3241
1033 2 44.2496 -67.3556
1034 2 44.2378 -67.3881
1035 2 44.2276 -67.4206
1036 2 44.2113 -67.4503
1037 2 44.2042 -67.4763
1038 2 44.1919 -67.5088
1039 2 44.1796 -67.5385
1040 2 44.1697 -67.5676
1041 2 44.1579 -67.5950
1042 2 44.1466 -67.6258
1043 2 44.1334 -67.6581
1044 2 44.1204 -67.6894
1045 2 44.1078 -67.7212
1046 1 44.8300 -66.2625
1047 2 44.7939 -66.2773
1048 2 44.7627 -66.2943
1049 2 44.7158 -66.3159
1050 2 44.6688 -66.3392
1051 2 44.6343 -66.3465
1052 2 44.5914 -66.3725
1053 2 44.5163 -66.4058
1054 2 44.4618 -66.4323
1055 2 44.4398 -66.4731
1056 2 44.4144 -66.5241
1057 2 44.3867 -66.5674
1058 2 44.3527 -66.6369
1059 2 44.3199 -66.6953
1060 2 17.9184 -65.7508
1061 4 13.5000 -61.5000
1062 2 18.3706 -64.9058
1063 2 18.4207 -64.9615
1064 3 50.0000 -60.0000
1065 1 50.0000 -66.0000
1066 2 25.0017 -170.0014
1067 9 30.0000 -170.0000
1068 2 18.8628 -64.6771
1069 2 -43.4000 -63.9000
1070 2 18.3224 -64.8063
1071 3 17.7528 -64.7325
1072 2 36.1752 -62.5177
1073 7 63.6000 -53.2000
1074 2 17.5438 -167.4063
1075 2 15.0547 -164.8825
1076 2 12.7058 -162.3675
1077 3 54.6000 -57.0000
1078 2 57.8113 -60.6748
1079 3 60.0820 -57.3015
1080 5 60.0000 -50.0000
1081 2 60.7458 -57.1260
1082 2 19.1920 -63.2840
1083 2 17.9431 -63.2727
1084 4 17.0000 -62.2500
1085 13 -55.6620 -64.4010
1086 1 -62.2620 -59.4984
1087 7 45.0000 -55.0000
1088 2 43.7421 -59.7029
1089 2 30.0935 -164.9995
1090 7 -39.3000 -61.2500
1091 1 45.9000 -62.5000
1092 5 47.7500 -60.2000
1093 2 2.5120 -177.5237
1094 2 5.0192 -175.0379
1095 2 7.5169 -172.5333
1096 2 17.2795 -62.0493
1097 2 15.2000 -61.6000
1098 1 10.2626 -61.9374
1099 2 35.1041 -165.3052
1100 8 40.0000 -160.0000
1101 2 11.1159 -61.1027
1102 2 12.9955 -59.5983
1103 8 10.0000 -50.0000
1104 2 -44.6540 -60.6790
1105 10 -50.0000 -60.0000
1106 2 -39.7845 -55.6540
1107 8 -40.0000 -50.0000
1108 2 19.1572 -44.1395
1109 2 26.4426 -28.9344
1110 8 30.0000 -20.0000
1111 8 20.0000 -50.0000
1112 2 12.4371 -59.3636
1113 2 12.1364 -59.7140
1114 3 7.0000 -57.9000
1115 2 7.0490 -57.9356
1116 2 35.0020 -170.0021
1117 7 40.0000 -170.0000
1118 7 5.4000 -51.9000
1119 2 8.2122 -56.4243
1120 2 10.5463 -55.4908
1121 2 -33.0000 -60.5000
1122 4 -34.2000 -58.4000
1123 2 -34.0974 -58.5695
1124 3 46.1000 -59.3000
1125 3 45.2835 -60.2173
1126 3 46.1000 -54.0000
1127 4 -60.0000 -50.0000
1128 8 -50.0000 -50.0000
1129 2 -55.1031 -54.3743
1130 2 27.8059 -166.8029
1131 2 25.5968 -163.6921
1132 2 23.3817 -160.6520
1133 8 -51.5000 -57.6000
1134 2 -51.3419 -57.8319
1135 2 20.0692 -54.9996
1136 2 25.0849 -55.2028
1137 2 25.0017 -60.0014
1138 2 12.7055 -52.3682
1139 2 15.0547 -54.8825
1140 2 17.5438 -57.4063
1141 2 30.0935 -54.9995
1142 8 40.0000 -50.0000
1143 2 35.1041 -55.3052
1144 2 35.0020 -60.0021
1145 2 25.0836 -54.7955
1146 2 40.1067 -164.9996
1147 2 40.1067 -54.9996
1148 2 35.1023 -54.6929
1149 6 52.5000 -54.0000
1150 4 -35.1000 -56.5000
1151 2 -34.2100 -58.3775
1152 4 6.1000 -55.4000
1153 1 -54.2706 -35.0209
1154 9 -35.2500 -54.6000
1155 2 -38.2500 -57.1000
1156 8 50.0000 -160.0000
1157 2 45.1104 -165.4370
1158 1 53.6000 -60.0000
1159 2 -35.1252 -56.0698
1160 1 34.4972 -55.8778
1161 2 5.4794 -52.2558
1162 2 6.0549 -55.1445
1163 2 46.6637 -49.6649
1164 2 48.0652 -44.0207
1165 2 49.1767 -38.0964
1166 2 49.9736 -31.9411
1167 2 50.4366 -25.6242
1168 2 50.5539 -19.2306
1169 2 50.3228 -12.8532
1170 4 69.0000 -54.2000
1171 2 69.2139 -51.1927
1172 2 69.8591 -51.8080
1173 2 70.2415 -53.1263
1174 2 70.4116 -54.3348
1175 3 70.6896 -54.7303
1176 7 53.8000 -164.0000
1177 2 50.3849 -165.8181
1178 2 46.9431 -167.3901
1179 2 43.4801 -168.7705
1180 1 -26.9419 -43.3899
1181 2 -33.4208 -51.3026
1182 5 -32.2000 -51.8000
1183 2 50.0000 -54.6000
1184 3 49.6000 -52.5000
1185 2 64.0955 -53.2878
1186 5 46.8000 -52.7000
1187 9 50.0000 -50.0000
1188 2 35.1023 -164.6929
1189 2 48.5745 -46.5495
1190 11 50.0000 -40.0000
1191 2 49.1892 -48.2930
1192 2 51.3939 -43.4590
1193 4 53.3802 -38.1634
1194 2 55.1102 -32.3870
1195 2 56.5442 -26.1369
1196 2 57.6424 -19.4569
1197 2 58.3696 -12.4344
1198 6 58.7000 -5.2000
1199 2 47.7000 -52.5000
1200 5 67.1600 -167.7467
1201 3 65.9622 -169.1502
1202 4 -0.0000 -48.0000
1203 2 3.2798 -48.4400
1204 2 1.1539 -44.9917
1205 2 -0.9739 -41.5476
1206 3 -3.1000 -38.1000
1207 2 65.2653 -169.3801
1208 3 64.7804 -169.1182
1209 7 -30.5000 -49.5000
1210 25 -35.0000 18.0000
1211 2 -33.0901 -31.4833
1212 5 -60.0000 -40.0000
1213 2 -55.1031 -44.3743
1214 8 -50.0000 -40.0000
1215 2 -55.0021 -49.9957
1216 3 63.9322 -167.3135
1217 2 -45.0022 -49.9970
1218 2 -54.9717 -45.2268
1219 3 64.5886 -166.2571
1220 2 -35.2522 -49.7336
1221 6 -45.0323 -45.2843
1222 8 -40.0000 -40.0000
1223 2 -40.1068 -45.0004
1224 8 10.0000 -40.0000
1225 2 10.0367 -44.9998
1226 2 12.5389 -47.5819
1227 2 15.0555 -45.1163
1228 2 17.5443 -42.5927
1229 8 20.0000 -40.0000
1230 3 61.7786 -168.5956
1231 3 60.4820 -168.8584
1232 2 15.0011 -50.0008
1233 6 -0.0000 -40.0000
1234 2 2.5118 -42.4761
1235 2 5.0190 -44.9616
1236 2 7.5167 -47.4664
1237 2 20.0692 -44.9996
1238 2 25.0849 -45.2028
1239 8 30.0000 -40.0000
1240 2 25.0017 -50.0014
1241 6 59.0421 -168.5744
1242 2 12.7058 -42.3674
1243 2 15.0547 -44.8825
1244 2 17.5438 -47.4063
1245 2 30.0935 -44.9995
1246 2 32.7999 -32.5421
1247 2 33.7557 -18.1869
1248 2 35.1041 -45.3052
1249 2 35.0021 -50.0021
1250 2 25.0836 -44.7955
1251 2 5.0004 180.0000
1252 10 10.0000 180.0000
1253 1 61.8833 -165.6333
1254 2 40.1067 -44.9996
1255 2 45.1104 -45.4370
1256 2 45.0022 -50.0030
1257 2 35.1023 -44.6929
1258 3 62.4714 -168.2719
1259 6 64.1000 -23.5000
1260 2 61.1444 -32.2031
1261 2 57.7286 -39.3167
1262 2 53.9831 -45.1527
1263 6 60.0000 -40.0000
1264 2 55.1030 -45.6257
1265 2 55.0021 -50.0043
1266 2 45.0334 -44.7132
1267 2 54.9729 -44.7693
1268 1 60.5522 -165.2717
1269 3 60.3758 -165.3898
1270 2 60.0902 -165.2762
1271 3 59.8046 -165.2246
1272 2 59.5450 -165.8130
1273 4 58.6000 -44.2000
1274 8 -30.0000 -40.0000
1275 2 -30.3350 -44.7384
1276 3 -27.8000 -47.9000
1277 2 5.0125 -44.0303
1278 2 60.0000 -168.0000
1279 4 -1.4000 -43.9000
1280 2 -0.0000 -44.0000
1281 2 -25.6872 -44.5410
1282 7 -23.5000 -41.3000
1283 6 -24.3000 -46.3000
1284 3 -23.3000 -43.2500
1285 3 57.6046 -166.5882
1286 2 -23.3469 -43.4104
1287 2 -27.1357 -43.1738
1288 2 12.4383 -34.2518
1289 9 20.0000 -30.0000
1290 1 62.4608 -168.2825
1291 7 -20.0000 -39.5000
1292 10 -30.0000 -10.0000
1293 4 -60.0000 -30.0000
1294 7 -50.0000 -30.0000
1295 2 -56.6071 -36.4081
1296 3 63.1480 -167.3596
1297 2 -55.0021 -39.9957
1298 2 -45.0022 -39.9970
1299 5 64.4024 -165.4286
1300 2 62.2943 -167.0545
1301 2 -53.5191 -36.4579
1302 2 -40.1068 -35.0004
1303 8 -40.0000 -30.0000
1304 2 -25.0850 -34.7972
1305 8 -20.0000 -30.0000
1306 2 -25.0019 -39.7386
1307 2 -30.0935 -35.0005
1308 8 -30.0000 -30.0000
1309 2 -0.0000 -35.0000
1310 8 -0.0000 -30.0000
1311 1 67.1451 -167.7467
1312 8 10.0000 -30.0000
1313 2 7.5169 -32.5332
1314 2 5.0192 -35.0379
1315 2 2.5120 -37.5237
1316 2 5.0004 -40.0003
1317 11 -5.2500 -33.8000
1318 2 -2.6233 -36.9023
1319 2 10.0367 -34.9998
1320 2 12.5389 -37.5819
1321 2 15.0555 -35.1163
1322 2 17.5443 -32.5927
1323 2 15.0011 -40.0008
1324 2 7.5167 -37.4664
1325 2 5.0190 -34.9616
1326 2 2.5118 -32.4761
1327 2 20.0692 -34.9996
1328 2 25.0849 -35.2028
1329 8 30.0000 -30.0000
1330 2 25.0017 -40.0014
1331 1 66.2283 -166.1833
1332 2 12.7052 -32.3690
1333 2 15.0547 -34.8825
1334 2 17.5438 -37.4063
1335 2 30.0935 -34.9995
1336 8 40.0000 -30.0000
1337 2 35.1041 -35.3052
1338 2 35.0020 -40.0021
1339 2 25.0836 -34.7955
1340 2 67.0271 -164.9596
1341 2 66.9258 -162.8360
1342 2 40.1067 -34.9996
1343 2 43.3028 -32.7508
1344 2 46.0989 -24.7426
1345 2 48.2822 -15.9842
1346 2 45.1104 -35.4370
1347 10 50.0000 -30.0000
1348 2 45.0022 -40.0030
1349 2 35.1023 -34.6929
1350 2 63.6305 -167.0091
1351 2 50.7122 -14.7952
1352 2 51.0821 -23.2440
1353 2 50.8412 -31.7178
1354 2 52.2221 -33.9881
1355 2 54.6812 -26.9129
1356 2 56.5665 -19.8817
1357 1 58.3927 -11.9316
1358 7 60.0000 -30.0000
1359 2 55.1030 -35.6257
1360 2 55.0021 -40.0043
1361 2 45.0334 -34.7132
1362 1 63.8422 -161.1822
1363 2 63.6883 -162.6578
1364 2 63.2495 -164.5264
1365 2 62.9993 -164.9538
1366 2 62.6613 -165.0035
1367 3 62.9474 -39.0171
1368 2 54.9720 -34.7719
1369 2 -16.5071 -37.8202
1370 6 -13.0000 -36.2000
1371 2 -25.0755 -34.9442
1372 1 62.9602 -155.5917
1373 2 60.7633 -161.7220
1374 2 60.1349 -162.4318
1375 2 59.9993 -162.3048
1376 2 59.6463 -162.6192
1377 2 -20.0624 -34.7504
1378 4 65.0304 -36.8507
1379 6 66.5000 -24.0000
1380 2 66.9077 -31.8191
1381 4 68.6256 -24.4813
1382 1 62.7336 -27.6317
1383 2 -11.5164 -33.0837
1384 7 -10.0000 -30.0000
1385 4 56.5079 -165.2534
1386 2 -8.8000 -34.7000
1387 2 -16.4971 -33.1245
1388 3 64.3000 -166.5000
1389 2 -0.4237 -31.9046
1390 2 4.4032 -30.0115
1391 2 9.2246 -28.0937
1392 2 14.0342 -26.1230
1393 2 18.8249 -24.0679
1394 2 23.5893 -21.8927
1395 2 28.3181 -19.5545
1396 8 33.0000 -17.0000
1397 2 -7.2738 -30.9392
1398 2 -9.2955 -28.0619
1399 2 -11.3139 -25.1631
1400 2 -13.3273 -22.2369
1401 2 -15.3340 -19.2776
1402 2 -17.3297 -16.2777
1403 2 -19.3097 -13.2293
1404 2 -21.2680 -10.1235
1405 2 -23.1989 -6.9510
1406 2 -25.0916 -3.7008
1407 2 -26.9357 -0.3620
1408 2 -28.7199 3.0760
1409 2 -30.4300 6.6242
1410 2 -32.0552 10.2901
1411 2 -33.5827 14.0806
1412 17 48.6667 -5.5000
1413 2 43.1944 -21.2797
1414 1 37.8241 -32.4010
1415 3 38.8000 -28.4000
1416 1 37.9240 -30.0009
1417 2 -55.1031 -24.3743
1418 6 -50.0000 -20.0000
1419 2 -55.0021 -29.9957
1420 2 -35.1041 -24.6948
1421 10 -30.0000 -20.0000
1422 2 -35.0021 -29.9979
1423 2 -45.0022 -29.9970
1424 8 -40.0000 -20.0000
1425 2 -40.1068 -25.0004
1426 11 50.0000 -20.0000
1427 2 55.1031 -25.6257
1428 10 60.0000 -20.0000
1429 2 55.0021 -30.0043
1430 2 45.0022 -30.0030
1431 2 -7.5167 -172.5336
1432 4 -5.0190 -175.0384
1433 2 -2.5119 -177.5240
1434 3 55.1000 -165.8000
1435 7 54.4911 -165.3621
1436 2 45.0334 -24.7134
1437 4 -45.1105 -24.5630
1438 8 -20.0000 -20.0000
1439 2 -25.0849 -24.7972
1440 2 -25.0017 -29.9986
1441 2 -35.1023 -25.3071
1442 2 -30.0935 -25.0005
1443 8 -10.0000 -20.0000
1444 2 -12.5389 -22.4181
1445 2 -15.0555 -24.8837
1446 2 -17.5444 -27.4073
1447 2 -15.0011 -29.9992
1448 2 -25.0836 -25.2045
1449 2 -20.0692 -25.0004
1450 2 -7.5169 -27.4667
1451 2 -5.0193 -24.9621
1452 2 -2.5120 -22.4763
1453 7 -0.0000 -20.0000
1454 5 -5.0004 -29.9997
1455 2 -17.5438 -22.5937
1456 2 -15.0547 -25.1175
1457 2 -12.5384 -27.5827
1458 2 -10.0367 -25.0002
1459 2 62.3912 -165.6922
1460 2 61.9553 -166.2635
1461 2 61.6072 -166.3954
1462 2 60.8832 -165.9339
1463 7 11.0000 -17.0000
1464 2 8.2813 -20.3024
1465 2 5.5356 -23.5598
1466 2 2.7722 -26.7874
1467 2 5.0004 -30.0003
1468 2 -7.5167 -22.5336
1469 2 -5.0190 -25.0384
1470 2 -2.5119 -27.5240
1471 2 -0.0000 -25.0000
1472 2 10.5654 -23.5101
1473 1 63.5248 -161.9459
1474 2 14.7267 -23.4118
1475 5 15.0000 -23.0000
1476 2 15.0011 -30.0008
1477 2 7.5167 -27.4664
1478 2 5.0190 -24.9616
1479 2 2.5118 -22.4760
1480 2 20.6022 -24.0189
1481 8 21.0000 -18.0000
1482 2 55.6981 -165.0988
1483 2 25.0849 -25.2028
1484 2 25.0017 -30.0014
1485 2 15.2424 -23.3185
1486 2 30.0935 -24.9995
1487 2 35.1041 -25.3052
1488 1 54.5060 -165.3621
1489 2 35.0020 -30.0021
1490 2 23.2421 -20.9134
1491 2 25.4919 -23.8773
1492 2 27.7465 -26.9017
1493 2 40.1067 -24.9996
1494 2 45.1104 -25.4370
1495 3 54.0558 -164.2559
1496 4 65.6000 -24.9000
1497 2 54.9723 -24.7714
1498 2 7.8107 -25.2430
1499 2 38.9000 -26.9000
1500 1 53.7918 -156.3829
1501 5 38.0000 -25.3000
1502 2 34.2202 -21.8329
1503 2 35.5446 -21.0390
1504 2 37.6690 -17.2095
1505 5 56.7310 -162.0921
1506 5 70.7581 -8.6875
1507 3 70.8041 -19.2400
1508 1 56.0000 -160.6669
1509 2 56.0447 -160.8137
1510 2 56.0488 -160.9945
1511 4 63.0000 -20.0000
1512 2 18.0164 -20.5422
1513 2 13.0051 -19.9826
1514 3 15.0000 -18.0000
1515 1 47.2919 -20.0017
1516 6 -50.0000 -10.0000
1517 2 -45.0022 -19.9970
1518 2 -35.1041 -14.6948
1519 2 -35.0021 -19.9979
1520 3 54.3324 -162.0943
1521 8 -40.0000 -10.0000
1522 2 -40.1068 -15.0004
1523 10 -20.0000 -10.0000
1524 2 -25.0850 -14.7972
1525 2 -25.0017 -19.9986
1526 2 -35.1023 -15.3071
1527 2 -30.0935 -15.0005
1528 6 -8.0000 -14.3000
1529 2 -5.0004 -19.9997
1530 2 -15.0011 -19.9992
1531 2 -12.5384 -17.5827
1532 2 -15.0547 -15.1175
1533 2 -17.5438 -12.5937
1534 8 -10.0000 -10.0000
1535 2 -10.0367 -15.0002
1536 2 -0.0000 -15.0000
1537 10 -0.0000 -10.0000
1538 2 5.5024 -18.5140
1539 2 -4.2057 -17.6083
1540 2 50.3664 -162.7917
1541 2 46.9204 -161.7457
1542 2 43.4643 -160.8241
1543 2 35.0020 -20.0021
1544 2 25.5045 -18.9639
1545 5 29.0000 -17.8000
1546 2 41.6192 -14.8710
1547 6 43.0000 -9.5000
1548 2 42.3307 -16.7645
1549 2 44.5630 -13.2868
1550 2 46.6810 -9.5405
1551 2 45.7443 -15.8655
1552 6 51.3000 -10.8000
1553 2 45.0022 -20.0030
1554 2 38.5182 -14.5065
1555 2 39.3640 -14.7441
1556 9 38.5000 -9.6000
1557 2 50.0678 -13.2737
1558 2 55.1030 -15.6257
1559 8 60.0000 -10.0000
1560 2 55.0021 -20.0043
1561 2 44.1646 -14.5013
1562 2 46.5560 -14.4848
1563 2 55.5734 -15.3302
1564 7 54.4000 -10.5000
1565 6 64.0000 -15.0000
1566 7 50.0000 -130.0000
1567 2 51.8406 -137.8480
1568 2 53.1253 -146.2580
1569 4 53.7904 -155.0573
1570 2 -12.5389 -12.4181
1571 2 -15.0555 -14.8837
1572 2 -17.5444 -17.4073
1573 2 -25.0836 -15.2045
1574 2 -20.0692 -15.0004
1575 6 66.5000 -13.0000
1576 2 67.0000 -18.0000
1577 2 10.0367 -174.9997
1578 2 54.7246 -160.9549
1579 2 55.1983 -160.1571
1580 2 55.3348 -159.8367
1581 2 55.3006 -159.1697
1582 2 55.3993 -158.5473
1583 2 55.7098 -157.5150
1584 3 55.9408 -156.7473
1585 2 18.1072 -18.0000
1586 4 50.7028 -144.0492
1587 2 49.0318 -136.4466
1588 2 46.2316 -130.0023
1589 4 46.2167 -125.0634
1590 2 24.6570 -16.6896
1591 5 28.3000 -15.3000
1592 4 28.9000 -16.1000
1593 2 34.6035 -11.4737
1594 2 35.8070 -13.4272
1595 1 56.9683 -158.7289
1596 2 37.0181 -14.5998
1597 2 40.9797 -11.9340
1598 2 44.8695 -8.9315
1599 2 5.5302 -13.4277
1600 2 8.5000 -14.5000
1601 1 57.6548 -157.8934
1602 6 60.2000 4.2000
1603 2 64.3387 -4.4383
1604 4 65.0000 -13.0000
1605 3 57.9319 -158.7411
1606 4 5.5000 -11.5000
1607 2 -4.0030 -12.1396
1608 9 -30.0000 10.0000
1609 2 -17.2889 -6.1323
1610 3 57.7522 -161.5025
1611 3 51.2871 -13.2789
1612 6 67.0000 0.0000
1613 7 62.0000 4.1000
1614 3 37.9542 -8.9215
1615 1 37.0640 -11.6579
1616 3 58.3623 -161.3966
1617 3 58.3681 -158.9906
1618 5 3.5000 -7.5000
1619 2 5.3092 -11.0894
1620 4 51.3333 -9.6000
1621 3 53.0000 -10.2000
1622 3 55.4170 -7.5000
1623 8 56.9000 -7.1000
1624 2 30.2000 -10.1000
1625 3 31.8000 -10.1000
1626 2 33.6000 -8.8000
1627 4 43.4198 -10.0729
1628 5 51.2500 -5.9000
1629 6 40.7798 -9.9844
1630 2 -17.5444 -7.4073
1631 2 -15.0555 -4.8837
1632 2 -12.5389 -2.4181
1633 9 -10.0000 0.0000
1634 2 -15.8556 -5.7249
1635 2 -15.0011 -9.9992
1636 2 -25.0017 -9.9986
1637 8 -30.0000 0.0000
1638 2 -25.0836 -5.2045
1639 2 -45.1104 -154.5630
1640 8 -40.0000 -150.0000
1641 2 -20.0692 -5.0004
1642 8 -20.0000 0.0000
1643 8 -0.0000 0.0000
1644 2 -2.5120 -2.4763
1645 2 -5.0193 -4.9621
1646 2 -7.5169 -7.4668
1647 2 -5.0004 -9.9997
1648 2 -12.5384 -7.5827
1649 2 -15.0547 -5.1175
1650 2 -17.5438 -2.5937
1651 2 -10.0367 -5.0002
1652 5 -50.0000 0.0000
1653 9 -40.0000 0.0000
1654 4 -45.1105 -4.5630
1655 2 -45.0022 -9.9970
1656 2 -45.0022 -159.9970
1657 2 -35.1041 -4.6948
1658 2 -35.0021 -9.9979
1659 2 -40.1068 -5.0004
1660 2 -25.0850 -4.7972
1661 2 -35.1023 -5.3071
1662 2 -30.0935 -5.0005
1663 2 -0.0000 -5.0000
1664 2 -30.8123 14.1853
1665 2 -26.4612 10.2607
1666 2 -22.1592 6.4155
1667 2 -17.6728 2.4503
1668 2 -13.3673 -1.3378
1669 2 -9.2985 -4.9017
1670 2 -4.6556 -7.4715
1671 6 -50.0000 -150.0000
1672 2 -14.7307 1.7833
1673 2 -7.5167 -2.5336
1674 2 -5.0190 -5.0384
1675 2 -2.5119 -7.5240
1676 2 61.1836 -3.1725
1677 2 38.6804 -9.2895
1678 1 38.6997 -9.1137
1679 3 41.1000 -9.0000
1680 2 38.8100 -9.5309
1681 3 38.3559 -9.2840
1682 2 38.4313 -8.9736
1683 2 37.4370 -9.2373
1684 2 -35.1041 -154.6948
1685 9 -30.0000 -150.0000
1686 9 43.9000 -8.5000
1687 3 42.0500 -9.3000
1688 1 33.2126 -8.6866
1689 1 33.6435 -7.5550
1690 3 36.6000 -6.6000
1691 2 34.4000 -7.1000
1692 1 33.6236 -8.7500
1693 2 37.0872 -6.8478
1694 2 -35.0021 -159.9979
1695 7 70.0000 17.0000
1696 5 44.1000 -5.8000
1697 4 45.6000 -1.2500
1698 4 46.6000 -2.8000
1699 1 58.8863 -5.8147
1700 2 58.3836 -7.1981
1701 2 57.6145 -8.1155
1702 2 56.7464 -8.1058
1703 4 56.2687 -7.2886
1704 3 4.0000 -4.0000
1705 2 1.7530 -3.7467
1706 6 55.5000 -6.1000
1707 2 -45.0321 -155.2840
1708 4 57.1312 -7.0414
1709 6 57.6493 -6.7173
1710 2 58.2440 -5.7945
1711 6 56.7145 -6.2943
1712 2 57.0088 -6.0911
1713 4 57.0506 -5.8274
1714 2 17.5443 -172.5927
1715 2 15.0554 -175.1163
1716 2 12.5389 -177.5819
1717 1 49.9919 -2.0540
1718 2 50.1000 -4.0000
1719 2 56.6088 -5.9922
1720 1 56.3814 -5.4539
1721 2 55.8547 -5.7560
1722 2 56.1496 -5.6516
1723 4 56.3175 -5.6681
1724 1 56.5937 -5.4319
1725 2 -40.1068 -155.0004
1726 5 54.8000 -5.2000
1727 3 57.5462 -5.9098
1728 2 58.1774 -6.3383
1729 1 57.9274 -5.5308
1730 7 53.5000 -4.7000
1731 7 50.4096 -5.8714
1732 4 58.1147 -5.7297
1733 2 57.7384 -6.2879
1734 4 43.8000 -3.1000
1735 2 57.8238 -5.8753
1736 2 57.3477 -5.8947
1737 2 57.2848 -5.7782
1738 5 53.4000 -5.7000
1739 3 48.7102 -4.6794
1740 2 48.9741 -3.0973
1741 5 48.7030 -2.1086
1742 3 49.8745 -1.9767
1743 7 49.9500 -1.3000
1744 12 -17.4000 -149.7000
1745 2 -20.6115 -152.0998
1746 2 -23.7875 -154.6017
1747 2 -26.9200 -157.2271
1748 2 50.1305 -1.6883
1749 6 50.8000 1.3000
1750 4 48.0000 -5.0000
1751 6 58.7000 -3.3333
1752 2 55.9000 -5.0000
1753 2 54.0831 -4.9219
1754 3 47.3000 -3.9000
1755 2 47.6392 -4.4285
1756 5 36.0000 -4.7000
1757 10 37.2000 3.1000
1758 2 -25.0017 -159.9986
1759 4 36.6000 -4.2000
1760 6 35.4442 -2.8529
1761 2 35.9000 -2.9000
1762 6 53.6000 -3.4000
1763 6 36.6000 -2.1000
1764 3 4.0000 -1.0000
1765 2 -21.2296 -159.9996
1766 1 50.9039 0.9936
1767 3 50.7858 0.3442
1768 7 58.8000 4.8000
1769 5 58.4000 -2.0000
1770 2 58.4026 1.3906
1771 1 58.0691 4.5821
1772 5 43.9000 -1.9000
1773 7 36.2000 -0.6000
1774 2 -35.1023 -155.3071
1775 1 36.7491 -2.4642
1776 5 46.1000 -1.7000
1777 9 57.3000 -1.4000
1778 5 56.3000 -2.3000
1779 3 55.1000 -1.0000
1780 2 55.4778 -1.4033
1781 4 37.5000 -0.6000
1782 2 37.5155 -1.0868
1783 1 37.4832 3.2956
1784 5 58.0000 5.9500
1785 5 48.8261 -1.6252
1786 5 49.1649 -2.3118
1787 6 49.4550 -2.4821
1788 2 49.7386 -1.9920
1789 2 -30.0935 -155.0005
1790 1 61.6817 1.2419
1791 4 60.0493 -1.0703
1792 8 53.5000 4.9000
1793 6 53.9000 8.2500
1794 6 49.4978 -0.1090
1795 5 49.9000 0.1000
1796 3 5.0000 2.5000
1797 2 -18.7700 -154.8110
1798 2 50.7304 0.2671
1799 3 50.7397 0.0967
1800 3 50.7678 0.0643
1801 3 50.8030 -0.1119
1802 4 50.7634 -0.3216
1803 2 50.6401 -0.6669
1804 1 50.6622 -0.9300
1805 3 50.8000 -1.0000
1806 7 53.5000 0.4000
1807 2 37.1437 2.8766
1808 8 38.9000 0.7500
1809 2 38.2000 0.0000
1810 9 38.6096 8.4301
1811 1 36.6686 -0.3692
1812 8 -10.0000 -150.0000
1813 2 -12.5389 -152.4181
1814 2 -15.0555 -154.8837
1815 2 -17.5444 -157.4073
1816 5 -50.0000 10.0000
1817 2 -45.0022 0.0030
1818 2 -35.1041 5.3052
1819 2 -35.0021 0.0021
1820 4 -45.0332 4.7139
1821 2 -40.1068 4.9996
1822 10 -40.0000 10.0000
1823 2 -19.5823 5.5165
1824 8 -19.0000 11.0000
1825 4 -9.0000 12.0000
1826 2 -11.8038 9.1036
1827 2 -14.5773 6.1484
1828 2 -17.3123 3.1191
1829 2 -15.0011 0.0008
1830 2 -25.0017 0.0014
1831 2 -25.0836 4.7955
1832 2 -9.5506 6.0084
1833 4 -0.0000 8.0000
1834 2 -5.0125 4.0304
1835 2 -5.0004 0.0003
1836 2 -16.7315 8.2150
1837 2 -14.4763 5.4561
1838 2 -12.2331 2.7190
1839 2 0.0259 6.7260
1840 2 1.5036 3.9973
1841 3 3.0000 8.0000
1842 2 -3.0092 5.4866
1843 4 -6.0000 11.0000
1844 2 -25.0836 -155.2045
1845 6 68.0000 12.0000
1846 2 -21.8218 8.4210
1847 2 -24.6013 5.7400
1848 2 -27.3303 2.9393
1849 2 -35.1023 4.6929
1850 2 -30.0935 4.9995
1851 2 -20.4346 -159.5473
1852 6 39.7000 0.1000
1853 3 38.7897 0.3373
1854 1 37.5071 0.0475
1855 9 41.3000 2.5000
1856 2 38.5839 5.0023
1857 12 37.5000 11.0000
1858 2 2.5119 -172.4760
1859 2 5.0190 -174.9616
1860 2 7.5167 -177.4664
1861 5 51.6000 1.2500
1862 3 51.5038 0.8262
1863 2 51.4996 0.5034
1864 2 51.4790 0.4499
1865 2 51.4482 0.4265
1866 2 51.4500 0.3441
1867 2 51.4722 0.3126
1868 2 51.4594 0.2782
1869 1 51.4867 0.2137
1870 2 53.8908 2.7172
1871 4 54.3191 7.4962
1872 2 55.2989 6.6530
1873 6 57.2069 7.3436
1874 1 53.7000 -0.2000
1875 8 -0.0000 -150.0000
1876 2 -0.0000 -155.0000
1877 3 55.5172 4.7524
1878 1 53.7641 0.7088
1879 1 51.7264 0.7369
1880 2 51.7170 0.7754
1881 2 51.7545 0.9333
1882 2 51.7043 1.1187
1883 3 51.6540 1.1393
1884 4 40.0000 2.4000
1885 8 43.0000 5.0000
1886 4 41.0019 1.1722
1887 3 38.7940 1.4071
1888 4 39.4248 2.6156
1889 10 51.9000 2.9000
1890 5 51.1000 2.1000
1891 1 5.9238 1.6515
1892 2 2.5120 -157.5237
1893 2 5.0192 -155.0379
1894 2 7.5169 -152.5333
1895 10 10.0000 -150.0000
1896 6 51.5000 3.4000
1897 10 42.8000 6.0000
1898 2 39.2193 2.2208
1899 8 37.4000 7.5000
1900 2 5.0004 -160.0003
1901 8 41.2957 9.2235
1902 6 52.0000 3.9000
1903 1 51.4927 4.1179
1904 2 51.5679 3.9531
1905 2 51.6378 3.8076
1906 2 51.6668 3.4780
1907 2 39.0265 3.0676
1908 2 37.9802 9.1442
1909 7 38.2913 13.3959
1910 4 38.3663 15.7277
1911 9 39.9966 5.0654
1912 2 51.4054 3.7005
1913 2 51.3626 3.8460
1914 2 51.4260 3.9641
1915 2 51.3831 4.0905
1916 1 51.3917 4.1894
1917 3 43.3504 3.7499
1918 2 43.5100 4.0589
1919 2 43.3504 4.2869
1920 5 43.1443 5.0394
1921 4 52.5000 4.3000
1922 2 -5.0004 -159.9997
1923 6 63.0000 6.3000
1924 3 52.5140 4.3083
1925 2 56.8220 7.9824
1926 2 55.6243 7.3424
1927 1 55.4051 8.2625
1928 3 53.7500 6.9000
1929 7 57.9500 8.0500
1930 2 -7.5167 -152.5336
1931 2 -5.0190 -155.0384
1932 2 -2.5119 -157.5239
1933 3 53.0736 5.3264
1934 2 53.3122 5.1644
1935 2 52.6208 5.6231
1936 5 52.7274 5.3182
1937 2 52.9447 5.0545
1938 3 53.0637 4.9337
1939 1 43.3883 4.9405
1940 2 38.2374 6.7245
1941 4 43.1864 5.2125
1942 2 42.4031 5.4801
1943 12 20.0000 180.0000
1944 2 20.0692 -174.9996
1945 5 41.0200 10.0000
1946 5 43.9909 9.1674
1947 1 43.3224 5.3141
1948 1 54.1247 5.3213
1949 2 53.4858 6.8673
1950 2 53.3352 6.9991
1951 3 43.1664 9.8473
1952 8 40.0000 -150.0000
1953 2 40.1067 -154.9996
1954 5 43.5220 7.6201
1955 1 41.8340 8.6800
1956 1 42.6716 8.9217
1957 2 64.0000 9.0000
1958 2 37.4851 10.1431
1959 9 38.9000 9.6500
1960 3 43.6000 7.8000
1961 2 43.6294 7.3108
1962 1 41.9282 8.4206
1963 2 43.1332 9.4976
1964 3 42.6938 10.1041
1965 8 50.0000 -150.0000
1966 2 45.1104 -155.4370
1967 2 43.8793 8.2694
1968 2 44.2641 8.5111
1969 1 43.9034 8.8607
1970 2 55.4000 7.9000
1971 2 0.3488 8.0000
1972 2 58.6000 9.6000
1973 3 40.5276 8.1966
1974 2 40.7806 7.5649
1975 4 39.8310 8.3614
1976 2 39.7700 7.5452
1977 4 50.7312 -0.9647
1978 2 50.6974 -0.8060
1979 3 50.7209 -0.1652
1980 2 45.0022 -160.0030
1981 1 40.9190 8.4273
1982 2 42.5584 8.4163
1983 3 44.2821 8.9876
1984 2 38.8624 8.9959
1985 2 39.1442 9.1497
1986 7 36.4000 15.2000
1987 8 42.2210 9.8437
1988 7 43.6000 10.0000
1989 2 65.0000 10.7000
1990 3 44.0000 9.2000
1991 2 44.0099 9.9228
1992 2 43.8793 10.1783
1993 5 42.1138 11.7150
1994 2 41.3616 9.3831
1995 6 40.7000 14.1000
1996 1 42.6938 9.4724
1997 3 43.2144 10.1206
1998 3 59.1000 10.7000
1999 2 35.0020 -160.0021
2000 6 38.8000 15.4000
2001 3 40.9459 9.6523
2002 1 42.9295 10.5793
2003 2 42.3761 10.4722
2004 2 42.2542 10.4419
2005 1 42.8792 10.5695
2006 2 42.3375 10.1481
2007 2 41.8811 9.8844
2008 2 41.4744 9.7312
2009 3 42.8531 10.0451
2010 2 36.6037 12.3604
2011 5 -50.0000 20.0000
2012 8 30.0000 -150.0000
2013 2 35.1023 -154.6929
2014 2 -45.0022 10.0030
2015 2 -37.5677 14.1333
2016 2 -35.0021 10.0021
2017 6 -40.0000 20.0000
2018 2 -40.1068 14.9996
2019 4 -27.0000 14.0000
2020 2 -24.5029 10.5232
2021 2 -32.5342 13.9085
2022 8 42.2000 11.1000
2023 2 36.8678 10.4378
2024 1 38.8433 12.9091
2025 2 -7.5169 -157.4667
2026 2 -5.0193 -154.9621
2027 2 -2.5120 -152.4763
2028 2 43.1071 10.3933
2029 1 43.5299 10.2662
2030 7 57.8000 10.7333
2031 2 66.0000 12.0000
2032 6 57.7000 11.4000
2033 2 54.5000 11.1000
2034 3 55.6000 10.9000
2035 2 -15.5000 11.0000
2036 2 -13.7033 -154.8995
2037 2 -23.0000 13.0000
2038 1 -5.8000 13.7000
2039 4 35.0000 11.6000
2040 6 34.0000 11.0000
2041 4 33.2000 13.1000
2042 9 36.0000 14.7000
2043 11 31.7000 32.1000
2044 2 34.8851 20.2294
2045 2 -10.0367 -155.0002
2046 3 40.6028 14.7472
2047 1 39.4677 11.0410
2048 6 41.5000 12.0000
2049 2 41.5759 11.9037
2050 4 54.5000 12.2000
2051 3 36.7887 11.3579
2052 2 37.4554 11.9915
2053 3 67.4000 13.8000
2054 2 10.0367 -154.9998
2055 2 41.4360 12.1732
2056 5 55.0000 13.9000
2057 2 55.9000 12.7500
2058 10 34.8000 23.0000
2059 8 20.0000 -150.0000
2060 2 17.5444 -152.5927
2061 2 15.0555 -155.1163
2062 2 12.5389 -157.5819
2063 3 44.6000 14.0000
2064 6 45.3000 13.1000
2065 4 44.0000 14.8000
2066 6 43.9000 13.6000
2067 2 25.0849 -175.2028
2068 6 41.4000 17.3000
2069 1 68.4000 17.0000
2070 4 54.4000 14.4000
2071 2 -31.0184 15.9080
2072 2 15.5879 -158.8672
2073 2 -28.1401 14.5645
2074 4 42.9858 14.0166
2075 4 42.9293 16.0558
2076 4 42.7564 14.0771
2077 4 42.0220 15.9667
2078 5 55.0000 19.0000
2079 4 42.3761 14.5000
2080 4 43.2385 16.3457
2081 1 43.2385 16.9719
2082 7 36.3000 21.7000
2083 2 2.5118 -152.4760
2084 2 5.0190 -154.9616
2085 2 7.5167 -157.4664
2086 5 32.4046 15.3048
2087 4 34.2368 19.4939
2088 3 31.2284 19.2928
2089 2 30.5401 19.5345
2090 5 32.0000 17.0000
2091 5 33.3000 22.0000
2092 2 40.2054 14.7802
2093 2 43.0000 16.0000
2094 10 37.7000 15.9000
2095 3 37.4719 15.1702
2096 4 37.8446 15.5719
2097 2 30.0935 -154.9995
2098 4 37.1486 15.3460
2099 2 38.2738 15.7119
2100 2 38.2309 15.6087
2101 3 38.0322 15.5572
2102 3 36.4492 22.1190
2103 2 42.1000 16.7000
2104 2 35.1041 -155.3052
2105 2 32.5000 19.9000
2106 8 40.1000 18.9000
2107 6 56.4000 17.0000
2108 6 58.2000 20.6000
2109 4 58.5000 17.1000
2110 2 25.5890 -158.7931
2111 4 39.8141 19.9547
2112 3 39.7508 18.1859
2113 3 40.4000 17.1000
2114 10 40.9000 18.3000
2115 2 -35.0000 22.0000
2116 3 39.3000 18.0000
2117 1 37.1515 18.1853
2118 2 38.1016 21.0568
2119 4 38.3486 21.9041
2120 4 38.2252 22.6117
2121 7 62.2967 18.2701
2122 4 62.3500 20.0000
2123 2 63.6073 20.7510
2124 4 65.0000 23.0000
2125 4 60.0000 21.4000
2126 2 25.0836 -154.7955
2127 2 38.6000 19.8000
2128 4 38.5495 20.4876
2129 2 38.1662 20.8281
2130 3 37.9586 21.1797
2131 4 38.2266 21.1468
2132 5 55.8000 20.0000
2133 2 39.6324 19.9437
2134 4 39.3866 20.1690
2135 4 39.1144 20.3557
2136 4 63.2000 21.0000
2137 5 -50.0000 30.0000
2138 2 -45.1105 25.4370
2139 7 -40.0000 30.0000
2140 2 -45.0022 20.0030
2141 2 -45.0326 24.7149
2142 2 -40.1067 24.9996
2143 2 56.8000 20.2000
2144 3 35.9500 23.9000
2145 4 36.8502 21.5038
2146 2 37.8845 20.3974
2147 2 53.8172 -156.3575
2148 3 57.5000 -152.0000
2149 4 59.5000 22.6000
2150 2 57.5000 23.6000
2151 8 36.5000 23.6000
2152 9 -34.5000 26.0000
2153 4 34.7106 26.6520
2154 2 45.0307 -154.7187
2155 5 32.2000 25.7500
2156 1 65.5272 22.2710
2157 3 59.8000 24.7000
2158 2 58.6050 23.4241
2159 4 40.2000 22.8000
2160 2 38.8096 24.1753
2161 4 38.0741 24.6863
2162 8 37.8000 24.4500
2163 3 51.4924 -10.0483
2164 2 51.7396 -10.6599
2165 1 49.8874 -11.1356
2166 2 33.3280 27.6298
2167 2 34.6501 29.1226
2168 8 34.2000 35.2000
2169 2 49.1714 -154.5354
2170 2 48.0972 -149.2766
2171 2 46.7971 -144.2543
2172 2 45.2935 -139.4855
2173 2 43.6057 -134.9769
2174 2 41.7617 -130.7204
2175 2 39.7846 -126.7021
2176 10 37.7000 -122.9000
2177 1 65.0250 25.1185
2178 7 37.8192 23.6425
2179 9 36.2000 27.2000
2180 1 58.7313 -157.0729
2181 7 35.5000 25.2000
2182 4 37.5496 23.9657
2183 4 37.5703 24.1578
2184 3 38.9000 26.5000
2185 5 39.4000 25.5000
2186 3 24.2531 -179.2756
2187 9 28.5000 -178.5000
2188 1 59.0359 -158.4663
2189 2 59.0098 -158.5000
2190 2 58.8189 -158.6673
2191 3 58.4566 -158.4113
2192 2 38.1173 24.6564
2193 6 40.7548 24.4152
2194 3 40.8000 24.8000
2195 2 60.3000 28.0000
2196 7 35.3719 26.3941
2197 1 67.0859 -157.8479
2198 2 67.0822 -157.8624
2199 4 40.1000 26.2000
2200 6 34.5314 30.7293
2201 2 31.7500 29.8000
2202 2 -34.3650 30.5170
2203 2 -34.0662 35.0115
2204 2 -33.6065 39.4670
2205 2 -32.9902 43.8681
2206 2 -32.2227 48.2019
2207 2 -31.3109 52.4574
2208 2 -30.2623 56.6265
2209 2 -29.0853 60.7033
2210 2 -27.7881 64.6843
2211 2 -26.3801 68.5686
2212 2 -24.8703 72.3571
2213 2 -23.2674 76.0526
2214 2 -21.5804 79.6590
2215 2 -19.8178 83.1815
2216 2 -17.9877 86.6262
2217 3 -16.0980 90.0001
2218 2 -13.0972 95.0611
2219 12 -10.0000 100.0000
2220 5 -33.5000 28.5000
2221 2 -33.7538 27.8178
2222 2 -34.2299 26.6295
2223 8 -40.0000 40.0000
2224 2 -37.4407 32.7485
2225 2 -37.2784 32.8282
2226 2 -39.6632 40.1326
2227 2 -41.5755 47.9022
2228 2 -42.9471 56.0755
2229 2 -43.7170 64.5385
2230 2 -43.8562 73.1322
2231 2 -43.3568 81.6766
2232 2 -42.2389 90.0000
2233 2 -41.2273 95.0848
2234 10 -40.0000 100.0000
2235 2 -36.1101 33.8093
2236 2 -37.2054 41.8921
2237 2 -37.7458 50.1530
2238 2 -37.7104 58.4724
2239 2 -37.0972 66.7219
2240 2 -35.9282 74.7833
2241 2 -34.2412 82.5630
2242 2 -32.0860 90.0000
2243 2 -29.7083 96.5855
2244 2 -27.0212 102.8508
2245 2 -24.0707 108.8128
2246 3 -20.9000 114.5000
2247 5 40.9716 28.9777
2248 6 36.0000 30.0000
2249 1 40.3793 27.0217
2250 2 40.8795 27.5902
2251 3 40.7382 29.2382
2252 2 36.6000 28.3000
2253 4 31.2025 29.7545
2254 5 42.4188 28.0975
2255 1 42.4795 27.6891
2256 1 60.1000 29.4000
2257 1 43.1484 28.0956
2258 2 42.5974 29.5991
2259 8 43.0000 33.0000
2260 5 44.0730 29.0322
2261 8 41.2424 29.1324
2262 9 -30.0000 40.0000
2263 2 -31.8789 34.3579
2264 5 -30.0000 32.0000
2265 2 -32.4235 29.5125
2266 4 44.1545 34.0289
2267 9 45.0000 36.4000
2268 5 46.2500 30.9000
2269 2 42.1344 32.8322
2270 4 42.2056 35.2956
2271 1 44.0000 38.9721
2272 1 44.5897 37.8295
2273 2 36.2013 -127.9082
2274 2 34.5028 -132.7178
2275 2 32.6240 -137.3273
2276 2 30.5842 -141.7413
2277 2 28.4017 -145.9689
2278 2 26.0940 -150.0227
2279 2 23.6773 -153.9177
2280 2 43.8064 30.0110
2281 5 -50.0000 40.0000
2282 2 -45.1104 35.4370
2283 2 -45.0022 30.0030
2284 5 21.3217 -157.5109
2285 2 -35.1041 35.3052
2286 2 -45.0323 34.7156
2287 2 -40.1068 34.9996
2288 4 36.7000 31.0000
2289 8 35.8000 33.0000
2290 2 46.5279 30.9493
2291 2 46.5827 31.7046
2292 1 46.5865 31.8612
2293 2 25.6345 -153.9759
2294 5 -26.0000 34.0000
2295 2 -29.2302 32.3667
2296 2 -27.5062 33.2188
2297 2 -26.5930 33.6882
2298 2 -30.0598 35.9997
2299 4 35.2000 34.2000
2300 6 35.9000 35.7000
2301 2 35.8153 33.3229
2302 2 36.6000 34.8000
2303 3 43.4357 39.4537
2304 2 15.8541 -153.1992
2305 4 41.8000 41.1000
2306 1 64.9382 39.9718
2307 3 65.4453 39.5983
2308 2 66.6319 41.1364
2309 2 67.0381 41.5978
2310 2 67.8803 41.2023
2311 4 69.5543 35.5553
2312 3 69.9271 33.4020
2313 4 -24.0000 36.0000
2314 2 -26.0688 38.4996
2315 5 -26.0000 43.0000
2316 4 27.0000 34.5000
2317 1 29.2000 34.9000
2318 2 20.0000 -155.0000
2319 2 23.6000 37.0000
2320 7 33.0000 34.8000
2321 2 33.9763 35.1244
2322 4 36.5000 35.6000
2323 1 42.2115 41.5099
2324 2 41.7184 36.7369
2325 3 41.4112 38.4316
2326 3 46.2107 35.3917
2327 6 45.6212 36.8592
2328 2 -19.5234 38.9290
2329 5 -15.0000 41.7000
2330 2 -20.0000 36.0000
2331 2 -17.5205 38.8889
2332 1 41.4090 36.3903
2333 1 41.1200 39.7082
2334 3 46.6862 36.7631
2335 2 45.8286 37.6017
2336 4 46.8238 37.6629
2337 2 45.9259 35.1383
2338 2 45.4315 35.5576
2339 2 45.5907 36.2215
2340 2 47.1040 39.0431
2341 3 20.7500 38.9000
2342 2 41.4374 40.5369
2343 3 16.3000 41.2000
2344 2 16.3726 41.1647
2345 2 19.8364 39.3966
2346 3 43.3704 -125.3200
2347 2 41.1488 -130.3341
2348 2 38.7244 -135.0075
2349 2 36.1258 -139.3658
2350 2 33.3792 -143.4391
2351 2 30.5069 -147.2592
2352 2 27.5288 -150.8580
2353 2 24.4621 -154.2657
2354 5 -50.0000 50.0000
2355 8 -40.0000 50.0000
2356 2 -45.1104 45.4370
2357 2 -45.0022 40.0030
2358 2 -35.1041 45.3052
2359 7 -30.0000 50.0000
2360 2 43.6720 -130.3514
2361 2 40.9033 -135.1938
2362 2 37.9479 -139.6369
2363 2 34.8375 -143.7299
2364 2 31.5987 -147.5208
2365 2 28.2544 -151.0547
2366 2 24.8233 -154.3725
2367 2 -35.0021 40.0021
2368 2 -45.0333 44.7134
2369 2 -40.1068 44.9996
2370 6 -26.4000 48.1000
2371 2 -28.2595 44.1176
2372 2 17.5438 -177.4063
2373 2 15.0547 -174.8825
2374 2 12.7052 -172.3689
2375 2 -35.1023 44.6929
2376 2 -30.0935 44.9995
2377 4 -6.5000 40.0000
2378 4 -4.2000 40.3000
2379 2 -5.5331 40.1241
2380 2 -10.0000 41.0000
2381 3 -8.2781 44.9782
2382 9 -10.0000 50.0000
2383 4 58.6791 -150.7582
2384 2 54.0515 -152.2082
2385 2 49.4062 -153.3626
2386 2 44.7472 -154.3131
2387 2 40.0775 -155.1183
2388 2 35.3985 -155.8170
2389 2 30.7122 -156.4364
2390 2 26.0195 -156.9961
2391 7 -0.0000 50.0000
2392 2 -2.1075 45.1564
2393 2 -1.0000 43.0000
2394 4 -12.0000 43.0000
2395 3 15.5468 41.6593
2396 3 15.0000 42.0000
2397 2 56.3092 -154.3199
2398 3 56.9630 -151.9332
2399 2 -14.0672 45.2949
2400 2 -14.0000 45.6000
2401 2 -19.0009 41.8471
2402 2 -23.0000 42.0000
2403 5 12.7000 43.3000
2404 2 14.1826 42.4719
2405 3 58.8961 -152.8627
2406 2 57.2774 -155.4095
2407 2 56.6296 -155.9536
2408 2 -11.3948 45.0625
2409 2 -7.7566 44.6309
2410 2 -3.5063 46.2292
2411 2 0.7472 47.8131
2412 4 5.0000 49.4000
2413 3 1.5000 45.6000
2414 5 12.0000 45.0000
2415 2 12.6341 43.4650
2416 3 5.8985 56.3534
2417 1 10.4868 44.9926
2418 5 13.0000 51.0000
2419 2 14.1436 49.5581
2420 4 16.2000 54.2000
2421 2 -13.6955 45.9083
2422 9 10.0000 -120.0000
2423 1 15.4965 -153.0015
2424 2 -22.0400 55.6380
2425 12 -20.7000 58.0000
2426 6 -18.0000 50.0000
2427 2 -22.2040 49.0788
2428 2 -20.4087 49.4608
2429 1 60.8358 -149.0027
2430 2 60.8771 -149.0601
2431 2 60.9034 -149.1857
2432 2 60.9083 -149.3621
2433 2 60.9635 -149.6336
2434 2 61.0770 -150.0493
2435 2 61.0737 -150.2411
2436 2 61.1667 -150.3938
2437 2 61.1407 -150.5245
2438 2 61.0252 -150.9334
2439 2 60.9600 -151.0683
2440 2 60.7838 -151.5298
2441 2 60.5269 -151.7327
2442 2 60.1958 -151.9686
2443 2 60.1732 -151.9857
2444 2 60.1508 -152.0029
2445 2 59.6814 -152.2044
2446 2 59.6383 -152.2469
2447 2 59.5286 -152.3351
2448 4 30.1000 48.9000
2449 3 29.1000 48.3000
2450 2 26.5000 50.5000
2451 1 27.7799 49.0905
2452 4 28.6000 50.1000
2453 8 11.6000 52.3000
2454 2 8.3029 50.8379
2455 3 36.9644 53.3394
2456 3 37.6287 49.4942
2457 4 -4.6000 55.3000
2458 2 -7.3078 52.6658
2459 6 19.0000 72.4000
2460 2 15.4465 69.4177
2461 2 11.8535 66.5357
2462 2 8.2314 63.7282
2463 2 4.5895 60.9712
2464 2 0.9368 58.2421
2465 2 -2.7181 55.5186
2466 2 -6.3666 52.7787
2467 2 -5.0004 50.0003
2468 2 -15.0000 51.0000
2469 1 9.0182 -90.7731
2470 2 13.3379 -114.9793
2471 4 15.0011 -130.0008
2472 2 15.5930 -142.3573
2473 4 15.4659 -156.3758
2474 2 -20.1027 57.5172
2475 2 -10.0367 54.9998
2476 8 -10.0000 60.0000
2477 5 -50.0000 60.0000
2478 8 -40.0000 60.0000
2479 2 -45.1104 55.4370
2480 2 53.7550 -150.9124
2481 2 -45.0022 50.0030
2482 2 -35.1041 55.3052
2483 8 -30.0000 60.0000
2484 2 -35.0021 50.0021
2485 2 -45.0322 54.7157
2486 2 -40.1068 54.9996
2487 2 57.6670 -151.6110
2488 2 58.0096 -151.5337
2489 2 58.3310 -151.1934
2490 2 -25.4053 54.1532
2491 2 -35.1023 54.6929
2492 2 -30.0935 54.9995
2493 2 -14.0517 55.0864
2494 2 -21.1090 52.0407
2495 2 -24.0354 54.6445
2496 2 -27.0822 57.3686
2497 2 -19.3903 53.9674
2498 2 2.5120 52.4763
2499 2 5.0192 54.9621
2500 2 7.5169 57.4667
2501 8 10.0000 60.0000
2502 2 -2.2988 52.6486
2503 1 52.5706 -150.6163
2504 2 51.4482 -143.0824
2505 2 49.6047 -136.0292
2506 2 48.5541 -132.6893
2507 6 48.5683 -125.5016
2508 8 -0.0000 60.0000
2509 2 -0.0000 55.0000
2510 5 26.3000 51.6000
2511 4 14.6921 56.2313
2512 2 16.2661 61.5400
2513 2 17.7070 66.9294
2514 2 12.2395 54.7085
2515 2 11.4317 58.3951
2516 5 10.8670 60.8257
2517 2 10.5802 62.0601
2518 2 9.6889 65.7044
2519 2 8.7613 69.3291
2520 2 7.8014 72.9354
2521 2 6.8131 76.5251
2522 5 5.8000 80.1000
2523 5 -50.0000 -140.0000
2524 3 24.7000 52.1000
2525 2 24.7000 53.8000
2526 3 15.8264 55.5809
2527 7 20.0000 59.0000
2528 2 8.8968 54.6647
2529 2 2.9526 58.1852
2530 2 9.2670 54.8791
2531 2 6.9159 57.4241
2532 2 4.5513 59.9438
2533 2 2.1781 62.4469
2534 2 -0.1993 64.9421
2535 4 -2.5774 67.4386
2536 4 -7.9854 67.9429
2537 8 -10.0000 70.0000
2538 2 10.8228 56.1603
2539 3 25.6000 55.2000
2540 2 -45.1104 -144.5630
2541 8 -40.0000 -140.0000
2542 3 26.4000 56.4000
2543 2 -7.2981 57.6398
2544 3 25.5000 57.1000
2545 4 24.0000 59.0000
2546 3 24.6000 63.3000
2547 2 -20.4515 64.0130
2548 10 -20.0000 70.0000
2549 2 -45.0022 -149.9970
2550 2 -18.0902 61.1223
2551 2 -15.4312 64.1532
2552 2 -12.7318 67.1075
2553 6 -10.0007 75.2795
2554 8 5.9000 81.9000
2555 2 -15.3536 59.0261
2556 2 -25.3546 58.9630
2557 2 -23.0068 60.9210
2558 2 -25.3268 63.8882
2559 2 -27.6590 66.9107
2560 8 -30.0000 70.0000
2561 6 -50.0000 -120.0000
2562 4 -53.0000 -93.0000
2563 6 -55.3608 -71.3850
2564 4 -53.0000 -105.5500
2565 4 22.7000 60.4000
2566 5 20.0000 70.0000
2567 4 20.0838 64.5005
2568 2 15.0015 59.5107
2569 2 17.2840 61.6475
2570 6 15.0326 64.5965
2571 2 12.5298 67.3246
2572 8 10.0000 70.0000
2573 8 -40.0000 70.0000
2574 2 -45.1105 65.4370
2575 2 -45.0022 60.0030
2576 5 -50.0000 70.0000
2577 9 -0.0000 70.0000
2578 2 -0.0000 65.0000
2579 2 -35.1041 -144.6948
2580 9 -30.0000 -140.0000
2581 2 2.5120 62.4763
2582 2 5.0192 64.9621
2583 2 7.5169 67.4667
2584 2 5.0004 59.9997
2585 2 -5.0004 60.0002
2586 2 -7.5167 67.4663
2587 3 -5.0190 64.9616
2588 2 -2.5119 62.4761
2589 2 -35.1041 65.3052
2590 2 -35.0021 60.0021
2591 2 -45.0334 64.7133
2592 2 -40.1068 64.9996
2593 2 -25.0850 65.2028
2594 2 -35.1023 64.6929
2595 2 -35.0021 -149.9977
2596 2 -30.0935 64.9995
2597 2 -7.5169 62.5333
2598 2 -5.0193 65.0379
2599 2 -12.5384 62.4173
2600 5 -14.1873 64.0297
2601 2 -15.0547 64.8825
2602 2 -17.5438 67.4063
2603 2 -10.0367 64.9998
2604 2 10.0367 65.0002
2605 2 2.5119 67.5239
2606 2 5.0190 65.0384
2607 2 7.5167 62.5336
2608 2 8.6333 63.8144
2609 2 7.2332 67.6015
2610 2 5.8054 71.3657
2611 2 4.3558 75.1112
2612 2 2.8901 78.8426
2613 2 1.4138 82.5647
2614 2 -0.0677 86.2822
2615 2 -1.5488 90.0000
2616 2 -2.9304 93.4837
2617 2 -4.3025 96.9757
2618 2 -5.6605 100.4799
2619 9 -7.0000 104.0000
2620 2 -45.0312 -145.2822
2621 6 24.3000 66.6000
2622 3 22.3000 67.0000
2623 2 -35.1041 75.3052
2624 8 -30.0000 80.0000
2625 2 -35.0021 70.0021
2626 2 -45.0022 70.0030
2627 2 -45.0321 74.7159
2628 5 -50.0000 80.0000
2629 8 -40.0000 80.0000
2630 2 -40.1067 74.9996
2631 2 -40.1068 -145.0004
2632 2 -5.7610 67.7337
2633 2 -15.0011 70.0008
2634 2 -12.5384 72.4173
2635 2 -15.0547 74.8825
2636 2 -17.5438 77.4063
2637 9 -20.0000 80.0000
2638 8 -10.0000 80.0000
2639 4 -11.0400 72.1700
2640 2 40.1067 -174.9996
2641 15 40.0000 180.0000
2642 2 15.0011 69.9992
2643 2 -45.1105 75.4370
2644 2 -25.0850 75.2028
2645 2 -25.0017 70.0014
2646 2 -25.0850 -144.7972
2647 8 -20.0000 -140.0000
2648 2 -35.1023 74.6929
2649 2 -30.0935 74.9995
2650 2 -16.3606 78.9074
2651 2 -12.7458 88.4215
2652 2 -12.5389 77.5818
2653 2 -15.0555 75.1163
2654 2 -17.5444 72.5927
2655 2 -25.0836 74.7955
2656 2 -20.0692 74.9996
2657 6 4.0000 73.0000
2658 2 5.0004 69.9997
2659 5 -5.4014 76.3143
2660 4 -3.2002 75.0987
2661 2 -23.7027 -149.8408
2662 4 9.7000 75.3000
2663 3 73.7425 72.2716
2664 3 73.7178 76.2267
2665 2 73.2304 78.4240
2666 2 72.5846 78.8634
2667 1 71.9829 82.4669
2668 2 15.3000 73.0000
2669 7 -0.0000 80.0000
2670 2 -4.2348 77.0384
2671 2 2.5982 79.5389
2672 2 -1.2983 77.7625
2673 2 -19.8765 90.0001
2674 2 -23.7602 95.7896
2675 2 -27.5522 101.8471
2676 2 -31.1741 108.2647
2677 10 -34.5330 115.1330
2678 2 -17.3889 84.4401
2679 2 -12.6019 75.8316
2680 2 -7.7345 78.0441
2681 2 4.9093 76.5453
2682 2 -35.1023 -145.3071
2683 2 2.0022 76.5036
2684 2 12.4000 74.3000
2685 5 8.0000 77.0000
2686 5 -50.0000 90.0000
2687 8 -40.0000 90.0000
2688 2 -45.1104 85.4370
2689 2 -45.0022 80.0030
2690 2 -35.1041 85.3052
2691 8 -30.0000 90.0000
2692 2 -30.0935 -145.0005
2693 2 -35.0021 80.0021
2694 2 -45.0324 84.7154
2695 2 -40.1068 84.9996
2696 2 -25.0850 85.2028
2697 9 -20.0000 90.0000
2698 2 -25.0017 80.0014
2699 2 -35.1023 84.6929
2700 2 -30.0935 84.9995
2701 10 -10.0000 90.0000
2702 2 -12.5389 87.5819
2703 2 -15.0555 85.1163
2704 2 -17.5444 82.5927
2705 2 -15.0011 80.0008
2706 2 -25.0836 84.7955
2707 2 -7.5169 -147.4667
2708 2 -5.0193 -144.9621
2709 2 -2.5120 -142.4763
2710 8 -0.0000 -140.0000
2711 2 -20.0692 84.9996
2712 7 -0.0000 90.0000
2713 2 -2.5120 87.5237
2714 2 -5.0193 85.0379
2715 2 -7.5169 82.5332
2716 2 -5.0004 80.0003
2717 2 -12.5384 82.4173
2718 2 -15.0547 84.8825
2719 2 -17.5438 87.4063
2720 2 -10.0367 84.9998
2721 2 -0.0000 85.0000
2722 2 -2.5119 82.4761
2723 2 -5.0190 84.9616
2724 2 -7.5167 87.4664
2725 2 -5.0004 -149.9998
2726 3 16.0000 82.0000
2727 3 13.0000 81.0000
2728 6 7.2500 82.2500
2729 6 6.7000 94.0000
2730 2 6.1983 85.9479
2731 2 6.4665 90.0001
2732 2 6.1175 81.9556
2733 2 2.9500 85.9563
2734 4 21.0000 88.0000
2735 2 18.5238 84.9566
2736 4 13.0000 88.0000
2737 2 10.1376 85.0995
2738 3 21.7994 91.6295
2739 2 17.5782 86.4910
2740 2 14.1441 85.0380
2741 2 10.7006 83.6282
2742 2 -13.7006 -149.8519
2743 1 17.6221 83.3898
2744 5 7.0000 97.0000
2745 6 14.4000 93.3000
2746 2 13.5432 90.0000
2747 2 10.9397 90.0001
2748 2 21.6741 90.0001
2749 2 -45.0022 90.0031
2750 2 -35.0021 90.0021
2751 2 -25.0017 90.0014
2752 2 -15.0011 90.0008
2753 2 -12.5384 -147.5827
2754 2 -15.0547 -145.1175
2755 2 -17.5438 -142.5937
2756 2 -5.0004 90.0003
2757 5 -50.0000 100.0000
2758 2 -45.1104 95.4370
2759 2 -35.1041 95.3052
2760 8 -30.0000 100.0000
2761 2 -45.0314 94.7174
2762 2 -40.1068 94.9996
2763 2 -25.0850 95.2028
2764 9 -20.0000 100.0000
2765 2 -35.1023 94.6929
2766 2 -30.0935 94.9995
2767 8 -10.0000 -140.0000
2768 2 -10.0367 -145.0002
2769 2 -12.5389 97.5819
2770 2 -15.0555 95.1163
2771 2 -17.5444 92.5927
2772 2 -12.9913 97.1196
2773 2 -25.0836 94.7955
2774 2 -20.0692 94.9996
2775 5 -1.4000 99.9000
2776 2 -5.7214 94.9868
2777 2 -12.5384 92.4173
2778 2 -15.0547 94.8825
2779 2 -17.5438 97.4063
2780 2 -10.0367 94.9998
2781 2 3.3521 91.9932
2782 2 -2.5119 92.4760
2783 2 -5.0190 94.9616
2784 2 -7.5167 97.4664
2785 2 -0.7025 94.9492
2786 2 22.0000 91.0000
2787 2 -0.0000 -145.0000
2788 2 -11.9420 96.7826
2789 2 20.0000 92.0000
2790 12 40.0000 -140.0000
2791 2 40.7555 -144.8826
2792 2 41.3037 -149.8621
2793 2 41.6367 -154.9099
2794 2 41.7490 -159.9932
2795 2 41.6384 -165.0775
2796 2 41.3066 -170.1280
2797 2 40.7580 -175.1119
2798 2 16.0000 97.0000
2799 2 10.7066 95.1751
2800 2 2.4620 96.5411
2801 2 12.0000 97.0000
2802 2 2.5120 -147.5237
2803 2 5.0192 -145.0379
2804 2 7.5169 -142.5333
2805 8 10.0000 -140.0000
2806 2 3.2000 100.6000
2807 2 -5.7003 99.9499
2808 2 -4.3157 101.6981
2809 5 -50.0000 110.0000
2810 2 -45.1104 105.4370
2811 7 -40.0000 110.0000
2812 2 -45.0022 100.0030
2813 2 -37.5074 107.8407
2814 10 -23.5000 113.0000
2815 2 -35.0021 100.0025
2816 2 5.0004 -150.0003
2817 2 -45.0313 104.7175
2818 2 -40.1068 104.9996
2819 8 -8.7000 110.2500
2820 2 -11.5640 107.7771
2821 2 -14.4062 105.2538
2822 2 -17.2204 102.6663
2823 2 -12.8442 106.6070
2824 2 -15.0011 100.0008
2825 2 -25.0017 100.0014
2826 2 -30.6963 111.2953
2827 2 -27.3526 107.2114
2828 2 -23.7181 103.5040
2829 2 -21.8710 106.4209
2830 2 -9.3864 105.1343
2831 2 -9.3086 105.5772
2832 2 -7.5167 -142.5336
2833 2 -5.0190 -145.0384
2834 2 -2.5119 -147.5240
2835 2 -20.2081 109.5618
2836 2 -16.8521 106.2675
2837 2 -13.4454 103.0889
2838 2 -26.8985 106.6849
2839 2 -35.1023 104.6929
2840 2 -33.5658 111.2097
2841 2 -32.4822 107.3779
2842 2 -31.2906 103.6411
2843 3 13.0000 100.4000
2844 3 7.3179 100.6823
2845 2 2.0000 102.0000
2846 2 10.0367 -144.9998
2847 6 3.7000 109.8000
2848 4 -1.5000 107.3000
2849 6 -5.2000 106.8000
2850 2 -5.3345 106.5793
2851 2 -16.4450 108.3507
2852 2 -28.5926 112.6354
2853 4 6.2596 114.5842
2854 2 7.1227 116.8447
2855 2 7.0392 117.0468
2856 2 7.1436 117.3625
2857 7 8.4000 120.0500
2858 2 -7.6374 106.6704
2859 8 19.0000 120.0000
2860 8 21.7000 114.1000
2861 2 15.7278 112.9650
2862 2 11.6082 111.0534
2863 2 8.3192 108.7023
2864 8 20.0000 -140.0000
2865 2 17.5443 -142.5927
2866 2 15.0555 -145.1163
2867 2 12.5389 -147.5819
2868 7 12.2000 110.1000
2869 2 7.6091 107.3207
2870 4 8.4000 104.9000
2871 2 10.0000 107.3000
2872 6 -5.9000 111.9000
2873 3 20.2500 107.1000
2874 4 20.4000 111.3500
2875 1 20.3032 108.6060
2876 2 20.6858 106.8731
2877 2 15.0011 -150.0008
2878 4 -3.6000 110.7000
2879 3 18.4135 108.4606
2880 5 16.1000 109.0000
2881 2 19.3491 111.1522
2882 2 18.3614 110.3832
2883 2 18.0170 109.2187
2884 2 19.4527 108.4606
2885 1 21.5007 108.8122
2886 2 16.6138 114.1883
2887 3 17.0000 119.4000
2888 2 17.6255 114.4566
2889 3 6.0000 114.0000
2890 2 7.9505 109.9482
2891 2 -45.1105 115.4370
2892 6 -40.0000 120.0000
2893 2 -45.0022 110.0030
2894 5 -50.0000 120.0000
2895 2 -37.2948 112.6593
2896 2 -45.0313 114.7175
2897 2 -40.1068 114.9996
2898 2 13.3466 114.9781
2899 6 14.4000 119.9000
2900 2 16.9609 112.0495
2901 2 -12.4045 110.9041
2902 2 -16.1065 111.5760
2903 2 -19.8053 112.2722
2904 8 -9.1000 115.6000
2905 2 2.5118 -142.4760
2906 2 5.0190 -144.9616
2907 2 7.5167 -147.4664
2908 1 21.2142 110.8721
2909 6 -5.4000 116.9500
2910 5 -7.2500 116.2000
2911 2 -26.0000 112.7000
2912 3 -29.0000 114.0000
2913 2 -12.7045 114.9835
2914 2 -16.3066 114.3489
2915 2 -19.9054 113.6900
2916 1 -21.5299 113.3803
2917 8 -11.0000 122.3000
2918 2 20.0692 -144.9996
2919 2 -32.0000 115.6000
2920 1 1.6430 110.9048
2921 2 10.2137 116.9113
2922 4 22.1000 120.0000
2923 2 23.0000 117.0000
2924 2 -33.8000 114.8000
2925 2 25.0849 -145.2027
2926 9 30.0000 -140.0000
2927 7 -35.5000 118.0000
2928 4 -19.6000 118.6000
2929 2 -10.0658 118.9402
2930 3 -9.1000 121.5000
2931 2 39.5059 -129.5004
2932 2 40.9305 -136.4135
2933 2 41.9328 -143.5850
2934 2 42.4821 -150.9335
2935 2 42.5588 -158.3571
2936 2 42.1608 -165.7444
2937 2 41.2996 -172.9887
2938 1 -7.5000 113.0000
2939 2 -7.6503 120.9457
2940 6 -8.0000 125.7000
2941 2 -5.9000 119.2000
2942 2 25.0017 -150.0014
2943 2 -34.5000 121.8000
2944 2 -36.7051 123.5477
2945 2 -37.6510 129.2527
2946 2 -38.3203 135.0835
2947 8 -38.7000 141.0000
2948 4 -16.0000 123.0000
2949 8 30.0000 170.0000
2950 6 30.0000 180.0000
2951 3 -5.5000 121.0000
2952 4 38.1013 120.4796
2953 1 37.4501 119.3920
2954 2 4.7502 119.7734
2955 6 1.1000 119.5000
2956 2 17.5438 -147.4063
2957 2 15.0547 -144.8825
2958 2 12.7055 -142.3682
2959 2 4.4875 119.7529
2960 6 38.6268 120.8861
2961 1 39.8014 119.7875
2962 3 13.0000 122.1000
2963 5 -50.0000 130.0000
2964 2 30.0935 -144.9995
2965 2 -45.1104 125.4370
2966 5 -40.0000 130.0000
2967 2 -45.0022 120.0030
2968 2 -45.0330 124.7141
2969 2 -40.1068 124.9996
2970 4 19.0000 123.0000
2971 1 25.8828 123.5770
2972 5 25.7000 120.0000
2973 9 20.0000 130.0000
2974 2 21.1206 125.0354
2975 7 26.0000 128.0000
2976 4 25.8543 123.0197
2977 2 35.1041 -145.3052
2978 7 31.0000 130.9000
2979 4 27.8000 121.3000
2980 2 9.1000 123.8000
2981 2 38.7726 118.1725
2982 3 39.5054 120.9411
2983 1 40.4232 121.8859
2984 1 40.6153 121.0949
2985 3 38.7000 122.0000
2986 3 -6.3000 122.6000
2987 4 35.9000 121.0000
2988 2 35.0020 -150.0021
2989 2 29.4858 126.0251
2990 2 -34.1000 124.0000
2991 2 39.4000 124.3000
2992 2 12.6000 124.0000
2993 2 25.0835 -144.7956
2994 2 -10.8235 126.1524
2995 6 -10.6000 130.0000
2996 2 15.1000 122.3000
2997 8 13.4000 125.7000
2998 6 -3.7000 125.1000
2999 5 30.8345 122.6776
3000 8 31.3000 122.9000
3001 5 31.4000 128.9000
3002 4 34.2000 127.6000
3003 7 34.4000 125.6000
3004 2 40.1067 -144.9996
3005 2 28.4945 125.4186
3006 3 -13.2000 127.0000
3007 2 22.5200 125.4371
3008 2 -32.6000 126.1000
3009 8 50.0000 -140.0000
3010 2 45.1104 -145.4370
3011 6 -0.0000 130.0000
3012 5 1.2000 125.5000
3013 6 -8.3167 127.4500
3014 2 36.0000 125.5000
3015 2 45.0022 -150.0030
3016 10 20.0000 150.0000
3017 2 18.6289 143.7676
3018 2 17.0577 137.6401
3019 2 15.3074 131.6188
3020 11 30.0000 150.0000
3021 2 28.1490 146.6199
3022 2 26.2178 143.3560
3023 2 24.2153 140.1995
3024 2 22.1495 137.1413
3025 2 20.0282 134.1717
3026 2 17.8585 131.2814
3027 2 15.6470 128.4606
3028 2 16.7116 127.8131
3029 5 10.5000 126.4000
3030 4 5.7000 125.8000
3031 3 8.0000 127.0000
3032 3 2.0000 128.1500
3033 2 -32.1000 129.1000
3034 2 27.7683 146.6741
3035 2 25.4600 143.4829
3036 2 23.0850 140.4124
3037 2 20.6522 137.4487
3038 2 18.1700 134.5785
3039 2 15.6459 131.7886
3040 2 13.0871 129.0665
3041 2 35.1023 -144.6929
3042 7 10.0000 130.0000
3043 3 -14.5000 128.4000
3044 4 -3.0000 131.4000
3045 5 -8.9000 132.0000
3046 4 35.0000 129.2000
3047 9 30.0000 140.0000
3048 2 28.1300 133.8895
3049 2 50.5771 -168.8354
3050 2 47.1785 -173.0376
3051 2 43.6429 -176.7261
3052 3 -12.2000 130.8000
3053 2 39.5000 128.5000
3054 2 42.3000 132.0000
3055 4 37.9000 129.3000
3056 2 38.2106 134.0843
3057 7 41.2000 139.4000
3058 4 36.4000 130.0000
3059 4 34.3000 130.1000
3060 2 39.6591 134.2305
3061 2 45.0311 -144.7180
3062 2 41.6292 134.4474
3063 5 45.1000 140.2000
3064 5 -50.0000 140.0000
3065 2 -41.6192 138.6269
3066 2 -44.4836 136.0317
3067 2 -47.2819 133.1726
3068 2 -45.0022 130.0030
3069 2 -39.4789 135.5506
3070 2 -45.0314 134.7175
3071 4 -10.5000 131.8000
3072 2 47.5118 -142.1567
3073 2 44.5609 -135.0758
3074 2 41.2500 -128.6982
3075 3 -0.0000 136.0000
3076 2 2.5120 132.4763
3077 2 5.0192 134.9621
3078 2 7.5169 137.4667
3079 9 10.0000 140.0000
3080 2 5.0004 129.9997
3081 2 10.0367 135.0002
3082 8 20.0000 140.0000
3083 2 17.5443 137.4073
3084 2 15.0554 134.8837
3085 2 12.5389 132.4181
3086 2 15.0011 129.9992
3087 6 -0.0000 140.0000
3088 2 2.5118 137.5240
3089 2 5.0190 135.0384
3090 2 7.5167 132.5336
3091 2 20.0692 135.0004
3092 2 25.0849 134.7972
3093 2 23.7635 132.2428
3094 2 27.4910 134.6178
3095 2 31.1734 137.1574
3096 6 34.8000 139.9000
3097 2 17.5438 132.5937
3098 2 15.0547 135.1175
3099 2 12.7221 137.6680
3100 2 40.8633 134.7666
3101 2 35.3000 131.7000
3102 2 -11.9000 131.8000
3103 3 32.4000 132.4000
3104 2 25.4520 135.4410
3105 2 -13.7476 -144.7742
3106 2 30.5777 135.4737
3107 2 -5.0000 134.5000
3108 2 38.7500 138.4000
3109 4 51.6000 -176.7000
3110 3 33.7500 131.9000
3111 6 -10.5500 142.1330
3112 4 -9.0000 137.0000
3113 2 -13.9379 -148.1031
3114 2 -10.4647 -146.5533
3115 2 -6.9834 -145.0377
3116 2 -3.4968 -143.5445
3117 2 -0.0076 -142.0623
3118 2 3.4817 -140.5801
3119 2 6.9684 -139.0869
3120 2 10.4497 -137.5715
3121 2 13.9226 -136.0217
3122 2 17.3845 -134.4249
3123 2 20.8319 -132.7668
3124 2 24.2612 -131.0315
3125 2 27.6680 -129.2006
3126 2 31.0476 -127.2527
3127 2 34.3939 -125.1626
3128 3 42.7000 133.7000
3129 4 33.2000 135.1000
3130 2 -34.0000 134.5000
3131 3 -35.5000 136.0000
3132 2 -20.7955 -147.9606
3133 2 -23.8627 -145.4507
3134 2 -26.9977 -142.7074
3135 2 -35.7000 138.0000
3136 3 -2.0000 141.0000
3137 3 -15.0000 137.0000
3138 5 -12.0000 137.6000
3139 3 -16.7000 140.6000
3140 4 -13.0000 141.2000
3141 5 56.2000 139.7000
3142 1 56.1190 137.9671
3143 2 -18.7592 -144.8871
3144 4 35.0000 139.3000
3145 3 41.9000 141.2500
3146 3 58.7000 150.9000
3147 2 50.9395 145.9478
3148 2 54.5740 143.4320
3149 6 35.9000 141.3000
3150 2 35.2011 140.4029
3151 2 32.4854 145.0780
3152 1 60.7802 -148.6736
3153 2 60.8011 -148.6348
3154 2 60.8137 -148.5658
3155 2 60.8193 -148.4809
3156 2 60.7786 -148.3107
3157 4 60.7495 -146.9495
3158 5 -50.0000 150.0000
3159 6 -44.0000 146.0000
3160 2 -47.0398 143.1682
3161 2 -44.3540 140.5515
3162 8 -0.0000 150.0000
3163 2 -0.0000 145.0000
3164 2 2.5120 142.4763
3165 2 5.0193 144.9621
3166 2 7.5169 147.4667
3167 10 10.0000 150.0000
3168 1 61.1246 -146.3467
3169 2 61.1024 -146.3760
3170 2 61.1032 -146.6178
3171 2 61.0365 -146.7100
3172 2 60.9099 -146.8544
3173 2 5.0003 139.9997
3174 2 20.0692 145.0004
3175 2 25.0849 144.7972
3176 2 25.0017 139.9986
3177 2 60.4082 -146.9240
3178 5 60.1439 -146.7694
3179 2 15.0011 139.9992
3180 2 30.0935 145.0005
3181 2 35.1041 144.6948
3182 8 40.0000 150.0000
3183 1 60.5413 -145.7645
3184 2 60.5422 -145.8157
3185 2 60.4543 -146.1080
3186 2 60.4380 -146.2295
3187 2 60.4465 -146.3389
3188 2 60.4766 -146.3389
3189 2 60.5127 -146.3736
3190 2 25.0836 145.2045
3191 2 10.0367 145.0002
3192 6 -4.8000 147.0000
3193 2 2.5119 147.5240
3194 2 5.0190 145.0384
3195 2 7.5167 142.5336
3196 2 54.7001 -140.4172
3197 2 49.4677 -134.4497
3198 2 43.8605 -129.2291
3199 3 38.6558 -124.3291
3200 2 49.0000 141.0000
3201 3 -42.0000 144.0000
3202 2 -38.9000 142.3000
3203 2 59.6000 -146.1000
3204 2 -3.0000 144.0000
3205 3 41.9000 143.3000
3206 4 40.6000 142.2500
3207 2 38.0301 145.5292
3208 2 59.7622 -144.6242
3209 2 59.6640 -143.1109
3210 2 59.3055 -140.3786
3211 4 57.8778 -137.5127
3212 7 51.3000 179.5000
3213 2 50.1680 173.6134
3214 2 48.7539 168.0303
3215 2 47.0859 162.7774
3216 2 45.1931 157.8621
3217 2 43.1034 153.2772
3218 2 40.8427 149.0049
3219 2 38.4347 145.0215
3220 10 52.6000 172.9000
3221 2 51.0606 167.8712
3222 2 49.3200 163.1846
3223 2 47.4030 158.8320
3224 2 45.3328 154.7951
3225 2 43.1302 151.0502
3226 2 40.8136 147.5707
3227 2 38.3989 144.3294
3228 2 38.0000 142.0000
3229 4 -10.0000 147.0000
3230 2 -8.5000 144.5000
3231 2 -14.7000 145.4000
3232 2 54.8804 -142.4345
3233 5 -39.0000 144.3000
3234 5 43.2000 146.0000
3235 1 -38.0000 144.9000
3236 3 -39.1670 146.4330
3237 2 -45.1105 -134.5630
3238 8 -40.0000 -130.0000
3239 6 -16.7000 146.0000
3240 2 -43.6000 147.7000
3241 2 -15.1007 149.5750
3242 2 -13.4463 153.0964
3243 2 -11.7438 156.5695
3244 9 -10.0000 160.0000
3245 5 -12.0000 150.0000
3246 2 -18.7000 147.1000
3247 2 -17.6150 149.4495
3248 2 -18.4726 152.9329
3249 2 -19.2689 156.4500
3250 8 -20.0000 160.0000
3251 2 -45.0022 -139.9970
3252 2 50.2383 170.2039
3253 2 48.4755 161.4373
3254 2 46.0975 153.3524
3255 2 50.8727 165.2486
3256 2 48.6843 158.2097
3257 2 46.1047 151.8032
3258 6 50.7000 156.9000
3259 2 46.6568 152.0307
3260 3 -38.4000 148.3000
3261 2 34.2547 -179.2018
3262 6 -40.5000 172.0000
3263 2 -40.6963 165.5451
3264 2 -40.5352 159.0881
3265 2 -40.0212 152.6969
3266 2 -10.0322 147.0514
3267 2 -3.8000 152.0500
3268 4 -7.0000 149.0000
3269 6 -50.0000 -130.0000
3270 2 -6.5022 148.5615
3271 2 -21.0000 150.0000
3272 3 -43.0000 149.0000
3273 7 -37.7000 150.1000
3274 2 -38.0408 149.1890
3275 2 -46.5020 149.4695
3276 4 -5.2000 152.6000
3277 6 -10.0000 152.5000
3278 5 -50.0000 160.0000
3279 2 -45.1105 155.4370
3280 9 -40.0000 160.0000
3281 9 -30.0000 -130.0000
3282 2 -35.1041 -134.6948
3283 6 -24.8000 153.4000
3284 2 -11.0406 155.0166
3285 2 -0.0000 155.0000
3286 9 -0.0000 160.0000
3287 2 7.7339 157.6787
3288 10 10.0000 160.0000
3289 2 2.5120 152.4763
3290 2 5.0192 154.9621
3291 2 7.5169 157.4667
3292 2 5.0004 149.9997
3293 2 -2.4985 152.8981
3294 4 -5.0000 155.8000
3295 2 10.0367 155.0002
3296 8 20.0000 160.0000
3297 2 17.5443 157.4073
3298 2 15.0554 154.8837
3299 2 12.5389 152.4181
3300 2 -35.0021 -139.9977
3301 2 15.0011 149.9992
3302 2 -6.6247 153.9412
3303 2 3.7509 151.8099
3304 2 2.5119 157.5240
3305 2 5.0190 155.0384
3306 2 7.5167 152.5336
3307 2 20.0692 155.0004
3308 2 25.0849 154.7972
3309 8 30.0000 160.0000
3310 2 25.0017 149.9986
3311 2 -0.3593 167.0719
3312 6 -18.3000 176.9000
3313 2 17.5438 152.5937
3314 2 15.0547 155.1175
3315 2 12.7205 157.6649
3316 2 30.0935 155.0005
3317 2 33.1634 156.7987
3318 2 35.9321 164.0683
3319 2 38.2345 171.8140
3320 2 -45.0318 -135.2833
3321 2 35.1041 154.6948
3322 7 40.0000 160.0000
3323 2 35.0020 149.9979
3324 2 25.0836 155.2045
3325 2 45.4041 153.1228
3326 2 35.1023 155.3071
3327 7 -34.0001 151.5000
3328 2 -40.9101 151.8588
3329 2 -43.9045 154.4327
3330 2 -46.9980 157.1451
3331 2 -38.9520 154.9700
3332 2 -40.1068 -135.0004
3333 2 -33.6136 158.8303
3334 2 -32.8038 166.0622
3335 2 -31.5899 173.1343
3336 3 -33.0000 152.2500
3337 2 -37.0167 155.6365
3338 4 -40.3000 173.9000
3339 2 -39.1226 167.9561
3340 2 -37.6611 162.2300
3341 2 -35.9434 156.7424
3342 4 -37.0000 174.0000
3343 2 -36.6445 168.2311
3344 2 -36.0179 162.5360
3345 2 -35.1313 156.9496
3346 2 -34.4269 156.6664
3347 2 -34.6376 161.8732
3348 2 -34.6287 167.0935
3349 4 -34.4000 172.3000
3350 2 -31.5583 156.1867
3351 8 -30.0000 160.0000
3352 2 -31.0000 153.5000
3353 3 -6.7000 156.2000
3354 2 -25.0850 -134.7972
3355 10 -20.0000 -130.0000
3356 2 -10.0206 156.2499
3357 2 -22.4337 156.7565
3358 2 -24.7431 -134.5057
3359 2 -21.1245 155.1596
3360 2 -17.4300 156.8340
3361 2 -13.7206 158.4420
3362 2 -26.2000 153.7000
3363 5 -27.1500 153.8000
3364 2 -25.2366 160.8668
3365 10 -23.0000 167.7000
3366 2 -24.9046 160.1687
3367 4 -22.4000 166.3000
3368 1 54.7695 154.4898
3369 3 58.1331 155.5219
3370 2 61.4359 163.4886
3371 1 62.3784 164.4002
3372 2 -25.0017 -139.9986
3373 2 51.9214 164.7323
3374 3 54.7000 163.1000
3375 2 45.3623 158.5944
3376 2 47.9732 160.3680
3377 2 45.2751 163.6826
3378 2 42.6166 166.8859
3379 7 40.0000 170.0000
3380 2 -26.5523 163.9666
3381 2 -26.2352 163.2523
3382 2 -25.0017 160.0014
3383 2 -35.0020 160.0026
3384 2 -37.8117 168.9003
3385 2 -35.1700 165.8621
3386 2 -32.5648 162.9079
3387 2 -35.1023 -135.3071
3388 8 -30.0000 170.0000
3389 2 -30.0935 164.9995
3390 6 -50.0000 170.0000
3391 6 -46.0001 165.6000
3392 2 -45.0022 160.0030
3393 2 -38.7080 167.1451
3394 2 -35.1041 165.3052
3395 2 -43.0592 162.7850
3396 2 -40.4038 165.9772
3397 9 -10.0000 170.0000
3398 2 -12.5389 167.5818
3399 2 -15.0555 165.1163
3400 2 -17.5444 162.5927
3401 2 -15.0011 160.0008
3402 4 -30.0935 -135.0005
3403 2 -25.0836 164.7955
3404 3 -20.9000 163.5000
3405 2 -14.6582 161.8100
3406 4 -19.3000 163.7000
3407 2 -10.0367 164.9998
3408 8 1.1000 173.1000
3409 2 0.5536 166.5494
3410 8 9.1000 166.4000
3411 2 4.5573 163.1799
3412 2 6.9028 159.9998
3413 2 5.0004 159.9998
3414 2 35.1023 -174.6929
3415 8 -10.0000 -130.0000
3416 2 -12.5389 -132.4181
3417 2 -15.0555 -134.8837
3418 2 -17.5444 -137.4073
3419 2 -7.5167 167.4664
3420 2 -5.0190 164.9616
3421 2 -2.5119 162.4760
3422 8 19.5000 167.5000
3423 2 14.7811 163.6686
3424 2 15.0011 159.9992
3425 2 3.3302 169.8471
3426 2 5.5582 166.5842
3427 2 7.7823 163.3043
3428 2 25.0017 159.9986
3429 2 14.5858 163.3109
3430 2 19.7883 163.7561
3431 2 30.0935 165.0005
3432 2 -15.0011 -139.9992
3433 2 35.1041 164.6948
3434 2 35.0020 159.9979
3435 5 24.9325 164.2645
3436 2 40.1067 165.0004
3437 2 49.5976 169.0770
3438 2 46.4825 165.7041
3439 2 43.2775 162.7006
3440 2 35.1023 165.3071
3441 2 59.6000 167.9000
3442 2 -25.0836 -135.2045
3443 6 -18.0000 168.1000
3444 2 -21.0000 166.0000
3445 2 -42.0000 171.0000
3446 2 -46.6000 168.2000
3447 2 9.5318 171.2914
3448 2 17.3549 176.4661
3449 2 14.6492 173.0327
3450 2 11.8941 169.6829
3451 2 14.3018 166.9367
3452 2 6.8328 169.8269
3453 2 4.5586 173.2306
3454 2 2.2803 176.6190
3455 2 19.8573 173.7409
3456 2 -20.0692 -135.0004
3457 2 24.7572 168.6965
3458 2 17.1170 170.6817
3459 2 14.7388 173.8203
3460 2 12.3665 176.9241
3461 7 -18.4000 178.7000
3462 2 -20.7872 173.2827
3463 7 -8.9000 179.3000
3464 2 -12.4797 176.5401
3465 2 -16.0298 173.7038
3466 2 -19.5402 170.7662
3467 2 -12.7190 176.3375
3468 2 -26.5053 168.8153
3469 2 -26.5879 173.6848
3470 8 62.1000 180.0000
3471 2 -15.7749 170.9841
3472 2 -13.5125 173.8057
3473 2 -11.2189 176.5745
3474 2 -7.5169 -137.4667
3475 2 -5.0193 -134.9621
3476 2 -2.5120 -132.4763
3477 8 -0.0000 -130.0000
3478 2 -14.0025 169.0667
3479 2 -17.6331 168.1849
3480 2 -18.1992 172.4959
3481 6 -47.0000 169.5000
3482 2 -46.0000 171.0000
3483 2 -21.3451 176.6650
3484 2 -24.2638 174.5475
3485 2 -27.1507 172.3318
3486 4 -34.0000 174.0000
3487 2 -30.0935 174.9995
3488 2 -5.0004 -139.9997
3489 2 -7.5169 172.5333
3490 2 -5.0193 175.0379
3491 2 -2.5120 177.5237
3492 2 -4.4521 171.5618
3493 2 -14.1817 173.2827
3494 2 35.1041 174.6948
3495 2 35.0020 169.9979
3496 2 25.0836 175.2045
3497 2 40.1067 175.0004
3498 2 45.7503 174.2694
3499 2 46.3128 171.2794
3500 2 -12.5384 -137.5827
3501 2 -15.0547 -135.1175
3502 2 -17.5438 -132.5937
3503 2 -43.7000 173.8000
3504 3 -39.0000 173.7500
3505 2 -36.3000 173.7000
3506 2 46.3721 176.9390
3507 2 -10.0367 -135.0002
3508 2 0.5509 176.5503
3509 6 -42.0000 175.0000
3510 3 -41.2000 174.5000
3511 3 -35.3000 175.2000
3512 8 10.0000 -130.0000
3513 2 7.5169 -132.5333
3514 2 5.0192 -135.0379
3515 2 2.5120 -137.5237
3516 2 -41.6071 174.7564
3517 3 -40.0000 178.0000
3518 2 -46.0485 177.2316
3519 2 -36.7000 175.2000
3520 3 -36.2500 176.9000
3521 6 -37.8000 179.5000
3522 2 -18.3806 178.4263
3523 2 5.0004 -140.0003
3524 2 -13.6511 179.0066
3525 2 -24.2034 179.3226
3526 2 -4.4504 179.6523
3527 2 -33.9016 179.7625
3528 2 -43.9034 179.7290
3529 2 -19.2719 -153.1785
3530 2 -21.0767 -156.7349
3531 2 -22.8058 -160.3759
3532 2 -24.4504 -164.1070
3533 2 -26.0014 -167.9328
3534 2 -27.4496 -171.8564
3535 2 -28.7856 -175.8790
3536 4 64.2000 -172.3000
3537 2 15.0011 179.9992
3538 2 -7.5167 -132.5336
3539 2 -5.0190 -135.0384
3540 2 -2.5119 -137.5240
3541 2 -0.0000 -135.0000
3542 2 10.0367 -134.9998
3543 8 20.0000 -130.0000
3544 2 17.5443 -132.5927
3545 2 15.0555 -135.1163
3546 2 12.5389 -137.5819
3547 2 15.0011 -140.0008
3548 2 7.5167 -137.4664
3549 2 5.0190 -134.9616
3550 2 2.5119 -132.4760
3551 2 20.0692 -134.9996
3552 2 25.0849 -135.2027
3553 9 30.0000 -130.0000
3554 2 25.0017 -140.0014
3555 2 17.5438 -137.4063
3556 2 15.0547 -134.8825
3557 2 12.7054 -132.3684
3558 2 30.0935 -134.9995
3559 2 32.1384 -136.0096
3560 2 34.1459 -131.8354
3561 2 36.0056 -127.4675
3562 8 40.0000 -130.0000
3563 2 35.1041 -135.3052
3564 2 35.0020 -140.0021
3565 2 25.0836 -134.7955
3566 2 40.1067 -134.9996
3567 2 45.1104 -135.4370
3568 2 45.0022 -140.0030
3569 2 35.1023 -134.6929
3570 5 58.0000 -178.0000
3571 10 30.0000 -120.0000
3572 2 32.7301 -124.5844
3573 2 35.3367 -129.4201
3574 2 37.7741 -134.5487
3575 2 45.0305 -134.7191
3576 3 58.1518 -135.0417
3577 2 58.2111 -135.3788
3578 2 58.3088 -135.7490
3579 2 58.2391 -136.0254
3580 2 58.2330 -136.2500
3581 2 58.2225 -136.3076
3582 2 58.2262 -136.3300
3583 2 58.2233 -136.3616
3584 2 58.1913 -136.4953
3585 2 58.1782 -136.5118
3586 2 58.1091 -136.7175
3587 2 54.6812 -174.7889
3588 4 54.6049 -179.9085
3589 2 57.4689 -136.7169
3590 3 56.7412 -135.8366
3591 3 57.4478 -134.7021
3592 2 57.4439 -135.0707
3593 2 57.4802 -135.1617
3594 2 57.5547 -135.3182
3595 2 57.5947 -135.4728
3596 2 57.5135 -135.5509
3597 2 57.4760 -135.5338
3598 2 57.4493 -135.5357
3599 2 57.4427 -135.5652
3600 2 57.4186 -135.5834
3601 2 57.3976 -135.6330
3602 2 57.3781 -135.6320
3603 2 57.3714 -135.6597
3604 2 57.3699 -135.6778
3605 2 57.3474 -135.7109
3606 2 57.3217 -135.6839
3607 2 57.3054 -135.6872
3608 2 57.2753 -135.6705
3609 2 57.2608 -135.6504
3610 2 57.2593 -135.6459
3611 2 57.2556 -135.6428
3612 2 57.2447 -135.6421
3613 2 57.2220 -135.5970
3614 2 57.1576 -135.5753
3615 2 57.1422 -135.5369
3616 2 57.0751 -135.5469
3617 2 56.9172 -135.6416
3618 3 55.7449 -134.9382
3619 1 59.4545 -135.3188
3620 2 59.4358 -135.3458
3621 2 59.3521 -135.3649
3622 2 59.2658 -135.3765
3623 2 59.1876 -135.3000
3624 2 59.0787 -135.2327
3625 2 58.9787 -135.2121
3626 2 58.8387 -135.1864
3627 3 58.5502 -135.0278
3628 2 58.5282 -135.0735
3629 2 58.2424 -135.0152
3630 2 58.0857 -134.9142
3631 2 58.4939 -134.8681
3632 2 58.3655 -134.7716
3633 2 58.3179 -134.7658
3634 2 58.2038 -134.5728
3635 2 58.1773 -134.2487
3636 2 58.1841 -134.2079
3637 2 58.1713 -134.1473
3638 2 58.1000 -134.0790
3639 2 58.0508 -134.0668
3640 2 57.8253 -133.8181
3641 2 57.5816 -133.7230
3642 3 57.2025 -133.7921
3643 3 56.8550 -134.5646
3644 2 56.1483 -134.4718
3645 3 55.6957 -134.5733
3646 1 40.0118 -139.4467
3647 2 44.4585 -152.3988
3648 2 45.8530 -158.6830
3649 2 47.3028 -169.0980
3650 2 47.8659 -176.0414
3651 2 47.9249 -179.7328
3652 2 57.3124 -134.6944
3653 2 57.2398 -134.7412
3654 2 56.9931 -134.6774
3655 2 55.7156 -134.3663
3656 3 55.4030 -134.2531
3657 3 56.3950 -133.2207
3658 2 56.3717 -133.7119
3659 2 56.1864 -133.7615
3660 2 55.8632 -134.0418
3661 2 57.0566 -134.1968
3662 2 56.9778 -134.3408
3663 4 54.4653 -132.3109
3664 3 54.7909 -133.3198
3665 2 55.2274 -133.5541
3666 2 55.5219 -133.2276
3667 2 55.5768 -133.3323
3668 2 55.6109 -133.5808
3669 2 55.6351 -133.6041
3670 2 55.6113 -133.7157
3671 5 54.6499 -133.9805
3672 1 50.2553 -179.4691
3673 2 51.2286 -171.5370
3674 2 52.6774 -171.9325
3675 2 54.2238 -166.7359
3676 2 51.2958 -171.5550
3677 2 57.0398 -133.1382
3678 2 57.0141 -133.0346
3679 2 56.9114 -132.9100
3680 2 56.6821 -132.6269
3681 2 56.6387 -132.5962
3682 2 56.6183 -132.5687
3683 2 56.6120 -132.5311
3684 2 56.5764 -132.5313
3685 2 56.4848 -132.6948
3686 2 56.4464 -133.0574
3687 2 56.3524 -133.1599
3688 2 56.3252 -133.0771
3689 2 56.2896 -132.9827
3690 2 56.2723 -132.9462
3691 2 56.1430 -132.8098
3692 2 55.7782 -132.3634
3693 2 55.5793 -132.2249
3694 2 55.4630 -132.0329
3695 4 55.4041 -131.9715
3696 1 55.2063 -132.8293
3697 2 55.1890 -132.8078
3698 2 55.1799 -132.8038
3699 2 55.1772 -132.7824
3700 2 55.1621 -132.7529
3701 2 55.1326 -132.6782
3702 2 55.0502 -132.6583
3703 2 54.9870 -132.6623
3704 3 54.6384 -131.5619
3705 2 55.4381 -131.8520
3706 2 55.4250 -131.8042
3707 2 55.3826 -131.7487
3708 2 55.3407 -131.6756
3709 2 55.3307 -131.6658
3710 2 55.3180 -131.6447
3711 3 55.2967 -131.5984
3712 2 55.6083 -131.8282
3713 2 55.8078 -131.7385
3714 2 55.8712 -131.7385
3715 2 55.9032 -131.6953
3716 2 55.9211 -131.6469
3717 2 55.9153 -131.6046
3718 2 55.9177 -131.5795
3719 2 55.9109 -131.5501
3720 2 55.9149 -131.5301
3721 2 55.9162 -131.5095
3722 2 55.9371 -131.4724
3723 2 55.9410 -131.4370
3724 2 55.9681 -131.3238
3725 2 55.9812 -131.2737
3726 2 55.9782 -131.2422
3727 2 55.8431 -131.0689
3728 2 55.7004 -130.9339
3729 2 55.5636 -130.9135
3730 2 55.4225 -130.9593
3731 2 55.3361 -130.9084
3732 3 55.1538 -131.1923
3733 3 55.0516 -131.8201
3734 2 55.1558 -131.6726
3735 2 67.2175 -171.7127
3736 1 69.1436 -179.4471
3737 2 55.2900 -131.5557
3738 2 55.2763 -131.5062
3739 2 55.2384 -131.4478
3740 2 55.1804 -131.2972
3741 3 54.6716 -131.1618
3742 2 54.3000 -131.2000
3743 3 54.3000 -130.3302
3744 2 55.0622 -131.1165
3745 3 54.6350 -130.6320
3746 1 55.9104 -130.0170
3747 2 55.8915 -130.0391
3748 2 55.8261 -130.0967
3749 2 55.8083 -130.1437
3750 2 55.7723 -130.1747
3751 2 55.7569 -130.1753
3752 2 55.7105 -130.1660
3753 2 55.6816 -130.1305
3754 2 55.6504 -130.1324
3755 2 55.5896 -130.1480
3756 2 55.5460 -130.1318
3757 2 55.5039 -130.1103
3758 2 55.4891 -130.1059
3759 2 55.4486 -130.0605
3760 2 55.4139 -130.0560
3761 2 55.3366 -130.0429
3762 2 55.3281 -130.0325
3763 2 55.2986 -130.0004
3764 2 55.2831 -130.0018
3765 2 55.2392 -130.0643
3766 2 55.2035 -130.1168
3767 2 55.1522 -130.1633
3768 2 55.1320 -130.1711
3769 2 55.0984 -130.2042
3770 2 55.0598 -130.2208
3771 2 55.0163 -130.2580
3772 2 54.9954 -130.2745
3773 2 54.9719 -130.3026
3774 2 54.9162 -130.3736
3775 2 54.8888 -130.4243
3776 2 54.8507 -130.4808
3777 2 54.8172 -130.5461
3778 2 54.8016 -130.5791
3779 2 54.7918 -130.6442
3780 2 54.7712 -130.6741
3781 2 54.7471 -130.6454
3782 1 -37.0099 -179.4032
3783 2 -36.6230 -168.3290
3784 2 -35.7362 -158.8368
3785 2 -33.1637 -145.3456
3786 2 -24.4756 -122.4500
3787 2 -18.2173 -111.0243
3788 9 -10.0000 -100.0000
3789 2 -45.1104 -124.5630
3790 8 -40.0000 -120.0000
3791 2 -45.0022 -129.9970
3792 9 -30.0000 -120.0000
3793 2 -35.1041 -124.6948
3794 2 54.3362 -166.1993
3795 2 53.7595 -168.9382
3796 2 53.2425 -174.6787
3797 2 52.8708 -176.8876
3798 2 52.3833 -179.3121
3799 2 -35.0021 -129.9979
3800 2 -45.0314 -125.2826
3801 2 -40.1068 -125.0004
3802 2 -25.0850 -124.7972
3803 9 -20.0000 -120.0000
3804 2 -27.6203 -127.6413
3805 2 -25.0017 -129.9986
3806 9 -0.0000 -120.0000
3807 2 -35.1023 -125.3071
3808 2 -30.0935 -125.0005
3809 8 -10.0000 -120.0000
3810 2 -12.5389 -122.4181
3811 2 -15.0555 -124.8837
3812 2 -17.5444 -127.4073
3813 2 -15.0011 -129.9992
3814 2 -25.0836 -125.2045
3815 2 -22.2399 -127.7581
3816 2 -20.0692 -125.0004
3817 2 7.5169 -122.5333
3818 2 5.0192 -125.0379
3819 2 2.5120 -127.5237
3820 2 5.0004 -130.0003
3821 2 -5.0004 -129.9997
3822 2 -7.5167 -122.5336
3823 2 -5.0190 -125.0384
3824 2 -2.5119 -127.5239
3825 2 -0.0000 -125.0000
3826 2 30.0935 -124.9995
3827 2 33.9019 -126.6095
3828 2 35.0020 -130.0021
3829 1 21.4425 -158.1931
3830 2 21.7917 -158.7042
3831 2 21.8447 -159.2325
3832 2 21.7528 -159.3532
3833 2 21.8113 -159.6692
3834 2 21.8156 -159.7161
3835 2 21.8364 -159.9159
3836 2 22.0930 -160.0283
3837 2 22.0297 -160.4872
3838 2 23.7189 -164.9518
3839 2 25.2878 -169.5270
3840 2 26.7215 -174.2155
3841 2 28.0053 -179.0164
3842 2 25.0017 -130.0014
3843 7 20.0000 -120.0000
3844 2 25.0836 -124.7955
3845 2 -7.5169 -127.4668
3846 2 -5.0193 -124.9621
3847 2 -2.5120 -122.4763
3848 2 -17.5438 -122.5937
3849 2 -15.0547 -125.1175
3850 2 -12.5384 -127.5827
3851 2 -10.0367 -125.0002
3852 1 28.0000 -179.0000
3853 2 10.0367 -124.9998
3854 2 17.5443 -122.5927
3855 2 15.0554 -125.1163
3856 2 12.5389 -127.5819
3857 2 7.5167 -127.4664
3858 2 5.0190 -124.9616
3859 2 2.5119 -122.4760
3860 2 20.0692 -124.9996
3861 2 25.0849 -125.2028
3862 2 17.5438 -127.4063
3863 2 15.0547 -124.8825
3864 2 12.7067 -122.3653
3865 2 45.3000 -124.4000
3866 3 45.6502 -124.9954
3867 2 45.0022 -130.0030
3868 2 35.1023 -124.6929
3869 8 20.0000 -110.0000
3870 2 21.4089 -113.8671
3871 2 22.7350 -117.8059
3872 2 23.9693 -121.8182
3873 2 25.1033 -125.9043
3874 2 26.1281 -130.0629
3875 2 27.0362 -134.2907
3876 2 27.8199 -138.5828
3877 2 28.4726 -142.9323
3878 2 28.9860 -147.3306
3879 2 29.3576 -151.7671
3880 2 29.5839 -156.2303
3881 2 29.6625 -160.7077
3882 2 29.5922 -165.1862
3883 2 29.3737 -169.6527
3884 2 29.0086 -174.0946
3885 2 48.1173 -125.5027
3886 2 47.9031 -125.5011
3887 2 47.6870 -125.4991
3888 2 47.5444 -125.4354
3889 2 47.3391 -125.3772
3890 2 47.1186 -125.3173
3891 2 46.8808 -125.2524
3892 2 46.6773 -125.1965
3893 2 46.3532 -125.1093
3894 3 48.2079 -123.1105
3895 2 48.2173 -123.2422
3896 2 48.1644 -123.3914
3897 2 48.1629 -123.4277
3898 2 48.2308 -123.4798
3899 2 48.2659 -123.9732
3900 2 48.4521 -124.6122
3901 2 48.4862 -124.7292
3902 2 45.5528 -124.9847
3903 2 44.9221 -125.0777
3904 2 44.8030 -125.0958
3905 2 44.5980 -125.1054
3906 2 44.0101 -125.1621
3907 2 43.6649 -125.2470
3908 2 43.1455 -125.4016
3909 2 42.8378 -125.5151
3910 2 42.7398 -125.4524
3911 2 42.6091 -125.4082
3912 2 42.3965 -125.3355
3913 2 41.9968 -125.1974
3914 2 41.7275 -125.1984
3915 2 41.5487 -125.1997
3916 2 40.7581 -125.1939
3917 2 39.4264 -124.7749
3918 2 29.3168 -174.2807
3919 1 49.9243 -124.3976
3920 3 49.8731 -124.5711
3921 2 49.0699 -123.3795
3922 2 48.9972 -123.2668
3923 2 48.9330 -123.1679
3924 2 48.9151 -123.1424
3925 3 48.8551 -123.0510
3926 2 38.2908 -123.9879
3927 3 37.4364 -123.4028
3928 3 48.3305 -122.9745
3929 2 48.2740 -123.1098
3930 3 48.1933 -122.8293
3931 2 48.7977 -123.0054
3932 3 48.7325 -123.0060
3933 3 48.7537 -122.7764
3934 2 48.7345 -122.9311
3935 2 48.7360 -122.8184
3936 2 48.7351 -123.0327
3937 2 48.7318 -123.0577
3938 2 48.7240 -123.1371
3939 2 48.7146 -123.2549
3940 2 48.6684 -123.2424
3941 2 48.6367 -123.2345
3942 2 48.5853 -123.2204
3943 2 48.5113 -123.2018
3944 2 48.3840 -123.0200
3945 3 48.4630 -122.7432
3946 2 48.4075 -122.7915
3947 4 34.4361 -120.8841
3948 3 48.4020 -122.7361
3949 3 48.1487 -122.7302
3950 2 48.1770 -122.7817
3951 2 48.6586 -122.7291
3952 2 48.5269 -122.7480
3953 2 48.4876 -122.7384
3954 2 48.4051 -122.6524
3955 2 48.4063 -122.6460
3956 2 48.4060 -122.6380
3957 2 48.4095 -122.6308
3958 2 48.4101 -122.6257
3959 2 48.4093 -122.6203
3960 2 48.4137 -122.6083
3961 2 48.4143 -122.5961
3962 2 48.3687 -122.5641
3963 2 48.2828 -122.4312
3964 2 48.2554 -122.4041
3965 2 48.2507 -122.3960
3966 2 48.2459 -122.3915
3967 2 48.2437 -122.3885
3968 2 48.2389 -122.3791
3969 2 48.2380 -122.3761
3970 2 48.2355 -122.3748
3971 2 48.2338 -122.3753
3972 2 48.2319 -122.3776
3973 2 48.2306 -122.3804
3974 2 48.2262 -122.3846
3975 2 48.2250 -122.3849
3976 2 48.2244 -122.3865
3977 2 48.2246 -122.3900
3978 2 48.2221 -122.3940
3979 2 48.2032 -122.4082
3980 2 -25.0850 -174.7972
3981 2 34.3257 -174.5406
3982 3 47.9223 -122.4940
3983 2 47.9623 -122.5801
3984 2 48.0293 -122.6380
3985 2 48.1119 -122.6623
3986 1 48.1386 -122.7116
3987 3 47.7635 -122.4385
3988 3 47.8621 -122.3791
3989 1 47.3232 -122.4575
3990 2 47.3828 -122.3555
3991 2 47.4458 -122.4057
3992 2 47.5731 -122.4523
3993 2 47.6083 -122.4586
3994 2 47.6587 -122.4645
3995 2 47.7020 -122.4554
3996 2 47.7188 -122.4504
3997 2 48.0054 -122.2781
3998 2 47.9781 -122.3120
3999 2 34.3000 -120.9000
4000 2 34.3545 -120.5005
4001 2 34.3009 -120.2675
4002 2 34.2465 -120.0267
4003 2 34.2122 -119.8734
4004 2 34.1961 -119.8055
4005 2 34.1854 -119.7585
4006 2 34.1763 -119.7174
4007 2 34.1273 -119.5099
4008 3 34.0786 -119.2671
4009 2 33.9742 -119.0492
4010 2 33.9125 -118.9213
4011 2 33.8136 -118.7133
4012 3 33.7056 -118.4867
4013 5 -50.0000 -110.0000
4014 2 -45.1105 -114.5630
4015 8 -40.0000 -110.0000
4016 2 -45.0022 -119.9970
4017 2 24.3090 -174.1075
4018 8 -30.0000 -110.0000
4019 2 -35.1041 -114.6948
4020 2 -35.0021 -119.9979
4021 2 -45.0315 -115.2828
4022 2 -40.1068 -115.0004
4023 2 -25.0850 -114.7972
4024 8 -20.0000 -110.0000
4025 2 -25.0017 -119.9986
4026 2 -35.1023 -115.3071
4027 2 -30.0935 -115.0005
4028 2 -17.5444 -117.4073
4029 2 -15.0555 -114.8837
4030 2 -12.5389 -112.4181
4031 8 -10.0000 -110.0000
4032 2 -15.0011 -119.9992
4033 2 26.9298 -173.0609
4034 2 25.1688 -167.7784
4035 2 23.2400 -162.6505
4036 2 -25.0836 -115.2045
4037 2 -20.0692 -115.0004
4038 2 -7.5169 -117.4667
4039 2 -5.0193 -114.9621
4040 2 -2.5120 -112.4763
4041 8 -0.0000 -110.0000
4042 2 -5.0004 -119.9997
4043 2 -17.5438 -112.5937
4044 2 -15.0547 -115.1175
4045 2 -12.5384 -117.5827
4046 2 -10.0367 -115.0002
4047 2 -0.0000 -115.0000
4048 9 10.0000 -110.0000
4049 2 7.5169 -112.5333
4050 2 5.0192 -115.0379
4051 2 2.5120 -117.5237
4052 2 5.0004 -120.0003
4053 2 -7.5167 -112.5336
4054 2 -5.0191 -115.0384
4055 2 -2.5119 -117.5240
4056 2 10.0367 -114.9998
4057 2 17.5443 -112.5927
4058 2 15.0554 -115.1163
4059 2 12.5389 -117.5819
4060 2 15.0011 -120.0008
4061 2 7.5167 -117.4664
4062 2 5.0190 -114.9616
4063 2 2.5119 -112.4761
4064 2 20.0692 -114.9996
4065 2 25.0017 -120.0014
4066 2 17.5438 -117.4063
4067 2 15.0547 -114.8825
4068 2 12.7158 -112.3448
4069 2 -36.0807 -83.6303
4070 2 -32.0103 -87.3405
4071 2 -27.9948 -90.9801
4072 2 -23.8139 -94.7087
4073 2 -19.2616 -96.5967
4074 2 -14.6889 -98.3804
4075 2 -10.1014 -100.0903
4076 2 -5.5043 -101.7519
4077 2 -1.0139 -103.8319
4078 2 3.4781 -105.9058
4079 2 7.9647 -108.0008
4080 2 12.4386 -110.1459
4081 2 16.8956 -112.3629
4082 2 21.3213 -114.7011
4083 2 25.7051 -117.2025
4084 2 25.0836 -114.7955
4085 2 33.6364 -118.4648
4086 2 33.6384 -118.2950
4087 2 33.6279 -118.1788
4088 5 33.6276 -118.1215
4089 2 33.5676 -118.1012
4090 3 33.3332 -118.0244
4091 2 33.0261 -117.9861
4092 2 56.6976 -171.6660
4093 2 32.7669 -117.9312
4094 4 32.6652 -117.7702
4095 2 32.7000 -117.3000
4096 3 27.5000 -115.2000
4097 1 -0.0000 -115.4404
4098 4 -7.5167 -102.5336
4099 2 25.0007 -112.4212
4100 4 22.5000 -109.7000
4101 2 27.7000 -111.5000
4102 2 29.0643 -112.8460
4103 1 31.3590 -114.4009
4104 2 23.5000 -107.4000
4105 6 -50.0000 -100.0000
4106 2 -45.1105 -104.5630
4107 8 -40.0000 -100.0000
4108 2 -45.0022 -109.9970
4109 8 -30.0000 -100.0000
4110 2 -35.1041 -104.6948
4111 2 51.0966 -168.2056
4112 2 -35.0021 -109.9979
4113 2 -45.0333 -105.2866
4114 2 -40.1067 -105.0004
4115 2 -25.0850 -104.7972
4116 8 -20.0000 -100.0000
4117 2 -25.0017 -109.9986
4118 4 -14.5058 -175.8904
4119 2 -35.1023 -105.3071
4120 2 -30.0935 -105.0005
4121 2 -17.5444 -107.4073
4122 2 -15.0555 -104.8837
4123 2 -12.5389 -102.4181
4124 2 -15.0011 -109.9992
4125 2 -25.0836 -105.2045
4126 2 -20.0692 -105.0004
4127 2 -7.5169 -107.4667
4128 2 -5.0193 -104.9621
4129 2 -2.5120 -102.4763
4130 10 -0.0000 -100.0000
4131 2 -5.0004 -109.9997
4132 2 -17.5438 -102.5937
4133 2 -15.0547 -105.1175
4134 2 -12.5384 -107.5827
4135 2 -10.0367 -105.0002
4136 2 -23.9558 -175.8052
4137 2 -0.0000 -105.0000
4138 2 2.5120 -107.5237
4139 2 5.0193 -105.0379
4140 2 7.5169 -102.5333
4141 7 10.0000 -100.0000
4142 2 5.0004 -110.0003
4143 2 -5.0190 -105.0384
4144 2 -2.5119 -107.5240
4145 2 10.0367 -104.9998
4146 2 15.0011 -110.0008
4147 2 7.5167 -107.4664
4148 2 5.0190 -104.9616
4149 2 2.5119 -102.4761
4150 2 17.5438 -107.4063
4151 2 15.0547 -104.8825
4152 2 12.7051 -102.3691
4153 3 18.7500 -104.7000
4154 2 4.2715 -91.3587
4155 3 18.0000 -105.5000
4156 3 16.5000 -99.9000
4157 2 -45.1104 -94.5630
4158 2 -45.0022 -99.9970
4159 2 -54.9726 -95.2297
4160 2 -35.1041 -94.6948
4161 2 -35.0021 -99.9979
4162 2 -45.0329 -95.2856
4163 2 -40.1068 -95.0004
4164 2 -25.0849 -94.7972
4165 2 -25.0017 -99.9986
4166 2 -35.1023 -95.3071
4167 4 -21.0000 -175.5000
4168 2 -17.7150 -173.0562
4169 2 -30.0935 -95.0005
4170 2 -17.5444 -97.4073
4171 2 -15.0555 -94.8837
4172 2 -12.5389 -92.4181
4173 2 -15.0011 -99.9992
4174 2 -25.0836 -95.2045
4175 2 -20.0692 -95.0004
4176 2 -25.5186 -177.6658
4177 2 -7.5169 -97.4667
4178 2 -5.0193 -94.9621
4179 2 -2.5120 -92.4763
4180 2 -5.0004 -99.9997
4181 2 -17.5438 -92.5937
4182 2 -15.0547 -95.1175
4183 2 -12.5384 -97.5827
4184 2 -10.0367 -95.0002
4185 2 -0.0000 -95.0000
4186 1 60.5000 -172.7500
4187 2 9.0312 -90.7596
4188 2 6.0354 -93.8680
4189 2 3.0221 -96.9424
4190 2 5.0004 -100.0003
4191 2 -7.5167 -92.5336
4192 2 -5.0190 -95.0384
4193 2 -2.5119 -97.5239
4194 2 11.0624 -93.8206
4195 2 2.5118 -92.4760
4196 2 5.0190 -94.9616
4197 2 7.5167 -97.4664
4198 3 15.0000 -94.8000
4199 1 26.5578 -97.4252
4200 2 26.5592 -97.4066
4201 2 26.5636 -97.2769
4202 2 26.5662 -97.2129
4203 4 26.5522 -96.9671
4204 5 26.0000 -97.0000
4205 3 22.3000 -97.0000
4206 3 19.5000 -96.0000
4207 2 63.7383 -171.6455
4208 2 26.0513 -96.9805
4209 2 24.0900 -91.4159
4210 2 27.6000 -97.0000
4211 3 27.6931 -96.9339
4212 7 26.1633 -94.5678
4213 3 27.7342 -96.8592
4214 4 28.1880 -96.0733
4215 2 27.7078 -96.7706
4216 3 27.5623 -96.4743
4217 1 28.5955 -96.5642
4218 3 28.4549 -96.3645
4219 4 27.6052 -95.7986
4220 2 27.3948 -96.1165
4221 2 28.4717 -96.2917
4222 2 28.4889 -96.2602
4223 2 28.4962 -96.2273
4224 2 28.4867 -96.2217
4225 5 28.7464 -95.1011
4226 2 28.4350 -96.3362
4227 2 28.3797 -96.2765
4228 3 18.6000 -94.4000
4229 5 27.7014 -94.4162
4230 1 28.9427 -95.3085
4231 2 28.9418 -95.3039
4232 2 28.9342 -95.2959
4233 4 29.1293 -94.4267
4234 2 51.8301 -160.0892
4235 2 51.6668 -154.7279
4236 3 28.0824 -94.4167
4237 1 29.7055 -95.0181
4238 2 29.7034 -95.0160
4239 2 29.7019 -95.0132
4240 2 29.7004 -95.0040
4241 2 29.6974 -94.9973
4242 2 29.6916 -94.9889
4243 2 29.6835 -94.9823
4244 2 29.6786 -94.9804
4245 2 29.6525 -94.9703
4246 2 29.6143 -94.9554
4247 2 29.6094 -94.9535
4248 2 29.6065 -94.9523
4249 2 29.5643 -94.9199
4250 2 29.4996 -94.8699
4251 2 29.4939 -94.8653
4252 2 29.4891 -94.8634
4253 2 29.3675 -94.8021
4254 2 29.3631 -94.7976
4255 2 29.3483 -94.7825
4256 2 29.3423 -94.7696
4257 2 29.3444 -94.7159
4258 2 29.3379 -94.6878
4259 4 29.3068 -94.6251
4260 2 13.5356 -91.0838
4261 2 29.2000 -94.8000
4262 2 29.2761 -94.6090
4263 5 29.1479 -94.3779
4264 2 23.9928 -90.2417
4265 3 28.9367 -94.4161
4266 3 28.8261 -93.8617
4267 2 -11.3888 -168.0228
4268 2 -8.3535 -165.4013
4269 2 -5.3007 -162.8200
4270 2 -2.2372 -160.2640
4271 2 0.8309 -157.7184
4272 2 3.8973 -155.1690
4273 2 6.9558 -152.6011
4274 2 22.3097 -92.7450
4275 2 29.4760 -93.9643
4276 5 29.5326 -93.7265
4277 4 29.1321 -93.6685
4278 2 29.6000 -94.0000
4279 2 27.0444 -88.2235
4280 1 21.3337 -157.3227
4281 1 29.8157 -93.9577
4282 2 29.8246 -93.9611
4283 2 29.7805 -93.9442
4284 2 29.7741 -93.9374
4285 2 29.7702 -93.9309
4286 2 29.7558 -93.8885
4287 2 29.6879 -93.8363
4288 2 29.6451 -93.8259
4289 2 29.5986 -93.8045
4290 3 29.6256 -93.3208
4291 2 29.4739 -93.6681
4292 2 28.6096 -93.2161
4293 4 29.1300 -93.2140
4294 1 29.9898 -93.3338
4295 2 29.9252 -93.3393
4296 2 29.8196 -93.3480
4297 2 29.7678 -93.3445
4298 2 29.7310 -93.3389
4299 2 29.5183 -93.2252
4300 2 29.3904 -93.2207
4301 2 28.4321 -91.2980
4302 2 32.0965 -73.8192
4303 2 34.1000 -77.8000
4304 2 57.2779 -5.7352
4305 2 57.2677 -5.6551
4306 2 57.2589 -5.6387
4307 2 57.2474 -5.6478
4308 2 57.2349 -5.6593
4309 2 57.2208 -5.6587
4310 2 57.1872 -5.6915
4311 2 57.0231 -5.7552
4312 2 57.0159 -5.7127
4313 1 56.9934 -5.6775
4314 2 56.9934 -6.6750
4315 1 57.4128 -6.8741
4316 1 57.1478 -7.2575
4317 2 56.9392 -7.4711
4318 2 57.7316 -7.0024
4319 2 57.7692 -7.0618
4320 2 57.7892 -7.1152
4321 1 57.7905 -7.9073
4322 1 57.6012 -7.1334
4323 2 57.6213 -6.6857
4324 2 57.6109 -6.5182
4325 2 57.5810 -6.3896
4326 2 57.7530 -6.6104
4327 2 57.8597 -6.7415
4328 1 57.8874 -6.7755
4329 1 54.0836 -6.2112
4330 2 54.0038 -6.0316
4331 4 53.9209 -3.1725
4332 1 54.0351 -2.9444
4333 1 54.6520 -5.8762
4334 3 54.7137 -5.6869
4335 3 54.7277 -5.4879
4336 4 54.3899 -4.1628
4337 2 54.2739 -3.8667
4338 1 53.4495 -3.0609
4339 2 53.5390 -3.2939
4340 3 53.9409 -3.8327
4341 1 53.9400 -3.8315
4342 1 53.3221 -6.1189
4343 1 53.9704 -4.8791
4344 1 51.7681 -8.2353
4345 2 43.6520 -5.7476
4346 1 43.4074 -3.0657
4347 2 43.5659 -1.5561
4348 3 43.5483 -3.8036
4349 3 47.2149 -2.2769
4350 3 39.7489 3.5819
4351 1 36.8002 3.1159
4352 1 36.9632 6.9215
4353 1 36.9477 7.8341
4354 1 35.7357 -0.6508
4355 4 44.5185 12.3581
4356 2 45.2681 12.3775
4357 6 45.1244 12.7755
4358 5 45.6291 13.5813
4359 4 45.5407 12.9114
4360 3 44.7602 12.3678
4361 2 44.8635 12.6299
4362 1 45.3022 14.4162
4363 2 45.1450 14.2803
4364 4 44.3347 13.8822
4365 2 43.7275 14.5230
4366 2 42.5266 15.8676
4367 2 37.9312 24.2709
4368 2 37.9469 24.2460
4369 2 37.9747 24.2047
4370 2 37.9952 24.1770
4371 4 37.9975 24.1753
4372 2 38.0326 24.1547
4373 2 38.0642 24.1487
4374 2 38.0851 24.1419
4375 2 38.0926 24.1384
4376 2 38.1942 24.0952
4377 3 38.2895 23.9787
4378 2 38.3504 23.8234
4379 2 38.3942 23.6583
4380 2 38.4417 23.6025
4381 2 38.4779 23.5879
4382 3 38.5481 23.5273
4383 2 38.6468 23.3501
4384 3 38.7661 23.0564
4385 2 38.8096 22.8137
4386 2 38.8342 22.7967
4387 2 38.8682 22.8186
4388 2 38.8928 22.8671
4389 2 38.9551 23.0030
4390 4 39.0456 23.1681
4391 2 39.1548 23.3404
4392 3 39.1906 23.3817
4393 1 39.3390 22.9593
4394 2 39.0776 23.0419
4395 2 39.0644 23.3525
4396 2 38.9456 23.5928
4397 3 38.6505 24.2166
4398 1 38.5443 24.3695
4399 1 38.5633 23.5928
4400 2 38.5747 23.3258
4401 1 38.8531 23.0394
4402 1 38.3771 24.0297
4403 1 38.6221 24.1389
4404 2 38.7945 24.5029
4405 2 39.2508 24.8888
4406 4 39.8738 25.0417
4407 1 40.9126 24.4107
4408 1 40.7878 24.3161
4409 1 40.7547 24.5830
4410 2 40.9328 24.4811
4411 2 40.8153 25.8791
4412 4 40.0004 25.0126
4413 2 39.8794 23.8792
4414 5 39.9129 23.3841
4415 4 40.2527 22.8720
4416 3 40.4654 22.7652
4417 2 40.5503 22.8623
4418 1 40.6204 22.9157
4419 2 39.1021 25.4689
4420 2 38.6941 26.5319
4421 3 38.6031 26.6776
4422 2 38.4570 26.8256
4423 2 38.4056 26.9033
4424 2 38.4151 26.9931
4425 1 38.4494 27.1533
4426 5 39.0531 26.6751
4427 1 39.0739 26.8669
4428 1 38.7642 26.8814
4429 2 39.3766 26.4179
4430 2 39.4235 26.3451
4431 3 39.4422 26.0805
4432 2 39.4759 26.0344
4433 3 39.7844 26.0975
4434 2 39.9929 26.1436
4435 3 39.0092 25.7117
4436 1 38.7876 26.2890
4437 3 39.1360 25.8305
4438 1 39.2379 25.8251
4439 2 38.5234 26.3087
4440 2 38.4379 26.2698
4441 2 38.3390 26.1849
4442 4 38.2533 26.1727
4443 3 37.6889 26.5416
4444 2 37.2091 26.9688
4445 2 37.0388 27.0586
4446 2 36.9244 27.3377
4447 2 36.8662 27.3863
4448 2 36.8099 27.3644
4449 2 36.7010 27.3450
4450 3 36.6387 27.4057
4451 3 36.4886 27.8717
4452 2 36.4944 28.0197
4453 6 36.5471 27.0028
4454 2 36.8643 26.6848
4455 2 37.0582 26.5756
4456 4 37.4041 25.9495
4457 4 37.7119 25.7067
4458 2 38.3543 25.4204
4459 4 38.5595 25.3670
4460 2 38.9116 25.4446
4461 2 39.6854 25.7747
4462 2 38.0300 25.9349
4463 2 37.6428 25.4204
4464 2 37.3462 24.9592
4465 2 36.9671 24.3282
4466 2 35.3724 25.1243
4467 2 36.9361 24.0224
4468 4 37.8807 23.1754
4469 4 37.9133 23.0273
4470 2 37.8098 23.2142
4471 2 37.6658 23.3088
4472 2 37.6447 23.5807
4473 2 37.6159 23.8889
4474 1 37.5351 23.4302
4475 4 37.7676 23.4059
4476 3 37.9171 23.6195
4477 2 37.9669 23.5540
4478 1 38.0166 23.5321
4479 4 38.0242 22.8283
4480 1 38.1770 22.9739
4481 2 38.2800 22.5176
4482 1 38.4037 22.4351
4483 4 37.8673 21.0007
4484 1 37.7925 20.9109
4485 1 37.9324 20.7095
4486 2 38.1007 20.6003
4487 2 37.9777 20.6801
4488 3 38.4570 21.0104
4489 2 38.5253 20.8915
4490 2 38.6828 20.8041
4491 2 38.7831 20.7386
4492 3 38.8531 20.7119
4493 1 38.9494 20.9740
4494 2 38.9551 20.8454
4495 2 38.9494 20.7774
4496 3 38.9230 20.7313
4497 1 39.5115 20.1828
4498 1 39.8571 20.0032
4499 3 40.4433 19.4523
4500 2 40.6922 18.1271
4501 2 40.6572 17.9912
4502 5 41.1676 16.8291
4503 1 41.9949 16.4306
4504 2 43.4885 16.4161
4505 2 43.3422 16.4185
4506 1 43.3175 13.7390
4507 4 43.3544 13.8024
4508 1 42.9597 13.8944
4509 1 42.7516 13.9769
4510 1 42.4729 14.2293
4511 3 42.5058 14.3352
4512 1 42.3421 14.4259
4513 1 42.1786 14.7147
4514 3 42.2664 14.8351
4515 1 42.0003 15.0108
4516 4 42.0710 15.1372
4517 2 42.1084 15.5035
4518 1 44.0964 15.2317
4519 3 44.3851 14.5594
4520 3 44.5427 14.3968
4521 2 44.5565 14.2973
4522 2 44.6187 14.2172
4523 1 45.0456 14.2172
4524 4 43.4691 16.0229
4525 2 43.6714 15.4307
4526 2 43.8659 15.1322
4527 3 44.1661 14.7414
4528 2 44.1861 14.8664
4529 2 44.1043 15.0509
4530 2 43.9996 15.2305
4531 2 43.8650 15.4198
4532 2 43.7336 15.5508
4533 3 43.6406 15.7644
4534 1 43.7091 15.8591
4535 1 44.0223 14.9319
4536 1 43.8598 15.2013
4537 3 45.2245 13.5825
4538 3 45.4088 12.4467
4539 2 45.6774 13.1578
4540 1 45.6129 13.7670
4541 1 45.5535 13.7233
4542 1 45.7570 13.5971
4543 2 45.5875 13.0995
4544 1 45.0773 12.3811
4545 1 45.0001 12.4855
4546 2 44.8179 12.9952
4547 1 44.6835 12.2501
4548 2 44.6800 12.3787
4549 2 43.9787 12.7573
4550 3 44.1060 12.8908
4551 1 43.9227 12.9199
4552 4 44.0275 13.0194
4553 2 43.8668 13.0073
4554 3 44.8885 13.7839
4555 3 44.4085 13.4102
4556 3 44.7421 13.2815
4557 1 45.5535 13.4733
4558 2 45.3867 13.5048
4559 3 45.0550 13.6092
4560 5 42.1021 19.0579
4561 2 42.7578 16.6309
4562 3 43.0848 16.3202
4563 2 43.0281 16.8396
4564 2 42.9748 17.0871
4565 2 42.9393 17.2376
4566 2 42.7720 17.6842
4567 4 42.6272 18.0047
4568 4 42.3860 18.5385
4569 4 37.8928 15.6982
4570 1 36.5804 21.4714
4571 1 38.2466 12.7476
4572 2 38.0634 12.5049
4573 2 37.9027 12.3641
4574 2 37.5187 12.1845
4575 3 37.1912 12.1064
4576 1 36.8264 11.9176
4577 3 39.8226 3.1948
4578 3 39.9827 3.7870
4579 3 40.0310 3.1948
4580 3 41.3122 2.2094
4581 1 39.5312 2.6900
4582 2 39.2348 3.0492
4583 1 39.2166 3.4798
4584 6 39.4300 -0.3098
4585 3 39.9641 0.0591
4586 1 41.1774 2.3140
4587 1 40.5715 0.5712
4588 2 40.5273 0.5930
4589 2 40.3282 1.0354
4590 2 40.4442 0.4717
4591 2 40.1703 0.8187
4592 1 39.6210 -0.2273
4593 2 39.4279 0.8548
4594 1 38.9975 -0.1497
4595 2 38.9862 1.2532
4596 3 38.8710 1.1221
4597 2 37.8223 -0.7479
4598 1 37.6245 -0.4882
4599 1 37.6270 -0.4915
4600 4 38.0940 -0.4106
4601 3 38.3571 -0.3377
4602 2 38.4902 -0.2213
4603 2 38.3305 -0.4882
4604 2 38.1818 -0.5659
4605 2 38.0175 -0.5853
4606 2 37.9602 -0.6775
4607 1 38.4598 1.3685
4608 1 35.2525 -3.8982
4609 3 36.7214 -3.5293
4610 1 36.7020 -4.3982
4611 1 45.5842 12.8685
4612 2 41.1863 29.0960
4613 2 41.1521 29.0505
4614 2 41.1178 29.0705
4615 2 41.0505 29.0423
4616 2 41.0279 28.9950
4617 2 40.7511 29.5108
4618 2 40.7332 29.7475
4619 1 40.7415 29.8967
4620 1 40.4180 29.0940
4621 2 40.4595 28.9028
4622 3 40.5135 28.7463
4623 1 40.3722 28.9302
4624 2 40.3681 27.9490
4625 2 40.5177 28.1110
4626 1 40.9577 28.6753
4627 1 33.9348 10.1373
4628 6 36.0972 12.5547
4629 1 35.5146 24.2238
4630 2 35.1701 23.4957
4631 2 34.8640 24.8597
4632 2 34.4458 25.7789
4633 3 36.8292 30.6409
4634 1 36.4260 30.6239
4635 3 34.6427 33.0558
4636 3 33.9496 35.1155
4637 2 33.9409 35.5411
4638 3 36.7553 34.6625
4639 2 36.8913 36.0022
4640 2 36.6035 36.1284
4641 2 36.2950 35.6333
4642 6 35.6705 34.6819
4643 1 35.1681 33.9587
4644 1 35.2910 34.0072
4645 1 36.4982 31.9782
4646 2 36.2030 33.8689
4647 2 34.7005 33.4369
4648 2 34.9297 33.6917
4649 1 32.8467 35.0266
4650 3 36.0763 23.4493
4651 1 36.2093 19.5826
4652 5 36.9631 26.2189
4653 3 37.9058 25.7696
4654 2 38.6428 25.7529
4655 1 38.6921 25.3937
4656 2 38.7173 26.1574
4657 1 37.9878 24.6097
4658 2 38.1481 26.0606
4659 1 38.1349 25.9130
4660 1 37.7655 26.9518
4661 2 36.6678 26.4785
4662 2 36.7397 25.7941
4663 2 36.8835 25.0903
4664 2 36.9418 24.9180
4665 3 37.2380 24.5224
4666 2 37.4425 24.1146
4667 3 36.4416 25.3718
4668 3 36.7203 25.4228
4669 3 37.1239 25.3136
4670 4 37.0890 25.1170
4671 3 37.5292 24.9325
4672 3 37.4836 25.1727
4673 2 37.8518 24.7287
4674 1 38.0260 24.0151
4675 1 37.9069 24.5194
4676 2 37.7694 24.1146
4677 2 37.7156 24.0831
4678 3 37.6215 24.0636
4679 3 36.7067 25.2286
4680 2 36.8738 24.6437
4681 1 35.8168 22.7340
4682 2 35.6764 24.3233
4683 1 36.7984 25.5072
4684 2 36.4611 26.1533
4685 2 36.1580 26.7795
4686 2 35.9306 27.3416
4687 1 36.4679 23.9855
4688 2 36.5314 25.5611
4689 2 36.4845 26.7916
4690 2 36.5202 27.4019
4691 3 40.0746 25.6364
4692 1 40.5262 24.5539
4693 1 39.7578 25.3215
4694 2 39.7693 24.7481
4695 1 40.2239 23.2749
4696 2 34.0596 30.6518
4697 1 33.3086 33.0651
4698 3 35.2448 29.7436
4699 4 35.8694 27.5926
4700 2 36.3009 33.8871
4701 2 35.3485 33.3507
4702 1 35.5324 35.7243
4703 2 35.5343 35.4501
4704 1 34.9138 35.8335
4705 2 34.8779 35.3894
4706 2 34.5180 33.7840
4707 2 34.3143 33.6604
4708 3 34.5068 33.0400
4709 3 31.2981 32.3872
4710 4 31.7277 32.3908
4711 2 34.2346 30.0879
4712 2 32.0705 24.1061
4713 1 34.4442 25.7844
4714 1 30.9033 20.0287
4715 1 43.0457 8.5778
4716 1 39.7075 4.5756
4717 2 42.0177 4.9784
4718 3 42.3809 5.0137
4719 1 43.3650 -1.9469
4720 3 43.5834 -5.5923
4721 3 43.7624 -7.4368
4722 1 49.8355 -5.9521
4723 1 43.3770 -10.0890
4724 4 49.9498 1.0869
4725 4 49.5767 -1.2091
4726 4 49.3242 -0.2479
4727 3 50.6598 -1.0598
4728 4 50.3077 -4.1458
4729 2 50.1625 -3.7174
4730 1 52.1218 -6.9793
4731 1 52.6683 -8.9452
4732 2 52.6359 -9.0908
4733 2 52.5784 -9.3141
4734 2 52.6006 -9.3748
4735 2 52.5843 -9.5423
4736 2 52.5858 -9.6661
4737 2 52.2186 -10.4912
4738 3 52.2253 -10.4763
4739 1 52.5534 -9.7267
4740 2 52.5416 -9.9549
4741 4 52.2602 -6.3313
4742 3 52.0338 -4.9722
4743 1 52.0189 -4.9673
4744 3 51.6906 -5.1299
4745 3 54.6652 -3.5863
4746 1 54.6034 -5.0183
4747 1 50.3381 -0.7621
4748 2 50.1127 -2.2709
4749 2 49.8584 -3.2781
4750 2 49.3899 -4.4916
4751 2 48.8945 -5.7828
4752 2 48.6449 -6.0109
4753 2 48.4892 -6.1250
4754 2 47.8824 -6.6007
4755 2 45.8449 -8.2123
4756 2 43.4120 -10.0622
4757 1 42.9143 -9.7704
4758 2 43.1697 -9.7607
4759 3 43.7581 -9.3627
4760 2 45.6688 -7.9550
4761 2 48.3684 -5.9260
4762 2 48.8051 -5.5571
4763 2 49.2189 -4.4649
4764 3 49.8302 -2.8534
4765 2 50.0925 -1.2709
4766 2 50.3750 0.2969
4767 6 50.5635 1.1173
4768 4 50.7604 1.3964
4769 3 50.9611 1.4983
4770 7 52.7457 2.1349
4771 2 60.0000 180.0000
4772 5 50.0000 180.0000
4773 9 -10.0000 180.0000
4774 9 -20.0000 180.0000
4775 6 -40.0000 180.0000
4776 4 -60.0000 180.0000
4777 2 -70.0000 180.0000
4778 1 -80.0000 180.0000
4779 1 -23.0372 167.5860
4780 2 -43.1812 155.9148
4781 1 -28.6355 114.4396
4782 1 -20.6224 116.7294
4783 5 -20.1880 116.6645
4784 1 -17.9892 122.1339
4785 2 -17.0079 121.7909
4786 1 -14.9851 128.1411
4787 1 -15.3967 136.4750
4788 1 -17.3179 140.7208
4789 1 -16.5108 139.0522
4790 2 -9.4151 123.2186
4791 2 -7.2917 116.6939
4792 2 -6.9377 112.6505
4793 5 -3.1894 118.4536
4794 1 -1.4295 116.9519
4795 1 5.1453 115.0422
4796 1 -4.9278 136.4009
4797 2 -5.0755 123.4967
4798 3 -5.0723 123.7818
4799 2 50.8132 -0.3309
4800 1 50.7788 -0.2382
4801 2 50.8250 -0.2509
4802 3 50.7524 -1.1015
4803 3 50.7825 -1.2857
4804 2 50.7576 -1.3842
4805 3 50.7040 -1.5441
4806 4 50.6570 -1.6287
4807 4 50.6578 -1.9219
4808 1 50.6827 -1.9497
4809 2 50.8220 -1.2973
4810 1 50.8849 -1.3970
4811 1 50.7854 -1.1096
4812 3 50.5710 -1.3031
4813 2 50.5909 -1.1907
4814 1 49.1837 -2.1455
4815 3 50.3275 -3.5140
4816 2 50.2045 -3.6114
4817 3 50.3083 -4.3797
4818 2 50.3208 -4.6415
4819 1 50.3482 -4.4469
4820 1 49.9368 -5.2012
4821 1 50.1927 -5.0332
4822 4 50.1162 -5.0274
4823 1 50.0991 -5.1097
4824 1 49.9964 -5.0274
4825 2 50.2386 -4.7482
4826 2 50.1132 -5.5269
4827 2 49.9380 -5.1977
4828 2 50.0374 -5.5315
4829 2 50.0076 -5.6984
4830 1 49.9405 -6.2824
4831 4 48.2996 -4.7806
4832 3 50.0671 -5.7818
4833 2 47.6854 -3.4364
4834 2 47.7696 -4.3287
4835 4 48.0383 -4.7852
4836 1 48.1405 -4.3426
4837 2 48.1281 -4.7829
4838 1 48.3103 -4.3518
4839 2 48.3258 -4.5094
4840 2 48.3473 -4.5419
4841 2 47.0434 -2.6137
4842 2 48.3381 -5.1166
4843 2 48.8531 -4.4631
4844 4 55.8159 -6.5999
4845 2 56.4206 -6.5674
4846 2 56.1530 -6.2152
4847 2 55.9459 -6.4886
4848 1 55.2942 -5.8490
4849 2 55.7769 -6.0298
4850 2 55.8316 -6.0970
4851 3 55.8862 -6.1132
4852 2 55.9939 -6.0414
4853 3 56.0690 -6.1758
4854 1 56.2845 -5.7911
4855 1 56.0687 -6.1853
4856 1 56.3698 -6.0466
4857 2 56.3492 -6.1972
4858 3 56.4390 -6.3108
4859 2 56.5414 -6.3479
4860 4 56.6282 -6.3177
4861 1 56.6664 -6.1416
4862 2 56.6090 -6.5147
4863 2 56.5027 -6.7517
4864 1 56.5132 -6.7980
4865 2 56.4579 -6.1520
4866 1 56.5123 -6.3397
4867 2 56.5046 -6.2204
4868 2 56.4969 -6.1937
4869 1 53.5589 8.5367
4870 2 53.9098 8.7453
4871 2 53.8743 9.0419
4872 2 53.8771 9.2273
4873 2 53.8401 9.3363
4874 2 53.7758 9.3965
4875 2 53.7100 9.4962
4876 2 53.6332 9.5356
4877 2 53.5837 9.6329
4878 2 53.5547 9.7511
4879 1 53.5451 9.9273
4880 2 52.8244 5.6421
4881 1 52.8202 5.3246
4882 1 52.4700 4.5320
4883 1 51.7154 4.4300
4884 2 51.7714 4.2098
4885 2 51.8144 4.1357
4886 2 51.8358 4.0476
4887 2 51.8573 3.9966
4888 3 50.7405 1.5663
4889 4 49.4228 0.1107
4890 1 49.4347 0.2676
4891 3 49.3759 0.0591
4892 3 49.5146 -0.3437
4893 1 49.7636 0.3719
4894 1 50.2608 -0.3384
4895 1 50.0710 1.3662
4896 4 50.3075 0.6405
4897 2 50.2270 1.5678
4898 2 50.2818 1.2758
4899 4 49.3608 -0.7614
4900 2 49.3789 -0.4647
4901 1 49.5581 -0.9259
4902 2 49.4045 -1.0464
4903 2 49.7502 -0.7544
4904 5 49.6647 -1.6217
4905 2 49.8818 -2.3605
4906 1 49.8877 -2.5320
4907 2 49.6422 -1.1947
4908 2 49.7232 -1.2550
4909 2 49.7412 -1.3500
4910 2 49.7142 -1.4937
4911 1 49.7434 -0.7545
4912 1 49.9232 -0.5504
4913 3 49.4859 0.0822
4914 3 48.6447 -2.0407
4915 2 48.8388 -2.9630
4916 2 48.6814 -2.8333
4917 1 48.6967 -2.2933
4918 1 48.6493 -2.2261
4919 3 48.9463 -2.3498
4920 1 48.6248 -4.6155
4921 2 48.7175 -4.6358
4922 2 49.4030 -2.5389
4923 3 48.8327 -3.9460
4924 2 49.4405 -3.4992
4925 1 49.5544 -1.8703
4926 3 49.3668 -1.7950
4927 1 50.7929 -0.5342
4928 2 50.7096 -0.4723
4929 3 52.9033 0.2645
4930 2 53.2965 0.7451
4931 1 53.2887 0.7355
4932 2 53.5932 0.9505
4933 1 52.5135 4.3111
4934 2 52.2445 3.3245
4935 3 59.1002 5.3292
4936 2 64.2342 -21.9810
4937 1 66.1845 -23.0563
4938 3 66.2069 -18.5325
4939 2 66.6224 -16.2705
4940 2 66.4229 -14.3979
4941 2 65.5094 -13.4894
4942 2 62.3690 -6.8334
4943 1 64.1938 -15.3064
4944 1 65.0206 -23.3901
4945 2 62.3001 -6.8334
4946 3 62.2343 -6.7407
4947 2 62.2095 -6.6318
4948 2 62.1261 -6.5414
4949 3 62.0143 -6.7152
4950 3 61.8398 -6.6063
4951 1 62.1186 -6.8450
4952 1 62.2300 -6.7986
4953 1 61.5387 -6.7384
4954 1 58.0857 -6.0416
4955 2 59.1740 -5.4498
4956 2 62.0382 -4.0685
4957 2 67.8100 9.6802
4958 1 66.1227 36.3776
4959 1 55.3742 12.5252
4960 2 55.2581 12.9749
4961 5 55.2290 14.3747
4962 2 55.4110 13.7906
4963 3 55.0966 14.6389
4964 2 54.2687 13.7675
4965 2 54.2064 13.6284
4966 1 54.2091 13.4059
4967 1 53.9835 10.8937
4968 2 55.9934 11.8531
4969 2 55.8376 11.7929
4970 1 57.8794 11.5241
4971 4 57.5999 9.9527
4972 5 58.9786 9.7627
4973 2 59.2925 10.6017
4974 3 59.4272 10.5692
4975 2 59.5613 10.6295
4976 2 59.6644 10.6248
4977 1 59.8069 10.5460
4978 1 59.5225 10.4047
4979 2 58.9260 9.8902
4980 2 58.9404 10.1034
4981 2 59.0086 10.4977
4982 1 59.0371 10.7016
4983 1 58.0993 8.0523
4984 3 60.1813 5.2110
4985 2 60.1409 4.9445
4986 1 60.1882 6.0778
4987 2 60.1248 6.0963
4988 2 60.0126 5.9132
4989 2 59.8640 5.6699
4990 2 59.7288 5.4891
4991 2 59.6375 5.3083
4992 2 59.5613 5.2133
4993 2 59.5437 5.2064
4994 2 59.4919 5.1925
4995 2 59.4166 5.1507
4996 2 59.3552 5.0511
4997 2 59.3386 4.9538
4998 2 59.3043 4.5714
4999 2 59.7603 5.5192
5000 3 59.1478 5.5424
5001 2 59.2771 5.7301
5002 1 59.3457 5.9295
5003 1 59.2463 5.3408
5004 2 59.0848 5.5331
5005 1 59.0383 5.6004
5006 2 59.6691 5.7209
5007 2 59.7871 5.5702
5008 3 60.1375 5.2829
5009 2 60.0508 5.3292
5010 2 59.9871 5.3524
5011 2 59.9512 5.4335
5012 2 59.9128 5.5169
5013 2 59.8570 5.5424
5014 2 60.2642 5.1415
5015 2 60.1098 5.5285
5016 1 60.0786 5.7023
5017 1 61.1598 2.2144
5018 2 60.8542 4.6571
5019 1 61.7379 4.0963
5020 2 61.7006 4.7730
5021 1 62.3528 6.1821
5022 2 62.4452 6.0291
5023 2 62.5885 5.3802
5024 1 62.8984 6.8449
5025 2 63.0585 6.4741
5026 1 63.1570 7.7997
5027 2 63.2406 7.7070
5028 2 63.4112 7.3548
5029 1 70.7897 23.6009
5030 4 71.1500 23.4000
5031 1 60.1121 24.9080
5032 4 51.2222 -3.1699
5033 1 51.1841 -3.3289
5034 1 51.1818 -3.0555
5035 1 51.7029 -5.0090
5036 1 52.3090 -6.3899
5037 4 52.7857 -4.8061
5038 2 52.7773 -6.1364
5039 1 52.9779 -6.0277
5040 2 52.7839 -5.0886
5041 2 53.1266 -4.3291
5042 2 53.2342 -4.1191
5043 3 53.2954 -3.9643
5044 2 53.4411 -4.2291
5045 2 53.4902 -4.6659
5046 1 54.9360 -3.4003
5047 2 54.7419 -4.0881
5048 1 54.6426 -4.1092
5049 2 54.8034 -4.2945
5050 1 55.9876 -4.7686
5051 2 56.0157 -3.1768
5052 1 56.0330 -3.6273
5053 2 56.4596 -2.8096
5054 2 56.4558 -2.9360
5055 1 56.3750 -3.2000
5056 3 57.6228 -4.0257
5057 2 57.5275 -4.1571
5058 1 57.5062 -4.2119
5059 5 57.6640 -1.7460
5060 2 57.5116 -1.7758
5061 4 59.3359 -3.2651
5062 2 59.1898 -2.8847
5063 2 59.1138 -2.7793
5064 3 58.9651 -2.6414
5065 1 56.4922 -7.6697
5066 2 56.8656 -7.7918
5067 2 57.6836 -7.5769
5068 2 58.2988 -7.1040
5069 2 58.6762 -5.7228
5070 1 55.0933 -7.1320
5071 3 55.2615 -6.8568
5072 1 55.8219 -6.5948
5073 1 55.2235 -6.6763
5074 1 55.2039 -6.7838
5075 1 55.4094 -5.0814
5076 2 55.2382 -6.0615
5077 2 55.2749 -6.4055
5078 1 55.2323 -6.7183
5079 1 51.0701 2.3772
5080 4 51.3298 2.3283
5081 1 50.5189 0.9227
5082 2 47.2819 -2.1574
5083 1 47.2945 -2.0829
5084 1 45.9792 -1.1314
5085 2 46.0866 -1.4409
5086 1 43.5667 -5.6653
5087 2 43.6466 -5.9476
5088 3 43.6051 -7.0309
5089 1 43.5596 -7.0222
5090 1 43.4389 -8.3665
5091 2 43.6881 -9.1460
5092 1 42.3877 -8.7754
5093 2 42.2666 -9.3609
5094 2 42.2477 -8.7883
5095 2 42.0711 -9.3122
5096 1 41.0677 -8.7648
5097 2 40.8513 -9.9685
5098 1 40.3888 -11.1877
5099 1 36.9636 -8.2375
5100 2 34.7486 -8.1410
5101 2 36.4746 -9.1978
5102 2 60.4480 -49.0215
5103 1 -10.5815 142.2056
5104 1 -34.6310 165.7404
5105 1 60.8920 -32.7288
5106 1 39.4889 13.7429
5107 1 -2.0357 122.0017
5108 1 -0.3185 124.3423
5109 2 -2.9441 123.7361
5110 2 -0.3314 124.3393
5111 2 -0.4869 125.3526
5112 2 -1.1099 127.9122
5113 2 -1.9179 129.0909
5114 1 -3.3140 120.6714
5115 2 -8.1713 119.6611
5116 1 -9.0870 119.6442
5117 1 -10.9276 124.0392
5118 2 -8.8208 127.3565
5119 1 -20.9244 55.2862
5120 1 24.8174 66.9757
5121 1 23.6268 58.5669
5122 1 26.1412 50.6218
5123 1 29.0595 48.1546
5124 1 39.6784 22.8888
5125 1 39.1429 23.8640
5126 3 44.4409 179.5387
5127 4 40.0613 152.8729
5128 2 42.2908 163.0160
5129 2 44.3526 178.7264
5130 2 40.1067 155.0004
5131 2 23.2783 144.8665
5132 2 30.3634 141.8555
5133 2 13.4911 144.6158
5134 3 13.5000 144.8000
5135 2 14.1196 144.4046
5136 3 13.6887 144.8410
5137 6 13.7329 145.0723
5138 2 16.7667 147.3559
5139 1 26.5000 128.5000
5140 2 26.1566 128.9456
5141 2 22.9962 133.1473
5142 2 19.8486 137.2480
5143 2 16.7187 141.2706
5144 3 13.9241 144.8304
5145 2 22.0416 159.2542
5146 2 19.3453 154.4295
5147 2 16.5262 149.7634
5148 2 15.2833 150.6980
5149 2 16.8267 156.2469
5150 2 18.2201 161.8809
5151 2 19.3921 167.0918
5152 2 -3.9130 176.1667
5153 2 -9.4803 174.6572
5154 2 -21.6277 114.0830
5155 2 -17.5438 -162.5937
5156 6 -15.2895 -165.0861
5157 2 -12.5384 -167.5827
5158 2 -19.6552 -169.6531
5159 4 -15.8028 -159.9993
5160 3 -13.6193 -171.6655
5161 1 -13.7807 -171.7211
5162 2 54.0101 -138.6909
5163 1 55.3452 13.1556
5164 2 53.9371 14.2866
5165 6 35.9729 -5.2694
5166 1 36.1110 -5.3431
5167 3 50.8928 1.5677
5168 1 52.6363 5.0534
5169 4 52.5795 5.2361
5170 1 52.3800 5.1259
5171 2 52.8917 4.6233
5172 4 52.1331 -5.7840
5173 2 53.3218 -5.7075
5174 3 52.7636 -4.3586
5175 1 52.8409 -4.2929
5176 4 51.4989 -2.9217
5177 5 51.3974 -3.1237
5178 1 51.3658 -2.9903
5179 2 51.4579 -3.1730
5180 2 51.5382 -2.9869
5181 1 51.5619 -2.9780
5182 1 51.5010 -2.7349
5183 3 51.5199 -2.7823
5184 1 51.8388 -2.3034
5185 1 51.1001 -4.2977
5186 2 51.1763 -4.5751
5187 3 51.4323 -4.1264
5188 2 51.5463 -5.0565
5189 3 51.3220 -3.2602
5190 2 27.9000 33.7500
5191 2 29.7000 32.6000
5192 2 30.2140 32.5580
5193 2 30.3184 32.3822
5194 2 30.9458 32.3067
5195 1 31.4591 31.5802
5196 2 31.6792 31.7028
5197 3 31.4390 33.7414
5198 2 32.1260 34.3217
5199 7 31.9414 34.2219
5200 1 31.1695 33.8240
5201 1 31.8275 34.6018
5202 5 34.5117 35.5524
5203 1 34.5108 35.7984
5204 2 34.5290 30.7242
5205 1 18.9414 72.8078
5206 2 22.5430 68.7195
5207 3 20.2641 71.9928
5208 1 21.2894 72.3889
5209 2 20.0000 71.0000
5210 2 -10.8926 136.8127
5211 1 -12.0232 136.6699
5212 4 -12.6909 141.4933
5213 2 -3.6706 127.6127
5214 1 -12.6497 141.8047
5215 1 -16.4951 145.5885
5216 2 -16.7427 145.8380
5217 2 1.3433 172.9029
5218 2 5.5603 176.5241
5219 2 7.2437 -82.8605
5220 2 8.7473 -87.1658
5221 2 10.2065 -91.5049
5222 2 11.6127 -95.8827
5223 2 12.9573 -100.3033
5224 2 14.2316 -104.7702
5225 2 15.4270 -109.2859
5226 2 16.5350 -113.8518
5227 2 17.5471 -118.4680
5228 2 18.4541 -123.1338
5229 2 19.2498 -127.8463
5230 2 19.9275 -132.6016
5231 2 20.4810 -137.3945
5232 2 20.9051 -142.2187
5233 2 21.1959 -147.0664
5234 2 21.3505 -151.9295
5235 2 21.3673 -156.7991
5236 2 9.2082 -79.9006
5237 2 9.1730 -79.8213
5238 2 9.1183 -79.8032
5239 2 9.1113 -79.7697
5240 2 9.1182 -79.7414
5241 2 9.1064 -79.6893
5242 2 9.0360 -79.6417
5243 2 8.9927 -79.5859
5244 2 8.7966 -79.4941
5245 2 8.6000 -79.5000
5246 2 9.5000 -82.0000
5247 1 9.2106 -81.9814
5248 2 16.0793 -82.8698
5249 2 15.9997 -68.6191
5250 2 14.1784 -72.4379
5251 2 12.2977 -76.1956
5252 2 17.0444 -62.7359
5253 2 17.2143 -64.9859
5254 2 29.2661 -88.8734
5255 2 29.2104 -88.8491
5256 2 27.0250 -85.3210
5257 2 30.0000 -88.0000
5258 2 30.0318 -88.0573
5259 1 30.5481 -87.9700
5260 1 30.2886 -88.5262
5261 2 25.8011 -85.8556
5262 2 24.6718 -81.1599
5263 2 24.7045 -81.1606
5264 2 24.7152 -81.1324
5265 2 24.7262 -81.1247
5266 2 24.9007 -81.2656
5267 2 23.4079 -80.8693
5268 2 32.7310 -123.5238
5269 2 31.6349 -128.8312
5270 2 30.3258 -134.0049
5271 2 28.8198 -139.0338
5272 2 27.1336 -143.9128
5273 2 25.2847 -148.6417
5274 2 23.2901 -153.2248
5275 2 31.9381 -124.1651
5276 2 33.9506 -118.5117
5277 2 33.9832 -118.8526
5278 2 37.2792 -123.3170
5279 2 36.9315 -123.1281
5280 2 36.8027 -123.0581
5281 2 36.6328 -122.9663
5282 2 35.4383 -122.0464
5283 2 35.3616 -122.0005
5284 2 35.1390 -121.8686
5285 3 34.5768 -121.5320
5286 2 46.5683 -129.1692
5287 2 44.4956 -133.0432
5288 2 42.3006 -136.6450
5289 3 53.5950 -130.7582
5290 3 52.1684 -129.3882
5291 2 51.4191 -128.2191
5292 2 50.8984 -127.3618
5293 2 50.5508 -125.5688
5294 2 53.7190 -133.4872
5295 2 52.8064 -132.5175
5296 2 53.3489 -135.0736
5297 2 59.7000 -149.0000
5298 3 59.7139 -147.7398
5299 2 54.8530 -149.5638
5300 4 59.3535 -148.9126
5301 2 58.8478 -149.7918
5302 2 59.3229 -163.9015
5303 2 58.9736 -163.3631
5304 2 58.4659 -162.6380
5305 2 58.3335 -162.0228
5306 2 58.6264 -160.8912
5307 2 59.0555 -160.3167
5308 1 54.1699 -166.7250
5309 2 64.7207 -177.4161
5310 1 68.6212 -98.4559
5311 2 68.3958 -100.6532
5312 2 69.0024 -106.2782
5313 2 68.4604 -109.8817
5314 2 68.3796 -113.1776
5315 2 68.7011 -113.5292
5316 2 70.0024 -122.4940
5317 2 70.6678 -128.3827
5318 2 69.6233 -133.3485
5319 2 70.3156 -135.6336
5320 2 71.1850 -144.0714
5321 2 71.0161 -147.1826
5322 2 71.4122 -147.8130
5323 2 71.5832 -149.8616
5324 2 72.1996 -156.7051
5325 2 71.4273 -160.4146
5326 2 71.4670 -162.9066
5327 2 70.7371 -164.7128
5328 2 70.4039 -165.1538
5329 2 69.1624 -167.0866
5330 2 68.3266 -167.6608
5331 2 69.0295 -64.8741
5332 2 72.1768 -71.0194
5333 3 72.6175 -74.6595
5334 5 71.0669 -57.5474
5335 2 72.9097 -60.8433
5336 2 76.5000 -71.0000
5337 1 76.6682 -71.5626
5338 1 72.2327 -80.5482
5339 2 72.6372 -79.9549
5340 2 72.8133 -77.6478
5341 3 70.8849 -54.0711
5342 2 70.7979 -55.8940
5343 2 70.7549 -52.4012
5344 1 70.5876 -51.6761
5345 4 66.8464 -21.1179
5346 1 66.0042 -18.3470
5347 1 65.6434 -21.0718
5348 3 64.7122 -24.3171
5349 3 64.6466 -22.7439
5350 4 62.6878 -16.0153
5351 4 62.3609 -11.8873
5352 4 61.6502 -8.4529
5353 2 63.5866 -5.6145
5354 2 60.7988 -5.4197
5355 2 60.8441 -0.6223
5356 3 58.6048 -2.9088
5357 3 54.8225 -0.7533
5358 2 45.5838 -1.0519
5359 2 45.3912 -0.7690
5360 1 45.1000 -0.6500
5361 3 44.6033 -1.4013
5362 2 44.5886 -1.2744
5363 2 44.6140 -1.2250
5364 2 44.6707 -1.2250
5365 2 44.6961 -1.1234
5366 1 44.6727 -1.0602
5367 3 46.3107 -1.5682
5368 1 46.2392 -1.2612
5369 2 46.5228 -1.9230
5370 2 46.9359 -2.5395
5371 2 36.9131 -72.4054
5372 2 33.4596 -75.0623
5373 2 29.9519 -77.5149
5374 2 31.0229 -77.5634
5375 2 26.2805 -78.1644
5376 2 26.5134 -77.6981
5377 2 26.6776 -77.6414
5378 2 26.8604 -77.9689
5379 2 26.9214 -77.9821
5380 2 28.2202 -74.4754
5381 1 31.0472 -81.3213
5382 2 30.3177 -75.5881
5383 3 48.9284 -63.3547
5384 2 53.0654 -26.5724
5385 2 53.2761 -31.0328
5386 2 52.6408 -48.9186
5387 4 39.4115 -73.9213
5388 1 39.3921 -74.2471
5389 3 39.7590 -73.7709
5390 2 25.0305 -73.8833
5391 2 30.0577 -73.8621
5392 2 35.0810 -73.8351
5393 2 -2.4223 -36.2625
5394 2 0.4681 -38.5146
5395 2 3.2295 -40.9192
5396 2 6.1392 -43.4529
5397 2 8.8386 -45.8110
5398 2 11.6876 -48.3033
5399 2 14.5450 -50.8127
5400 2 17.5658 -53.4643
5401 2 20.1037 -55.7174
5402 2 22.7921 -58.1051
5403 2 25.4961 -60.5213
5404 2 31.1058 -65.5892
5405 2 34.0236 -68.2354
5406 2 37.0418 -70.9764
5407 2 36.9206 -69.4360
5408 2 33.7413 -65.2756
5409 2 30.5867 -61.2619
5410 2 27.4647 -57.3616
5411 2 24.3836 -53.5498
5412 2 21.3357 -49.8114
5413 2 18.3185 -46.1331
5414 2 15.3282 -42.5036
5415 2 12.3783 -38.9220
5416 2 9.4465 -35.3712
5417 2 6.5287 -31.8433
5418 2 3.6205 -28.3310
5419 2 0.7181 -24.8276
5420 2 -2.1832 -21.3258
5421 2 -5.0879 -17.8190
5422 2 36.1516 -69.2362
5423 2 42.9936 -60.5618
5424 2 40.7356 -65.7532
5425 2 38.2606 -70.5906
5426 2 53.2545 -9.0350
5427 2 53.1295 -9.6345
5428 3 53.0964 -9.3915
5429 2 53.0333 -9.4500
5430 3 54.5701 -8.6009
5431 2 54.3132 -10.1057
5432 2 56.0127 -7.9165
5433 2 54.6544 -8.8873
5434 1 54.5249 -8.3249
5435 2 49.7507 -5.3669
5436 2 49.4710 -2.2591
5437 1 48.5625 -2.6925
5438 2 48.9506 -2.6090
5439 3 49.3496 -2.3158
5440 3 48.7672 -1.9267
5441 4 48.8736 -1.9789
5442 5 51.1477 1.4181
5443 2 51.5679 1.4922
5444 2 51.7839 1.6136
5445 1 51.9217 1.2966
5446 4 51.8788 1.5065
5447 6 52.0387 1.7617
5448 2 53.9975 0.3771
5449 1 52.0434 1.5046
5450 6 51.2362 1.8694
5451 1 50.3968 -0.5047
5452 2 50.9561 1.1434
5453 2 51.6089 2.3601
5454 1 50.9726 1.8442
5455 2 51.1314 1.5330
5456 1 51.1021 1.3175
5457 2 49.8922 0.6894
5458 2 49.8010 0.4044
5459 2 49.7322 0.2004
5460 2 49.6692 0.1077
5461 3 49.5329 0.0391
5462 4 49.6374 -0.0571
5463 2 49.9981 -0.3906
5464 7 50.5787 -1.8539
5465 4 50.4841 -2.4144
5466 2 50.6058 -2.3596
5467 3 50.5616 -2.1382
5468 1 50.4199 -3.5280
5469 4 50.4036 -3.4677
5470 3 50.4442 -2.5882
5471 2 50.5975 -3.3982
5472 1 50.3312 -3.5558
5473 3 41.7972 3.3104
5474 1 43.0135 3.0686
5475 4 42.7696 3.4277
5476 2 42.4537 3.4948
5477 4 38.7778 17.2586
5478 4 39.2409 17.4058
5479 2 39.1067 17.1709
5480 4 39.5600 17.7886
5481 6 41.2626 19.3944
5482 3 41.8658 19.1039
5483 2 41.7616 19.4766
5484 1 38.5215 21.0832
5485 1 38.3447 22.6584
5486 3 37.9535 23.3962
5487 1 38.0764 20.9803
5488 4 34.6221 32.4243
5489 2 36.4787 28.2406
5490 2 36.4942 28.0141
5491 4 35.2018 32.2100
5492 4 33.4962 34.3437
5493 5 33.1601 33.8998
5494 2 35.4250 35.5578
5495 2 42.3941 16.7000
5496 2 42.6035 16.5131
5497 4 40.4947 18.7822
5498 2 41.9083 16.8432
5499 2 42.8491 15.5091
5500 1 42.9475 15.3993
5501 2 43.5431 15.2414
5502 5 43.7018 13.6737
5503 1 43.6433 13.4138
5504 1 44.0833 12.5753
5505 4 44.2165 12.6878
5506 4 43.9070 13.2015
5507 2 37.4825 24.4921
5508 1 37.4560 25.3184
5509 1 37.4831 24.4905
5510 2 37.6904 24.4380
5511 4 37.4053 24.3394
5512 1 37.2534 27.5853
5513 2 37.2167 27.5173
5514 2 37.2824 26.0902
5515 4 37.2927 25.1457
5516 3 36.1319 25.3151
5517 2 35.9028 25.5271
5518 2 36.1521 26.4324
5519 1 37.4024 24.3821
5520 2 37.4886 24.3712
5521 2 37.4803 24.4979
5522 4 37.2511 25.5251
5523 2 34.0382 28.9628
5524 8 33.6284 31.1790
5525 2 33.0549 34.4933
5526 4 32.7573 14.3481
5527 2 33.1446 13.2935
5528 1 32.6627 14.2791
5529 2 32.6761 14.2785
5530 1 37.2273 13.5442
5531 2 35.9216 10.6905
5532 1 35.9204 14.5187
5533 5 35.7349 14.5047
5534 2 35.5572 14.1839
5535 2 34.6846 10.8023
5536 2 34.4323 10.8051
5537 2 34.2353 10.3733
5538 3 15.3828 41.1861
5539 2 18.6444 38.6238
5540 2 24.0443 36.1080
5541 6 26.2549 53.1490
5542 1 28.4135 48.5404
5543 4 28.2146 49.0551
5544 1 27.7496 48.9650
5545 7 27.1816 51.2220
5546 4 29.2472 50.3649
5547 2 27.5435 51.4475
5548 2 26.5789 53.3693
5549 2 26.4221 56.7631
5550 4 21.4404 62.3760
5551 2 15.6159 67.5721
5552 2 12.6535 71.4585
5553 2 21.3498 65.1085
5554 1 -5.0573 64.9999
5555 2 17.5443 67.4073
5556 2 12.5389 62.4181
5557 1 7.2297 79.6465
5558 2 8.3642 70.8220
5559 4 -0.0000 73.3425
5560 3 13.4157 97.6104
5561 4 9.1610 102.0410
5562 3 10.5516 103.3410
5563 4 7.7691 102.4395
5564 2 4.6903 103.9303
5565 1 -25.7764 -44.6816
5566 2 -30.9667 -10.3016
5567 2 27.7051 -13.6187
5568 4 29.1565 -12.1944
5569 2 32.5313 -11.1264
5570 5 29.3375 -15.1721
5571 2 32.4093 -13.9051
5572 2 15.3388 -28.1434
5573 2 -0.9401 -31.7460
5574 2 3.3712 -29.6971
5575 2 7.6777 -27.6300
5576 2 11.9733 -25.5208
5577 2 16.2512 -23.3439
5578 2 20.5041 -21.0708
5579 2 24.7237 -18.6689
5580 2 27.7161 -16.1862
5581 2 32.6771 -16.0312
5582 2 36.1669 -5.4127
5583 2 35.9049 -5.3362
5584 1 -16.4885 117.7109
5585 2 -8.8293 116.6367
5586 2 -8.2970 116.8094
5587 1 -25.2983 113.5682
5588 2 -25.3501 113.0317
5589 3 -25.4910 112.7463
5590 2 -32.4932 132.2644
5591 2 -1.6924 169.8542
5592 2 -4.4794 166.5992
5593 3 -9.4631 162.7075
5594 2 -5.0004 160.0003
5595 4 -2.1506 118.2277
5596 1 -3.7076 114.4118
5597 6 -4.4807 113.7560
5598 2 -4.5798 114.1000
5599 2 -3.9819 117.5082
5600 1 33.7039 -118.1945
5601 4 27.9893 -116.1305
5602 2 24.9260 -113.4508
5603 2 22.3104 -111.0067
5604 2 20.1502 -108.2357
5605 2 12.9057 -93.9243
5606 2 10.1973 -88.3178
5607 2 7.4167 -82.8000
5608 2 5.2828 -85.6025
5609 2 3.6376 -89.7834
5610 2 1.9733 -93.9491
5611 2 0.2987 -98.1066
5612 2 -1.3775 -102.2629
5613 2 -3.0464 -106.4249
5614 2 -4.6994 -110.5996
5615 2 -6.3276 -114.7936
5616 2 -7.9219 -119.0136
5617 2 -9.4738 -123.2654
5618 2 -10.9743 -127.5546
5619 2 -12.4146 -131.8860
5620 2 -13.7860 -136.2636
5621 2 -15.0797 -140.6907
5622 2 -16.2871 -145.1692
5623 2 35.9921 -125.4023
5624 2 37.5193 -130.0893
5625 2 38.8614 -134.9586
5626 1 56.1590 10.2494
5627 2 56.0858 10.3450
5628 2 56.0237 10.6760
5629 5 56.1195 10.9506
5630 4 56.4117 11.3918
5631 1 57.0846 12.2054
5632 4 56.7146 11.1351
5633 5 56.2021 12.2249
5634 2 57.3706 10.6944
5635 2 57.1375 10.7732
5636 3 56.0639 12.6297
5637 2 56.3374 12.4091
5638 1 56.6387 12.8219
5639 2 56.3362 12.4075
5640 2 55.6628 9.7812
5641 4 55.6590 10.1749
5642 2 55.5660 9.8230
5643 2 55.7530 10.6265
5644 2 55.8488 10.9577
5645 2 57.4060 8.9354
5646 2 56.6708 7.7379
5647 1 54.7977 5.7822
5648 1 58.9882 10.0640
5649 4 57.8787 9.7548
5650 2 53.1725 0.4513
5651 2 53.0439 0.6133
5652 2 52.8569 1.7064
5653 2 53.0346 3.1907
5654 2 54.1908 4.5080
5655 2 56.0193 6.2438
5656 1 54.7161 -1.1033
5657 1 58.2887 11.2877
5658 1 59.0323 10.2471
5659 2 59.0073 10.5113
5660 2 58.9415 10.9753
5661 2 59.0574 10.8311
5662 2 59.0110 9.7631
5663 1 59.0498 9.7056
5664 4 55.7271 15.8066
5665 6 54.9279 15.0334
5666 1 54.1955 15.5566
5667 1 59.4767 27.7743
5668 2 59.7545 23.1270
5669 6 59.3878 19.0929
5670 2 58.7625 18.3636
5671 4 58.9770 19.6199
5672 4 59.6456 20.0527
5673 2 60.8904 20.7861
5674 4 61.4685 21.1715
5675 8 60.0921 19.3070
5676 2 59.4756 20.0545
5677 2 57.9828 18.3609
5678 2 57.3981 17.7027
5679 2 59.7072 19.4801
5680 3 60.7466 17.5460
5681 2 60.9704 18.5889
5682 2 61.6137 17.2902
5683 2 60.6678 18.4460
5684 2 60.2607 19.0330
5685 2 63.6046 21.4384
5686 2 64.0369 22.7535
5687 2 65.1340 23.9018
5688 2 65.3709 24.1574
5689 2 65.4444 24.2354
5690 1 65.5547 24.3655
5691 4 55.7415 16.6345
5692 4 55.7609 17.7488
5693 1 55.7126 20.8419
5694 2 56.0061 14.9469
5695 4 55.7727 18.5954
5696 2 44.4000 -63.5000
5697 2 43.3931 -66.7310
5698 2 43.5804 -66.0443
5699 4 44.5016 -62.1839
5700 2 22.0347 113.8554
5701 2 22.2383 113.6934
5702 2 22.3856 113.7552
5703 2 22.5315 113.7522
5704 1 22.7040 113.6852
5705 2 21.9329 114.2166
5706 2 22.0704 114.4267
5707 2 22.2535 114.4212
5708 2 22.3386 114.4281
5709 2 22.4263 114.4514
5710 2 22.5176 114.4089
5711 1 22.5582 114.3361
5712 2 18.2815 107.4792
5713 2 10.5850 125.5627
5714 2 9.4382 125.0574
5715 5 4.1423 123.6558
5716 2 6.9889 121.8651
5717 2 11.2200 121.6140
5718 2 3.6698 118.1119
5719 5 5.1966 124.1092
5720 2 5.2441 125.4639
5721 4 3.7113 125.9885
5722 2 0.0014 122.1701
5723 1 -0.6592 120.4102
5724 2 -0.6152 117.7405
5725 2 -0.6372 119.4653
5726 2 23.7652 118.1030
5727 2 24.5421 118.9380
5728 2 25.0856 119.7620
5729 9 30.1819 122.8752
5730 2 28.7339 122.2119
5731 2 30.7324 121.8274
5732 4 30.4487 121.2177
5733 3 30.3871 122.4921
5734 2 30.2543 121.9263
5735 2 30.1546 122.4165
5736 2 30.0822 123.0771
5737 1 29.0848 124.8944
5738 4 33.1309 122.3923
5739 4 33.4911 123.2979
5740 1 32.6871 121.2816
5741 4 32.9032 121.8218
5742 2 34.9079 119.8833
5743 2 34.2995 120.7763
5744 2 33.8202 132.4622
5745 2 34.1027 132.6599
5746 2 34.1527 132.9620
5747 2 34.0709 133.0856
5748 2 34.3321 133.6349
5749 2 34.4182 134.0057
5750 2 34.3888 134.3930
5751 3 34.0982 134.8599
5752 1 34.5767 135.2637
5753 2 34.3774 135.1000
5754 2 33.8464 136.5981
5755 2 34.3253 137.1973
5756 2 34.3859 137.8571
5757 2 34.9467 138.6612
5758 2 34.4069 138.7875
5759 2 34.6558 139.1913
5760 2 33.7951 131.2125
5761 2 33.9434 131.0669
5762 2 33.9912 130.6906
5763 2 33.7243 129.3530
5764 2 33.1422 129.2871
5765 2 32.5098 129.3530
5766 2 39.5276 49.6551
5767 6 39.8900 50.8785
5768 4 39.6493 53.1417
5769 2 38.2007 53.6251
5770 2 39.0662 52.7937
5771 4 43.1143 51.1641
5772 2 44.3835 49.0320
5773 5 45.1174 47.8023
5774 5 41.5061 50.7656
5775 3 42.8699 48.3486
5776 2 38.5826 51.6401
5777 2 45.3943 47.7826
5778 2 45.6820 47.6988
5779 2 45.7219 47.6375
5780 2 45.7384 47.6512
5781 2 45.7682 47.6457
5782 2 45.7823 47.6560
5783 2 45.7969 47.6649
5784 2 45.8065 47.6842
5785 2 45.8163 47.6780
5786 2 45.8357 47.6694
5787 2 45.8476 47.6715
5788 2 45.8682 47.6296
5789 2 45.8803 47.6224
5790 2 45.9386 47.6623
5791 2 45.9749 47.6300
5792 2 45.9816 47.6945
5793 2 46.0283 47.7048
5794 2 46.0993 47.7426
5795 2 46.1502 47.8174
5796 2 46.1926 47.8490
5797 2 46.2126 47.9088
5798 2 46.3921 48.0394
5799 2 46.4603 47.9762
5800 2 46.5246 48.0339
5801 2 46.5416 48.0174
5802 2 46.5813 47.9062
5803 2 46.6530 47.8924
5804 2 46.7473 47.8320
5805 2 46.8589 47.7147
5806 2 46.8439 47.6049
5807 2 46.9565 47.6049
5808 2 47.2185 47.0775
5809 2 47.2968 47.1215
5810 2 47.4271 46.9786
5811 2 47.4271 46.8743
5812 2 47.7237 46.5502
5813 2 47.8603 46.3524
5814 2 47.9487 46.1547
5815 2 48.2058 46.1766
5816 2 48.2409 46.0042
5817 2 48.3232 45.8888
5818 2 48.4664 45.5633
5819 2 48.4081 45.3683
5820 2 48.4746 45.0978
5821 2 48.4380 44.9769
5822 2 48.4772 44.9055
5823 2 48.5382 44.6254
5824 2 48.5305 44.5571
5825 2 48.5254 44.5529
5826 2 48.5135 44.5546
5827 2 48.5040 44.5599
5828 2 48.4846 44.5520
5829 2 48.4550 44.5231
5830 2 48.4250 44.5036
5831 2 48.4220 44.4830
5832 2 48.4441 44.4133
5833 2 48.4487 44.3965
5834 2 48.4501 44.3663
5835 2 48.4685 44.3471
5836 2 48.4940 44.2068
5837 2 48.5486 44.1601
5838 2 48.6250 44.0640
5839 2 48.6822 43.9674
5840 2 48.6541 43.6948
5841 2 48.4861 43.3202
5842 2 47.7673 42.7280
5843 2 47.5600 42.0908
5844 2 47.5823 40.9153
5845 2 47.4635 40.5088
5846 2 47.2252 40.2012
5847 2 47.1953 39.6958
5848 2 47.0757 39.2673
5849 2 49.5111 -65.6389
5850 2 47.2377 -64.4587
5851 2 46.6721 -64.5392
5852 2 46.2141 -63.8361
5853 2 45.9206 -62.7676
5854 2 45.9569 -61.7542
5855 2 45.6256 -61.3985
5856 2 45.4181 -60.9998
5857 1 46.3140 52.0650
5858 2 45.9791 51.4718
5859 2 45.3495 49.9337
5860 3 45.0769 49.6121
5861 2 41.2232 51.8093
5862 3 45.7690 -83.6060
5863 2 45.8326 -84.3135
5864 2 45.8097 -85.1155
5865 2 45.6178 -86.2251
5866 2 44.9372 -86.8513
5867 2 43.5833 -87.5544
5868 2 43.1197 -87.7412
5869 2 42.6607 -87.6094
5870 2 42.2471 -87.6533
5871 2 41.9289 -87.5215
5872 2 41.7324 -87.2139
5873 3 42.1249 -86.5107
5874 2 42.6526 -87.6094
5875 2 42.6632 -86.3877
5876 2 49.1586 -66.8496
5877 2 48.7027 -68.7297
5878 2 47.8205 -69.6259
5879 2 46.8940 -70.9222
5880 2 46.8411 -71.0404
5881 2 46.8371 -71.1831
5882 2 46.7662 -71.2348
5883 2 46.7389 -71.3564
5884 2 46.6520 -71.6839
5885 2 46.6720 -71.8910
5886 2 46.5473 -72.1942
5887 2 46.4321 -72.2818
5888 2 46.2179 -72.8064
5889 2 46.0613 -73.0401
5890 2 46.0389 -73.1643
5891 2 45.9062 -73.2112
5892 2 45.7931 -73.3733
5893 2 45.6176 -73.4884
5894 2 45.5096 -73.5356
5895 2 45.4603 -73.5249
5896 2 45.4270 -73.5721
5897 2 45.4201 -73.7828
5898 2 45.2995 -73.9391
5899 2 45.2609 -74.2245
5900 2 45.0667 -74.5093
5901 2 44.9862 -74.9117
5902 2 44.8050 -75.3311
5903 2 44.7099 -75.4908
5904 2 44.2466 -76.0901
5905 2 43.4201 -79.1257
5906 2 42.8105 -78.9368
5907 2 41.6485 -82.7227
5908 2 41.9110 -83.1643
5909 2 42.3609 -83.0061
5910 2 42.6331 -82.4985
5911 2 43.0023 -82.4282
5912 2 43.5830 -82.1140
5913 2 45.3276 -82.4875
5914 2 46.2845 -84.1086
5915 2 46.3691 -84.2138
5916 2 46.4438 -84.2507
5917 2 46.5094 -84.3261
5918 2 46.4895 -84.4346
5919 2 46.4555 -84.4768
5920 2 46.4412 -84.5623
5921 2 46.8622 -84.7991
5922 2 47.3216 -86.6074
5923 2 47.7735 -87.9038
5924 2 47.4493 -89.4797
5925 2 47.2339 -90.5801
5926 1 46.9351 -91.4963
5927 9 -52.5876 -75.1015
5928 2 -52.6597 -74.7015
5929 2 -53.0907 -73.4436
5930 2 -53.2521 -73.2623
5931 2 -53.5501 -72.5867
5932 2 -53.5534 -72.3724
5933 2 -53.6951 -72.1555
5934 2 -54.0142 -71.0486
5935 2 -53.3866 -70.6778
5936 2 -51.7366 -82.7480
5937 2 -50.0724 -82.7310
5938 2 -46.7230 -89.5334
5939 2 -43.0728 -95.5514
5940 2 -39.2759 -101.0082
5941 2 -35.4399 -106.1003
5942 2 -31.6319 -110.9524
5943 2 -27.8742 -115.6341
5944 2 -24.1691 -120.1861
5945 2 -20.1614 -123.7698
5946 2 -15.9677 -127.4740
5947 2 -11.5802 -131.3128
5948 2 -7.4332 -134.9415
5949 2 -3.0802 -138.7336
5950 2 1.2856 -142.4126
5951 2 5.5258 -146.1057
5952 3 -55.7309 -76.8137
5953 3 -54.6046 -73.3059
5954 1 -62.9294 -61.8714
5955 2 -56.9210 -64.2700
5956 5 -20.2313 -70.6311
5957 2 -23.8000 -71.3000
5958 2 -25.1723 -75.2164
5959 2 -20.1587 -75.4033
5960 2 -26.6229 -72.0205
5961 6 -35.3594 -35.0369
5962 4 -35.3622 -39.9980
5963 6 -35.3427 -45.0296
5964 2 -35.0196 -18.0360
5965 7 -44.8400 -56.0902
5966 2 -27.3786 -43.6594
5967 2 -31.2125 -46.1885
5968 2 -34.9906 -48.9288
5969 2 -38.6990 -51.9307
5970 2 -42.3200 -55.2557
5971 4 -43.7968 -57.0972
5972 2 -45.8314 -58.9788
5973 2 -49.2040 -63.1909
5974 4 -50.7993 -62.6184
5975 6 -45.1105 -34.5630
5976 2 -39.3374 12.2211
5977 2 -42.5531 4.8779
5978 4 -47.0108 -2.8397
5979 4 -45.6846 15.3799
5980 2 17.7220 -64.7507
5981 2 14.0000 -61.0000
5982 2 13.6212 -60.8787
5983 2 11.3521 -56.9106
5984 2 9.0522 -52.9962
5985 2 6.7299 -49.1234
5986 2 4.3921 -45.2809
5987 2 2.0456 -41.4576
5988 2 -0.3052 -37.6431
5989 2 -2.6554 -33.8274
5990 2 -10.9972 -32.9163
5991 2 -16.9632 -35.9531
5992 2 -22.8777 -39.1877
5993 2 -28.7165 -42.7142
5994 2 -34.4474 -46.6531
5995 2 -40.0285 -51.1627
5996 4 -53.7546 -63.1847
5997 2 -55.8476 -65.1929
5998 3 -55.8907 -66.3959
5999 2 -55.9836 -66.9581
6000 2 -55.9984 -67.4670
6001 2 -55.8267 -68.2442
6002 2 -52.0998 -75.4541
6003 4 -51.4344 -75.8605
6004 2 -46.6931 -80.4071
6005 2 -41.8212 -84.9131
6006 2 -37.5102 -88.9141
6007 2 -33.0464 -92.9934
6008 2 -28.1348 -95.3524
6009 2 -23.1811 -97.4932
6010 2 -18.1973 -99.4773
6011 2 -13.1919 -101.3495
6012 2 -8.1291 -103.3041
6013 2 -3.0561 -105.2095
6014 2 2.0208 -107.0969
6015 2 7.0952 -108.9961
6016 2 12.1608 -110.9376
6017 2 17.2105 -112.9555
6018 2 21.7879 -114.9635
6019 2 27.2281 -117.3882
6020 3 -55.5411 -65.2588
6021 4 -54.5211 -64.9786
6022 2 -53.6967 -67.2803
6023 2 -38.5324 -58.2103
6024 2 -39.0412 -60.2214
6025 2 -52.0728 -75.3058
6026 2 -48.9121 -75.9665
6027 4 -45.1104 -14.5630
6028 4 -43.4207 -16.4107
6029 4 -42.6303 -12.3018
6030 4 -41.8364 -7.9019
6031 2 -45.1511 -53.2837
6032 2 -45.1511 -50.9326
6033 2 -45.1201 -47.7466
6034 2 -45.1820 -43.1982
6035 2 -45.3058 -40.7812
6036 2 -45.2440 -35.7056
6037 2 -45.0425 -31.0693
6038 2 -45.1820 -28.4985
6039 2 -45.1975 -26.2354
6040 2 70.1721 176.2097
6041 2 69.7638 178.8574
6042 2 68.7045 -177.1436
6043 2 67.6761 -174.1553
6044 2 67.2211 -171.3428
6045 2 66.1072 -169.2773
6046 2 64.0337 -172.3096
6047 2 63.1370 -177.1710
6048 2 52.0502 141.4828
6049 2 53.5119 141.5487
6050 1 59.1965 143.2186
6051 3 69.5517 45.8339
6052 2 69.4851 56.9347
6053 2 70.2043 57.5500
6054 2 71.2908 60.5382
6055 2 73.6808 69.5910
6056 2 73.0135 73.1066
6057 2 72.5451 73.9855
6058 2 71.3471 72.4035
6059 2 70.9064 73.5021
6060 2 69.6615 73.3263
6061 2 68.4362 73.8097
6062 1 66.7449 72.4474
6063 4 71.3000 27.1000
6064 5 70.6331 32.0347
6065 1 69.9107 30.2013
6066 2 70.2483 31.3440
6067 4 70.7408 20.9218
6068 1 68.8667 16.8799
6069 2 69.1093 16.6760
6070 2 69.4797 16.6204
6071 2 69.6952 16.6772
6072 2 69.4005 15.4528
6073 2 62.9610 4.1784
6074 4 71.4801 22.3937
6075 3 71.6815 25.6676
6076 2 71.4312 28.9855
6077 2 69.3538 33.5778
6078 2 69.5928 39.2487
6079 1 69.8150 19.7537
6080 1 70.5503 25.5291
6081 4 59.1628 -3.8020
6082 4 58.9722 -3.6165
6083 2 58.8184 -2.7506
6084 2 58.8785 -2.8857
6085 2 58.9046 -3.0555
6086 2 58.9118 -3.2748
6087 2 58.9423 -3.3446
6088 1 57.7002 -2.9556
6089 3 57.6612 -3.8676
6090 4 57.6763 -3.9556
6091 2 57.6956 -4.0969
6092 2 57.6801 -4.1851
6093 2 57.6726 -4.2627
6094 1 57.6027 -4.3925
6095 2 57.7461 -2.0756
6096 2 57.7579 -3.4434
6097 2 58.2960 -3.1358
6098 2 25.9042 123.9952
6099 2 24.2347 120.1716
6100 2 23.8715 119.8903
6101 2 22.7595 119.8646
6102 2 -54.1603 -58.4653
6103 2 -52.1607 -53.1719
6104 2 -49.9453 -48.3567
6105 2 -47.5484 -43.9813
6106 4 -45.0000 -40.0000
6107 2 -54.8516 -57.4485
6108 2 -53.4382 -51.0405
6109 2 -51.7055 -45.0894
6110 2 -49.6953 -39.6104
6111 2 -47.4480 -34.5908
6112 5 -45.0000 -30.0000
6113 2 -55.4804 -56.7901
6114 2 -54.6136 -49.5606
6115 2 -53.3367 -42.7013
6116 2 -51.6913 -36.2955
6117 2 -49.7233 -30.3807
6118 2 -47.4787 -24.9572
6119 6 -45.0000 -20.0000
6120 2 -49.0866 -54.6505
6121 2 -47.9356 -49.5186
6122 2 -46.5665 -44.6307
6123 2 -49.6520 -53.5960
6124 2 -48.9574 -47.3274
6125 2 -47.9339 -41.2707
6126 2 -46.6054 -35.4830
6127 2 -50.1801 -53.9607
6128 2 -50.0461 -47.9157
6129 2 -49.6011 -41.9429
6130 2 -48.8556 -36.1140
6131 2 -47.8259 -30.4879
6132 2 -46.5329 -25.1077
6133 2 -49.6396 -51.2303
6134 2 -47.4569 -45.3677
6135 2 -50.7555 -51.5450
6136 2 -49.7085 -45.7170
6137 2 -48.3825 -40.1665
6138 2 -46.8038 -34.9236
6139 2 -51.3185 -50.7743
6140 2 -50.7456 -44.0598
6141 2 -49.7983 -37.5593
6142 2 -48.5030 -31.3525
6143 2 -46.8919 -25.4911
6144 2 -54.2050 -36.4078
6145 2 -52.1330 -31.6977
6146 2 -49.8905 -27.4225
6147 2 -47.5050 -23.5384
6148 2 -52.8782 -30.3154
6149 2 -51.2593 -24.6227
6150 2 -49.3840 -19.3464
6151 2 -47.2870 -14.4796
6152 4 -45.0000 -10.0000
6153 2 -40.9122 -55.9347
6154 2 -42.2688 -50.3755
6155 2 -43.3460 -44.5978
6156 2 -44.1230 -38.6412
6157 2 -44.5833 -32.5588
6158 2 -44.7169 -26.4140
6159 2 -44.5208 -20.2758
6160 2 -43.9993 -14.2126
6161 2 -43.1639 -8.2863
6162 2 -42.0318 -2.5475
6163 2 -40.6248 2.9668
6164 2 -38.9669 8.2341
6165 2 -37.0835 13.2447
6166 2 -40.7881 -56.5534
6167 2 -42.0774 -51.6563
6168 2 -43.1504 -46.5738
6169 2 -43.9911 -41.3297
6170 2 -44.5857 -35.9575
6171 2 -44.9240 -30.4985
6172 3 -45.0000 -25.0000
6173 2 -36.8618 -49.4610
6174 2 -38.2433 -44.1169
6175 2 -39.3737 -38.5852
6176 2 -40.2344 -32.8937
6177 2 -40.8099 -27.0804
6178 2 -41.0895 -21.1918
6179 2 -41.0678 -15.2800
6180 2 -40.7450 -9.3992
6181 2 -40.1276 -3.6007
6182 2 -39.2270 2.0699
6183 2 -38.0592 7.5760
6184 2 -36.6432 12.8914
6185 2 -37.2338 -50.1172
6186 2 -39.0398 -45.4034
6187 2 -40.6466 -40.4565
6188 2 -42.0323 -35.2829
6189 2 -43.1760 -29.8996
6190 2 -44.0585 -24.3348
6191 2 -44.6636 -18.6287
6192 2 -44.9796 -12.8314
6193 3 -45.0000 -7.0000
6194 2 -33.8573 -46.9598
6195 2 -35.3183 -41.9398
6196 2 -36.5647 -36.7490
6197 2 -37.5791 -31.4043
6198 2 -38.3466 -25.9303
6199 2 -38.8548 -20.3592
6200 2 -39.0953 -14.7292
6201 2 -39.0639 -9.0825
6202 2 -38.7612 -3.4625
6203 2 -38.1923 2.0895
6204 2 -37.3667 7.5363
6205 2 -36.2974 12.8474
6206 2 -34.5153 -47.3969
6207 2 -36.6638 -42.7515
6208 2 -38.6219 -37.8516
6209 2 -40.3646 -32.6925
6210 2 -41.8666 -27.2792
6211 2 -43.1029 -21.6293
6212 2 -44.0507 -15.7744
6213 2 -44.6910 -9.7608
6214 2 -45.0098 -3.6469
6215 3 -45.0000 2.5000
6216 2 -32.1576 -44.8583
6217 2 -33.6398 -40.0540
6218 2 -34.9300 -35.0927
6219 2 -36.0125 -29.9859
6220 2 -36.8729 -24.7519
6221 2 -37.4992 -19.4151
6222 2 -37.8819 -14.0058
6223 2 -38.0151 -8.5586
6224 2 -37.8968 -3.1102
6225 2 -37.5287 2.3023
6226 2 -36.9166 7.6443
6227 2 -36.0697 12.8851
6228 2 -32.8636 -45.3591
6229 2 -35.0834 -40.9987
6230 2 -37.1387 -36.4037
6231 2 -39.0071 -31.5642
6232 2 -40.6652 -26.4776
6233 2 -42.0893 -21.1505
6234 2 -43.2564 -15.6017
6235 2 -44.1457 -9.8625
6236 2 -44.7399 -3.9775
6237 2 -45.0267 1.9976
6238 3 -45.0000 8.0000
6239 2 -26.1959 -42.0269
6240 2 -27.9615 -37.6173
6241 2 -29.5821 -33.0673
6242 2 -31.0427 -28.3764
6243 2 -32.3286 -23.5482
6244 2 -33.4257 -18.5915
6245 2 -34.3209 -13.5198
6246 2 -35.0030 -8.3520
6247 2 -35.4629 -3.1116
6248 2 -35.6942 2.1738
6249 2 -35.6935 7.4746
6250 2 -35.4611 12.7600
6251 2 -27.0753 -42.4180
6252 2 -29.7387 -38.3431
6253 2 -32.2705 -34.0514
6254 2 -34.6492 -29.5211
6255 2 -36.8507 -24.7336
6256 2 -38.8492 -19.6759
6257 2 -40.6176 -14.3433
6258 2 -42.1281 -8.7428
6259 2 -43.3538 -2.8954
6260 2 -44.2704 3.1618
6261 2 -44.8581 9.3758
6262 2 -45.1032 15.6801
6263 3 -45.0000 22.0000
6264 2 -25.4188 -37.0057
6265 2 -27.2089 -32.5773
6266 2 -28.8554 -28.0104
6267 2 -30.3434 -23.3038
6268 2 -31.6578 -18.4606
6269 2 -32.7844 -13.4886
6270 2 -33.7099 -8.4007
6271 2 -34.4227 -3.2149
6272 2 -34.9133 2.0459
6273 2 -35.1750 7.3551
6274 2 -35.2040 12.6833
6275 2 -26.1601 -37.6716
6276 2 -28.7250 -33.8769
6277 2 -31.1789 -29.8956
6278 2 -33.5038 -25.7083
6279 2 -35.6802 -21.2974
6280 2 -37.6871 -16.6492
6281 2 -39.5017 -11.7554
6282 2 -41.1007 -6.6154
6283 2 -42.4605 -1.2388
6284 2 -43.5585 4.3527
6285 2 -44.3749 10.1246
6286 2 -44.8935 16.0292
6287 2 -45.1033 22.0090
6288 3 -45.0000 28.0000
6289 2 -22.0930 -35.3904
6290 2 -24.0802 -31.1603
6291 2 -25.9476 -26.8012
6292 2 -27.6804 -22.3068
6293 2 -29.2637 -17.6740
6294 2 -30.6825 -12.9033
6295 2 -31.9220 -7.9995
6296 2 -32.9683 -2.9724
6297 2 -33.8088 2.1630
6298 2 -34.4328 7.3870
6299 2 -34.8317 12.6753
6300 2 -22.8362 -35.9609
6301 2 -25.5909 -32.2734
6302 2 -28.2488 -28.4151
6303 2 -30.7930 -24.3640
6304 2 -33.2045 -20.0985
6305 2 -35.4625 -15.5994
6306 2 -37.5442 -10.8510
6307 2 -39.4253 -5.8435
6308 2 -41.0803 -0.5756
6309 2 -42.4836 4.9430
6310 2 -43.6109 10.6890
6311 2 -44.4405 16.6248
6312 2 -44.9549 22.6985
6313 2 -45.1428 28.8468
6314 4 -45.0000 35.0000
6315 2 -15.4713 -32.3794
6316 2 -17.8756 -28.4677
6317 2 -20.1998 -24.4506
6318 2 -22.4300 -20.3143
6319 2 -24.5515 -16.0462
6320 2 -26.5489 -11.6358
6321 2 -28.4059 -7.0747
6322 2 -30.1057 -2.3579
6323 2 -31.6314 2.5152
6324 2 -32.9662 7.5404
6325 2 -34.0939 12.7074
6326 2 -15.9582 -32.9698
6327 2 -18.8668 -29.6435
6328 2 -21.7142 -26.2011
6329 2 -24.4878 -22.6214
6330 2 -27.1732 -18.8830
6331 2 -29.7547 -14.9639
6332 2 -32.2148 -10.8425
6333 2 -34.5339 -6.4989
6334 2 -36.6906 -1.9154
6335 2 -38.6618 2.9208
6336 2 -40.4231 8.0156
6337 2 -41.9494 13.3653
6338 2 -43.2158 18.9542
6339 2 -44.1996 24.7530
6340 2 -44.8811 30.7177
6341 2 -45.2459 36.7917
6342 2 -45.2858 42.9091
6343 3 -45.0000 49.0000
6344 2 -7.9690 -30.4205
6345 2 -10.6602 -26.9961
6346 2 -13.3136 -23.5110
6347 2 -15.9185 -19.9494
6348 2 -18.4634 -16.2953
6349 2 -20.9363 -12.5327
6350 2 -23.3240 -8.6461
6351 2 -25.6124 -4.6202
6352 2 -27.7864 -0.4413
6353 2 -29.8296 3.9029
6354 2 -31.7250 8.4216
6355 2 -33.4546 13.1204
6356 2 -8.3923 -30.6286
6357 2 -11.5089 -27.4056
6358 2 -14.5892 -24.1108
6359 2 -17.6220 -20.7231
6360 2 -20.5951 -17.2208
6361 2 -23.4950 -13.5808
6362 2 -26.3065 -9.7796
6363 2 -29.0130 -5.7930
6364 2 -31.5956 -1.5970
6365 2 -34.0335 2.8313
6366 2 -36.3034 7.5123
6367 2 -38.3804 12.4615
6368 2 -40.2374 17.6871
6369 2 -41.8468 23.1869
6370 2 -43.1812 28.9454
6371 2 -44.2148 34.9312
6372 2 -44.9260 41.0968
6373 2 -45.2984 47.3795
6374 2 -45.3233 53.7063
6375 3 -45.0000 60.0000
6376 2 -36.9489 13.6664
6377 2 -38.7323 9.1153
6378 2 -40.3306 4.3436
6379 2 -41.7238 -0.6441
6380 2 -42.8923 -5.8344
6381 2 -43.8180 -11.2039
6382 2 -44.4851 -16.7182
6383 2 -44.8816 -22.3339
6384 3 -45.0000 -28.0000
6385 2 -36.5373 21.6015
6386 2 -38.4046 16.9753
6387 2 -40.0808 12.1168
6388 2 -41.5442 7.0293
6389 2 -42.7737 1.7256
6390 2 -43.7492 -3.7701
6391 2 -44.4535 -9.4220
6392 2 -44.8732 -15.1836
6393 3 -45.0000 -21.0000
6394 2 -23.4758 54.4603
6395 2 -26.1683 50.7708
6396 2 -28.7625 46.9101
6397 2 -31.2414 42.8571
6398 2 -33.5865 38.5918
6399 2 -35.7773 34.0963
6400 2 -37.7916 29.3567
6401 2 -39.6058 24.3653
6402 2 -41.1954 19.1225
6403 2 -42.5362 13.6400
6404 2 -43.6050 7.9421
6405 2 -44.3815 2.0670
6406 2 -44.8499 -3.9342
6407 2 -22.8807 66.3833
6408 2 -25.6761 62.6121
6409 2 -28.3700 58.6631
6410 2 -30.9443 54.5130
6411 2 -33.3788 50.1397
6412 2 -35.6514 45.5232
6413 2 -37.7379 40.6478
6414 2 -39.6123 35.5047
6415 2 -41.2480 30.0943
6416 2 -42.6181 24.4296
6417 2 -43.6976 18.5378
6418 2 -44.4645 12.4621
6419 2 -44.9020 6.2600
6420 3 -45.0000 0.0000
6421 2 -22.8807 76.3833
6422 2 -25.6761 72.6121
6423 2 -28.3700 68.6631
6424 2 -30.9443 64.5130
6425 2 -33.3788 60.1397
6426 2 -35.6514 55.5232
6427 2 -37.7379 50.6478
6428 2 -39.6123 45.5047
6429 2 -41.2480 40.0943
6430 2 -42.6181 34.4296
6431 2 -43.6976 28.5378
6432 2 -44.4645 22.4621
6433 2 -44.9020 16.2600
6434 3 -45.0000 10.0000
6435 2 -10.1385 100.7524
6436 2 -13.2444 97.4408
6437 2 -16.3066 94.0442
6438 2 -19.3128 90.5407
6439 2 -22.2497 86.9074
6440 2 -25.1024 83.1207
6441 2 -27.8545 79.1564
6442 2 -30.4875 74.9903
6443 2 -32.9808 70.5988
6444 2 -35.3118 65.9607
6445 2 -37.4554 61.0589
6446 2 -39.3852 55.8829
6447 2 -41.0732 50.4318
6448 2 -42.4915 44.7172
6449 2 -43.6138 38.7661
6450 2 -44.4168 32.6217
6451 2 -44.8825 26.3428
6452 3 -45.0000 20.0000
6453 2 -11.7015 107.0986
6454 2 -14.6678 103.8784
6455 2 -17.5886 100.5705
6456 2 -20.4526 97.1549
6457 2 -23.2475 93.6111
6458 2 -25.9595 89.9179
6459 2 -28.5734 86.0536
6460 2 -31.0725 81.9970
6461 2 -33.4378 77.7274
6462 2 -35.6489 73.2266
6463 2 -37.6833 68.4802
6464 2 -39.5171 63.4800
6465 2 -41.1257 58.2259
6466 2 -42.4842 52.7290
6467 2 -43.5693 47.0135
6468 2 -44.3601 41.1174
6469 2 -44.8405 35.0923
6470 3 -45.0000 29.0000
6471 2 -12.0691 112.4709
6472 2 -15.0024 109.2721
6473 2 -17.8899 105.9850
6474 2 -20.7204 102.5902
6475 2 -23.4819 99.0677
6476 2 -26.1608 95.3968
6477 2 -28.7425 91.5565
6478 2 -31.2102 87.5261
6479 2 -33.5457 83.2857
6480 2 -35.7288 78.8177
6481 2 -37.7377 74.1083
6482 2 -39.5492 69.1497
6483 2 -41.1392 63.9422
6484 2 -42.4838 58.4966
6485 2 -43.5600 52.8364
6486 2 -44.3478 46.9987
6487 2 -44.8312 41.0333
6488 2 -26.2092 109.2845
6489 2 -28.8185 105.3952
6490 2 -31.3107 101.3106
6491 2 -33.6668 97.0103
6492 2 -35.8657 92.4762
6493 2 -37.8849 87.6944
6494 2 -39.7002 82.6571
6495 2 -41.2866 77.3656
6496 2 -42.6193 71.8322
6497 2 -43.6750 66.0827
6498 2 -44.4332 60.1571
6499 2 -44.8781 54.1084
6500 3 -45.0000 48.0000
6501 2 -36.5346 110.8077
6502 2 -38.3719 106.2624
6503 2 -40.0249 101.4926
6504 2 -41.4731 96.5012
6505 2 -42.6963 91.3000
6506 2 -43.6753 85.9112
6507 2 -44.3936 80.3681
6508 2 -44.8380 74.7139
6509 3 -45.0000 69.0000
6510 2 -37.5827 113.1840
6511 2 -39.4588 108.1050
6512 2 -41.1024 102.7629
6513 2 -42.4873 97.1690
6514 2 -43.5888 91.3485
6515 2 -44.3850 85.3420
6516 2 -44.8590 79.2039
6517 3 -45.0000 73.0000
6518 2 -40.4478 136.0548
6519 2 -41.9742 130.8629
6520 2 -43.2558 125.4372
6521 2 -44.2707 119.8033
6522 3 -45.0000 114.0000
6523 2 -44.7869 140.8208
6524 2 -45.3339 135.5206
6525 2 -45.6317 130.1409
6526 2 -45.6751 124.7284
6527 2 -45.4633 119.3321
6528 2 -23.5110 -73.6437
6529 2 -26.7299 -76.8088
6530 2 -29.8745 -80.1561
6531 2 -32.9292 -83.7182
6532 2 -35.8757 -87.5304
6533 2 -38.6926 -91.6305
6534 2 -41.3549 -96.0571
6535 2 -43.8334 -100.8476
6536 2 -46.0951 -106.0339
6537 2 -48.1029 -111.6376
6538 2 -49.8173 -117.6616
6539 2 -51.1981 -124.0830
6540 2 -52.2076 -130.8457
6541 2 -52.8150 -137.8585
6542 3 -53.0000 -145.0000
6543 2 -36.0052 -75.8991
6544 2 -38.8743 -80.0999
6545 2 -41.5806 -84.6436
6546 2 -44.0928 -89.5698
6547 2 -46.3751 -94.9119
6548 2 -48.3879 -100.6909
6549 2 -50.0887 -106.9069
6550 2 -51.4349 -113.5303
6551 2 -52.3875 -120.4948
6552 2 -52.9154 -127.6962
6553 3 -53.0000 -135.0000
6554 3 -53.0000 -85.0000
6555 2 -54.3724 -78.3878
6556 2 -37.2965 118.9258
6557 2 -39.9299 123.0009
6558 2 -42.4095 127.3921
6559 2 -44.7081 132.1308
6560 2 -46.7951 137.2425
6561 2 -48.6368 142.7410
6562 2 -50.1981 148.6229
6563 2 -51.4437 154.8604
6564 2 -52.3415 161.3972
6565 2 -52.8657 168.1471
6566 3 -53.0000 175.0000
6567 2 -38.3331 122.0576
6568 2 -41.0153 126.4362
6569 2 -43.5181 131.1734
6570 2 -45.8089 136.3023
6571 2 -47.8513 141.8459
6572 2 -49.6060 147.8102
6573 2 -51.0329 154.1762
6574 2 -52.0938 160.8927
6575 2 -52.7568 167.8731
6576 2 -46.2323 151.1821
6577 2 -48.2114 156.7774
6578 2 -49.8982 162.7874
6579 2 -51.2535 169.1880
6580 2 -52.2405 175.9226
6581 2 -52.8291 -177.1001
6582 3 -53.0000 -170.0000
6583 2 -51.2393 175.8989
6584 2 -52.1670 -177.9182
6585 2 -52.7594 -171.5207
6586 3 -53.0000 -165.0000
6587 2 -48.7145 174.7036
6588 2 -50.1790 -179.7537
6589 2 -51.3641 -173.8953
6590 2 -52.2430 -167.7673
6591 2 -52.7932 -161.4391
6592 3 -53.0000 -155.0000
6593 2 -44.3223 179.6594
6594 2 -46.4401 -175.3149
6595 2 -48.3206 -169.9067
6596 2 -49.9292 -164.1161
6597 2 -51.2309 -157.9655
6598 2 -52.1930 -151.5053
6599 2 -52.7888 -144.8151
6600 3 -53.0000 -138.0000
6601 2 -40.3654 -176.4383
6602 2 -42.7777 -172.0652
6603 2 -45.0105 -167.3515
6604 2 -47.0342 -162.2742
6605 2 -48.8165 -156.8219
6606 2 -50.3238 -151.0001
6607 2 -51.5226 -144.8377
6608 2 -52.3828 -138.3907
6609 2 -52.8802 -131.7429
6610 3 -53.0000 -125.0000
6611 3 -53.0000 -120.0000
6612 3 -53.0000 -115.0000
6613 3 -53.0000 -110.0000
6614 4 -53.0000 -105.0000
6615 3 -53.0000 -95.0000
6616 3 -53.0000 -90.0000
6617 2 -33.1387 -176.3330
6618 2 -36.1620 -172.3991
6619 2 -39.0466 -168.1571
6620 2 -41.7647 -163.5649
6621 2 -44.2842 -158.5820
6622 2 -46.5683 -153.1746
6623 2 -48.5762 -147.3223
6624 2 -50.2643 -141.0265
6625 2 -51.5892 -134.3203
6626 2 -52.5114 -127.2748
6627 2 -33.0510 -176.4284
6628 2 -35.9930 -172.6050
6629 2 -38.8045 -168.4922
6630 2 -41.4602 -164.0513
6631 2 -43.9309 -159.2451
6632 2 -46.1832 -154.0417
6633 2 -48.1801 -148.4204
6634 2 -49.8819 -142.3789
6635 2 -51.2484 -135.9416
6636 2 -52.2421 -129.1660
6637 2 -52.8326 -122.1446
6638 2 -32.9900 -176.5245
6639 2 -35.8771 -172.8096
6640 2 -38.6413 -168.8198
6641 2 -41.2593 -164.5188
6642 2 -43.7042 -159.8710
6643 2 -45.9453 -154.8454
6644 2 -47.9482 -149.4201
6645 2 -49.6760 -143.5890
6646 2 -51.0908 -137.3692
6647 2 -52.1565 -130.8073
6648 2 -52.8423 -123.9826
6649 2 -53.1266 -117.0041
6650 2 -33.1729 -176.3542
6651 2 -36.2317 -172.4395
6652 2 -39.1527 -168.2136
6653 2 -41.9083 -163.6324
6654 2 -44.4657 -158.6537
6655 2 -46.7877 -153.2409
6656 2 -48.8325 -147.3711
6657 2 -50.5553 -141.0433
6658 2 -51.9111 -134.2891
6659 2 -52.8587 -127.1802
6660 2 -53.3657 -119.8297
6661 2 -53.4134 -112.3831
6662 2 -23.3118 -176.9707
6663 2 -26.5624 -173.7880
6664 2 -29.7382 -170.4216
6665 2 -32.8233 -166.8382
6666 2 -35.7991 -163.0017
6667 2 -38.6436 -158.8733
6668 2 -41.3314 -154.4134
6669 2 -43.8325 -149.5838
6670 2 -46.1131 -144.3514
6671 2 -48.1351 -138.6943
6672 2 -49.8579 -132.6096
6673 2 -51.2403 -126.1217
6674 2 -52.2438 -119.2890
6675 2 -52.8371 -112.2065
6676 2 -13.4642 -177.2447
6677 2 -16.8975 -174.4087
6678 2 -20.2903 -171.4682
6679 2 -23.6318 -168.3969
6680 2 -26.9098 -165.1662
6681 2 -30.1099 -161.7446
6682 2 -33.2154 -158.0973
6683 2 -36.2068 -154.1866
6684 2 -39.0611 -149.9725
6685 2 -41.7512 -145.4141
6686 2 -44.2458 -140.4721
6687 2 -46.5091 -135.1139
6688 2 -48.5014 -129.3196
6689 2 -50.1803 -123.0905
6690 2 -51.5037 -116.4581
6691 2 -52.4329 -109.4902
6692 2 -52.9376 -102.2924
6693 2 -3.4216 -177.4177
6694 2 -6.8361 -174.8169
6695 2 -10.2366 -172.1788
6696 2 -13.6153 -169.4836
6697 2 -16.9642 -166.7106
6698 2 -20.2743 -163.8374
6699 2 -23.5355 -160.8398
6700 2 -26.7365 -157.6911
6701 2 -29.8639 -154.3622
6702 2 -32.9024 -150.8209
6703 2 -35.8342 -147.0325
6704 2 -38.6380 -142.9599
6705 2 -41.2895 -138.5651
6706 2 -43.7600 -133.8114
6707 2 -46.0170 -128.6669
6708 2 -48.0243 -123.1102
6709 2 -49.7431 -117.1373
6710 2 -51.1337 -110.7697
6711 2 -52.1589 -104.0606
6712 2 -52.7879 -97.0981
6713 3 15.1443 54.1126
6714 2 15.2426 41.1801
6715 2 74.5433 81.7383
6716 2 76.1430 89.8242
6717 1 77.2545 93.5156
6718 1 74.5433 122.0801
6719 2 74.2597 127.0898
6720 2 73.6278 130.4297
6721 2 72.6334 132.1875
6722 2 72.4223 135.8789
6723 2 73.0738 138.6914
6724 2 73.0586 145.5619
6725 2 72.6144 152.5670
6726 2 71.6637 159.2578
6727 2 70.5980 165.3333
6728 2 70.3779 167.6953
6729 2 70.2891 169.9420
