windSpeed	relativeAngle	shipSpeed	value
1	0	5	0.00
1	5	5	0.00
1	10	5	0.00
1	15	5	0.00
1	20	5	0.00
1	25	5	0.00
1	30	5	0.00
1	35	5	0.00
1	40	5	0.00
1	45	5	0.00
1	50	5	0.00
1	55	5	0.00
1	60	5	0.00
1	65	5	0.00
1	70	5	0.00
1	75	5	0.00
1	80	5	0.00
1	85	5	0.00
1	90	5	0.00
1	95	5	0.00
1	100	5	0.00
1	105	5	0.00
1	110	5	0.00
1	115	5	0.00
1	120	5	0.00
1	125	5	0.00
1	130	5	0.00
1	135	5	0.00
1	140	5	0.00
1	145	5	0.00
1	150	5	0.00
1	155	5	0.00
1	160	5	0.00
1	165	5	0.00
1	170	5	0.00
1	175	5	0.00
1	180	5	0.00
1	0	6	0.00
1	5	6	0.00
1	10	6	0.00
1	15	6	0.00
1	20	6	0.00
1	25	6	0.00
1	30	6	0.00
1	35	6	0.00
1	40	6	0.00
1	45	6	0.00
1	50	6	0.00
1	55	6	0.00
1	60	6	0.00
1	65	6	0.00
1	70	6	0.00
1	75	6	0.00
1	80	6	0.00
1	85	6	0.00
1	90	6	0.00
1	95	6	0.00
1	100	6	0.00
1	105	6	0.00
1	110	6	0.00
1	115	6	0.00
1	120	6	0.00
1	125	6	0.00
1	130	6	0.00
1	135	6	0.00
1	140	6	0.00
1	145	6	0.00
1	150	6	0.00
1	155	6	0.00
1	160	6	0.00
1	165	6	0.00
1	170	6	0.00
1	175	6	0.00
1	180	6	0.00
1	0	7	0.00
1	5	7	0.00
1	10	7	0.00
1	15	7	0.00
1	20	7	0.00
1	25	7	0.00
1	30	7	0.00
1	35	7	0.00
1	40	7	0.00
1	45	7	0.00
1	50	7	0.00
1	55	7	0.00
1	60	7	0.00
1	65	7	0.00
1	70	7	0.00
1	75	7	0.00
1	80	7	0.00
1	85	7	0.00
1	90	7	0.00
1	95	7	0.00
1	100	7	0.00
1	105	7	0.00
1	110	7	0.00
1	115	7	0.00
1	120	7	0.00
1	125	7	0.00
1	130	7	0.00
1	135	7	0.00
1	140	7	0.00
1	145	7	0.00
1	150	7	0.00
1	155	7	0.00
1	160	7	0.00
1	165	7	0.00
1	170	7	0.00
1	175	7	0.00
1	180	7	0.00
1	0	8	0.00
1	5	8	0.00
1	10	8	0.00
1	15	8	0.00
1	20	8	0.00
1	25	8	0.00
1	30	8	0.00
1	35	8	0.00
1	40	8	0.00
1	45	8	0.00
1	50	8	0.00
1	55	8	0.00
1	60	8	0.00
1	65	8	0.00
1	70	8	0.00
1	75	8	0.00
1	80	8	0.00
1	85	8	0.00
1	90	8	0.00
1	95	8	0.00
1	100	8	0.00
1	105	8	0.00
1	110	8	0.00
1	115	8	0.00
1	120	8	0.00
1	125	8	0.00
1	130	8	0.00
1	135	8	0.00
1	140	8	0.00
1	145	8	0.00
1	150	8	0.00
1	155	8	0.00
1	160	8	0.00
1	165	8	0.00
1	170	8	0.00
1	175	8	0.00
1	180	8	0.00
1	0	9	0.00
1	5	9	0.00
1	10	9	0.00
1	15	9	0.00
1	20	9	0.00
1	25	9	0.00
1	30	9	0.00
1	35	9	0.00
1	40	9	0.00
1	45	9	0.00
1	50	9	0.00
1	55	9	0.00
1	60	9	0.00
1	65	9	0.00
1	70	9	0.00
1	75	9	0.00
1	80	9	0.00
1	85	9	0.00
1	90	9	0.00
1	95	9	0.00
1	100	9	0.00
1	105	9	0.00
1	110	9	0.00
1	115	9	0.00
1	120	9	0.00
1	125	9	0.00
1	130	9	0.00
1	135	9	0.00
1	140	9	0.00
1	145	9	0.00
1	150	9	0.00
1	155	9	0.00
1	160	9	0.00
1	165	9	0.00
1	170	9	0.00
1	175	9	0.00
1	180	9	0.00
1	0	10	0.00
1	5	10	0.00
1	10	10	0.00
1	15	10	0.00
1	20	10	0.00
1	25	10	0.00
1	30	10	0.00
1	35	10	0.00
1	40	10	0.00
1	45	10	0.00
1	50	10	0.00
1	55	10	0.00
1	60	10	0.00
1	65	10	0.00
1	70	10	0.00
1	75	10	0.00
1	80	10	0.00
1	85	10	0.00
1	90	10	0.00
1	95	10	0.00
1	100	10	0.00
1	105	10	0.00
1	110	10	0.00
1	115	10	0.00
1	120	10	0.00
1	125	10	0.00
1	130	10	0.00
1	135	10	0.00
1	140	10	0.00
1	145	10	0.00
1	150	10	0.00
1	155	10	0.00
1	160	10	0.00
1	165	10	0.00
1	170	10	0.00
1	175	10	0.00
1	180	10	0.00
1	0	11	0.00
1	5	11	0.00
1	10	11	0.00
1	15	11	0.00
1	20	11	0.00
1	25	11	0.00
1	30	11	0.00
1	35	11	0.00
1	40	11	0.00
1	45	11	0.00
1	50	11	0.00
1	55	11	0.00
1	60	11	0.00
1	65	11	0.00
1	70	11	0.00
1	75	11	0.00
1	80	11	0.00
1	85	11	0.00
1	90	11	0.00
1	95	11	0.00
1	100	11	0.00
1	105	11	0.00
1	110	11	0.00
1	115	11	0.00
1	120	11	0.00
1	125	11	0.00
1	130	11	0.00
1	135	11	0.00
1	140	11	0.00
1	145	11	0.00
1	150	11	0.00
1	155	11	0.00
1	160	11	0.00
1	165	11	0.00
1	170	11	0.00
1	175	11	0.00
1	180	11	0.00
1	0	12	0.00
1	5	12	0.00
1	10	12	0.00
1	15	12	0.00
1	20	12	0.00
1	25	12	0.00
1	30	12	0.00
1	35	12	0.00
1	40	12	0.00
1	45	12	0.00
1	50	12	0.00
1	55	12	0.00
1	60	12	0.00
1	65	12	0.00
1	70	12	0.00
1	75	12	0.00
1	80	12	0.00
1	85	12	0.00
1	90	12	0.00
1	95	12	0.00
1	100	12	0.00
1	105	12	0.00
1	110	12	0.00
1	115	12	0.00
1	120	12	0.00
1	125	12	0.00
1	130	12	0.00
1	135	12	0.00
1	140	12	0.00
1	145	12	0.00
1	150	12	0.00
1	155	12	0.00
1	160	12	0.00
1	165	12	0.00
1	170	12	0.00
1	175	12	0.00
1	180	12	0.00
1	0	13	0.00
1	5	13	0.00
1	10	13	0.00
1	15	13	0.00
1	20	13	0.00
1	25	13	0.00
1	30	13	0.00
1	35	13	0.00
1	40	13	0.00
1	45	13	0.00
1	50	13	0.00
1	55	13	0.00
1	60	13	0.00
1	65	13	0.00
1	70	13	0.00
1	75	13	0.00
1	80	13	0.00
1	85	13	0.00
1	90	13	0.00
1	95	13	0.00
1	100	13	0.00
1	105	13	0.00
1	110	13	0.00
1	115	13	0.00
1	120	13	0.00
1	125	13	0.00
1	130	13	0.00
1	135	13	0.00
1	140	13	0.00
1	145	13	0.00
1	150	13	0.00
1	155	13	0.00
1	160	13	0.00
1	165	13	0.00
1	170	13	0.00
1	175	13	0.00
1	180	13	0.00
1	0	14	0.00
1	5	14	0.00
1	10	14	0.00
1	15	14	0.00
1	20	14	0.00
1	25	14	0.00
1	30	14	0.00
1	35	14	0.00
1	40	14	0.00
1	45	14	0.00
1	50	14	0.00
1	55	14	0.00
1	60	14	0.00
1	65	14	0.00
1	70	14	0.00
1	75	14	0.00
1	80	14	0.00
1	85	14	0.00
1	90	14	0.00
1	95	14	0.00
1	100	14	0.00
1	105	14	0.00
1	110	14	0.00
1	115	14	0.00
1	120	14	0.00
1	125	14	0.00
1	130	14	0.00
1	135	14	0.00
1	140	14	0.00
1	145	14	0.00
1	150	14	0.00
1	155	14	0.00
1	160	14	0.00
1	165	14	0.00
1	170	14	0.00
1	175	14	0.00
1	180	14	0.00
1	0	15	0.00
1	5	15	0.00
1	10	15	0.00
1	15	15	0.00
1	20	15	0.00
1	25	15	0.00
1	30	15	0.00
1	35	15	0.00
1	40	15	0.00
1	45	15	0.00
1	50	15	0.00
1	55	15	0.00
1	60	15	0.00
1	65	15	0.00
1	70	15	0.00
1	75	15	0.00
1	80	15	0.00
1	85	15	0.00
1	90	15	0.00
1	95	15	0.00
1	100	15	0.00
1	105	15	0.00
1	110	15	0.00
1	115	15	0.00
1	120	15	0.00
1	125	15	0.00
1	130	15	0.00
1	135	15	0.00
1	140	15	0.00
1	145	15	0.00
1	150	15	0.00
1	155	15	0.00
1	160	15	0.00
1	165	15	0.00
1	170	15	0.00
1	175	15	0.00
1	180	15	0.00
1	0	16	0.00
1	5	16	0.00
1	10	16	0.00
1	15	16	0.00
1	20	16	0.00
1	25	16	0.00
1	30	16	0.00
1	35	16	0.00
1	40	16	0.00
1	45	16	0.00
1	50	16	0.00
1	55	16	0.00
1	60	16	0.00
1	65	16	0.00
1	70	16	0.00
1	75	16	0.00
1	80	16	0.00
1	85	16	0.00
1	90	16	0.00
1	95	16	0.00
1	100	16	0.00
1	105	16	0.00
1	110	16	0.00
1	115	16	0.00
1	120	16	0.00
1	125	16	0.00
1	130	16	0.00
1	135	16	0.00
1	140	16	0.00
1	145	16	0.00
1	150	16	0.00
1	155	16	0.00
1	160	16	0.00
1	165	16	0.00
1	170	16	0.00
1	175	16	0.00
1	180	16	0.00
1	0	17	0.00
1	5	17	0.00
1	10	17	0.00
1	15	17	0.00
1	20	17	0.00
1	25	17	0.00
1	30	17	0.00
1	35	17	0.00
1	40	17	0.00
1	45	17	0.00
1	50	17	0.00
1	55	17	0.00
1	60	17	0.00
1	65	17	0.00
1	70	17	0.00
1	75	17	0.00
1	80	17	0.00
1	85	17	0.00
1	90	17	0.00
1	95	17	0.00
1	100	17	0.00
1	105	17	0.00
1	110	17	0.00
1	115	17	0.00
1	120	17	0.00
1	125	17	0.00
1	130	17	0.00
1	135	17	0.00
1	140	17	0.00
1	145	17	0.00
1	150	17	0.00
1	155	17	0.00
1	160	17	0.00
1	165	17	0.00
1	170	17	0.00
1	175	17	0.00
1	180	17	0.00
1	0	18	0.00
1	5	18	0.00
1	10	18	0.00
1	15	18	0.00
1	20	18	0.00
1	25	18	0.00
1	30	18	0.00
1	35	18	0.00
1	40	18	0.00
1	45	18	0.00
1	50	18	0.00
1	55	18	0.00
1	60	18	0.00
1	65	18	0.00
1	70	18	0.00
1	75	18	0.00
1	80	18	0.00
1	85	18	0.00
1	90	18	0.00
1	95	18	0.00
1	100	18	0.00
1	105	18	0.00
1	110	18	0.00
1	115	18	0.00
1	120	18	0.00
1	125	18	0.00
1	130	18	0.00
1	135	18	0.00
1	140	18	0.00
1	145	18	0.00
1	150	18	0.00
1	155	18	0.00
1	160	18	0.00
1	165	18	0.00
1	170	18	0.00
1	175	18	0.00
1	180	18	0.00
1	0	19	0.00
1	5	19	0.00
1	10	19	0.00
1	15	19	0.00
1	20	19	0.00
1	25	19	0.00
1	30	19	0.00
1	35	19	0.00
1	40	19	0.00
1	45	19	0.00
1	50	19	0.00
1	55	19	0.00
1	60	19	0.00
1	65	19	0.00
1	70	19	0.00
1	75	19	0.00
1	80	19	0.00
1	85	19	0.00
1	90	19	0.00
1	95	19	0.00
1	100	19	0.00
1	105	19	0.00
1	110	19	0.00
1	115	19	0.00
1	120	19	0.00
1	125	19	0.00
1	130	19	0.00
1	135	19	0.00
1	140	19	0.00
1	145	19	0.00
1	150	19	0.00
1	155	19	0.00
1	160	19	0.00
1	165	19	0.00
1	170	19	0.00
1	175	19	0.00
1	180	19	0.00
1	0	20	0.00
1	5	20	0.00
1	10	20	0.00
1	15	20	0.00
1	20	20	0.00
1	25	20	0.00
1	30	20	0.00
1	35	20	0.00
1	40	20	0.00
1	45	20	0.00
1	50	20	0.00
1	55	20	0.00
1	60	20	0.00
1	65	20	0.00
1	70	20	0.00
1	75	20	0.00
1	80	20	0.00
1	85	20	0.00
1	90	20	0.00
1	95	20	0.00
1	100	20	0.00
1	105	20	0.00
1	110	20	0.00
1	115	20	0.00
1	120	20	0.00
1	125	20	0.00
1	130	20	0.00
1	135	20	0.00
1	140	20	0.00
1	145	20	0.00
1	150	20	0.00
1	155	20	0.00
1	160	20	0.00
1	165	20	0.00
1	170	20	0.00
1	175	20	0.00
1	180	20	0.00
2	0	5	0.00
2	5	5	0.00
2	10	5	0.00
2	15	5	0.00
2	20	5	0.00
2	25	5	0.00
2	30	5	0.00
2	35	5	0.00
2	40	5	0.00
2	45	5	0.00
2	50	5	0.00
2	55	5	0.00
2	60	5	0.00
2	65	5	0.00
2	70	5	0.00
2	75	5	0.00
2	80	5	0.00
2	85	5	0.00
2	90	5	0.00
2	95	5	0.00
2	100	5	0.00
2	105	5	0.00
2	110	5	0.00
2	115	5	0.00
2	120	5	0.00
2	125	5	0.00
2	130	5	0.00
2	135	5	0.00
2	140	5	0.00
2	145	5	0.00
2	150	5	0.00
2	155	5	0.00
2	160	5	0.00
2	165	5	0.00
2	170	5	0.00
2	175	5	0.00
2	180	5	0.00
2	0	6	0.00
2	5	6	0.00
2	10	6	0.00
2	15	6	0.00
2	20	6	0.00
2	25	6	0.00
2	30	6	0.00
2	35	6	0.00
2	40	6	0.00
2	45	6	0.00
2	50	6	0.00
2	55	6	0.00
2	60	6	0.00
2	65	6	0.00
2	70	6	0.00
2	75	6	0.00
2	80	6	0.00
2	85	6	0.00
2	90	6	0.00
2	95	6	0.00
2	100	6	0.00
2	105	6	0.00
2	110	6	0.00
2	115	6	0.00
2	120	6	0.00
2	125	6	0.00
2	130	6	0.00
2	135	6	0.00
2	140	6	0.00
2	145	6	0.00
2	150	6	0.00
2	155	6	0.00
2	160	6	0.00
2	165	6	0.00
2	170	6	0.00
2	175	6	0.00
2	180	6	0.00
2	0	7	0.00
2	5	7	0.00
2	10	7	0.00
2	15	7	0.00
2	20	7	0.00
2	25	7	0.00
2	30	7	0.00
2	35	7	0.00
2	40	7	0.00
2	45	7	0.00
2	50	7	0.00
2	55	7	0.00
2	60	7	0.00
2	65	7	0.00
2	70	7	0.00
2	75	7	0.00
2	80	7	0.00
2	85	7	0.00
2	90	7	0.00
2	95	7	0.00
2	100	7	0.00
2	105	7	0.00
2	110	7	0.00
2	115	7	0.00
2	120	7	0.00
2	125	7	0.00
2	130	7	0.00
2	135	7	0.00
2	140	7	0.00
2	145	7	0.00
2	150	7	0.00
2	155	7	0.00
2	160	7	0.00
2	165	7	0.00
2	170	7	0.00
2	175	7	0.00
2	180	7	0.00
2	0	8	0.00
2	5	8	0.00
2	10	8	0.00
2	15	8	0.00
2	20	8	0.00
2	25	8	0.00
2	30	8	0.00
2	35	8	0.00
2	40	8	0.00
2	45	8	0.00
2	50	8	0.00
2	55	8	0.00
2	60	8	0.00
2	65	8	0.00
2	70	8	0.00
2	75	8	0.00
2	80	8	0.00
2	85	8	0.00
2	90	8	0.00
2	95	8	0.00
2	100	8	0.00
2	105	8	0.00
2	110	8	0.00
2	115	8	0.00
2	120	8	0.00
2	125	8	0.00
2	130	8	0.00
2	135	8	0.00
2	140	8	0.00
2	145	8	0.00
2	150	8	0.00
2	155	8	0.00
2	160	8	0.00
2	165	8	0.00
2	170	8	0.00
2	175	8	0.00
2	180	8	0.00
2	0	9	0.00
2	5	9	0.00
2	10	9	0.00
2	15	9	0.00
2	20	9	0.00
2	25	9	0.00
2	30	9	0.00
2	35	9	0.00
2	40	9	0.00
2	45	9	0.00
2	50	9	0.00
2	55	9	0.00
2	60	9	0.00
2	65	9	0.00
2	70	9	0.00
2	75	9	0.00
2	80	9	0.00
2	85	9	0.00
2	90	9	0.00
2	95	9	0.00
2	100	9	0.00
2	105	9	0.00
2	110	9	0.00
2	115	9	0.00
2	120	9	0.00
2	125	9	0.00
2	130	9	0.00
2	135	9	0.00
2	140	9	0.00
2	145	9	0.00
2	150	9	0.00
2	155	9	0.00
2	160	9	0.00
2	165	9	0.00
2	170	9	0.00
2	175	9	0.00
2	180	9	0.00
2	0	10	0.00
2	5	10	0.00
2	10	10	0.00
2	15	10	0.00
2	20	10	0.00
2	25	10	0.00
2	30	10	0.00
2	35	10	0.00
2	40	10	0.00
2	45	10	0.00
2	50	10	0.00
2	55	10	0.00
2	60	10	0.00
2	65	10	0.00
2	70	10	0.00
2	75	10	0.00
2	80	10	0.00
2	85	10	0.00
2	90	10	0.00
2	95	10	0.00
2	100	10	0.00
2	105	10	0.00
2	110	10	0.00
2	115	10	0.00
2	120	10	0.00
2	125	10	0.00
2	130	10	0.00
2	135	10	0.00
2	140	10	0.00
2	145	10	0.00
2	150	10	0.00
2	155	10	0.00
2	160	10	0.00
2	165	10	0.00
2	170	10	0.00
2	175	10	0.00
2	180	10	0.00
2	0	11	0.00
2	5	11	0.00
2	10	11	0.00
2	15	11	0.00
2	20	11	0.00
2	25	11	0.00
2	30	11	0.00
2	35	11	0.00
2	40	11	0.00
2	45	11	0.00
2	50	11	0.00
2	55	11	0.00
2	60	11	0.00
2	65	11	0.00
2	70	11	0.00
2	75	11	0.00
2	80	11	0.00
2	85	11	0.00
2	90	11	0.00
2	95	11	0.00
2	100	11	0.00
2	105	11	0.00
2	110	11	0.00
2	115	11	0.00
2	120	11	0.00
2	125	11	0.00
2	130	11	0.00
2	135	11	0.00
2	140	11	0.00
2	145	11	0.00
2	150	11	0.00
2	155	11	0.00
2	160	11	0.00
2	165	11	0.00
2	170	11	0.00
2	175	11	0.00
2	180	11	0.00
2	0	12	0.00
2	5	12	0.00
2	10	12	0.00
2	15	12	0.00
2	20	12	0.00
2	25	12	0.00
2	30	12	0.00
2	35	12	0.00
2	40	12	0.00
2	45	12	0.00
2	50	12	0.00
2	55	12	0.00
2	60	12	0.00
2	65	12	0.00
2	70	12	0.00
2	75	12	0.00
2	80	12	0.00
2	85	12	0.00
2	90	12	0.00
2	95	12	0.00
2	100	12	0.00
2	105	12	0.00
2	110	12	0.00
2	115	12	0.00
2	120	12	0.00
2	125	12	0.00
2	130	12	0.00
2	135	12	0.00
2	140	12	0.00
2	145	12	0.00
2	150	12	0.00
2	155	12	0.00
2	160	12	0.00
2	165	12	0.00
2	170	12	0.00
2	175	12	0.00
2	180	12	0.00
2	0	13	0.00
2	5	13	0.00
2	10	13	0.00
2	15	13	0.00
2	20	13	0.00
2	25	13	0.00
2	30	13	0.00
2	35	13	0.00
2	40	13	0.00
2	45	13	0.00
2	50	13	0.00
2	55	13	0.00
2	60	13	0.00
2	65	13	0.00
2	70	13	0.00
2	75	13	0.00
2	80	13	0.00
2	85	13	0.00
2	90	13	0.00
2	95	13	0.00
2	100	13	0.00
2	105	13	0.00
2	110	13	0.00
2	115	13	0.00
2	120	13	0.00
2	125	13	0.00
2	130	13	0.00
2	135	13	0.00
2	140	13	0.00
2	145	13	0.00
2	150	13	0.00
2	155	13	0.00
2	160	13	0.00
2	165	13	0.00
2	170	13	0.00
2	175	13	0.00
2	180	13	0.00
2	0	14	0.00
2	5	14	0.00
2	10	14	0.00
2	15	14	0.00
2	20	14	0.00
2	25	14	0.00
2	30	14	0.00
2	35	14	0.00
2	40	14	0.00
2	45	14	0.00
2	50	14	0.00
2	55	14	0.00
2	60	14	0.00
2	65	14	0.00
2	70	14	0.00
2	75	14	0.00
2	80	14	0.00
2	85	14	0.00
2	90	14	0.00
2	95	14	0.00
2	100	14	0.00
2	105	14	0.00
2	110	14	0.00
2	115	14	0.00
2	120	14	0.00
2	125	14	0.00
2	130	14	0.00
2	135	14	0.00
2	140	14	0.00
2	145	14	0.00
2	150	14	0.00
2	155	14	0.00
2	160	14	0.00
2	165	14	0.00
2	170	14	0.00
2	175	14	0.00
2	180	14	0.00
2	0	15	0.00
2	5	15	0.00
2	10	15	0.00
2	15	15	0.00
2	20	15	0.00
2	25	15	0.00
2	30	15	0.00
2	35	15	0.00
2	40	15	0.00
2	45	15	0.00
2	50	15	0.00
2	55	15	0.00
2	60	15	0.00
2	65	15	0.00
2	70	15	0.00
2	75	15	0.00
2	80	15	0.00
2	85	15	0.00
2	90	15	0.00
2	95	15	0.00
2	100	15	0.00
2	105	15	0.00
2	110	15	0.00
2	115	15	0.00
2	120	15	0.00
2	125	15	0.00
2	130	15	0.00
2	135	15	0.00
2	140	15	0.00
2	145	15	0.00
2	150	15	0.00
2	155	15	0.00
2	160	15	0.00
2	165	15	0.00
2	170	15	0.00
2	175	15	0.00
2	180	15	0.00
2	0	16	0.00
2	5	16	0.00
2	10	16	0.00
2	15	16	0.00
2	20	16	0.00
2	25	16	0.00
2	30	16	0.00
2	35	16	0.00
2	40	16	0.00
2	45	16	0.00
2	50	16	0.00
2	55	16	0.00
2	60	16	0.00
2	65	16	0.00
2	70	16	0.00
2	75	16	0.00
2	80	16	0.00
2	85	16	0.00
2	90	16	0.00
2	95	16	0.00
2	100	16	0.00
2	105	16	0.00
2	110	16	0.00
2	115	16	0.00
2	120	16	0.00
2	125	16	0.00
2	130	16	0.00
2	135	16	0.00
2	140	16	0.00
2	145	16	0.00
2	150	16	0.00
2	155	16	0.00
2	160	16	0.00
2	165	16	0.00
2	170	16	0.00
2	175	16	0.00
2	180	16	0.00
2	0	17	0.00
2	5	17	0.00
2	10	17	0.00
2	15	17	0.00
2	20	17	0.00
2	25	17	0.00
2	30	17	0.00
2	35	17	0.00
2	40	17	0.00
2	45	17	0.00
2	50	17	0.00
2	55	17	0.00
2	60	17	0.00
2	65	17	0.00
2	70	17	0.00
2	75	17	0.00
2	80	17	0.00
2	85	17	0.00
2	90	17	0.00
2	95	17	0.00
2	100	17	0.00
2	105	17	0.00
2	110	17	0.00
2	115	17	0.00
2	120	17	0.00
2	125	17	0.00
2	130	17	0.00
2	135	17	0.00
2	140	17	0.00
2	145	17	0.00
2	150	17	0.00
2	155	17	0.00
2	160	17	0.00
2	165	17	0.00
2	170	17	0.00
2	175	17	0.00
2	180	17	0.00
2	0	18	0.00
2	5	18	0.00
2	10	18	0.00
2	15	18	0.00
2	20	18	0.00
2	25	18	0.00
2	30	18	0.00
2	35	18	0.00
2	40	18	0.00
2	45	18	0.00
2	50	18	0.00
2	55	18	0.00
2	60	18	0.00
2	65	18	0.00
2	70	18	0.00
2	75	18	0.00
2	80	18	0.00
2	85	18	0.00
2	90	18	0.00
2	95	18	0.00
2	100	18	0.00
2	105	18	0.00
2	110	18	0.00
2	115	18	0.00
2	120	18	0.00
2	125	18	0.00
2	130	18	0.00
2	135	18	0.00
2	140	18	0.00
2	145	18	0.00
2	150	18	0.00
2	155	18	0.00
2	160	18	0.00
2	165	18	0.00
2	170	18	0.00
2	175	18	0.00
2	180	18	0.00
2	0	19	0.00
2	5	19	0.00
2	10	19	0.00
2	15	19	0.00
2	20	19	0.00
2	25	19	0.00
2	30	19	0.00
2	35	19	0.00
2	40	19	0.00
2	45	19	0.00
2	50	19	0.00
2	55	19	0.00
2	60	19	0.00
2	65	19	0.00
2	70	19	0.00
2	75	19	0.00
2	80	19	0.00
2	85	19	0.00
2	90	19	0.00
2	95	19	0.00
2	100	19	0.00
2	105	19	0.00
2	110	19	0.00
2	115	19	0.00
2	120	19	0.00
2	125	19	0.00
2	130	19	0.00
2	135	19	0.00
2	140	19	0.00
2	145	19	0.00
2	150	19	0.00
2	155	19	0.00
2	160	19	0.00
2	165	19	0.00
2	170	19	0.00
2	175	19	0.00
2	180	19	0.00
2	0	20	0.00
2	5	20	0.00
2	10	20	0.00
2	15	20	0.00
2	20	20	0.00
2	25	20	0.00
2	30	20	0.00
2	35	20	0.00
2	40	20	0.00
2	45	20	0.00
2	50	20	0.00
2	55	20	0.00
2	60	20	0.00
2	65	20	0.00
2	70	20	0.00
2	75	20	0.00
2	80	20	0.00
2	85	20	0.00
2	90	20	0.00
2	95	20	0.00
2	100	20	0.00
2	105	20	0.00
2	110	20	0.00
2	115	20	0.00
2	120	20	0.00
2	125	20	0.00
2	130	20	0.00
2	135	20	0.00
2	140	20	0.00
2	145	20	0.00
2	150	20	0.00
2	155	20	0.00
2	160	20	0.00
2	165	20	0.00
2	170	20	0.00
2	175	20	0.00
2	180	20	0.00
3	0	5	0.00
3	5	5	0.00
3	10	5	0.00
3	15	5	0.00
3	20	5	0.00
3	25	5	0.00
3	30	5	0.00
3	35	5	0.00
3	40	5	0.00
3	45	5	0.00
3	50	5	0.00
3	55	5	0.00
3	60	5	0.00
3	65	5	0.00
3	70	5	0.01
3	75	5	0.01
3	80	5	0.01
3	85	5	0.01
3	90	5	0.01
3	95	5	0.01
3	100	5	0.01
3	105	5	0.01
3	110	5	0.01
3	115	5	0.01
3	120	5	0.00
3	125	5	0.00
3	130	5	0.00
3	135	5	0.00
3	140	5	0.00
3	145	5	0.00
3	150	5	0.00
3	155	5	0.00
3	160	5	0.00
3	165	5	0.00
3	170	5	0.00
3	175	5	0.00
3	180	5	0.00
3	0	6	0.00
3	5	6	0.00
3	10	6	0.00
3	15	6	0.00
3	20	6	0.00
3	25	6	0.00
3	30	6	0.00
3	35	6	0.00
3	40	6	0.00
3	45	6	0.00
3	50	6	0.00
3	55	6	0.00
3	60	6	0.00
3	65	6	0.01
3	70	6	0.01
3	75	6	0.01
3	80	6	0.01
3	85	6	0.01
3	90	6	0.01
3	95	6	0.01
3	100	6	0.01
3	105	6	0.01
3	110	6	0.01
3	115	6	0.01
3	120	6	0.00
3	125	6	0.00
3	130	6	0.00
3	135	6	0.00
3	140	6	0.00
3	145	6	0.00
3	150	6	0.00
3	155	6	0.00
3	160	6	0.00
3	165	6	0.00
3	170	6	0.00
3	175	6	0.00
3	180	6	0.00
3	0	7	0.00
3	5	7	0.00
3	10	7	0.00
3	15	7	0.00
3	20	7	0.00
3	25	7	0.00
3	30	7	0.00
3	35	7	0.00
3	40	7	0.00
3	45	7	0.00
3	50	7	0.00
3	55	7	0.00
3	60	7	0.00
3	65	7	0.00
3	70	7	0.01
3	75	7	0.01
3	80	7	0.01
3	85	7	0.01
3	90	7	0.01
3	95	7	0.01
3	100	7	0.01
3	105	7	0.01
3	110	7	0.01
3	115	7	0.00
3	120	7	0.00
3	125	7	0.00
3	130	7	0.00
3	135	7	0.00
3	140	7	0.00
3	145	7	0.00
3	150	7	0.00
3	155	7	0.00
3	160	7	0.00
3	165	7	0.00
3	170	7	0.00
3	175	7	0.00
3	180	7	0.00
3	0	8	0.00
3	5	8	0.00
3	10	8	0.00
3	15	8	0.00
3	20	8	0.00
3	25	8	0.00
3	30	8	0.00
3	35	8	0.00
3	40	8	0.00
3	45	8	0.00
3	50	8	0.00
3	55	8	0.00
3	60	8	0.00
3	65	8	0.00
3	70	8	0.00
3	75	8	0.01
3	80	8	0.01
3	85	8	0.01
3	90	8	0.01
3	95	8	0.01
3	100	8	0.01
3	105	8	0.01
3	110	8	0.01
3	115	8	0.00
3	120	8	0.00
3	125	8	0.00
3	130	8	0.00
3	135	8	0.00
3	140	8	0.00
3	145	8	0.00
3	150	8	0.00
3	155	8	0.00
3	160	8	0.00
3	165	8	0.00
3	170	8	0.00
3	175	8	0.00
3	180	8	0.00
3	0	9	0.00
3	5	9	0.00
3	10	9	0.00
3	15	9	0.00
3	20	9	0.00
3	25	9	0.00
3	30	9	0.00
3	35	9	0.00
3	40	9	0.00
3	45	9	0.00
3	50	9	0.00
3	55	9	0.00
3	60	9	0.00
3	65	9	0.00
3	70	9	0.01
3	75	9	0.01
3	80	9	0.01
3	85	9	0.01
3	90	9	0.01
3	95	9	0.01
3	100	9	0.01
3	105	9	0.01
3	110	9	0.01
3	115	9	0.00
3	120	9	0.00
3	125	9	0.00
3	130	9	0.00
3	135	9	0.00
3	140	9	0.00
3	145	9	0.00
3	150	9	0.00
3	155	9	0.00
3	160	9	0.00
3	165	9	0.00
3	170	9	0.00
3	175	9	0.00
3	180	9	0.00
3	0	10	0.00
3	5	10	0.00
3	10	10	0.00
3	15	10	0.00
3	20	10	0.00
3	25	10	0.00
3	30	10	0.00
3	35	10	0.00
3	40	10	0.00
3	45	10	0.00
3	50	10	0.00
3	55	10	0.00
3	60	10	0.00
3	65	10	0.00
3	70	10	0.00
3	75	10	0.01
3	80	10	0.01
3	85	10	0.01
3	90	10	0.01
3	95	10	0.01
3	100	10	0.01
3	105	10	0.01
3	110	10	0.00
3	115	10	0.00
3	120	10	0.00
3	125	10	0.00
3	130	10	0.00
3	135	10	0.00
3	140	10	0.00
3	145	10	0.00
3	150	10	0.00
3	155	10	0.00
3	160	10	0.00
3	165	10	0.00
3	170	10	0.00
3	175	10	0.00
3	180	10	0.00
3	0	11	0.00
3	5	11	0.00
3	10	11	0.00
3	15	11	0.00
3	20	11	0.00
3	25	11	0.00
3	30	11	0.00
3	35	11	0.00
3	40	11	0.00
3	45	11	0.00
3	50	11	0.00
3	55	11	0.00
3	60	11	0.00
3	65	11	0.00
3	70	11	0.00
3	75	11	0.01
3	80	11	0.01
3	85	11	0.01
3	90	11	0.01
3	95	11	0.01
3	100	11	0.01
3	105	11	0.01
3	110	11	0.01
3	115	11	0.00
3	120	11	0.00
3	125	11	0.00
3	130	11	0.00
3	135	11	0.00
3	140	11	0.00
3	145	11	0.00
3	150	11	0.00
3	155	11	0.00
3	160	11	0.00
3	165	11	0.00
3	170	11	0.00
3	175	11	0.00
3	180	11	0.00
3	0	12	0.00
3	5	12	0.00
3	10	12	0.00
3	15	12	0.00
3	20	12	0.00
3	25	12	0.00
3	30	12	0.00
3	35	12	0.00
3	40	12	0.00
3	45	12	0.00
3	50	12	0.00
3	55	12	0.00
3	60	12	0.00
3	65	12	0.00
3	70	12	0.00
3	75	12	0.01
3	80	12	0.01
3	85	12	0.01
3	90	12	0.01
3	95	12	0.01
3	100	12	0.01
3	105	12	0.00
3	110	12	0.00
3	115	12	0.00
3	120	12	0.00
3	125	12	0.00
3	130	12	0.00
3	135	12	0.00
3	140	12	0.00
3	145	12	0.00
3	150	12	0.00
3	155	12	0.00
3	160	12	0.00
3	165	12	0.00
3	170	12	0.00
3	175	12	0.00
3	180	12	0.00
3	0	13	0.00
3	5	13	0.00
3	10	13	0.00
3	15	13	0.00
3	20	13	0.00
3	25	13	0.00
3	30	13	0.00
3	35	13	0.00
3	40	13	0.00
3	45	13	0.00
3	50	13	0.00
3	55	13	0.00
3	60	13	0.00
3	65	13	0.00
3	70	13	0.00
3	75	13	0.01
3	80	13	0.01
3	85	13	0.01
3	90	13	0.01
3	95	13	0.01
3	100	13	0.01
3	105	13	0.00
3	110	13	0.00
3	115	13	0.00
3	120	13	0.00
3	125	13	0.00
3	130	13	0.00
3	135	13	0.00
3	140	13	0.00
3	145	13	0.00
3	150	13	0.00
3	155	13	0.00
3	160	13	0.00
3	165	13	0.00
3	170	13	0.00
3	175	13	0.00
3	180	13	0.00
3	0	14	0.00
3	5	14	0.00
3	10	14	0.00
3	15	14	0.00
3	20	14	0.00
3	25	14	0.00
3	30	14	0.00
3	35	14	0.00
3	40	14	0.00
3	45	14	0.00
3	50	14	0.00
3	55	14	0.00
3	60	14	0.00
3	65	14	0.00
3	70	14	0.01
3	75	14	0.01
3	80	14	0.01
3	85	14	0.01
3	90	14	0.01
3	95	14	0.01
3	100	14	0.01
3	105	14	0.00
3	110	14	0.00
3	115	14	0.00
3	120	14	0.00
3	125	14	0.00
3	130	14	0.00
3	135	14	0.00
3	140	14	0.00
3	145	14	0.00
3	150	14	0.00
3	155	14	0.00
3	160	14	0.00
3	165	14	0.00
3	170	14	0.00
3	175	14	0.00
3	180	14	0.00
3	0	15	0.00
3	5	15	0.00
3	10	15	0.00
3	15	15	0.00
3	20	15	0.00
3	25	15	0.00
3	30	15	0.00
3	35	15	0.00
3	40	15	0.00
3	45	15	0.00
3	50	15	0.00
3	55	15	0.00
3	60	15	0.00
3	65	15	0.00
3	70	15	0.00
3	75	15	0.00
3	80	15	0.01
3	85	15	0.01
3	90	15	0.01
3	95	15	0.01
3	100	15	0.01
3	105	15	0.01
3	110	15	0.00
3	115	15	0.00
3	120	15	0.00
3	125	15	0.00
3	130	15	0.00
3	135	15	0.00
3	140	15	0.00
3	145	15	0.00
3	150	15	0.00
3	155	15	0.00
3	160	15	0.00
3	165	15	0.00
3	170	15	0.00
3	175	15	0.00
3	180	15	0.00
3	0	16	0.00
3	5	16	0.00
3	10	16	0.00
3	15	16	0.00
3	20	16	0.00
3	25	16	0.00
3	30	16	0.00
3	35	16	0.00
3	40	16	0.00
3	45	16	0.00
3	50	16	0.00
3	55	16	0.00
3	60	16	0.00
3	65	16	0.01
3	70	16	0.00
3	75	16	0.01
3	80	16	0.01
3	85	16	0.00
3	90	16	0.01
3	95	16	0.01
3	100	16	0.01
3	105	16	0.01
3	110	16	0.01
3	115	16	0.00
3	120	16	0.00
3	125	16	0.00
3	130	16	0.00
3	135	16	0.00
3	140	16	0.00
3	145	16	0.00
3	150	16	0.00
3	155	16	0.00
3	160	16	0.00
3	165	16	0.00
3	170	16	0.00
3	175	16	0.00
3	180	16	0.00
3	0	17	0.00
3	5	17	0.00
3	10	17	0.00
3	15	17	0.00
3	20	17	0.00
3	25	17	0.00
3	30	17	0.00
3	35	17	0.00
3	40	17	0.00
3	45	17	0.00
3	50	17	0.00
3	55	17	0.00
3	60	17	0.00
3	65	17	0.00
3	70	17	0.01
3	75	17	0.01
3	80	17	0.01
3	85	17	0.01
3	90	17	0.01
3	95	17	0.01
3	100	17	0.01
3	105	17	0.00
3	110	17	0.00
3	115	17	0.00
3	120	17	0.00
3	125	17	0.00
3	130	17	0.00
3	135	17	0.00
3	140	17	0.00
3	145	17	0.00
3	150	17	0.00
3	155	17	0.00
3	160	17	0.00
3	165	17	0.00
3	170	17	0.00
3	175	17	0.00
3	180	17	0.00
3	0	18	0.00
3	5	18	0.00
3	10	18	0.00
3	15	18	0.00
3	20	18	0.00
3	25	18	0.00
3	30	18	0.00
3	35	18	0.00
3	40	18	0.00
3	45	18	0.00
3	50	18	0.00
3	55	18	0.00
3	60	18	0.01
3	65	18	0.01
3	70	18	0.01
3	75	18	0.01
3	80	18	0.01
3	85	18	0.01
3	90	18	0.01
3	95	18	0.01
3	100	18	0.01
3	105	18	0.01
3	110	18	0.00
3	115	18	0.00
3	120	18	0.00
3	125	18	0.00
3	130	18	0.00
3	135	18	0.00
3	140	18	0.00
3	145	18	0.00
3	150	18	0.00
3	155	18	0.00
3	160	18	0.00
3	165	18	0.00
3	170	18	0.00
3	175	18	0.00
3	180	18	0.00
3	0	19	0.00
3	5	19	0.00
3	10	19	0.00
3	15	19	0.00
3	20	19	0.00
3	25	19	0.00
3	30	19	0.00
3	35	19	0.00
3	40	19	0.00
3	45	19	0.00
3	50	19	0.00
3	55	19	0.01
3	60	19	0.01
3	65	19	0.01
3	70	19	0.01
3	75	19	0.01
3	80	19	0.01
3	85	19	0.01
3	90	19	0.01
3	95	19	0.01
3	100	19	0.01
3	105	19	0.01
3	110	19	0.01
3	115	19	0.01
3	120	19	0.00
3	125	19	0.00
3	130	19	0.00
3	135	19	0.00
3	140	19	0.00
3	145	19	0.00
3	150	19	0.00
3	155	19	0.00
3	160	19	0.00
3	165	19	0.00
3	170	19	0.00
3	175	19	0.00
3	180	19	0.00
3	0	20	0.00
3	5	20	0.00
3	10	20	0.00
3	15	20	0.00
3	20	20	0.00
3	25	20	0.00
3	30	20	0.00
3	35	20	0.00
3	40	20	0.00
3	45	20	0.00
3	50	20	0.00
3	55	20	0.00
3	60	20	0.01
3	65	20	0.01
3	70	20	0.01
3	75	20	0.01
3	80	20	0.01
3	85	20	0.01
3	90	20	0.01
3	95	20	0.01
3	100	20	0.01
3	105	20	0.01
3	110	20	0.01
3	115	20	0.00
3	120	20	0.00
3	125	20	0.00
3	130	20	0.00
3	135	20	0.00
3	140	20	0.00
3	145	20	0.00
3	150	20	0.00
3	155	20	0.00
3	160	20	0.00
3	165	20	0.00
3	170	20	0.00
3	175	20	0.00
3	180	20	0.00
4	0	5	0.00
4	5	5	0.00
4	10	5	0.00
4	15	5	0.00
4	20	5	0.00
4	25	5	0.00
4	30	5	0.00
4	35	5	0.00
4	40	5	0.00
4	45	5	0.01
4	50	5	0.01
4	55	5	0.01
4	60	5	0.01
4	65	5	0.01
4	70	5	0.01
4	75	5	0.01
4	80	5	0.01
4	85	5	0.01
4	90	5	0.01
4	95	5	0.01
4	100	5	0.01
4	105	5	0.01
4	110	5	0.01
4	115	5	0.01
4	120	5	0.01
4	125	5	0.01
4	130	5	0.01
4	135	5	0.01
4	140	5	0.00
4	145	5	0.00
4	150	5	0.00
4	155	5	0.00
4	160	5	0.00
4	165	5	0.00
4	170	5	0.00
4	175	5	0.00
4	180	5	0.00
4	0	6	0.00
4	5	6	0.00
4	10	6	0.00
4	15	6	0.00
4	20	6	0.00
4	25	6	0.00
4	30	6	0.00
4	35	6	0.00
4	40	6	0.00
4	45	6	0.01
4	50	6	0.01
4	55	6	0.01
4	60	6	0.01
4	65	6	0.01
4	70	6	0.01
4	75	6	0.01
4	80	6	0.01
4	85	6	0.01
4	90	6	0.01
4	95	6	0.01
4	100	6	0.01
4	105	6	0.01
4	110	6	0.01
4	115	6	0.01
4	120	6	0.01
4	125	6	0.01
4	130	6	0.01
4	135	6	0.01
4	140	6	0.00
4	145	6	0.00
4	150	6	0.00
4	155	6	0.00
4	160	6	0.00
4	165	6	0.00
4	170	6	0.00
4	175	6	0.00
4	180	6	0.00
4	0	7	0.00
4	5	7	0.00
4	10	7	0.00
4	15	7	0.00
4	20	7	0.00
4	25	7	0.00
4	30	7	0.00
4	35	7	0.00
4	40	7	0.00
4	45	7	0.01
4	50	7	0.01
4	55	7	0.01
4	60	7	0.01
4	65	7	0.01
4	70	7	0.01
4	75	7	0.01
4	80	7	0.01
4	85	7	0.01
4	90	7	0.01
4	95	7	0.01
4	100	7	0.01
4	105	7	0.01
4	110	7	0.01
4	115	7	0.01
4	120	7	0.01
4	125	7	0.01
4	130	7	0.01
4	135	7	0.01
4	140	7	0.00
4	145	7	0.00
4	150	7	0.00
4	155	7	0.00
4	160	7	0.00
4	165	7	0.00
4	170	7	0.00
4	175	7	0.00
4	180	7	0.00
4	0	8	0.00
4	5	8	0.00
4	10	8	0.00
4	15	8	0.00
4	20	8	0.00
4	25	8	0.00
4	30	8	0.00
4	35	8	0.00
4	40	8	0.00
4	45	8	0.01
4	50	8	0.01
4	55	8	0.01
4	60	8	0.01
4	65	8	0.01
4	70	8	0.01
4	75	8	0.01
4	80	8	0.01
4	85	8	0.01
4	90	8	0.01
4	95	8	0.01
4	100	8	0.01
4	105	8	0.01
4	110	8	0.01
4	115	8	0.01
4	120	8	0.01
4	125	8	0.01
4	130	8	0.01
4	135	8	0.01
4	140	8	0.00
4	145	8	0.00
4	150	8	0.00
4	155	8	0.00
4	160	8	0.00
4	165	8	0.00
4	170	8	0.00
4	175	8	0.00
4	180	8	0.00
4	0	9	0.00
4	5	9	0.00
4	10	9	0.00
4	15	9	0.00
4	20	9	0.00
4	25	9	0.00
4	30	9	0.00
4	35	9	0.00
4	40	9	0.00
4	45	9	0.00
4	50	9	0.01
4	55	9	0.01
4	60	9	0.01
4	65	9	0.01
4	70	9	0.01
4	75	9	0.01
4	80	9	0.01
4	85	9	0.01
4	90	9	0.01
4	95	9	0.01
4	100	9	0.01
4	105	9	0.01
4	110	9	0.01
4	115	9	0.01
4	120	9	0.01
4	125	9	0.01
4	130	9	0.01
4	135	9	0.01
4	140	9	0.00
4	145	9	0.00
4	150	9	0.00
4	155	9	0.00
4	160	9	0.00
4	165	9	0.00
4	170	9	0.00
4	175	9	0.00
4	180	9	0.00
4	0	10	0.00
4	5	10	0.00
4	10	10	0.00
4	15	10	0.00
4	20	10	0.00
4	25	10	0.00
4	30	10	0.00
4	35	10	0.00
4	40	10	0.00
4	45	10	0.00
4	50	10	0.01
4	55	10	0.01
4	60	10	0.01
4	65	10	0.01
4	70	10	0.01
4	75	10	0.01
4	80	10	0.01
4	85	10	0.01
4	90	10	0.01
4	95	10	0.01
4	100	10	0.01
4	105	10	0.01
4	110	10	0.01
4	115	10	0.01
4	120	10	0.01
4	125	10	0.01
4	130	10	0.01
4	135	10	0.01
4	140	10	0.00
4	145	10	0.00
4	150	10	0.00
4	155	10	0.00
4	160	10	0.00
4	165	10	0.00
4	170	10	0.00
4	175	10	0.00
4	180	10	0.00
4	0	11	0.00
4	5	11	0.00
4	10	11	0.00
4	15	11	0.00
4	20	11	0.00
4	25	11	0.00
4	30	11	0.00
4	35	11	0.00
4	40	11	0.00
4	45	11	0.01
4	50	11	0.01
4	55	11	0.01
4	60	11	0.01
4	65	11	0.01
4	70	11	0.01
4	75	11	0.01
4	80	11	0.01
4	85	11	0.01
4	90	11	0.01
4	95	11	0.01
4	100	11	0.01
4	105	11	0.01
4	110	11	0.01
4	115	11	0.01
4	120	11	0.01
4	125	11	0.01
4	130	11	0.01
4	135	11	0.01
4	140	11	0.00
4	145	11	0.00
4	150	11	0.00
4	155	11	0.00
4	160	11	0.00
4	165	11	0.00
4	170	11	0.00
4	175	11	0.00
4	180	11	0.00
4	0	12	0.00
4	5	12	0.00
4	10	12	0.00
4	15	12	0.00
4	20	12	0.00
4	25	12	0.00
4	30	12	0.00
4	35	12	0.00
4	40	12	0.00
4	45	12	0.01
4	50	12	0.01
4	55	12	0.01
4	60	12	0.01
4	65	12	0.01
4	70	12	0.01
4	75	12	0.01
4	80	12	0.01
4	85	12	0.01
4	90	12	0.01
4	95	12	0.01
4	100	12	0.01
4	105	12	0.01
4	110	12	0.01
4	115	12	0.01
4	120	12	0.01
4	125	12	0.01
4	130	12	0.01
4	135	12	0.01
4	140	12	0.00
4	145	12	0.00
4	150	12	0.00
4	155	12	0.00
4	160	12	0.00
4	165	12	0.00
4	170	12	0.00
4	175	12	0.00
4	180	12	0.00
4	0	13	0.00
4	5	13	0.00
4	10	13	0.00
4	15	13	0.00
4	20	13	0.00
4	25	13	0.00
4	30	13	0.00
4	35	13	0.00
4	40	13	0.00
4	45	13	0.00
4	50	13	0.01
4	55	13	0.01
4	60	13	0.01
4	65	13	0.01
4	70	13	0.01
4	75	13	0.01
4	80	13	0.01
4	85	13	0.01
4	90	13	0.01
4	95	13	0.01
4	100	13	0.01
4	105	13	0.01
4	110	13	0.01
4	115	13	0.01
4	120	13	0.01
4	125	13	0.01
4	130	13	0.01
4	135	13	0.01
4	140	13	0.00
4	145	13	0.00
4	150	13	0.00
4	155	13	0.00
4	160	13	0.00
4	165	13	0.00
4	170	13	0.00
4	175	13	0.00
4	180	13	0.00
4	0	14	0.00
4	5	14	0.00
4	10	14	0.00
4	15	14	0.00
4	20	14	0.00
4	25	14	0.00
4	30	14	0.00
4	35	14	0.00
4	40	14	0.00
4	45	14	0.01
4	50	14	0.01
4	55	14	0.01
4	60	14	0.01
4	65	14	0.01
4	70	14	0.01
4	75	14	0.01
4	80	14	0.01
4	85	14	0.01
4	90	14	0.01
4	95	14	0.01
4	100	14	0.01
4	105	14	0.01
4	110	14	0.01
4	115	14	0.01
4	120	14	0.01
4	125	14	0.01
4	130	14	0.01
4	135	14	0.00
4	140	14	0.00
4	145	14	0.00
4	150	14	0.00
4	155	14	0.00
4	160	14	0.00
4	165	14	0.00
4	170	14	0.00
4	175	14	0.00
4	180	14	0.00
4	0	15	0.00
4	5	15	0.00
4	10	15	0.00
4	15	15	0.00
4	20	15	0.00
4	25	15	0.00
4	30	15	0.00
4	35	15	0.00
4	40	15	0.00
4	45	15	0.01
4	50	15	0.01
4	55	15	0.01
4	60	15	0.01
4	65	15	0.01
4	70	15	0.01
4	75	15	0.01
4	80	15	0.01
4	85	15	0.01
4	90	15	0.01
4	95	15	0.01
4	100	15	0.01
4	105	15	0.01
4	110	15	0.01
4	115	15	0.01
4	120	15	0.01
4	125	15	0.01
4	130	15	0.01
4	135	15	0.00
4	140	15	0.00
4	145	15	0.00
4	150	15	0.00
4	155	15	0.00
4	160	15	0.00
4	165	15	0.00
4	170	15	0.00
4	175	15	0.00
4	180	15	0.00
4	0	16	0.00
4	5	16	0.00
4	10	16	0.00
4	15	16	0.00
4	20	16	0.00
4	25	16	0.00
4	30	16	0.00
4	35	16	0.00
4	40	16	0.01
4	45	16	0.01
4	50	16	0.01
4	55	16	0.01
4	60	16	0.01
4	65	16	0.01
4	70	16	0.01
4	75	16	0.01
4	80	16	0.01
4	85	16	0.01
4	90	16	0.01
4	95	16	0.01
4	100	16	0.01
4	105	16	0.01
4	110	16	0.01
4	115	16	0.01
4	120	16	0.01
4	125	16	0.01
4	130	16	0.01
4	135	16	0.00
4	140	16	0.00
4	145	16	0.00
4	150	16	0.00
4	155	16	0.00
4	160	16	0.00
4	165	16	0.00
4	170	16	0.00
4	175	16	0.00
4	180	16	0.00
4	0	17	0.00
4	5	17	0.00
4	10	17	0.00
4	15	17	0.00
4	20	17	0.00
4	25	17	0.00
4	30	17	0.00
4	35	17	0.00
4	40	17	0.00
4	45	17	0.01
4	50	17	0.01
4	55	17	0.01
4	60	17	0.01
4	65	17	0.01
4	70	17	0.01
4	75	17	0.01
4	80	17	0.01
4	85	17	0.01
4	90	17	0.01
4	95	17	0.01
4	100	17	0.01
4	105	17	0.01
4	110	17	0.01
4	115	17	0.01
4	120	17	0.01
4	125	17	0.01
4	130	17	0.01
4	135	17	0.00
4	140	17	0.00
4	145	17	0.00
4	150	17	0.00
4	155	17	0.00
4	160	17	0.00
4	165	17	0.00
4	170	17	0.00
4	175	17	0.00
4	180	17	0.00
4	0	18	0.00
4	5	18	0.00
4	10	18	0.00
4	15	18	0.00
4	20	18	0.00
4	25	18	0.00
4	30	18	0.00
4	35	18	0.00
4	40	18	0.01
4	45	18	0.01
4	50	18	0.01
4	55	18	0.01
4	60	18	0.01
4	65	18	0.01
4	70	18	0.01
4	75	18	0.01
4	80	18	0.01
4	85	18	0.01
4	90	18	0.01
4	95	18	0.01
4	100	18	0.01
4	105	18	0.01
4	110	18	0.01
4	115	18	0.01
4	120	18	0.01
4	125	18	0.01
4	130	18	0.01
4	135	18	0.01
4	140	18	0.00
4	145	18	0.00
4	150	18	0.00
4	155	18	0.00
4	160	18	0.00
4	165	18	0.00
4	170	18	0.00
4	175	18	0.00
4	180	18	0.00
4	0	19	0.00
4	5	19	0.00
4	10	19	0.00
4	15	19	0.00
4	20	19	0.00
4	25	19	0.00
4	30	19	0.00
4	35	19	0.00
4	40	19	0.01
4	45	19	0.01
4	50	19	0.01
4	55	19	0.01
4	60	19	0.01
4	65	19	0.01
4	70	19	0.01
4	75	19	0.01
4	80	19	0.01
4	85	19	0.01
4	90	19	0.01
4	95	19	0.01
4	100	19	0.01
4	105	19	0.01
4	110	19	0.01
4	115	19	0.01
4	120	19	0.01
4	125	19	0.01
4	130	19	0.01
4	135	19	0.00
4	140	19	0.00
4	145	19	0.00
4	150	19	0.00
4	155	19	0.00
4	160	19	0.00
4	165	19	0.00
4	170	19	0.00
4	175	19	0.00
4	180	19	0.00
4	0	20	0.00
4	5	20	0.00
4	10	20	0.00
4	15	20	0.00
4	20	20	0.00
4	25	20	0.00
4	30	20	0.00
4	35	20	0.00
4	40	20	0.00
4	45	20	0.01
4	50	20	0.01
4	55	20	0.01
4	60	20	0.01
4	65	20	0.01
4	70	20	0.01
4	75	20	0.01
4	80	20	0.01
4	85	20	0.01
4	90	20	0.01
4	95	20	0.01
4	100	20	0.01
4	105	20	0.01
4	110	20	0.01
4	115	20	0.01
4	120	20	0.01
4	125	20	0.01
4	130	20	0.01
4	135	20	0.01
4	140	20	0.00
4	145	20	0.00
4	150	20	0.00
4	155	20	0.00
4	160	20	0.00
4	165	20	0.00
4	170	20	0.00
4	175	20	0.00
4	180	20	0.00
5	0	5	0.00
5	5	5	0.00
5	10	5	0.00
5	15	5	0.00
5	20	5	0.00
5	25	5	0.00
5	30	5	0.00
5	35	5	0.01
5	40	5	0.01
5	45	5	0.01
5	50	5	0.01
5	55	5	0.01
5	60	5	0.01
5	65	5	0.01
5	70	5	0.02
5	75	5	0.02
5	80	5	0.02
5	85	5	0.02
5	90	5	0.02
5	95	5	0.02
5	100	5	0.02
5	105	5	0.02
5	110	5	0.02
5	115	5	0.01
5	120	5	0.01
5	125	5	0.01
5	130	5	0.01
5	135	5	0.01
5	140	5	0.01
5	145	5	0.00
5	150	5	0.00
5	155	5	0.00
5	160	5	0.00
5	165	5	0.00
5	170	5	0.00
5	175	5	0.00
5	180	5	0.00
5	0	6	0.00
5	5	6	0.00
5	10	6	0.00
5	15	6	0.00
5	20	6	0.00
5	25	6	0.00
5	30	6	0.00
5	35	6	0.01
5	40	6	0.01
5	45	6	0.01
5	50	6	0.01
5	55	6	0.01
5	60	6	0.01
5	65	6	0.01
5	70	6	0.01
5	75	6	0.02
5	80	6	0.02
5	85	6	0.02
5	90	6	0.02
5	95	6	0.02
5	100	6	0.02
5	105	6	0.02
5	110	6	0.02
5	115	6	0.01
5	120	6	0.01
5	125	6	0.01
5	130	6	0.01
5	135	6	0.01
5	140	6	0.01
5	145	6	0.01
5	150	6	0.00
5	155	6	0.00
5	160	6	0.00
5	165	6	0.00
5	170	6	0.00
5	175	6	0.00
5	180	6	0.00
5	0	7	0.00
5	5	7	0.00
5	10	7	0.00
5	15	7	0.00
5	20	7	0.00
5	25	7	0.00
5	30	7	0.00
5	35	7	0.00
5	40	7	0.01
5	45	7	0.01
5	50	7	0.01
5	55	7	0.01
5	60	7	0.01
5	65	7	0.01
5	70	7	0.01
5	75	7	0.02
5	80	7	0.02
5	85	7	0.02
5	90	7	0.02
5	95	7	0.02
5	100	7	0.02
5	105	7	0.02
5	110	7	0.02
5	115	7	0.01
5	120	7	0.01
5	125	7	0.01
5	130	7	0.01
5	135	7	0.01
5	140	7	0.01
5	145	7	0.01
5	150	7	0.00
5	155	7	0.00
5	160	7	0.00
5	165	7	0.00
5	170	7	0.00
5	175	7	0.00
5	180	7	0.00
5	0	8	0.00
5	5	8	0.00
5	10	8	0.00
5	15	8	0.00
5	20	8	0.00
5	25	8	0.00
5	30	8	0.00
5	35	8	0.00
5	40	8	0.01
5	45	8	0.01
5	50	8	0.01
5	55	8	0.01
5	60	8	0.01
5	65	8	0.01
5	70	8	0.02
5	75	8	0.02
5	80	8	0.02
5	85	8	0.02
5	90	8	0.02
5	95	8	0.02
5	100	8	0.02
5	105	8	0.02
5	110	8	0.02
5	115	8	0.01
5	120	8	0.01
5	125	8	0.01
5	130	8	0.01
5	135	8	0.01
5	140	8	0.01
5	145	8	0.01
5	150	8	0.00
5	155	8	0.00
5	160	8	0.00
5	165	8	0.00
5	170	8	0.00
5	175	8	0.00
5	180	8	0.00
5	0	9	0.00
5	5	9	0.00
5	10	9	0.00
5	15	9	0.00
5	20	9	0.00
5	25	9	0.00
5	30	9	0.00
5	35	9	0.00
5	40	9	0.01
5	45	9	0.01
5	50	9	0.01
5	55	9	0.01
5	60	9	0.01
5	65	9	0.01
5	70	9	0.02
5	75	9	0.02
5	80	9	0.02
5	85	9	0.02
5	90	9	0.02
5	95	9	0.02
5	100	9	0.02
5	105	9	0.02
5	110	9	0.02
5	115	9	0.01
5	120	9	0.01
5	125	9	0.01
5	130	9	0.01
5	135	9	0.01
5	140	9	0.01
5	145	9	0.01
5	150	9	0.00
5	155	9	0.00
5	160	9	0.00
5	165	9	0.00
5	170	9	0.00
5	175	9	0.00
5	180	9	0.00
5	0	10	0.00
5	5	10	0.00
5	10	10	0.00
5	15	10	0.00
5	20	10	0.00
5	25	10	0.00
5	30	10	0.00
5	35	10	0.01
5	40	10	0.01
5	45	10	0.01
5	50	10	0.01
5	55	10	0.01
5	60	10	0.01
5	65	10	0.01
5	70	10	0.01
5	75	10	0.02
5	80	10	0.02
5	85	10	0.02
5	90	10	0.02
5	95	10	0.02
5	100	10	0.02
5	105	10	0.02
5	110	10	0.02
5	115	10	0.01
5	120	10	0.01
5	125	10	0.01
5	130	10	0.01
5	135	10	0.01
5	140	10	0.01
5	145	10	0.01
5	150	10	0.00
5	155	10	0.00
5	160	10	0.00
5	165	10	0.00
5	170	10	0.00
5	175	10	0.00
5	180	10	0.00
5	0	11	0.00
5	5	11	0.00
5	10	11	0.00
5	15	11	0.00
5	20	11	0.00
5	25	11	0.00
5	30	11	0.00
5	35	11	0.01
5	40	11	0.01
5	45	11	0.01
5	50	11	0.01
5	55	11	0.01
5	60	11	0.01
5	65	11	0.01
5	70	11	0.01
5	75	11	0.01
5	80	11	0.02
5	85	11	0.02
5	90	11	0.02
5	95	11	0.02
5	100	11	0.02
5	105	11	0.02
5	110	11	0.01
5	115	11	0.01
5	120	11	0.01
5	125	11	0.01
5	130	11	0.01
5	135	11	0.01
5	140	11	0.01
5	145	11	0.01
5	150	11	0.00
5	155	11	0.00
5	160	11	0.00
5	165	11	0.00
5	170	11	0.00
5	175	11	0.00
5	180	11	0.00
5	0	12	0.00
5	5	12	0.00
5	10	12	0.00
5	15	12	0.00
5	20	12	0.00
5	25	12	0.00
5	30	12	0.00
5	35	12	0.00
5	40	12	0.01
5	45	12	0.01
5	50	12	0.01
5	55	12	0.01
5	60	12	0.01
5	65	12	0.01
5	70	12	0.02
5	75	12	0.02
5	80	12	0.02
5	85	12	0.02
5	90	12	0.02
5	95	12	0.02
5	100	12	0.02
5	105	12	0.02
5	110	12	0.02
5	115	12	0.01
5	120	12	0.01
5	125	12	0.01
5	130	12	0.01
5	135	12	0.01
5	140	12	0.01
5	145	12	0.01
5	150	12	0.00
5	155	12	0.00
5	160	12	0.00
5	165	12	0.00
5	170	12	0.00
5	175	12	0.00
5	180	12	0.00
5	0	13	0.00
5	5	13	0.00
5	10	13	0.00
5	15	13	0.00
5	20	13	0.00
5	25	13	0.00
5	30	13	0.00
5	35	13	0.01
5	40	13	0.01
5	45	13	0.01
5	50	13	0.01
5	55	13	0.01
5	60	13	0.01
5	65	13	0.01
5	70	13	0.02
5	75	13	0.02
5	80	13	0.02
5	85	13	0.02
5	90	13	0.02
5	95	13	0.02
5	100	13	0.02
5	105	13	0.01
5	110	13	0.02
5	115	13	0.01
5	120	13	0.01
5	125	13	0.01
5	130	13	0.01
5	135	13	0.01
5	140	13	0.01
5	145	13	0.01
5	150	13	0.00
5	155	13	0.00
5	160	13	0.00
5	165	13	0.00
5	170	13	0.00
5	175	13	0.00
5	180	13	0.00
5	0	14	0.00
5	5	14	0.00
5	10	14	0.00
5	15	14	0.00
5	20	14	0.00
5	25	14	0.00
5	30	14	0.00
5	35	14	0.01
5	40	14	0.01
5	45	14	0.01
5	50	14	0.01
5	55	14	0.01
5	60	14	0.01
5	65	14	0.01
5	70	14	0.01
5	75	14	0.02
5	80	14	0.02
5	85	14	0.02
5	90	14	0.02
5	95	14	0.02
5	100	14	0.02
5	105	14	0.02
5	110	14	0.01
5	115	14	0.01
5	120	14	0.01
5	125	14	0.01
5	130	14	0.01
5	135	14	0.01
5	140	14	0.01
5	145	14	0.01
5	150	14	0.00
5	155	14	0.00
5	160	14	0.00
5	165	14	0.00
5	170	14	0.00
5	175	14	0.00
5	180	14	0.00
5	0	15	0.00
5	5	15	0.00
5	10	15	0.00
5	15	15	0.00
5	20	15	0.00
5	25	15	0.00
5	30	15	0.00
5	35	15	0.01
5	40	15	0.01
5	45	15	0.01
5	50	15	0.01
5	55	15	0.01
5	60	15	0.01
5	65	15	0.01
5	70	15	0.01
5	75	15	0.02
5	80	15	0.02
5	85	15	0.02
5	90	15	0.02
5	95	15	0.02
5	100	15	0.02
5	105	15	0.02
5	110	15	0.01
5	115	15	0.01
5	120	15	0.01
5	125	15	0.01
5	130	15	0.01
5	135	15	0.01
5	140	15	0.01
5	145	15	0.01
5	150	15	0.00
5	155	15	0.00
5	160	15	0.00
5	165	15	0.00
5	170	15	0.00
5	175	15	0.00
5	180	15	0.00
5	0	16	0.00
5	5	16	0.00
5	10	16	0.00
5	15	16	0.00
5	20	16	0.00
5	25	16	0.00
5	30	16	0.00
5	35	16	0.01
5	40	16	0.01
5	45	16	0.01
5	50	16	0.01
5	55	16	0.01
5	60	16	0.01
5	65	16	0.01
5	70	16	0.01
5	75	16	0.02
5	80	16	0.01
5	85	16	0.02
5	90	16	0.02
5	95	16	0.02
5	100	16	0.02
5	105	16	0.02
5	110	16	0.01
5	115	16	0.01
5	120	16	0.01
5	125	16	0.01
5	130	16	0.01
5	135	16	0.01
5	140	16	0.01
5	145	16	0.01
5	150	16	0.00
5	155	16	0.00
5	160	16	0.00
5	165	16	0.00
5	170	16	0.00
5	175	16	0.00
5	180	16	0.00
5	0	17	0.00
5	5	17	0.00
5	10	17	0.00
5	15	17	0.00
5	20	17	0.00
5	25	17	0.00
5	30	17	0.01
5	35	17	0.01
5	40	17	0.01
5	45	17	0.01
5	50	17	0.01
5	55	17	0.01
5	60	17	0.01
5	65	17	0.01
5	70	17	0.01
5	75	17	0.02
5	80	17	0.01
5	85	17	0.02
5	90	17	0.02
5	95	17	0.02
5	100	17	0.02
5	105	17	0.01
5	110	17	0.01
5	115	17	0.01
5	120	17	0.01
5	125	17	0.01
5	130	17	0.01
5	135	17	0.01
5	140	17	0.01
5	145	17	0.01
5	150	17	0.00
5	155	17	0.00
5	160	17	0.00
5	165	17	0.00
5	170	17	0.00
5	175	17	0.00
5	180	17	0.00
5	0	18	0.00
5	5	18	0.00
5	10	18	0.00
5	15	18	0.00
5	20	18	0.00
5	25	18	0.00
5	30	18	0.00
5	35	18	0.01
5	40	18	0.01
5	45	18	0.01
5	50	18	0.01
5	55	18	0.01
5	60	18	0.01
5	65	18	0.01
5	70	18	0.01
5	75	18	0.01
5	80	18	0.02
5	85	18	0.02
5	90	18	0.02
5	95	18	0.02
5	100	18	0.02
5	105	18	0.01
5	110	18	0.01
5	115	18	0.01
5	120	18	0.01
5	125	18	0.01
5	130	18	0.01
5	135	18	0.01
5	140	18	0.01
5	145	18	0.01
5	150	18	0.00
5	155	18	0.00
5	160	18	0.00
5	165	18	0.00
5	170	18	0.00
5	175	18	0.00
5	180	18	0.00
5	0	19	0.00
5	5	19	0.00
5	10	19	0.00
5	15	19	0.00
5	20	19	0.00
5	25	19	0.00
5	30	19	0.00
5	35	19	0.01
5	40	19	0.01
5	45	19	0.01
5	50	19	0.01
5	55	19	0.01
5	60	19	0.01
5	65	19	0.01
5	70	19	0.01
5	75	19	0.01
5	80	19	0.02
5	85	19	0.01
5	90	19	0.02
5	95	19	0.02
5	100	19	0.02
5	105	19	0.01
5	110	19	0.01
5	115	19	0.01
5	120	19	0.01
5	125	19	0.01
5	130	19	0.01
5	135	19	0.01
5	140	19	0.01
5	145	19	0.01
5	150	19	0.00
5	155	19	0.00
5	160	19	0.00
5	165	19	0.00
5	170	19	0.00
5	175	19	0.00
5	180	19	0.00
5	0	20	0.00
5	5	20	0.00
5	10	20	0.00
5	15	20	0.00
5	20	20	0.00
5	25	20	0.00
5	30	20	0.01
5	35	20	0.01
5	40	20	0.01
5	45	20	0.01
5	50	20	0.01
5	55	20	0.01
5	60	20	0.01
5	65	20	0.01
5	70	20	0.01
5	75	20	0.02
5	80	20	0.01
5	85	20	0.02
5	90	20	0.02
5	95	20	0.02
5	100	20	0.01
5	105	20	0.01
5	110	20	0.01
5	115	20	0.01
5	120	20	0.01
5	125	20	0.01
5	130	20	0.01
5	135	20	0.01
5	140	20	0.01
5	145	20	0.00
5	150	20	0.00
5	155	20	0.00
5	160	20	0.00
5	165	20	0.00
5	170	20	0.00
5	175	20	0.00
5	180	20	0.00
6	0	5	0.00
6	5	5	0.00
6	10	5	0.00
6	15	5	0.00
6	20	5	0.00
6	25	5	0.00
6	30	5	0.01
6	35	5	0.01
6	40	5	0.01
6	45	5	0.01
6	50	5	0.01
6	55	5	0.02
6	60	5	0.02
6	65	5	0.02
6	70	5	0.02
6	75	5	0.02
6	80	5	0.02
6	85	5	0.02
6	90	5	0.02
6	95	5	0.02
6	100	5	0.02
6	105	5	0.02
6	110	5	0.02
6	115	5	0.02
6	120	5	0.02
6	125	5	0.01
6	130	5	0.01
6	135	5	0.01
6	140	5	0.01
6	145	5	0.01
6	150	5	0.01
6	155	5	0.00
6	160	5	0.00
6	165	5	0.00
6	170	5	0.00
6	175	5	0.00
6	180	5	0.00
6	0	6	0.00
6	5	6	0.00
6	10	6	0.00
6	15	6	0.00
6	20	6	0.00
6	25	6	0.00
6	30	6	0.01
6	35	6	0.01
6	40	6	0.01
6	45	6	0.01
6	50	6	0.01
6	55	6	0.02
6	60	6	0.02
6	65	6	0.02
6	70	6	0.02
6	75	6	0.02
6	80	6	0.02
6	85	6	0.03
6	90	6	0.03
6	95	6	0.03
6	100	6	0.02
6	105	6	0.02
6	110	6	0.02
6	115	6	0.02
6	120	6	0.02
6	125	6	0.02
6	130	6	0.01
6	135	6	0.01
6	140	6	0.01
6	145	6	0.01
6	150	6	0.01
6	155	6	0.00
6	160	6	0.00
6	165	6	0.00
6	170	6	0.00
6	175	6	0.00
6	180	6	0.00
6	0	7	0.00
6	5	7	0.00
6	10	7	0.00
6	15	7	0.00
6	20	7	0.00
6	25	7	0.00
6	30	7	0.01
6	35	7	0.01
6	40	7	0.01
6	45	7	0.01
6	50	7	0.01
6	55	7	0.02
6	60	7	0.02
6	65	7	0.02
6	70	7	0.02
6	75	7	0.02
6	80	7	0.02
6	85	7	0.02
6	90	7	0.03
6	95	7	0.03
6	100	7	0.02
6	105	7	0.02
6	110	7	0.02
6	115	7	0.02
6	120	7	0.02
6	125	7	0.02
6	130	7	0.01
6	135	7	0.01
6	140	7	0.01
6	145	7	0.01
6	150	7	0.01
6	155	7	0.00
6	160	7	0.00
6	165	7	0.00
6	170	7	0.00
6	175	7	0.00
6	180	7	0.00
6	0	8	0.00
6	5	8	0.00
6	10	8	0.00
6	15	8	0.00
6	20	8	0.00
6	25	8	0.00
6	30	8	0.01
6	35	8	0.01
6	40	8	0.01
6	45	8	0.01
6	50	8	0.01
6	55	8	0.02
6	60	8	0.02
6	65	8	0.02
6	70	8	0.02
6	75	8	0.02
6	80	8	0.02
6	85	8	0.02
6	90	8	0.03
6	95	8	0.03
6	100	8	0.02
6	105	8	0.02
6	110	8	0.02
6	115	8	0.02
6	120	8	0.02
6	125	8	0.02
6	130	8	0.01
6	135	8	0.01
6	140	8	0.01
6	145	8	0.01
6	150	8	0.01
6	155	8	0.00
6	160	8	0.00
6	165	8	0.00
6	170	8	0.00
6	175	8	0.00
6	180	8	0.00
6	0	9	0.00
6	5	9	0.00
6	10	9	0.00
6	15	9	0.00
6	20	9	0.00
6	25	9	0.00
6	30	9	0.01
6	35	9	0.01
6	40	9	0.01
6	45	9	0.01
6	50	9	0.01
6	55	9	0.02
6	60	9	0.02
6	65	9	0.02
6	70	9	0.02
6	75	9	0.02
6	80	9	0.02
6	85	9	0.02
6	90	9	0.02
6	95	9	0.02
6	100	9	0.02
6	105	9	0.02
6	110	9	0.02
6	115	9	0.02
6	120	9	0.02
6	125	9	0.02
6	130	9	0.01
6	135	9	0.01
6	140	9	0.01
6	145	9	0.01
6	150	9	0.01
6	155	9	0.00
6	160	9	0.00
6	165	9	0.00
6	170	9	0.00
6	175	9	0.00
6	180	9	0.00
6	0	10	0.00
6	5	10	0.00
6	10	10	0.00
6	15	10	0.00
6	20	10	0.00
6	25	10	0.00
6	30	10	0.01
6	35	10	0.01
6	40	10	0.01
6	45	10	0.01
6	50	10	0.01
6	55	10	0.02
6	60	10	0.02
6	65	10	0.02
6	70	10	0.02
6	75	10	0.02
6	80	10	0.02
6	85	10	0.03
6	90	10	0.02
6	95	10	0.02
6	100	10	0.02
6	105	10	0.02
6	110	10	0.02
6	115	10	0.02
6	120	10	0.02
6	125	10	0.02
6	130	10	0.01
6	135	10	0.01
6	140	10	0.01
6	145	10	0.01
6	150	10	0.01
6	155	10	0.00
6	160	10	0.00
6	165	10	0.00
6	170	10	0.00
6	175	10	0.00
6	180	10	0.00
6	0	11	0.00
6	5	11	0.00
6	10	11	0.00
6	15	11	0.00
6	20	11	0.00
6	25	11	0.00
6	30	11	0.00
6	35	11	0.01
6	40	11	0.01
6	45	11	0.01
6	50	11	0.01
6	55	11	0.02
6	60	11	0.02
6	65	11	0.02
6	70	11	0.02
6	75	11	0.02
6	80	11	0.02
6	85	11	0.02
6	90	11	0.03
6	95	11	0.03
6	100	11	0.02
6	105	11	0.02
6	110	11	0.02
6	115	11	0.02
6	120	11	0.02
6	125	11	0.02
6	130	11	0.01
6	135	11	0.01
6	140	11	0.01
6	145	11	0.01
6	150	11	0.01
6	155	11	0.00
6	160	11	0.00
6	165	11	0.00
6	170	11	0.00
6	175	11	0.00
6	180	11	0.00
6	0	12	0.00
6	5	12	0.00
6	10	12	0.00
6	15	12	0.00
6	20	12	0.00
6	25	12	0.00
6	30	12	0.01
6	35	12	0.01
6	40	12	0.01
6	45	12	0.01
6	50	12	0.01
6	55	12	0.02
6	60	12	0.02
6	65	12	0.02
6	70	12	0.02
6	75	12	0.02
6	80	12	0.02
6	85	12	0.02
6	90	12	0.02
6	95	12	0.02
6	100	12	0.02
6	105	12	0.02
6	110	12	0.02
6	115	12	0.02
6	120	12	0.02
6	125	12	0.02
6	130	12	0.01
6	135	12	0.01
6	140	12	0.01
6	145	12	0.01
6	150	12	0.01
6	155	12	0.00
6	160	12	0.00
6	165	12	0.00
6	170	12	0.00
6	175	12	0.00
6	180	12	0.00
6	0	13	0.00
6	5	13	0.00
6	10	13	0.00
6	15	13	0.00
6	20	13	0.00
6	25	13	0.00
6	30	13	0.01
6	35	13	0.01
6	40	13	0.01
6	45	13	0.01
6	50	13	0.01
6	55	13	0.02
6	60	13	0.02
6	65	13	0.02
6	70	13	0.02
6	75	13	0.02
6	80	13	0.02
6	85	13	0.02
6	90	13	0.02
6	95	13	0.02
6	100	13	0.02
6	105	13	0.02
6	110	13	0.02
6	115	13	0.02
6	120	13	0.02
6	125	13	0.02
6	130	13	0.01
6	135	13	0.01
6	140	13	0.01
6	145	13	0.01
6	150	13	0.01
6	155	13	0.00
6	160	13	0.00
6	165	13	0.00
6	170	13	0.00
6	175	13	0.00
6	180	13	0.00
6	0	14	0.00
6	5	14	0.00
6	10	14	0.00
6	15	14	0.00
6	20	14	0.00
6	25	14	0.00
6	30	14	0.01
6	35	14	0.01
6	40	14	0.01
6	45	14	0.01
6	50	14	0.01
6	55	14	0.02
6	60	14	0.02
6	65	14	0.02
6	70	14	0.02
6	75	14	0.02
6	80	14	0.02
6	85	14	0.02
6	90	14	0.02
6	95	14	0.02
6	100	14	0.02
6	105	14	0.02
6	110	14	0.02
6	115	14	0.02
6	120	14	0.02
6	125	14	0.02
6	130	14	0.01
6	135	14	0.01
6	140	14	0.01
6	145	14	0.01
6	150	14	0.01
6	155	14	0.00
6	160	14	0.00
6	165	14	0.00
6	170	14	0.00
6	175	14	0.00
6	180	14	0.00
6	0	15	0.00
6	5	15	0.00
6	10	15	0.00
6	15	15	0.00
6	20	15	0.00
6	25	15	0.01
6	30	15	0.01
6	35	15	0.01
6	40	15	0.01
6	45	15	0.01
6	50	15	0.01
6	55	15	0.02
6	60	15	0.02
6	65	15	0.02
6	70	15	0.02
6	75	15	0.02
6	80	15	0.02
6	85	15	0.02
6	90	15	0.02
6	95	15	0.02
6	100	15	0.02
6	105	15	0.02
6	110	15	0.02
6	115	15	0.02
6	120	15	0.02
6	125	15	0.02
6	130	15	0.01
6	135	15	0.01
6	140	15	0.01
6	145	15	0.01
6	150	15	0.01
6	155	15	0.00
6	160	15	0.00
6	165	15	0.00
6	170	15	0.00
6	175	15	0.00
6	180	15	0.00
6	0	16	0.00
6	5	16	0.00
6	10	16	0.00
6	15	16	0.00
6	20	16	0.00
6	25	16	0.01
6	30	16	0.01
6	35	16	0.01
6	40	16	0.01
6	45	16	0.01
6	50	16	0.01
6	55	16	0.01
6	60	16	0.02
6	65	16	0.02
6	70	16	0.02
6	75	16	0.02
6	80	16	0.02
6	85	16	0.02
6	90	16	0.02
6	95	16	0.02
6	100	16	0.02
6	105	16	0.02
6	110	16	0.02
6	115	16	0.02
6	120	16	0.02
6	125	16	0.02
6	130	16	0.01
6	135	16	0.01
6	140	16	0.01
6	145	16	0.01
6	150	16	0.01
6	155	16	0.00
6	160	16	0.00
6	165	16	0.00
6	170	16	0.00
6	175	16	0.00
6	180	16	0.00
6	0	17	0.00
6	5	17	0.00
6	10	17	0.00
6	15	17	0.00
6	20	17	0.00
6	25	17	0.00
6	30	17	0.01
6	35	17	0.01
6	40	17	0.01
6	45	17	0.01
6	50	17	0.01
6	55	17	0.02
6	60	17	0.02
6	65	17	0.02
6	70	17	0.02
6	75	17	0.02
6	80	17	0.02
6	85	17	0.02
6	90	17	0.02
6	95	17	0.02
6	100	17	0.02
6	105	17	0.02
6	110	17	0.02
6	115	17	0.02
6	120	17	0.02
6	125	17	0.02
6	130	17	0.01
6	135	17	0.01
6	140	17	0.01
6	145	17	0.01
6	150	17	0.01
6	155	17	0.00
6	160	17	0.00
6	165	17	0.00
6	170	17	0.00
6	175	17	0.00
6	180	17	0.00
6	0	18	0.00
6	5	18	0.00
6	10	18	0.00
6	15	18	0.00
6	20	18	0.00
6	25	18	0.00
6	30	18	0.01
6	35	18	0.01
6	40	18	0.01
6	45	18	0.01
6	50	18	0.01
6	55	18	0.02
6	60	18	0.02
6	65	18	0.02
6	70	18	0.02
6	75	18	0.02
6	80	18	0.02
6	85	18	0.02
6	90	18	0.02
6	95	18	0.02
6	100	18	0.02
6	105	18	0.02
6	110	18	0.02
6	115	18	0.02
6	120	18	0.02
6	125	18	0.02
6	130	18	0.01
6	135	18	0.01
6	140	18	0.01
6	145	18	0.01
6	150	18	0.01
6	155	18	0.00
6	160	18	0.00
6	165	18	0.00
6	170	18	0.00
6	175	18	0.00
6	180	18	0.00
6	0	19	0.00
6	5	19	0.00
6	10	19	0.00
6	15	19	0.00
6	20	19	0.00
6	25	19	0.01
6	30	19	0.01
6	35	19	0.01
6	40	19	0.01
6	45	19	0.01
6	50	19	0.01
6	55	19	0.01
6	60	19	0.02
6	65	19	0.02
6	70	19	0.02
6	75	19	0.02
6	80	19	0.02
6	85	19	0.02
6	90	19	0.03
6	95	19	0.02
6	100	19	0.02
6	105	19	0.02
6	110	19	0.02
6	115	19	0.02
6	120	19	0.02
6	125	19	0.02
6	130	19	0.01
6	135	19	0.01
6	140	19	0.01
6	145	19	0.01
6	150	19	0.01
6	155	19	0.00
6	160	19	0.00
6	165	19	0.00
6	170	19	0.00
6	175	19	0.00
6	180	19	0.00
6	0	20	0.00
6	5	20	0.00
6	10	20	0.00
6	15	20	0.00
6	20	20	0.00
6	25	20	0.01
6	30	20	0.01
6	35	20	0.01
6	40	20	0.01
6	45	20	0.01
6	50	20	0.01
6	55	20	0.02
6	60	20	0.02
6	65	20	0.02
6	70	20	0.02
6	75	20	0.02
6	80	20	0.02
6	85	20	0.02
6	90	20	0.02
6	95	20	0.02
6	100	20	0.02
6	105	20	0.02
6	110	20	0.02
6	115	20	0.02
6	120	20	0.02
6	125	20	0.02
6	130	20	0.01
6	135	20	0.01
6	140	20	0.01
6	145	20	0.01
6	150	20	0.01
6	155	20	0.00
6	160	20	0.00
6	165	20	0.00
6	170	20	0.00
6	175	20	0.00
6	180	20	0.00
7	0	5	0.00
7	5	5	0.00
7	10	5	0.00
7	15	5	0.00
7	20	5	0.00
7	25	5	0.01
7	30	5	0.01
7	35	5	0.01
7	40	5	0.01
7	45	5	0.02
7	50	5	0.02
7	55	5	0.02
7	60	5	0.02
7	65	5	0.03
7	70	5	0.03
7	75	5	0.03
7	80	5	0.03
7	85	5	0.03
7	90	5	0.03
7	95	5	0.03
7	100	5	0.03
7	105	5	0.03
7	110	5	0.03
7	115	5	0.02
7	120	5	0.02
7	125	5	0.02
7	130	5	0.02
7	135	5	0.01
7	140	5	0.01
7	145	5	0.01
7	150	5	0.01
7	155	5	0.01
7	160	5	0.00
7	165	5	0.00
7	170	5	0.00
7	175	5	0.00
7	180	5	0.00
7	0	6	0.00
7	5	6	0.00
7	10	6	0.00
7	15	6	0.00
7	20	6	0.00
7	25	6	0.01
7	30	6	0.01
7	35	6	0.01
7	40	6	0.01
7	45	6	0.02
7	50	6	0.02
7	55	6	0.02
7	60	6	0.03
7	65	6	0.03
7	70	6	0.03
7	75	6	0.03
7	80	6	0.03
7	85	6	0.03
7	90	6	0.03
7	95	6	0.03
7	100	6	0.03
7	105	6	0.03
7	110	6	0.03
7	115	6	0.03
7	120	6	0.02
7	125	6	0.02
7	130	6	0.02
7	135	6	0.01
7	140	6	0.01
7	145	6	0.01
7	150	6	0.01
7	155	6	0.00
7	160	6	0.00
7	165	6	0.00
7	170	6	0.00
7	175	6	0.00
7	180	6	0.00
7	0	7	0.00
7	5	7	0.00
7	10	7	0.00
7	15	7	0.00
7	20	7	0.00
7	25	7	0.01
7	30	7	0.01
7	35	7	0.01
7	40	7	0.01
7	45	7	0.02
7	50	7	0.02
7	55	7	0.02
7	60	7	0.03
7	65	7	0.03
7	70	7	0.03
7	75	7	0.03
7	80	7	0.03
7	85	7	0.03
7	90	7	0.03
7	95	7	0.03
7	100	7	0.03
7	105	7	0.03
7	110	7	0.03
7	115	7	0.03
7	120	7	0.02
7	125	7	0.02
7	130	7	0.02
7	135	7	0.02
7	140	7	0.01
7	145	7	0.01
7	150	7	0.01
7	155	7	0.01
7	160	7	0.00
7	165	7	0.00
7	170	7	0.00
7	175	7	0.00
7	180	7	0.00
7	0	8	0.00
7	5	8	0.00
7	10	8	0.00
7	15	8	0.00
7	20	8	0.00
7	25	8	0.01
7	30	8	0.01
7	35	8	0.01
7	40	8	0.01
7	45	8	0.02
7	50	8	0.02
7	55	8	0.02
7	60	8	0.02
7	65	8	0.03
7	70	8	0.03
7	75	8	0.03
7	80	8	0.03
7	85	8	0.03
7	90	8	0.03
7	95	8	0.03
7	100	8	0.03
7	105	8	0.03
7	110	8	0.03
7	115	8	0.03
7	120	8	0.03
7	125	8	0.02
7	130	8	0.02
7	135	8	0.02
7	140	8	0.01
7	145	8	0.01
7	150	8	0.01
7	155	8	0.01
7	160	8	0.00
7	165	8	0.00
7	170	8	0.00
7	175	8	0.00
7	180	8	0.00
7	0	9	0.00
7	5	9	0.00
7	10	9	0.00
7	15	9	0.00
7	20	9	0.00
7	25	9	0.01
7	30	9	0.01
7	35	9	0.01
7	40	9	0.01
7	45	9	0.02
7	50	9	0.02
7	55	9	0.02
7	60	9	0.02
7	65	9	0.03
7	70	9	0.03
7	75	9	0.03
7	80	9	0.03
7	85	9	0.03
7	90	9	0.03
7	95	9	0.03
7	100	9	0.03
7	105	9	0.03
7	110	9	0.03
7	115	9	0.03
7	120	9	0.03
7	125	9	0.02
7	130	9	0.02
7	135	9	0.02
7	140	9	0.01
7	145	9	0.01
7	150	9	0.01
7	155	9	0.01
7	160	9	0.00
7	165	9	0.00
7	170	9	0.00
7	175	9	0.00
7	180	9	0.00
7	0	10	0.00
7	5	10	0.00
7	10	10	0.00
7	15	10	0.00
7	20	10	0.00
7	25	10	0.01
7	30	10	0.01
7	35	10	0.01
7	40	10	0.01
7	45	10	0.02
7	50	10	0.02
7	55	10	0.02
7	60	10	0.02
7	65	10	0.03
7	70	10	0.03
7	75	10	0.03
7	80	10	0.03
7	85	10	0.03
7	90	10	0.03
7	95	10	0.03
7	100	10	0.03
7	105	10	0.03
7	110	10	0.03
7	115	10	0.03
7	120	10	0.03
7	125	10	0.02
7	130	10	0.02
7	135	10	0.02
7	140	10	0.01
7	145	10	0.01
7	150	10	0.01
7	155	10	0.01
7	160	10	0.00
7	165	10	0.00
7	170	10	0.00
7	175	10	0.00
7	180	10	0.00
7	0	11	0.00
7	5	11	0.00
7	10	11	0.00
7	15	11	0.00
7	20	11	0.00
7	25	11	0.01
7	30	11	0.01
7	35	11	0.01
7	40	11	0.01
7	45	11	0.02
7	50	11	0.02
7	55	11	0.02
7	60	11	0.03
7	65	11	0.03
7	70	11	0.03
7	75	11	0.03
7	80	11	0.03
7	85	11	0.03
7	90	11	0.03
7	95	11	0.03
7	100	11	0.03
7	105	11	0.03
7	110	11	0.03
7	115	11	0.03
7	120	11	0.03
7	125	11	0.02
7	130	11	0.02
7	135	11	0.02
7	140	11	0.01
7	145	11	0.01
7	150	11	0.01
7	155	11	0.01
7	160	11	0.00
7	165	11	0.00
7	170	11	0.00
7	175	11	0.00
7	180	11	0.00
7	0	12	0.00
7	5	12	0.00
7	10	12	0.00
7	15	12	0.00
7	20	12	0.00
7	25	12	0.01
7	30	12	0.01
7	35	12	0.01
7	40	12	0.01
7	45	12	0.02
7	50	12	0.02
7	55	12	0.02
7	60	12	0.02
7	65	12	0.03
7	70	12	0.03
7	75	12	0.03
7	80	12	0.03
7	85	12	0.03
7	90	12	0.03
7	95	12	0.03
7	100	12	0.03
7	105	12	0.03
7	110	12	0.03
7	115	12	0.03
7	120	12	0.02
7	125	12	0.02
7	130	12	0.02
7	135	12	0.02
7	140	12	0.01
7	145	12	0.01
7	150	12	0.01
7	155	12	0.01
7	160	12	0.00
7	165	12	0.00
7	170	12	0.00
7	175	12	0.00
7	180	12	0.00
7	0	13	0.00
7	5	13	0.00
7	10	13	0.00
7	15	13	0.00
7	20	13	0.00
7	25	13	0.01
7	30	13	0.01
7	35	13	0.01
7	40	13	0.01
7	45	13	0.01
7	50	13	0.02
7	55	13	0.02
7	60	13	0.02
7	65	13	0.03
7	70	13	0.03
7	75	13	0.03
7	80	13	0.03
7	85	13	0.03
7	90	13	0.03
7	95	13	0.03
7	100	13	0.03
7	105	13	0.03
7	110	13	0.03
7	115	13	0.03
7	120	13	0.03
7	125	13	0.02
7	130	13	0.02
7	135	13	0.02
7	140	13	0.01
7	145	13	0.01
7	150	13	0.01
7	155	13	0.01
7	160	13	0.00
7	165	13	0.00
7	170	13	0.00
7	175	13	0.00
7	180	13	0.00
7	0	14	0.00
7	5	14	0.00
7	10	14	0.00
7	15	14	0.00
7	20	14	0.01
7	25	14	0.01
7	30	14	0.01
7	35	14	0.01
7	40	14	0.01
7	45	14	0.02
7	50	14	0.02
7	55	14	0.02
7	60	14	0.02
7	65	14	0.03
7	70	14	0.03
7	75	14	0.03
7	80	14	0.03
7	85	14	0.03
7	90	14	0.03
7	95	14	0.03
7	100	14	0.03
7	105	14	0.03
7	110	14	0.03
7	115	14	0.03
7	120	14	0.03
7	125	14	0.02
7	130	14	0.02
7	135	14	0.02
7	140	14	0.01
7	145	14	0.01
7	150	14	0.01
7	155	14	0.01
7	160	14	0.00
7	165	14	0.00
7	170	14	0.00
7	175	14	0.00
7	180	14	0.00
7	0	15	0.00
7	5	15	0.00
7	10	15	0.00
7	15	15	0.00
7	20	15	0.00
7	25	15	0.01
7	30	15	0.01
7	35	15	0.01
7	40	15	0.01
7	45	15	0.02
7	50	15	0.02
7	55	15	0.02
7	60	15	0.02
7	65	15	0.03
7	70	15	0.03
7	75	15	0.03
7	80	15	0.03
7	85	15	0.03
7	90	15	0.03
7	95	15	0.03
7	100	15	0.03
7	105	15	0.03
7	110	15	0.03
7	115	15	0.03
7	120	15	0.02
7	125	15	0.02
7	130	15	0.02
7	135	15	0.02
7	140	15	0.01
7	145	15	0.01
7	150	15	0.01
7	155	15	0.01
7	160	15	0.00
7	165	15	0.00
7	170	15	0.00
7	175	15	0.00
7	180	15	0.00
7	0	16	0.00
7	5	16	0.00
7	10	16	0.00
7	15	16	0.00
7	20	16	0.00
7	25	16	0.01
7	30	16	0.01
7	35	16	0.01
7	40	16	0.01
7	45	16	0.01
7	50	16	0.02
7	55	16	0.02
7	60	16	0.02
7	65	16	0.03
7	70	16	0.03
7	75	16	0.03
7	80	16	0.03
7	85	16	0.03
7	90	16	0.03
7	95	16	0.03
7	100	16	0.03
7	105	16	0.03
7	110	16	0.03
7	115	16	0.03
7	120	16	0.02
7	125	16	0.02
7	130	16	0.02
7	135	16	0.02
7	140	16	0.01
7	145	16	0.01
7	150	16	0.01
7	155	16	0.01
7	160	16	0.00
7	165	16	0.00
7	170	16	0.00
7	175	16	0.00
7	180	16	0.00
7	0	17	0.00
7	5	17	0.00
7	10	17	0.00
7	15	17	0.00
7	20	17	0.01
7	25	17	0.01
7	30	17	0.01
7	35	17	0.01
7	40	17	0.01
7	45	17	0.02
7	50	17	0.02
7	55	17	0.02
7	60	17	0.02
7	65	17	0.03
7	70	17	0.03
7	75	17	0.03
7	80	17	0.03
7	85	17	0.03
7	90	17	0.03
7	95	17	0.03
7	100	17	0.03
7	105	17	0.03
7	110	17	0.03
7	115	17	0.03
7	120	17	0.02
7	125	17	0.02
7	130	17	0.02
7	135	17	0.02
7	140	17	0.01
7	145	17	0.01
7	150	17	0.01
7	155	17	0.01
7	160	17	0.00
7	165	17	0.00
7	170	17	0.00
7	175	17	0.00
7	180	17	0.00
7	0	18	0.00
7	5	18	0.00
7	10	18	0.00
7	15	18	0.00
7	20	18	0.01
7	25	18	0.01
7	30	18	0.01
7	35	18	0.01
7	40	18	0.01
7	45	18	0.01
7	50	18	0.02
7	55	18	0.02
7	60	18	0.02
7	65	18	0.03
7	70	18	0.03
7	75	18	0.03
7	80	18	0.03
7	85	18	0.03
7	90	18	0.03
7	95	18	0.03
7	100	18	0.03
7	105	18	0.03
7	110	18	0.03
7	115	18	0.03
7	120	18	0.03
7	125	18	0.02
7	130	18	0.02
7	135	18	0.02
7	140	18	0.01
7	145	18	0.01
7	150	18	0.01
7	155	18	0.01
7	160	18	0.00
7	165	18	0.00
7	170	18	0.00
7	175	18	0.00
7	180	18	0.00
7	0	19	0.00
7	5	19	0.00
7	10	19	0.00
7	15	19	0.00
7	20	19	0.00
7	25	19	0.01
7	30	19	0.01
7	35	19	0.01
7	40	19	0.01
7	45	19	0.02
7	50	19	0.02
7	55	19	0.02
7	60	19	0.02
7	65	19	0.03
7	70	19	0.03
7	75	19	0.03
7	80	19	0.03
7	85	19	0.03
7	90	19	0.03
7	95	19	0.03
7	100	19	0.03
7	105	19	0.03
7	110	19	0.03
7	115	19	0.03
7	120	19	0.02
7	125	19	0.02
7	130	19	0.02
7	135	19	0.02
7	140	19	0.01
7	145	19	0.01
7	150	19	0.01
7	155	19	0.01
7	160	19	0.00
7	165	19	0.00
7	170	19	0.00
7	175	19	0.00
7	180	19	0.00
7	0	20	0.00
7	5	20	0.00
7	10	20	0.00
7	15	20	0.00
7	20	20	0.00
7	25	20	0.01
7	30	20	0.01
7	35	20	0.01
7	40	20	0.01
7	45	20	0.01
7	50	20	0.02
7	55	20	0.02
7	60	20	0.02
7	65	20	0.02
7	70	20	0.03
7	75	20	0.03
7	80	20	0.03
7	85	20	0.03
7	90	20	0.03
7	95	20	0.03
7	100	20	0.03
7	105	20	0.03
7	110	20	0.03
7	115	20	0.03
7	120	20	0.02
7	125	20	0.02
7	130	20	0.02
7	135	20	0.02
7	140	20	0.01
7	145	20	0.01
7	150	20	0.01
7	155	20	0.01
7	160	20	0.00
7	165	20	0.00
7	170	20	0.00
7	175	20	0.00
7	180	20	0.00
8	0	5	0.00
8	5	5	0.00
8	10	5	0.00
8	15	5	0.00
8	20	5	0.00
8	25	5	0.01
8	30	5	0.01
8	35	5	0.01
8	40	5	0.02
8	45	5	0.02
8	50	5	0.03
8	55	5	0.03
8	60	5	0.03
8	65	5	0.04
8	70	5	0.04
8	75	5	0.04
8	80	5	0.04
8	85	5	0.04
8	90	5	0.04
8	95	5	0.04
8	100	5	0.04
8	105	5	0.04
8	110	5	0.03
8	115	5	0.03
8	120	5	0.03
8	125	5	0.02
8	130	5	0.02
8	135	5	0.02
8	140	5	0.02
8	145	5	0.01
8	150	5	0.01
8	155	5	0.01
8	160	5	0.01
8	165	5	0.00
8	170	5	0.00
8	175	5	0.00
8	180	5	0.00
8	0	6	0.00
8	5	6	0.00
8	10	6	0.00
8	15	6	0.00
8	20	6	0.00
8	25	6	0.01
8	30	6	0.01
8	35	6	0.01
8	40	6	0.02
8	45	6	0.02
8	50	6	0.03
8	55	6	0.03
8	60	6	0.03
8	65	6	0.04
8	70	6	0.04
8	75	6	0.04
8	80	6	0.04
8	85	6	0.04
8	90	6	0.04
8	95	6	0.04
8	100	6	0.04
8	105	6	0.04
8	110	6	0.04
8	115	6	0.03
8	120	6	0.03
8	125	6	0.02
8	130	6	0.02
8	135	6	0.02
8	140	6	0.01
8	145	6	0.01
8	150	6	0.01
8	155	6	0.01
8	160	6	0.00
8	165	6	0.00
8	170	6	0.00
8	175	6	0.00
8	180	6	0.00
8	0	7	0.00
8	5	7	0.00
8	10	7	0.00
8	15	7	0.00
8	20	7	0.00
8	25	7	0.01
8	30	7	0.01
8	35	7	0.01
8	40	7	0.02
8	45	7	0.02
8	50	7	0.03
8	55	7	0.03
8	60	7	0.03
8	65	7	0.04
8	70	7	0.04
8	75	7	0.04
8	80	7	0.04
8	85	7	0.04
8	90	7	0.04
8	95	7	0.04
8	100	7	0.04
8	105	7	0.04
8	110	7	0.04
8	115	7	0.03
8	120	7	0.03
8	125	7	0.03
8	130	7	0.02
8	135	7	0.02
8	140	7	0.02
8	145	7	0.01
8	150	7	0.01
8	155	7	0.01
8	160	7	0.00
8	165	7	0.00
8	170	7	0.00
8	175	7	0.00
8	180	7	0.00
8	0	8	0.00
8	5	8	0.00
8	10	8	0.00
8	15	8	0.00
8	20	8	0.00
8	25	8	0.01
8	30	8	0.01
8	35	8	0.01
8	40	8	0.02
8	45	8	0.02
8	50	8	0.03
8	55	8	0.03
8	60	8	0.03
8	65	8	0.04
8	70	8	0.04
8	75	8	0.04
8	80	8	0.04
8	85	8	0.05
8	90	8	0.05
8	95	8	0.04
8	100	8	0.04
8	105	8	0.04
8	110	8	0.04
8	115	8	0.04
8	120	8	0.03
8	125	8	0.03
8	130	8	0.02
8	135	8	0.02
8	140	8	0.02
8	145	8	0.01
8	150	8	0.01
8	155	8	0.01
8	160	8	0.00
8	165	8	0.00
8	170	8	0.00
8	175	8	0.00
8	180	8	0.00
8	0	9	0.00
8	5	9	0.00
8	10	9	0.00
8	15	9	0.00
8	20	9	0.00
8	25	9	0.01
8	30	9	0.01
8	35	9	0.01
8	40	9	0.02
8	45	9	0.02
8	50	9	0.02
8	55	9	0.03
8	60	9	0.03
8	65	9	0.04
8	70	9	0.04
8	75	9	0.04
8	80	9	0.04
8	85	9	0.04
8	90	9	0.05
8	95	9	0.05
8	100	9	0.04
8	105	9	0.04
8	110	9	0.04
8	115	9	0.04
8	120	9	0.03
8	125	9	0.03
8	130	9	0.03
8	135	9	0.02
8	140	9	0.02
8	145	9	0.01
8	150	9	0.01
8	155	9	0.01
8	160	9	0.00
8	165	9	0.00
8	170	9	0.00
8	175	9	0.00
8	180	9	0.00
8	0	10	0.00
8	5	10	0.00
8	10	10	0.00
8	15	10	0.00
8	20	10	0.01
8	25	10	0.01
8	30	10	0.01
8	35	10	0.01
8	40	10	0.02
8	45	10	0.02
8	50	10	0.02
8	55	10	0.03
8	60	10	0.03
8	65	10	0.03
8	70	10	0.04
8	75	10	0.04
8	80	10	0.04
8	85	10	0.05
8	90	10	0.05
8	95	10	0.04
8	100	10	0.04
8	105	10	0.04
8	110	10	0.04
8	115	10	0.04
8	120	10	0.03
8	125	10	0.03
8	130	10	0.03
8	135	10	0.02
8	140	10	0.02
8	145	10	0.01
8	150	10	0.01
8	155	10	0.01
8	160	10	0.01
8	165	10	0.00
8	170	10	0.00
8	175	10	0.00
8	180	10	0.00
8	0	11	0.00
8	5	11	0.00
8	10	11	0.00
8	15	11	0.00
8	20	11	0.00
8	25	11	0.01
8	30	11	0.01
8	35	11	0.01
8	40	11	0.02
8	45	11	0.02
8	50	11	0.03
8	55	11	0.03
8	60	11	0.03
8	65	11	0.04
8	70	11	0.04
8	75	11	0.04
8	80	11	0.04
8	85	11	0.04
8	90	11	0.04
8	95	11	0.04
8	100	11	0.04
8	105	11	0.04
8	110	11	0.04
8	115	11	0.04
8	120	11	0.03
8	125	11	0.03
8	130	11	0.03
8	135	11	0.02
8	140	11	0.02
8	145	11	0.01
8	150	11	0.01
8	155	11	0.01
8	160	11	0.01
8	165	11	0.00
8	170	11	0.00
8	175	11	0.00
8	180	11	0.00
8	0	12	0.00
8	5	12	0.00
8	10	12	0.00
8	15	12	0.00
8	20	12	0.01
8	25	12	0.01
8	30	12	0.01
8	35	12	0.01
8	40	12	0.02
8	45	12	0.02
8	50	12	0.03
8	55	12	0.03
8	60	12	0.03
8	65	12	0.04
8	70	12	0.04
8	75	12	0.04
8	80	12	0.04
8	85	12	0.04
8	90	12	0.04
8	95	12	0.04
8	100	12	0.04
8	105	12	0.04
8	110	12	0.04
8	115	12	0.04
8	120	12	0.03
8	125	12	0.03
8	130	12	0.03
8	135	12	0.02
8	140	12	0.02
8	145	12	0.01
8	150	12	0.01
8	155	12	0.01
8	160	12	0.01
8	165	12	0.00
8	170	12	0.00
8	175	12	0.00
8	180	12	0.00
8	0	13	0.00
8	5	13	0.00
8	10	13	0.00
8	15	13	0.00
8	20	13	0.01
8	25	13	0.01
8	30	13	0.01
8	35	13	0.01
8	40	13	0.02
8	45	13	0.02
8	50	13	0.03
8	55	13	0.03
8	60	13	0.03
8	65	13	0.04
8	70	13	0.04
8	75	13	0.04
8	80	13	0.04
8	85	13	0.04
8	90	13	0.04
8	95	13	0.04
8	100	13	0.04
8	105	13	0.04
8	110	13	0.04
8	115	13	0.04
8	120	13	0.03
8	125	13	0.03
8	130	13	0.03
8	135	13	0.02
8	140	13	0.02
8	145	13	0.01
8	150	13	0.01
8	155	13	0.01
8	160	13	0.01
8	165	13	0.00
8	170	13	0.00
8	175	13	0.00
8	180	13	0.00
8	0	14	0.00
8	5	14	0.00
8	10	14	0.00
8	15	14	0.00
8	20	14	0.01
8	25	14	0.01
8	30	14	0.01
8	35	14	0.01
8	40	14	0.02
8	45	14	0.02
8	50	14	0.03
8	55	14	0.03
8	60	14	0.03
8	65	14	0.04
8	70	14	0.04
8	75	14	0.04
8	80	14	0.04
8	85	14	0.04
8	90	14	0.05
8	95	14	0.04
8	100	14	0.04
8	105	14	0.04
8	110	14	0.04
8	115	14	0.04
8	120	14	0.03
8	125	14	0.03
8	130	14	0.03
8	135	14	0.02
8	140	14	0.02
8	145	14	0.01
8	150	14	0.01
8	155	14	0.01
8	160	14	0.01
8	165	14	0.00
8	170	14	0.00
8	175	14	0.00
8	180	14	0.00
8	0	15	0.00
8	5	15	0.00
8	10	15	0.00
8	15	15	0.00
8	20	15	0.01
8	25	15	0.01
8	30	15	0.01
8	35	15	0.01
8	40	15	0.02
8	45	15	0.02
8	50	15	0.02
8	55	15	0.03
8	60	15	0.03
8	65	15	0.04
8	70	15	0.04
8	75	15	0.04
8	80	15	0.04
8	85	15	0.04
8	90	15	0.04
8	95	15	0.04
8	100	15	0.04
8	105	15	0.04
8	110	15	0.04
8	115	15	0.04
8	120	15	0.03
8	125	15	0.03
8	130	15	0.03
8	135	15	0.02
8	140	15	0.02
8	145	15	0.01
8	150	15	0.01
8	155	15	0.01
8	160	15	0.00
8	165	15	0.00
8	170	15	0.00
8	175	15	0.00
8	180	15	0.00
8	0	16	0.00
8	5	16	0.00
8	10	16	0.00
8	15	16	0.00
8	20	16	0.01
8	25	16	0.01
8	30	16	0.01
8	35	16	0.01
8	40	16	0.02
8	45	16	0.02
8	50	16	0.02
8	55	16	0.03
8	60	16	0.03
8	65	16	0.04
8	70	16	0.04
8	75	16	0.04
8	80	16	0.04
8	85	16	0.04
8	90	16	0.04
8	95	16	0.04
8	100	16	0.04
8	105	16	0.04
8	110	16	0.04
8	115	16	0.04
8	120	16	0.03
8	125	16	0.03
8	130	16	0.02
8	135	16	0.02
8	140	16	0.02
8	145	16	0.01
8	150	16	0.01
8	155	16	0.01
8	160	16	0.01
8	165	16	0.00
8	170	16	0.00
8	175	16	0.00
8	180	16	0.00
8	0	17	0.00
8	5	17	0.00
8	10	17	0.00
8	15	17	0.00
8	20	17	0.01
8	25	17	0.01
8	30	17	0.01
8	35	17	0.01
8	40	17	0.02
8	45	17	0.02
8	50	17	0.02
8	55	17	0.03
8	60	17	0.03
8	65	17	0.04
8	70	17	0.04
8	75	17	0.04
8	80	17	0.04
8	85	17	0.04
8	90	17	0.04
8	95	17	0.04
8	100	17	0.04
8	105	17	0.04
8	110	17	0.04
8	115	17	0.04
8	120	17	0.03
8	125	17	0.03
8	130	17	0.02
8	135	17	0.02
8	140	17	0.02
8	145	17	0.01
8	150	17	0.01
8	155	17	0.01
8	160	17	0.00
8	165	17	0.00
8	170	17	0.00
8	175	17	0.00
8	180	17	0.00
8	0	18	0.00
8	5	18	0.00
8	10	18	0.00
8	15	18	0.00
8	20	18	0.01
8	25	18	0.01
8	30	18	0.01
8	35	18	0.01
8	40	18	0.02
8	45	18	0.02
8	50	18	0.02
8	55	18	0.03
8	60	18	0.03
8	65	18	0.04
8	70	18	0.04
8	75	18	0.04
8	80	18	0.04
8	85	18	0.04
8	90	18	0.04
8	95	18	0.04
8	100	18	0.04
8	105	18	0.04
8	110	18	0.04
8	115	18	0.03
8	120	18	0.03
8	125	18	0.03
8	130	18	0.02
8	135	18	0.02
8	140	18	0.02
8	145	18	0.01
8	150	18	0.01
8	155	18	0.01
8	160	18	0.01
8	165	18	0.00
8	170	18	0.00
8	175	18	0.00
8	180	18	0.00
8	0	19	0.00
8	5	19	0.00
8	10	19	0.00
8	15	19	0.00
8	20	19	0.01
8	25	19	0.01
8	30	19	0.01
8	35	19	0.01
8	40	19	0.02
8	45	19	0.02
8	50	19	0.02
8	55	19	0.03
8	60	19	0.03
8	65	19	0.04
8	70	19	0.04
8	75	19	0.04
8	80	19	0.04
8	85	19	0.04
8	90	19	0.04
8	95	19	0.04
8	100	19	0.04
8	105	19	0.04
8	110	19	0.04
8	115	19	0.04
8	120	19	0.03
8	125	19	0.03
8	130	19	0.03
8	135	19	0.02
8	140	19	0.02
8	145	19	0.01
8	150	19	0.01
8	155	19	0.01
8	160	19	0.00
8	165	19	0.00
8	170	19	0.00
8	175	19	0.00
8	180	19	0.00
8	0	20	0.00
8	5	20	0.00
8	10	20	0.00
8	15	20	0.00
8	20	20	0.01
8	25	20	0.01
8	30	20	0.01
8	35	20	0.01
8	40	20	0.02
8	45	20	0.02
8	50	20	0.02
8	55	20	0.03
8	60	20	0.03
8	65	20	0.03
8	70	20	0.04
8	75	20	0.04
8	80	20	0.04
8	85	20	0.04
8	90	20	0.04
8	95	20	0.04
8	100	20	0.04
8	105	20	0.04
8	110	20	0.04
8	115	20	0.04
8	120	20	0.03
8	125	20	0.03
8	130	20	0.02
8	135	20	0.02
8	140	20	0.02
8	145	20	0.01
8	150	20	0.01
8	155	20	0.01
8	160	20	0.00
8	165	20	0.00
8	170	20	0.00
8	175	20	0.00
8	180	20	0.00
9	0	5	0.00
9	5	5	0.00
9	10	5	0.00
9	15	5	0.00
9	20	5	0.01
9	25	5	0.01
9	30	5	0.01
9	35	5	0.02
9	40	5	0.02
9	45	5	0.03
9	50	5	0.03
9	55	5	0.04
9	60	5	0.04
9	65	5	0.05
9	70	5	0.05
9	75	5	0.05
9	80	5	0.05
9	85	5	0.05
9	90	5	0.05
9	95	5	0.05
9	100	5	0.05
9	105	5	0.05
9	110	5	0.04
9	115	5	0.04
9	120	5	0.03
9	125	5	0.03
9	130	5	0.03
9	135	5	0.02
9	140	5	0.02
9	145	5	0.02
9	150	5	0.01
9	155	5	0.01
9	160	5	0.01
9	165	5	0.00
9	170	5	0.00
9	175	5	0.00
9	180	5	0.00
9	0	6	0.00
9	5	6	0.00
9	10	6	0.00
9	15	6	0.00
9	20	6	0.01
9	25	6	0.01
9	30	6	0.01
9	35	6	0.02
9	40	6	0.02
9	45	6	0.03
9	50	6	0.03
9	55	6	0.04
9	60	6	0.04
9	65	6	0.05
9	70	6	0.05
9	75	6	0.05
9	80	6	0.06
9	85	6	0.06
9	90	6	0.06
9	95	6	0.05
9	100	6	0.05
9	105	6	0.05
9	110	6	0.04
9	115	6	0.04
9	120	6	0.03
9	125	6	0.03
9	130	6	0.03
9	135	6	0.02
9	140	6	0.02
9	145	6	0.02
9	150	6	0.01
9	155	6	0.01
9	160	6	0.01
9	165	6	0.00
9	170	6	0.00
9	175	6	0.00
9	180	6	0.00
9	0	7	0.00
9	5	7	0.00
9	10	7	0.00
9	15	7	0.00
9	20	7	0.01
9	25	7	0.01
9	30	7	0.01
9	35	7	0.02
9	40	7	0.02
9	45	7	0.03
9	50	7	0.03
9	55	7	0.04
9	60	7	0.04
9	65	7	0.05
9	70	7	0.05
9	75	7	0.05
9	80	7	0.06
9	85	7	0.06
9	90	7	0.06
9	95	7	0.06
9	100	7	0.05
9	105	7	0.05
9	110	7	0.05
9	115	7	0.04
9	120	7	0.04
9	125	7	0.03
9	130	7	0.03
9	135	7	0.02
9	140	7	0.02
9	145	7	0.02
9	150	7	0.01
9	155	7	0.01
9	160	7	0.01
9	165	7	0.00
9	170	7	0.00
9	175	7	0.00
9	180	7	0.00
9	0	8	0.00
9	5	8	0.00
9	10	8	0.00
9	15	8	0.00
9	20	8	0.01
9	25	8	0.01
9	30	8	0.01
9	35	8	0.02
9	40	8	0.02
9	45	8	0.03
9	50	8	0.03
9	55	8	0.04
9	60	8	0.04
9	65	8	0.05
9	70	8	0.05
9	75	8	0.05
9	80	8	0.06
9	85	8	0.06
9	90	8	0.06
9	95	8	0.06
9	100	8	0.05
9	105	8	0.05
9	110	8	0.05
9	115	8	0.04
9	120	8	0.04
9	125	8	0.03
9	130	8	0.03
9	135	8	0.02
9	140	8	0.02
9	145	8	0.02
9	150	8	0.01
9	155	8	0.01
9	160	8	0.01
9	165	8	0.00
9	170	8	0.00
9	175	8	0.00
9	180	8	0.00
9	0	9	0.00
9	5	9	0.00
9	10	9	0.00
9	15	9	0.00
9	20	9	0.01
9	25	9	0.01
9	30	9	0.01
9	35	9	0.02
9	40	9	0.02
9	45	9	0.03
9	50	9	0.03
9	55	9	0.04
9	60	9	0.04
9	65	9	0.05
9	70	9	0.05
9	75	9	0.05
9	80	9	0.05
9	85	9	0.06
9	90	9	0.06
9	95	9	0.06
9	100	9	0.05
9	105	9	0.05
9	110	9	0.05
9	115	9	0.05
9	120	9	0.04
9	125	9	0.04
9	130	9	0.03
9	135	9	0.03
9	140	9	0.02
9	145	9	0.02
9	150	9	0.01
9	155	9	0.01
9	160	9	0.01
9	165	9	0.00
9	170	9	0.00
9	175	9	0.00
9	180	9	0.00
9	0	10	0.00
9	5	10	0.00
9	10	10	0.00
9	15	10	0.00
9	20	10	0.01
9	25	10	0.01
9	30	10	0.01
9	35	10	0.02
9	40	10	0.02
9	45	10	0.03
9	50	10	0.03
9	55	10	0.04
9	60	10	0.04
9	65	10	0.05
9	70	10	0.05
9	75	10	0.05
9	80	10	0.05
9	85	10	0.06
9	90	10	0.06
9	95	10	0.06
9	100	10	0.05
9	105	10	0.05
9	110	10	0.05
9	115	10	0.05
9	120	10	0.04
9	125	10	0.04
9	130	10	0.03
9	135	10	0.03
9	140	10	0.02
9	145	10	0.02
9	150	10	0.01
9	155	10	0.01
9	160	10	0.01
9	165	10	0.00
9	170	10	0.00
9	175	10	0.00
9	180	10	0.00
9	0	11	0.00
9	5	11	0.00
9	10	11	0.00
9	15	11	0.00
9	20	11	0.01
9	25	11	0.01
9	30	11	0.01
9	35	11	0.02
9	40	11	0.02
9	45	11	0.03
9	50	11	0.03
9	55	11	0.04
9	60	11	0.04
9	65	11	0.05
9	70	11	0.05
9	75	11	0.05
9	80	11	0.05
9	85	11	0.06
9	90	11	0.06
9	95	11	0.06
9	100	11	0.05
9	105	11	0.05
9	110	11	0.05
9	115	11	0.05
9	120	11	0.04
9	125	11	0.04
9	130	11	0.03
9	135	11	0.03
9	140	11	0.02
9	145	11	0.02
9	150	11	0.01
9	155	11	0.01
9	160	11	0.01
9	165	11	0.00
9	170	11	0.00
9	175	11	0.00
9	180	11	0.00
9	0	12	0.00
9	5	12	0.00
9	10	12	0.00
9	15	12	0.00
9	20	12	0.01
9	25	12	0.01
9	30	12	0.01
9	35	12	0.02
9	40	12	0.02
9	45	12	0.03
9	50	12	0.03
9	55	12	0.04
9	60	12	0.04
9	65	12	0.04
9	70	12	0.05
9	75	12	0.05
9	80	12	0.05
9	85	12	0.06
9	90	12	0.06
9	95	12	0.06
9	100	12	0.05
9	105	12	0.05
9	110	12	0.05
9	115	12	0.05
9	120	12	0.04
9	125	12	0.04
9	130	12	0.03
9	135	12	0.03
9	140	12	0.02
9	145	12	0.02
9	150	12	0.01
9	155	12	0.01
9	160	12	0.01
9	165	12	0.00
9	170	12	0.00
9	175	12	0.00
9	180	12	0.00
9	0	13	0.00
9	5	13	0.00
9	10	13	0.00
9	15	13	0.00
9	20	13	0.01
9	25	13	0.01
9	30	13	0.01
9	35	13	0.02
9	40	13	0.02
9	45	13	0.03
9	50	13	0.03
9	55	13	0.04
9	60	13	0.04
9	65	13	0.05
9	70	13	0.05
9	75	13	0.05
9	80	13	0.05
9	85	13	0.05
9	90	13	0.06
9	95	13	0.06
9	100	13	0.06
9	105	13	0.05
9	110	13	0.05
9	115	13	0.05
9	120	13	0.04
9	125	13	0.04
9	130	13	0.03
9	135	13	0.03
9	140	13	0.02
9	145	13	0.02
9	150	13	0.01
9	155	13	0.01
9	160	13	0.01
9	165	13	0.00
9	170	13	0.00
9	175	13	0.00
9	180	13	0.00
9	0	14	0.00
9	5	14	0.00
9	10	14	0.00
9	15	14	0.00
9	20	14	0.01
9	25	14	0.01
9	30	14	0.01
9	35	14	0.02
9	40	14	0.02
9	45	14	0.03
9	50	14	0.03
9	55	14	0.04
9	60	14	0.04
9	65	14	0.05
9	70	14	0.05
9	75	14	0.05
9	80	14	0.06
9	85	14	0.05
9	90	14	0.06
9	95	14	0.05
9	100	14	0.05
9	105	14	0.05
9	110	14	0.05
9	115	14	0.05
9	120	14	0.04
9	125	14	0.04
9	130	14	0.03
9	135	14	0.03
9	140	14	0.02
9	145	14	0.02
9	150	14	0.01
9	155	14	0.01
9	160	14	0.01
9	165	14	0.00
9	170	14	0.00
9	175	14	0.00
9	180	14	0.00
9	0	15	0.00
9	5	15	0.00
9	10	15	0.00
9	15	15	0.01
9	20	15	0.01
9	25	15	0.01
9	30	15	0.01
9	35	15	0.02
9	40	15	0.02
9	45	15	0.03
9	50	15	0.03
9	55	15	0.04
9	60	15	0.04
9	65	15	0.04
9	70	15	0.05
9	75	15	0.05
9	80	15	0.05
9	85	15	0.06
9	90	15	0.06
9	95	15	0.05
9	100	15	0.05
9	105	15	0.05
9	110	15	0.05
9	115	15	0.05
9	120	15	0.04
9	125	15	0.04
9	130	15	0.03
9	135	15	0.03
9	140	15	0.02
9	145	15	0.02
9	150	15	0.01
9	155	15	0.01
9	160	15	0.01
9	165	15	0.00
9	170	15	0.00
9	175	15	0.00
9	180	15	0.00
9	0	16	0.00
9	5	16	0.00
9	10	16	0.00
9	15	16	0.00
9	20	16	0.01
9	25	16	0.01
9	30	16	0.01
9	35	16	0.02
9	40	16	0.02
9	45	16	0.03
9	50	16	0.03
9	55	16	0.04
9	60	16	0.04
9	65	16	0.04
9	70	16	0.05
9	75	16	0.05
9	80	16	0.05
9	85	16	0.05
9	90	16	0.05
9	95	16	0.06
9	100	16	0.06
9	105	16	0.05
9	110	16	0.05
9	115	16	0.05
9	120	16	0.04
9	125	16	0.04
9	130	16	0.03
9	135	16	0.03
9	140	16	0.02
9	145	16	0.02
9	150	16	0.01
9	155	16	0.01
9	160	16	0.01
9	165	16	0.00
9	170	16	0.00
9	175	16	0.00
9	180	16	0.00
9	0	17	0.00
9	5	17	0.00
9	10	17	0.00
9	15	17	0.00
9	20	17	0.01
9	25	17	0.01
9	30	17	0.01
9	35	17	0.02
9	40	17	0.02
9	45	17	0.02
9	50	17	0.03
9	55	17	0.03
9	60	17	0.04
9	65	17	0.04
9	70	17	0.05
9	75	17	0.05
9	80	17	0.05
9	85	17	0.05
9	90	17	0.05
9	95	17	0.06
9	100	17	0.05
9	105	17	0.05
9	110	17	0.05
9	115	17	0.05
9	120	17	0.04
9	125	17	0.04
9	130	17	0.03
9	135	17	0.03
9	140	17	0.02
9	145	17	0.02
9	150	17	0.01
9	155	17	0.01
9	160	17	0.01
9	165	17	0.00
9	170	17	0.00
9	175	17	0.00
9	180	17	0.00
9	0	18	0.00
9	5	18	0.00
9	10	18	0.00
9	15	18	0.00
9	20	18	0.01
9	25	18	0.01
9	30	18	0.01
9	35	18	0.02
9	40	18	0.02
9	45	18	0.03
9	50	18	0.03
9	55	18	0.04
9	60	18	0.04
9	65	18	0.05
9	70	18	0.05
9	75	18	0.05
9	80	18	0.05
9	85	18	0.06
9	90	18	0.06
9	95	18	0.06
9	100	18	0.05
9	105	18	0.05
9	110	18	0.05
9	115	18	0.05
9	120	18	0.04
9	125	18	0.04
9	130	18	0.03
9	135	18	0.03
9	140	18	0.02
9	145	18	0.02
9	150	18	0.01
9	155	18	0.01
9	160	18	0.01
9	165	18	0.00
9	170	18	0.00
9	175	18	0.00
9	180	18	0.00
9	0	19	0.00
9	5	19	0.00
9	10	19	0.00
9	15	19	0.00
9	20	19	0.01
9	25	19	0.01
9	30	19	0.01
9	35	19	0.02
9	40	19	0.02
9	45	19	0.03
9	50	19	0.03
9	55	19	0.04
9	60	19	0.04
9	65	19	0.05
9	70	19	0.05
9	75	19	0.05
9	80	19	0.05
9	85	19	0.05
9	90	19	0.05
9	95	19	0.05
9	100	19	0.05
9	105	19	0.05
9	110	19	0.05
9	115	19	0.04
9	120	19	0.04
9	125	19	0.04
9	130	19	0.03
9	135	19	0.03
9	140	19	0.02
9	145	19	0.02
9	150	19	0.01
9	155	19	0.01
9	160	19	0.01
9	165	19	0.00
9	170	19	0.00
9	175	19	0.00
9	180	19	0.00
9	0	20	0.00
9	5	20	0.00
9	10	20	0.00
9	15	20	0.00
9	20	20	0.01
9	25	20	0.01
9	30	20	0.01
9	35	20	0.02
9	40	20	0.02
9	45	20	0.03
9	50	20	0.03
9	55	20	0.03
9	60	20	0.04
9	65	20	0.05
9	70	20	0.05
9	75	20	0.05
9	80	20	0.05
9	85	20	0.05
9	90	20	0.05
9	95	20	0.05
9	100	20	0.05
9	105	20	0.05
9	110	20	0.05
9	115	20	0.05
9	120	20	0.04
9	125	20	0.04
9	130	20	0.03
9	135	20	0.03
9	140	20	0.02
9	145	20	0.02
9	150	20	0.01
9	155	20	0.01
9	160	20	0.01
9	165	20	0.00
9	170	20	0.00
9	175	20	0.00
9	180	20	0.00
10	0	5	0.00
10	5	5	0.00
10	10	5	0.00
10	15	5	0.00
10	20	5	0.01
10	25	5	0.01
10	30	5	0.02
10	35	5	0.02
10	40	5	0.03
10	45	5	0.03
10	50	5	0.04
10	55	5	0.05
10	60	5	0.05
10	65	5	0.06
10	70	5	0.06
10	75	5	0.07
10	80	5	0.07
10	85	5	0.07
10	90	5	0.06
10	95	5	0.06
10	100	5	0.06
10	105	5	0.05
10	110	5	0.05
10	115	5	0.05
10	120	5	0.04
10	125	5	0.04
10	130	5	0.03
10	135	5	0.03
10	140	5	0.03
10	145	5	0.02
10	150	5	0.02
10	155	5	0.01
10	160	5	0.01
10	165	5	0.00
10	170	5	0.00
10	175	5	0.00
10	180	5	0.00
10	0	6	0.00
10	5	6	0.00
10	10	6	0.00
10	15	6	0.00
10	20	6	0.01
10	25	6	0.01
10	30	6	0.02
10	35	6	0.02
10	40	6	0.03
10	45	6	0.03
10	50	6	0.04
10	55	6	0.05
10	60	6	0.05
10	65	6	0.06
10	70	6	0.06
10	75	6	0.06
10	80	6	0.07
10	85	6	0.07
10	90	6	0.07
10	95	6	0.06
10	100	6	0.06
10	105	6	0.06
10	110	6	0.05
10	115	6	0.05
10	120	6	0.04
10	125	6	0.04
10	130	6	0.03
10	135	6	0.03
10	140	6	0.02
10	145	6	0.02
10	150	6	0.02
10	155	6	0.01
10	160	6	0.01
10	165	6	0.00
10	170	6	0.00
10	175	6	0.00
10	180	6	0.00
10	0	7	0.00
10	5	7	0.00
10	10	7	0.00
10	15	7	0.00
10	20	7	0.01
10	25	7	0.01
10	30	7	0.02
10	35	7	0.02
10	40	7	0.03
10	45	7	0.03
10	50	7	0.04
10	55	7	0.05
10	60	7	0.05
10	65	7	0.06
10	70	7	0.06
10	75	7	0.07
10	80	7	0.07
10	85	7	0.07
10	90	7	0.07
10	95	7	0.07
10	100	7	0.06
10	105	7	0.06
10	110	7	0.05
10	115	7	0.05
10	120	7	0.04
10	125	7	0.04
10	130	7	0.03
10	135	7	0.03
10	140	7	0.02
10	145	7	0.02
10	150	7	0.02
10	155	7	0.01
10	160	7	0.01
10	165	7	0.00
10	170	7	0.00
10	175	7	0.00
10	180	7	0.00
10	0	8	0.00
10	5	8	0.00
10	10	8	0.00
10	15	8	0.00
10	20	8	0.01
10	25	8	0.01
10	30	8	0.02
10	35	8	0.02
10	40	8	0.03
10	45	8	0.03
10	50	8	0.04
10	55	8	0.05
10	60	8	0.05
10	65	8	0.06
10	70	8	0.06
10	75	8	0.06
10	80	8	0.07
10	85	8	0.07
10	90	8	0.07
10	95	8	0.07
10	100	8	0.07
10	105	8	0.06
10	110	8	0.06
10	115	8	0.05
10	120	8	0.05
10	125	8	0.04
10	130	8	0.03
10	135	8	0.03
10	140	8	0.02
10	145	8	0.02
10	150	8	0.01
10	155	8	0.01
10	160	8	0.01
10	165	8	0.00
10	170	8	0.00
10	175	8	0.00
10	180	8	0.00
10	0	9	0.00
10	5	9	0.00
10	10	9	0.00
10	15	9	0.00
10	20	9	0.01
10	25	9	0.01
10	30	9	0.02
10	35	9	0.02
10	40	9	0.03
10	45	9	0.03
10	50	9	0.04
10	55	9	0.05
10	60	9	0.05
10	65	9	0.05
10	70	9	0.06
10	75	9	0.07
10	80	9	0.07
10	85	9	0.07
10	90	9	0.07
10	95	9	0.07
10	100	9	0.07
10	105	9	0.06
10	110	9	0.06
10	115	9	0.05
10	120	9	0.05
10	125	9	0.04
10	130	9	0.04
10	135	9	0.03
10	140	9	0.02
10	145	9	0.02
10	150	9	0.01
10	155	9	0.01
10	160	9	0.01
10	165	9	0.00
10	170	9	0.00
10	175	9	0.00
10	180	9	0.00
10	0	10	0.00
10	5	10	0.00
10	10	10	0.00
10	15	10	0.01
10	20	10	0.01
10	25	10	0.01
10	30	10	0.02
10	35	10	0.02
10	40	10	0.03
10	45	10	0.03
10	50	10	0.04
10	55	10	0.05
10	60	10	0.05
10	65	10	0.06
10	70	10	0.06
10	75	10	0.07
10	80	10	0.07
10	85	10	0.07
10	90	10	0.07
10	95	10	0.07
10	100	10	0.07
10	105	10	0.07
10	110	10	0.06
10	115	10	0.06
10	120	10	0.05
10	125	10	0.04
10	130	10	0.04
10	135	10	0.03
10	140	10	0.03
10	145	10	0.02
10	150	10	0.01
10	155	10	0.01
10	160	10	0.01
10	165	10	0.00
10	170	10	0.00
10	175	10	0.00
10	180	10	0.00
10	0	11	0.00
10	5	11	0.00
10	10	11	0.00
10	15	11	0.01
10	20	11	0.01
10	25	11	0.01
10	30	11	0.02
10	35	11	0.02
10	40	11	0.03
10	45	11	0.03
10	50	11	0.04
10	55	11	0.04
10	60	11	0.05
10	65	11	0.06
10	70	11	0.06
10	75	11	0.06
10	80	11	0.07
10	85	11	0.07
10	90	11	0.07
10	95	11	0.07
10	100	11	0.07
10	105	11	0.06
10	110	11	0.06
10	115	11	0.06
10	120	11	0.05
10	125	11	0.05
10	130	11	0.04
10	135	11	0.03
10	140	11	0.03
10	145	11	0.02
10	150	11	0.02
10	155	11	0.01
10	160	11	0.01
10	165	11	0.00
10	170	11	0.00
10	175	11	0.00
10	180	11	0.00
10	0	12	0.00
10	5	12	0.00
10	10	12	0.00
10	15	12	0.01
10	20	12	0.01
10	25	12	0.01
10	30	12	0.02
10	35	12	0.02
10	40	12	0.03
10	45	12	0.03
10	50	12	0.04
10	55	12	0.05
10	60	12	0.05
10	65	12	0.06
10	70	12	0.06
10	75	12	0.07
10	80	12	0.07
10	85	12	0.07
10	90	12	0.07
10	95	12	0.07
10	100	12	0.07
10	105	12	0.07
10	110	12	0.06
10	115	12	0.06
10	120	12	0.05
10	125	12	0.05
10	130	12	0.04
10	135	12	0.03
10	140	12	0.03
10	145	12	0.02
10	150	12	0.02
10	155	12	0.01
10	160	12	0.01
10	165	12	0.00
10	170	12	0.00
10	175	12	0.00
10	180	12	0.00
10	0	13	0.00
10	5	13	0.00
10	10	13	0.00
10	15	13	0.01
10	20	13	0.01
10	25	13	0.01
10	30	13	0.02
10	35	13	0.02
10	40	13	0.03
10	45	13	0.03
10	50	13	0.04
10	55	13	0.05
10	60	13	0.05
10	65	13	0.06
10	70	13	0.06
10	75	13	0.06
10	80	13	0.07
10	85	13	0.07
10	90	13	0.07
10	95	13	0.07
10	100	13	0.07
10	105	13	0.07
10	110	13	0.06
10	115	13	0.06
10	120	13	0.05
10	125	13	0.05
10	130	13	0.04
10	135	13	0.03
10	140	13	0.03
10	145	13	0.02
10	150	13	0.02
10	155	13	0.01
10	160	13	0.01
10	165	13	0.00
10	170	13	0.00
10	175	13	0.00
10	180	13	0.00
10	0	14	0.00
10	5	14	0.00
10	10	14	0.00
10	15	14	0.01
10	20	14	0.01
10	25	14	0.01
10	30	14	0.01
10	35	14	0.02
10	40	14	0.03
10	45	14	0.04
10	50	14	0.04
10	55	14	0.05
10	60	14	0.05
10	65	14	0.05
10	70	14	0.06
10	75	14	0.06
10	80	14	0.07
10	85	14	0.07
10	90	14	0.07
10	95	14	0.07
10	100	14	0.07
10	105	14	0.06
10	110	14	0.06
10	115	14	0.06
10	120	14	0.05
10	125	14	0.05
10	130	14	0.04
10	135	14	0.04
10	140	14	0.03
10	145	14	0.02
10	150	14	0.02
10	155	14	0.01
10	160	14	0.01
10	165	14	0.00
10	170	14	0.00
10	175	14	0.00
10	180	14	0.00
10	0	15	0.00
10	5	15	0.00
10	10	15	0.00
10	15	15	0.01
10	20	15	0.01
10	25	15	0.01
10	30	15	0.02
10	35	15	0.02
10	40	15	0.03
10	45	15	0.03
10	50	15	0.04
10	55	15	0.05
10	60	15	0.05
10	65	15	0.05
10	70	15	0.06
10	75	15	0.06
10	80	15	0.07
10	85	15	0.07
10	90	15	0.07
10	95	15	0.07
10	100	15	0.07
10	105	15	0.07
10	110	15	0.06
10	115	15	0.06
10	120	15	0.05
10	125	15	0.05
10	130	15	0.04
10	135	15	0.04
10	140	15	0.03
10	145	15	0.02
10	150	15	0.02
10	155	15	0.01
10	160	15	0.01
10	165	15	0.00
10	170	15	0.00
10	175	15	0.00
10	180	15	0.00
10	0	16	0.00
10	5	16	0.00
10	10	16	0.00
10	15	16	0.01
10	20	16	0.01
10	25	16	0.01
10	30	16	0.01
10	35	16	0.02
10	40	16	0.03
10	45	16	0.03
10	50	16	0.04
10	55	16	0.05
10	60	16	0.05
10	65	16	0.06
10	70	16	0.06
10	75	16	0.06
10	80	16	0.07
10	85	16	0.07
10	90	16	0.07
10	95	16	0.07
10	100	16	0.07
10	105	16	0.07
10	110	16	0.06
10	115	16	0.06
10	120	16	0.05
10	125	16	0.05
10	130	16	0.04
10	135	16	0.03
10	140	16	0.03
10	145	16	0.02
10	150	16	0.02
10	155	16	0.01
10	160	16	0.01
10	165	16	0.00
10	170	16	0.00
10	175	16	0.00
10	180	16	0.00
10	0	17	0.00
10	5	17	0.00
10	10	17	0.00
10	15	17	0.01
10	20	17	0.01
10	25	17	0.01
10	30	17	0.02
10	35	17	0.02
10	40	17	0.03
10	45	17	0.03
10	50	17	0.04
10	55	17	0.05
10	60	17	0.05
10	65	17	0.05
10	70	17	0.06
10	75	17	0.06
10	80	17	0.07
10	85	17	0.07
10	90	17	0.07
10	95	17	0.07
10	100	17	0.07
10	105	17	0.06
10	110	17	0.06
10	115	17	0.06
10	120	17	0.05
10	125	17	0.05
10	130	17	0.04
10	135	17	0.03
10	140	17	0.03
10	145	17	0.02
10	150	17	0.02
10	155	17	0.01
10	160	17	0.01
10	165	17	0.00
10	170	17	0.00
10	175	17	0.00
10	180	17	0.00
10	0	18	0.00
10	5	18	0.00
10	10	18	0.00
10	15	18	0.00
10	20	18	0.01
10	25	18	0.01
10	30	18	0.02
10	35	18	0.02
10	40	18	0.03
10	45	18	0.03
10	50	18	0.04
10	55	18	0.05
10	60	18	0.05
10	65	18	0.05
10	70	18	0.06
10	75	18	0.06
10	80	18	0.07
10	85	18	0.07
10	90	18	0.07
10	95	18	0.07
10	100	18	0.07
10	105	18	0.06
10	110	18	0.06
10	115	18	0.06
10	120	18	0.05
10	125	18	0.05
10	130	18	0.04
10	135	18	0.03
10	140	18	0.03
10	145	18	0.02
10	150	18	0.02
10	155	18	0.01
10	160	18	0.01
10	165	18	0.00
10	170	18	0.00
10	175	18	0.00
10	180	18	0.00
10	0	19	0.00
10	5	19	0.00
10	10	19	0.00
10	15	19	0.00
10	20	19	0.01
10	25	19	0.01
10	30	19	0.01
10	35	19	0.02
10	40	19	0.03
10	45	19	0.03
10	50	19	0.04
10	55	19	0.04
10	60	19	0.05
10	65	19	0.05
10	70	19	0.06
10	75	19	0.06
10	80	19	0.06
10	85	19	0.07
10	90	19	0.07
10	95	19	0.07
10	100	19	0.07
10	105	19	0.06
10	110	19	0.06
10	115	19	0.06
10	120	19	0.05
10	125	19	0.05
10	130	19	0.04
10	135	19	0.04
10	140	19	0.03
10	145	19	0.02
10	150	19	0.02
10	155	19	0.01
10	160	19	0.01
10	165	19	0.00
10	170	19	0.00
10	175	19	0.00
10	180	19	0.00
10	0	20	0.00
10	5	20	0.00
10	10	20	0.00
10	15	20	0.01
10	20	20	0.01
10	25	20	0.01
10	30	20	0.02
10	35	20	0.02
10	40	20	0.03
10	45	20	0.03
10	50	20	0.04
10	55	20	0.05
10	60	20	0.05
10	65	20	0.06
10	70	20	0.06
10	75	20	0.06
10	80	20	0.06
10	85	20	0.07
10	90	20	0.07
10	95	20	0.07
10	100	20	0.06
10	105	20	0.06
10	110	20	0.06
10	115	20	0.06
10	120	20	0.05
10	125	20	0.05
10	130	20	0.04
10	135	20	0.03
10	140	20	0.03
10	145	20	0.02
10	150	20	0.02
10	155	20	0.01
10	160	20	0.01
10	165	20	0.00
10	170	20	0.00
10	175	20	0.00
10	180	20	0.00
11	0	5	0.00
11	5	5	0.00
11	10	5	0.00
11	15	5	0.00
11	20	5	0.01
11	25	5	0.01
11	30	5	0.02
11	35	5	0.03
11	40	5	0.03
11	45	5	0.04
11	50	5	0.05
11	55	5	0.06
11	60	5	0.06
11	65	5	0.07
11	70	5	0.07
11	75	5	0.08
11	80	5	0.08
11	85	5	0.08
11	90	5	0.08
11	95	5	0.07
11	100	5	0.07
11	105	5	0.07
11	110	5	0.06
11	115	5	0.06
11	120	5	0.05
11	125	5	0.05
11	130	5	0.04
11	135	5	0.04
11	140	5	0.03
11	145	5	0.03
11	150	5	0.02
11	155	5	0.02
11	160	5	0.01
11	165	5	0.01
11	170	5	0.00
11	175	5	0.00
11	180	5	0.00
11	0	6	0.00
11	5	6	0.00
11	10	6	0.00
11	15	6	0.01
11	20	6	0.01
11	25	6	0.01
11	30	6	0.02
11	35	6	0.03
11	40	6	0.03
11	45	6	0.04
11	50	6	0.05
11	55	6	0.06
11	60	6	0.06
11	65	6	0.07
11	70	6	0.08
11	75	6	0.08
11	80	6	0.08
11	85	6	0.08
11	90	6	0.08
11	95	6	0.08
11	100	6	0.07
11	105	6	0.07
11	110	6	0.06
11	115	6	0.06
11	120	6	0.05
11	125	6	0.05
11	130	6	0.04
11	135	6	0.04
11	140	6	0.03
11	145	6	0.03
11	150	6	0.02
11	155	6	0.02
11	160	6	0.01
11	165	6	0.01
11	170	6	0.00
11	175	6	0.00
11	180	6	0.00
11	0	7	0.00
11	5	7	0.00
11	10	7	0.00
11	15	7	0.01
11	20	7	0.01
11	25	7	0.01
11	30	7	0.02
11	35	7	0.03
11	40	7	0.03
11	45	7	0.04
11	50	7	0.05
11	55	7	0.06
11	60	7	0.06
11	65	7	0.07
11	70	7	0.08
11	75	7	0.08
11	80	7	0.08
11	85	7	0.08
11	90	7	0.08
11	95	7	0.08
11	100	7	0.07
11	105	7	0.07
11	110	7	0.06
11	115	7	0.06
11	120	7	0.05
11	125	7	0.05
11	130	7	0.04
11	135	7	0.03
11	140	7	0.03
11	145	7	0.02
11	150	7	0.02
11	155	7	0.01
11	160	7	0.01
11	165	7	0.01
11	170	7	0.00
11	175	7	0.00
11	180	7	0.00
11	0	8	0.00
11	5	8	0.00
11	10	8	0.00
11	15	8	0.01
11	20	8	0.01
11	25	8	0.01
11	30	8	0.02
11	35	8	0.03
11	40	8	0.03
11	45	8	0.04
11	50	8	0.05
11	55	8	0.06
11	60	8	0.06
11	65	8	0.07
11	70	8	0.07
11	75	8	0.08
11	80	8	0.08
11	85	8	0.08
11	90	8	0.08
11	95	8	0.08
11	100	8	0.08
11	105	8	0.07
11	110	8	0.07
11	115	8	0.06
11	120	8	0.05
11	125	8	0.05
11	130	8	0.04
11	135	8	0.03
11	140	8	0.03
11	145	8	0.02
11	150	8	0.02
11	155	8	0.01
11	160	8	0.01
11	165	8	0.01
11	170	8	0.00
11	175	8	0.00
11	180	8	0.00
11	0	9	0.00
11	5	9	0.00
11	10	9	0.00
11	15	9	0.01
11	20	9	0.01
11	25	9	0.01
11	30	9	0.02
11	35	9	0.03
11	40	9	0.03
11	45	9	0.04
11	50	9	0.05
11	55	9	0.05
11	60	9	0.06
11	65	9	0.07
11	70	9	0.07
11	75	9	0.08
11	80	9	0.08
11	85	9	0.08
11	90	9	0.08
11	95	9	0.08
11	100	9	0.08
11	105	9	0.07
11	110	9	0.07
11	115	9	0.06
11	120	9	0.06
11	125	9	0.05
11	130	9	0.04
11	135	9	0.03
11	140	9	0.03
11	145	9	0.02
11	150	9	0.02
11	155	9	0.01
11	160	9	0.01
11	165	9	0.01
11	170	9	0.00
11	175	9	0.00
11	180	9	0.00
11	0	10	0.00
11	5	10	0.00
11	10	10	0.00
11	15	10	0.01
11	20	10	0.01
11	25	10	0.01
11	30	10	0.02
11	35	10	0.03
11	40	10	0.03
11	45	10	0.04
11	50	10	0.05
11	55	10	0.06
11	60	10	0.06
11	65	10	0.07
11	70	10	0.08
11	75	10	0.08
11	80	10	0.08
11	85	10	0.08
11	90	10	0.09
11	95	10	0.08
11	100	10	0.08
11	105	10	0.08
11	110	10	0.07
11	115	10	0.06
11	120	10	0.06
11	125	10	0.05
11	130	10	0.04
11	135	10	0.04
11	140	10	0.03
11	145	10	0.02
11	150	10	0.02
11	155	10	0.01
11	160	10	0.01
11	165	10	0.00
11	170	10	0.00
11	175	10	0.00
11	180	10	0.00
11	0	11	0.00
11	5	11	0.00
11	10	11	0.00
11	15	11	0.01
11	20	11	0.01
11	25	11	0.01
11	30	11	0.02
11	35	11	0.03
11	40	11	0.03
11	45	11	0.04
11	50	11	0.05
11	55	11	0.06
11	60	11	0.06
11	65	11	0.07
11	70	11	0.07
11	75	11	0.08
11	80	11	0.08
11	85	11	0.09
11	90	11	0.09
11	95	11	0.09
11	100	11	0.08
11	105	11	0.08
11	110	11	0.07
11	115	11	0.07
11	120	11	0.06
11	125	11	0.05
11	130	11	0.04
11	135	11	0.04
11	140	11	0.03
11	145	11	0.02
11	150	11	0.02
11	155	11	0.01
11	160	11	0.01
11	165	11	0.00
11	170	11	0.00
11	175	11	0.00
11	180	11	0.00
11	0	12	0.00
11	5	12	0.00
11	10	12	0.00
11	15	12	0.01
11	20	12	0.01
11	25	12	0.01
11	30	12	0.02
11	35	12	0.03
11	40	12	0.03
11	45	12	0.04
11	50	12	0.05
11	55	12	0.05
11	60	12	0.06
11	65	12	0.07
11	70	12	0.07
11	75	12	0.08
11	80	12	0.08
11	85	12	0.08
11	90	12	0.09
11	95	12	0.09
11	100	12	0.08
11	105	12	0.08
11	110	12	0.07
11	115	12	0.07
11	120	12	0.06
11	125	12	0.06
11	130	12	0.05
11	135	12	0.04
11	140	12	0.03
11	145	12	0.03
11	150	12	0.02
11	155	12	0.01
11	160	12	0.01
11	165	12	0.01
11	170	12	0.00
11	175	12	0.00
11	180	12	0.00
11	0	13	0.00
11	5	13	0.00
11	10	13	0.00
11	15	13	0.01
11	20	13	0.01
11	25	13	0.01
11	30	13	0.02
11	35	13	0.03
11	40	13	0.03
11	45	13	0.04
11	50	13	0.05
11	55	13	0.06
11	60	13	0.06
11	65	13	0.07
11	70	13	0.07
11	75	13	0.08
11	80	13	0.08
11	85	13	0.08
11	90	13	0.08
11	95	13	0.08
11	100	13	0.08
11	105	13	0.08
11	110	13	0.07
11	115	13	0.07
11	120	13	0.06
11	125	13	0.06
11	130	13	0.05
11	135	13	0.04
11	140	13	0.03
11	145	13	0.03
11	150	13	0.02
11	155	13	0.01
11	160	13	0.01
11	165	13	0.01
11	170	13	0.00
11	175	13	0.00
11	180	13	0.00
11	0	14	0.00
11	5	14	0.00
11	10	14	0.00
11	15	14	0.01
11	20	14	0.01
11	25	14	0.01
11	30	14	0.02
11	35	14	0.02
11	40	14	0.03
11	45	14	0.04
11	50	14	0.05
11	55	14	0.06
11	60	14	0.06
11	65	14	0.07
11	70	14	0.07
11	75	14	0.08
11	80	14	0.08
11	85	14	0.08
11	90	14	0.08
11	95	14	0.08
11	100	14	0.08
11	105	14	0.08
11	110	14	0.07
11	115	14	0.07
11	120	14	0.06
11	125	14	0.06
11	130	14	0.05
11	135	14	0.04
11	140	14	0.04
11	145	14	0.03
11	150	14	0.02
11	155	14	0.01
11	160	14	0.01
11	165	14	0.01
11	170	14	0.00
11	175	14	0.00
11	180	14	0.00
11	0	15	0.00
11	5	15	0.00
11	10	15	0.00
11	15	15	0.01
11	20	15	0.01
11	25	15	0.01
11	30	15	0.02
11	35	15	0.03
11	40	15	0.03
11	45	15	0.04
11	50	15	0.05
11	55	15	0.05
11	60	15	0.06
11	65	15	0.07
11	70	15	0.07
11	75	15	0.08
11	80	15	0.08
11	85	15	0.08
11	90	15	0.08
11	95	15	0.08
11	100	15	0.08
11	105	15	0.08
11	110	15	0.08
11	115	15	0.07
11	120	15	0.06
11	125	15	0.06
11	130	15	0.05
11	135	15	0.04
11	140	15	0.03
11	145	15	0.03
11	150	15	0.02
11	155	15	0.02
11	160	15	0.01
11	165	15	0.01
11	170	15	0.00
11	175	15	0.00
11	180	15	0.00
11	0	16	0.00
11	5	16	0.00
11	10	16	0.00
11	15	16	0.01
11	20	16	0.01
11	25	16	0.01
11	30	16	0.02
11	35	16	0.02
11	40	16	0.03
11	45	16	0.04
11	50	16	0.05
11	55	16	0.05
11	60	16	0.06
11	65	16	0.07
11	70	16	0.07
11	75	16	0.08
11	80	16	0.08
11	85	16	0.08
11	90	16	0.09
11	95	16	0.08
11	100	16	0.08
11	105	16	0.08
11	110	16	0.07
11	115	16	0.07
11	120	16	0.06
11	125	16	0.06
11	130	16	0.05
11	135	16	0.04
11	140	16	0.04
11	145	16	0.03
11	150	16	0.02
11	155	16	0.02
11	160	16	0.01
11	165	16	0.01
11	170	16	0.00
11	175	16	0.00
11	180	16	0.00
11	0	17	0.00
11	5	17	0.00
11	10	17	0.00
11	15	17	0.01
11	20	17	0.01
11	25	17	0.01
11	30	17	0.02
11	35	17	0.03
11	40	17	0.03
11	45	17	0.04
11	50	17	0.05
11	55	17	0.05
11	60	17	0.06
11	65	17	0.07
11	70	17	0.07
11	75	17	0.07
11	80	17	0.08
11	85	17	0.08
11	90	17	0.08
11	95	17	0.08
11	100	17	0.08
11	105	17	0.08
11	110	17	0.07
11	115	17	0.07
11	120	17	0.06
11	125	17	0.06
11	130	17	0.05
11	135	17	0.04
11	140	17	0.04
11	145	17	0.03
11	150	17	0.02
11	155	17	0.01
11	160	17	0.01
11	165	17	0.01
11	170	17	0.00
11	175	17	0.00
11	180	17	0.00
11	0	18	0.00
11	5	18	0.00
11	10	18	0.00
11	15	18	0.01
11	20	18	0.01
11	25	18	0.01
11	30	18	0.02
11	35	18	0.02
11	40	18	0.03
11	45	18	0.04
11	50	18	0.05
11	55	18	0.05
11	60	18	0.06
11	65	18	0.07
11	70	18	0.07
11	75	18	0.08
11	80	18	0.08
11	85	18	0.08
11	90	18	0.08
11	95	18	0.08
11	100	18	0.08
11	105	18	0.08
11	110	18	0.07
11	115	18	0.07
11	120	18	0.06
11	125	18	0.06
11	130	18	0.05
11	135	18	0.04
11	140	18	0.03
11	145	18	0.03
11	150	18	0.02
11	155	18	0.01
11	160	18	0.01
11	165	18	0.01
11	170	18	0.00
11	175	18	0.00
11	180	18	0.00
11	0	19	0.00
11	5	19	0.00
11	10	19	0.00
11	15	19	0.01
11	20	19	0.01
11	25	19	0.01
11	30	19	0.02
11	35	19	0.03
11	40	19	0.03
11	45	19	0.04
11	50	19	0.05
11	55	19	0.06
11	60	19	0.06
11	65	19	0.07
11	70	19	0.07
11	75	19	0.08
11	80	19	0.08
11	85	19	0.08
11	90	19	0.08
11	95	19	0.08
11	100	19	0.08
11	105	19	0.08
11	110	19	0.07
11	115	19	0.07
11	120	19	0.06
11	125	19	0.06
11	130	19	0.05
11	135	19	0.04
11	140	19	0.03
11	145	19	0.03
11	150	19	0.02
11	155	19	0.01
11	160	19	0.01
11	165	19	0.01
11	170	19	0.00
11	175	19	0.00
11	180	19	0.00
11	0	20	0.00
11	5	20	0.00
11	10	20	0.00
11	15	20	0.01
11	20	20	0.01
11	25	20	0.02
11	30	20	0.02
11	35	20	0.02
11	40	20	0.03
11	45	20	0.04
11	50	20	0.04
11	55	20	0.06
11	60	20	0.06
11	65	20	0.06
11	70	20	0.08
11	75	20	0.08
11	80	20	0.08
11	85	20	0.08
11	90	20	0.08
11	95	20	0.08
11	100	20	0.08
11	105	20	0.08
11	110	20	0.07
11	115	20	0.07
11	120	20	0.06
11	125	20	0.05
11	130	20	0.05
11	135	20	0.04
11	140	20	0.03
11	145	20	0.03
11	150	20	0.02
11	155	20	0.01
11	160	20	0.01
11	165	20	0.01
11	170	20	0.00
11	175	20	0.00
11	180	20	0.00
12	0	5	0.00
12	5	5	0.00
12	10	5	0.00
12	15	5	0.01
12	20	5	0.01
12	25	5	0.02
12	30	5	0.02
12	35	5	0.03
12	40	5	0.04
12	45	5	0.05
12	50	5	0.06
12	55	5	0.07
12	60	5	0.07
12	65	5	0.08
12	70	5	0.09
12	75	5	0.09
12	80	5	0.09
12	85	5	0.09
12	90	5	0.09
12	95	5	0.09
12	100	5	0.08
12	105	5	0.08
12	110	5	0.07
12	115	5	0.07
12	120	5	0.06
12	125	5	0.06
12	130	5	0.05
12	135	5	0.04
12	140	5	0.04
12	145	5	0.03
12	150	5	0.03
12	155	5	0.02
12	160	5	0.01
12	165	5	0.01
12	170	5	0.00
12	175	5	0.00
12	180	5	0.00
12	0	6	0.00
12	5	6	0.00
12	10	6	0.00
12	15	6	0.01
12	20	6	0.01
12	25	6	0.02
12	30	6	0.02
12	35	6	0.03
12	40	6	0.04
12	45	6	0.05
12	50	6	0.06
12	55	6	0.07
12	60	6	0.08
12	65	6	0.08
12	70	6	0.09
12	75	6	0.09
12	80	6	0.10
12	85	6	0.09
12	90	6	0.09
12	95	6	0.09
12	100	6	0.08
12	105	6	0.08
12	110	6	0.07
12	115	6	0.07
12	120	6	0.06
12	125	6	0.05
12	130	6	0.05
12	135	6	0.04
12	140	6	0.04
12	145	6	0.03
12	150	6	0.03
12	155	6	0.02
12	160	6	0.01
12	165	6	0.01
12	170	6	0.00
12	175	6	0.00
12	180	6	0.00
12	0	7	0.00
12	5	7	0.00
12	10	7	0.00
12	15	7	0.01
12	20	7	0.01
12	25	7	0.02
12	30	7	0.02
12	35	7	0.03
12	40	7	0.04
12	45	7	0.05
12	50	7	0.06
12	55	7	0.07
12	60	7	0.08
12	65	7	0.08
12	70	7	0.09
12	75	7	0.09
12	80	7	0.10
12	85	7	0.10
12	90	7	0.10
12	95	7	0.09
12	100	7	0.09
12	105	7	0.08
12	110	7	0.07
12	115	7	0.07
12	120	7	0.06
12	125	7	0.05
12	130	7	0.05
12	135	7	0.04
12	140	7	0.04
12	145	7	0.03
12	150	7	0.02
12	155	7	0.02
12	160	7	0.01
12	165	7	0.01
12	170	7	0.00
12	175	7	0.00
12	180	7	0.00
12	0	8	0.00
12	5	8	0.00
12	10	8	0.00
12	15	8	0.01
12	20	8	0.01
12	25	8	0.02
12	30	8	0.02
12	35	8	0.03
12	40	8	0.04
12	45	8	0.05
12	50	8	0.06
12	55	8	0.06
12	60	8	0.08
12	65	8	0.08
12	70	8	0.09
12	75	8	0.09
12	80	8	0.10
12	85	8	0.10
12	90	8	0.10
12	95	8	0.09
12	100	8	0.09
12	105	8	0.08
12	110	8	0.08
12	115	8	0.07
12	120	8	0.06
12	125	8	0.05
12	130	8	0.05
12	135	8	0.04
12	140	8	0.03
12	145	8	0.03
12	150	8	0.02
12	155	8	0.02
12	160	8	0.01
12	165	8	0.01
12	170	8	0.00
12	175	8	0.00
12	180	8	0.00
12	0	9	0.00
12	5	9	0.00
12	10	9	0.00
12	15	9	0.01
12	20	9	0.01
12	25	9	0.02
12	30	9	0.02
12	35	9	0.03
12	40	9	0.04
12	45	9	0.05
12	50	9	0.06
12	55	9	0.07
12	60	9	0.08
12	65	9	0.08
12	70	9	0.09
12	75	9	0.10
12	80	9	0.10
12	85	9	0.10
12	90	9	0.10
12	95	9	0.10
12	100	9	0.09
12	105	9	0.09
12	110	9	0.08
12	115	9	0.07
12	120	9	0.06
12	125	9	0.06
12	130	9	0.05
12	135	9	0.04
12	140	9	0.03
12	145	9	0.03
12	150	9	0.02
12	155	9	0.02
12	160	9	0.01
12	165	9	0.01
12	170	9	0.00
12	175	9	0.00
12	180	9	0.00
12	0	10	0.00
12	5	10	0.00
12	10	10	0.00
12	15	10	0.01
12	20	10	0.01
12	25	10	0.02
12	30	10	0.02
12	35	10	0.03
12	40	10	0.04
12	45	10	0.05
12	50	10	0.05
12	55	10	0.07
12	60	10	0.07
12	65	10	0.08
12	70	10	0.09
12	75	10	0.09
12	80	10	0.10
12	85	10	0.10
12	90	10	0.10
12	95	10	0.10
12	100	10	0.10
12	105	10	0.09
12	110	10	0.08
12	115	10	0.07
12	120	10	0.07
12	125	10	0.06
12	130	10	0.05
12	135	10	0.04
12	140	10	0.03
12	145	10	0.03
12	150	10	0.02
12	155	10	0.01
12	160	10	0.01
12	165	10	0.01
12	170	10	0.00
12	175	10	0.00
12	180	10	0.00
12	0	11	0.00
12	5	11	0.00
12	10	11	0.00
12	15	11	0.01
12	20	11	0.01
12	25	11	0.02
12	30	11	0.02
12	35	11	0.03
12	40	11	0.04
12	45	11	0.05
12	50	11	0.06
12	55	11	0.07
12	60	11	0.07
12	65	11	0.08
12	70	11	0.09
12	75	11	0.09
12	80	11	0.10
12	85	11	0.10
12	90	11	0.10
12	95	11	0.10
12	100	11	0.10
12	105	11	0.09
12	110	11	0.09
12	115	11	0.08
12	120	11	0.07
12	125	11	0.06
12	130	11	0.05
12	135	11	0.04
12	140	11	0.03
12	145	11	0.03
12	150	11	0.02
12	155	11	0.01
12	160	11	0.01
12	165	11	0.01
12	170	11	0.00
12	175	11	0.00
12	180	11	0.00
12	0	12	0.00
12	5	12	0.00
12	10	12	0.00
12	15	12	0.01
12	20	12	0.01
12	25	12	0.02
12	30	12	0.02
12	35	12	0.03
12	40	12	0.04
12	45	12	0.05
12	50	12	0.06
12	55	12	0.07
12	60	12	0.07
12	65	12	0.08
12	70	12	0.09
12	75	12	0.10
12	80	12	0.10
12	85	12	0.10
12	90	12	0.10
12	95	12	0.10
12	100	12	0.10
12	105	12	0.09
12	110	12	0.09
12	115	12	0.08
12	120	12	0.07
12	125	12	0.06
12	130	12	0.05
12	135	12	0.04
12	140	12	0.04
12	145	12	0.03
12	150	12	0.02
12	155	12	0.01
12	160	12	0.01
12	165	12	0.01
12	170	12	0.00
12	175	12	0.00
12	180	12	0.00
12	0	13	0.00
12	5	13	0.00
12	10	13	0.00
12	15	13	0.01
12	20	13	0.01
12	25	13	0.02
12	30	13	0.02
12	35	13	0.03
12	40	13	0.04
12	45	13	0.05
12	50	13	0.06
12	55	13	0.06
12	60	13	0.08
12	65	13	0.08
12	70	13	0.08
12	75	13	0.10
12	80	13	0.10
12	85	13	0.10
12	90	13	0.10
12	95	13	0.10
12	100	13	0.10
12	105	13	0.09
12	110	13	0.09
12	115	13	0.08
12	120	13	0.07
12	125	13	0.07
12	130	13	0.06
12	135	13	0.05
12	140	13	0.04
12	145	13	0.03
12	150	13	0.02
12	155	13	0.02
12	160	13	0.01
12	165	13	0.01
12	170	13	0.00
12	175	13	0.00
12	180	13	0.00
12	0	14	0.00
12	5	14	0.00
12	10	14	0.00
12	15	14	0.01
12	20	14	0.01
12	25	14	0.02
12	30	14	0.02
12	35	14	0.03
12	40	14	0.04
12	45	14	0.05
12	50	14	0.06
12	55	14	0.06
12	60	14	0.07
12	65	14	0.08
12	70	14	0.09
12	75	14	0.09
12	80	14	0.10
12	85	14	0.10
12	90	14	0.10
12	95	14	0.10
12	100	14	0.10
12	105	14	0.09
12	110	14	0.09
12	115	14	0.08
12	120	14	0.07
12	125	14	0.07
12	130	14	0.06
12	135	14	0.05
12	140	14	0.04
12	145	14	0.03
12	150	14	0.02
12	155	14	0.02
12	160	14	0.01
12	165	14	0.01
12	170	14	0.00
12	175	14	0.00
12	180	14	0.00
12	0	15	0.00
12	5	15	0.00
12	10	15	0.00
12	15	15	0.01
12	20	15	0.01
12	25	15	0.02
12	30	15	0.02
12	35	15	0.03
12	40	15	0.04
12	45	15	0.05
12	50	15	0.05
12	55	15	0.06
12	60	15	0.07
12	65	15	0.08
12	70	15	0.09
12	75	15	0.09
12	80	15	0.10
12	85	15	0.10
12	90	15	0.10
12	95	15	0.10
12	100	15	0.10
12	105	15	0.09
12	110	15	0.09
12	115	15	0.08
12	120	15	0.07
12	125	15	0.07
12	130	15	0.06
12	135	15	0.05
12	140	15	0.04
12	145	15	0.03
12	150	15	0.02
12	155	15	0.02
12	160	15	0.01
12	165	15	0.01
12	170	15	0.00
12	175	15	0.00
12	180	15	0.00
12	0	16	0.00
12	5	16	0.00
12	10	16	0.00
12	15	16	0.01
12	20	16	0.01
12	25	16	0.02
12	30	16	0.02
12	35	16	0.03
12	40	16	0.04
12	45	16	0.05
12	50	16	0.05
12	55	16	0.06
12	60	16	0.07
12	65	16	0.08
12	70	16	0.09
12	75	16	0.09
12	80	16	0.09
12	85	16	0.10
12	90	16	0.10
12	95	16	0.10
12	100	16	0.10
12	105	16	0.09
12	110	16	0.09
12	115	16	0.08
12	120	16	0.08
12	125	16	0.07
12	130	16	0.06
12	135	16	0.05
12	140	16	0.04
12	145	16	0.03
12	150	16	0.03
12	155	16	0.02
12	160	16	0.01
12	165	16	0.01
12	170	16	0.00
12	175	16	0.00
12	180	16	0.00
12	0	17	0.00
12	5	17	0.00
12	10	17	0.00
12	15	17	0.01
12	20	17	0.01
12	25	17	0.01
12	30	17	0.02
12	35	17	0.03
12	40	17	0.04
12	45	17	0.05
12	50	17	0.05
12	55	17	0.06
12	60	17	0.07
12	65	17	0.08
12	70	17	0.08
12	75	17	0.09
12	80	17	0.10
12	85	17	0.10
12	90	17	0.10
12	95	17	0.10
12	100	17	0.10
12	105	17	0.09
12	110	17	0.09
12	115	17	0.08
12	120	17	0.07
12	125	17	0.07
12	130	17	0.06
12	135	17	0.05
12	140	17	0.04
12	145	17	0.03
12	150	17	0.02
12	155	17	0.02
12	160	17	0.01
12	165	17	0.01
12	170	17	0.00
12	175	17	0.00
12	180	17	0.00
12	0	18	0.00
12	5	18	0.00
12	10	18	0.00
12	15	18	0.01
12	20	18	0.01
12	25	18	0.02
12	30	18	0.02
12	35	18	0.03
12	40	18	0.04
12	45	18	0.05
12	50	18	0.06
12	55	18	0.07
12	60	18	0.07
12	65	18	0.08
12	70	18	0.08
12	75	18	0.09
12	80	18	0.09
12	85	18	0.10
12	90	18	0.10
12	95	18	0.10
12	100	18	0.10
12	105	18	0.09
12	110	18	0.09
12	115	18	0.08
12	120	18	0.08
12	125	18	0.07
12	130	18	0.06
12	135	18	0.05
12	140	18	0.04
12	145	18	0.03
12	150	18	0.02
12	155	18	0.02
12	160	18	0.01
12	165	18	0.01
12	170	18	0.00
12	175	18	0.00
12	180	18	0.00
12	0	19	0.00
12	5	19	0.00
12	10	19	0.00
12	15	19	0.01
12	20	19	0.01
12	25	19	0.02
12	30	19	0.02
12	35	19	0.03
12	40	19	0.04
12	45	19	0.05
12	50	19	0.06
12	55	19	0.06
12	60	19	0.07
12	65	19	0.08
12	70	19	0.09
12	75	19	0.09
12	80	19	0.09
12	85	19	0.10
12	90	19	0.10
12	95	19	0.10
12	100	19	0.10
12	105	19	0.09
12	110	19	0.09
12	115	19	0.08
12	120	19	0.08
12	125	19	0.07
12	130	19	0.06
12	135	19	0.05
12	140	19	0.04
12	145	19	0.03
12	150	19	0.03
12	155	19	0.02
12	160	19	0.01
12	165	19	0.01
12	170	19	0.00
12	175	19	0.00
12	180	19	0.00
12	0	20	0.00
12	5	20	0.00
12	10	20	0.00
12	15	20	0.01
12	20	20	0.01
12	25	20	0.02
12	30	20	0.02
12	35	20	0.03
12	40	20	0.04
12	45	20	0.05
12	50	20	0.05
12	55	20	0.06
12	60	20	0.07
12	65	20	0.08
12	70	20	0.09
12	75	20	0.09
12	80	20	0.09
12	85	20	0.10
12	90	20	0.10
12	95	20	0.10
12	100	20	0.09
12	105	20	0.09
12	110	20	0.09
12	115	20	0.08
12	120	20	0.08
12	125	20	0.07
12	130	20	0.06
12	135	20	0.05
12	140	20	0.04
12	145	20	0.03
12	150	20	0.02
12	155	20	0.02
12	160	20	0.01
12	165	20	0.01
12	170	20	0.00
12	175	20	0.00
12	180	20	0.00
13	0	5	0.00
13	5	5	0.00
13	10	5	0.00
13	15	5	0.01
13	20	5	0.01
13	25	5	0.02
13	30	5	0.03
13	35	5	0.04
13	40	5	0.05
13	45	5	0.06
13	50	5	0.07
13	55	5	0.08
13	60	5	0.09
13	65	5	0.10
13	70	5	0.10
13	75	5	0.11
13	80	5	0.11
13	85	5	0.11
13	90	5	0.10
13	95	5	0.10
13	100	5	0.09
13	105	5	0.09
13	110	5	0.08
13	115	5	0.08
13	120	5	0.07
13	125	5	0.07
13	130	5	0.06
13	135	5	0.05
13	140	5	0.05
13	145	5	0.04
13	150	5	0.03
13	155	5	0.02
13	160	5	0.01
13	165	5	0.01
13	170	5	0.00
13	175	5	0.00
13	180	5	0.00
13	0	6	0.00
13	5	6	0.00
13	10	6	0.00
13	15	6	0.01
13	20	6	0.01
13	25	6	0.02
13	30	6	0.03
13	35	6	0.04
13	40	6	0.05
13	45	6	0.06
13	50	6	0.07
13	55	6	0.08
13	60	6	0.09
13	65	6	0.10
13	70	6	0.10
13	75	6	0.11
13	80	6	0.11
13	85	6	0.11
13	90	6	0.11
13	95	6	0.10
13	100	6	0.10
13	105	6	0.09
13	110	6	0.08
13	115	6	0.08
13	120	6	0.07
13	125	6	0.06
13	130	6	0.06
13	135	6	0.05
13	140	6	0.04
13	145	6	0.04
13	150	6	0.03
13	155	6	0.02
13	160	6	0.01
13	165	6	0.01
13	170	6	0.00
13	175	6	0.00
13	180	6	0.00
13	0	7	0.00
13	5	7	0.00
13	10	7	0.00
13	15	7	0.01
13	20	7	0.01
13	25	7	0.02
13	30	7	0.03
13	35	7	0.04
13	40	7	0.05
13	45	7	0.06
13	50	7	0.07
13	55	7	0.08
13	60	7	0.09
13	65	7	0.10
13	70	7	0.11
13	75	7	0.11
13	80	7	0.11
13	85	7	0.11
13	90	7	0.11
13	95	7	0.11
13	100	7	0.10
13	105	7	0.09
13	110	7	0.09
13	115	7	0.08
13	120	7	0.07
13	125	7	0.06
13	130	7	0.06
13	135	7	0.05
13	140	7	0.04
13	145	7	0.04
13	150	7	0.03
13	155	7	0.02
13	160	7	0.01
13	165	7	0.01
13	170	7	0.00
13	175	7	0.00
13	180	7	0.00
13	0	8	0.00
13	5	8	0.00
13	10	8	0.00
13	15	8	0.01
13	20	8	0.01
13	25	8	0.02
13	30	8	0.03
13	35	8	0.04
13	40	8	0.05
13	45	8	0.06
13	50	8	0.07
13	55	8	0.08
13	60	8	0.09
13	65	8	0.10
13	70	8	0.10
13	75	8	0.11
13	80	8	0.11
13	85	8	0.12
13	90	8	0.11
13	95	8	0.11
13	100	8	0.10
13	105	8	0.10
13	110	8	0.09
13	115	8	0.08
13	120	8	0.07
13	125	8	0.06
13	130	8	0.06
13	135	8	0.05
13	140	8	0.04
13	145	8	0.03
13	150	8	0.03
13	155	8	0.02
13	160	8	0.01
13	165	8	0.01
13	170	8	0.00
13	175	8	0.00
13	180	8	0.00
13	0	9	0.00
13	5	9	0.00
13	10	9	0.00
13	15	9	0.01
13	20	9	0.01
13	25	9	0.02
13	30	9	0.03
13	35	9	0.04
13	40	9	0.05
13	45	9	0.06
13	50	9	0.07
13	55	9	0.08
13	60	9	0.09
13	65	9	0.10
13	70	9	0.10
13	75	9	0.11
13	80	9	0.12
13	85	9	0.12
13	90	9	0.12
13	95	9	0.11
13	100	9	0.11
13	105	9	0.10
13	110	9	0.09
13	115	9	0.08
13	120	9	0.07
13	125	9	0.06
13	130	9	0.06
13	135	9	0.05
13	140	9	0.04
13	145	9	0.03
13	150	9	0.03
13	155	9	0.02
13	160	9	0.01
13	165	9	0.01
13	170	9	0.00
13	175	9	0.00
13	180	9	0.00
13	0	10	0.00
13	5	10	0.00
13	10	10	0.00
13	15	10	0.01
13	20	10	0.01
13	25	10	0.02
13	30	10	0.03
13	35	10	0.04
13	40	10	0.05
13	45	10	0.06
13	50	10	0.06
13	55	10	0.08
13	60	10	0.09
13	65	10	0.10
13	70	10	0.10
13	75	10	0.11
13	80	10	0.11
13	85	10	0.12
13	90	10	0.12
13	95	10	0.12
13	100	10	0.11
13	105	10	0.10
13	110	10	0.09
13	115	10	0.09
13	120	10	0.08
13	125	10	0.07
13	130	10	0.06
13	135	10	0.05
13	140	10	0.04
13	145	10	0.03
13	150	10	0.02
13	155	10	0.02
13	160	10	0.01
13	165	10	0.01
13	170	10	0.00
13	175	10	0.00
13	180	10	0.00
13	0	11	0.00
13	5	11	0.00
13	10	11	0.00
13	15	11	0.01
13	20	11	0.01
13	25	11	0.02
13	30	11	0.03
13	35	11	0.04
13	40	11	0.05
13	45	11	0.06
13	50	11	0.07
13	55	11	0.08
13	60	11	0.09
13	65	11	0.10
13	70	11	0.10
13	75	11	0.11
13	80	11	0.12
13	85	11	0.12
13	90	11	0.12
13	95	11	0.12
13	100	11	0.11
13	105	11	0.11
13	110	11	0.10
13	115	11	0.09
13	120	11	0.08
13	125	11	0.07
13	130	11	0.06
13	135	11	0.05
13	140	11	0.04
13	145	11	0.03
13	150	11	0.02
13	155	11	0.02
13	160	11	0.01
13	165	11	0.01
13	170	11	0.00
13	175	11	0.00
13	180	11	0.00
13	0	12	0.00
13	5	12	0.00
13	10	12	0.00
13	15	12	0.01
13	20	12	0.01
13	25	12	0.02
13	30	12	0.03
13	35	12	0.04
13	40	12	0.05
13	45	12	0.05
13	50	12	0.07
13	55	12	0.08
13	60	12	0.09
13	65	12	0.10
13	70	12	0.11
13	75	12	0.11
13	80	12	0.11
13	85	12	0.12
13	90	12	0.12
13	95	12	0.12
13	100	12	0.11
13	105	12	0.11
13	110	12	0.10
13	115	12	0.09
13	120	12	0.08
13	125	12	0.07
13	130	12	0.06
13	135	12	0.05
13	140	12	0.04
13	145	12	0.03
13	150	12	0.02
13	155	12	0.02
13	160	12	0.01
13	165	12	0.01
13	170	12	0.00
13	175	12	0.00
13	180	12	0.00
13	0	13	0.00
13	5	13	0.00
13	10	13	0.00
13	15	13	0.01
13	20	13	0.01
13	25	13	0.02
13	30	13	0.03
13	35	13	0.04
13	40	13	0.05
13	45	13	0.06
13	50	13	0.07
13	55	13	0.08
13	60	13	0.09
13	65	13	0.10
13	70	13	0.10
13	75	13	0.11
13	80	13	0.11
13	85	13	0.12
13	90	13	0.12
13	95	13	0.12
13	100	13	0.11
13	105	13	0.11
13	110	13	0.10
13	115	13	0.09
13	120	13	0.08
13	125	13	0.07
13	130	13	0.06
13	135	13	0.05
13	140	13	0.04
13	145	13	0.03
13	150	13	0.02
13	155	13	0.02
13	160	13	0.01
13	165	13	0.01
13	170	13	0.00
13	175	13	0.00
13	180	13	0.00
13	0	14	0.00
13	5	14	0.00
13	10	14	0.00
13	15	14	0.01
13	20	14	0.01
13	25	14	0.02
13	30	14	0.03
13	35	14	0.04
13	40	14	0.05
13	45	14	0.06
13	50	14	0.07
13	55	14	0.07
13	60	14	0.09
13	65	14	0.09
13	70	14	0.10
13	75	14	0.11
13	80	14	0.11
13	85	14	0.12
13	90	14	0.12
13	95	14	0.12
13	100	14	0.11
13	105	14	0.11
13	110	14	0.10
13	115	14	0.10
13	120	14	0.09
13	125	14	0.08
13	130	14	0.06
13	135	14	0.05
13	140	14	0.04
13	145	14	0.04
13	150	14	0.03
13	155	14	0.02
13	160	14	0.01
13	165	14	0.01
13	170	14	0.00
13	175	14	0.00
13	180	14	0.00
13	0	15	0.00
13	5	15	0.00
13	10	15	0.00
13	15	15	0.01
13	20	15	0.01
13	25	15	0.02
13	30	15	0.03
13	35	15	0.03
13	40	15	0.05
13	45	15	0.06
13	50	15	0.07
13	55	15	0.07
13	60	15	0.09
13	65	15	0.10
13	70	15	0.10
13	75	15	0.11
13	80	15	0.12
13	85	15	0.12
13	90	15	0.12
13	95	15	0.12
13	100	15	0.12
13	105	15	0.11
13	110	15	0.10
13	115	15	0.10
13	120	15	0.09
13	125	15	0.08
13	130	15	0.07
13	135	15	0.06
13	140	15	0.05
13	145	15	0.04
13	150	15	0.03
13	155	15	0.02
13	160	15	0.01
13	165	15	0.01
13	170	15	0.00
13	175	15	0.00
13	180	15	0.00
13	0	16	0.00
13	5	16	0.00
13	10	16	0.00
13	15	16	0.01
13	20	16	0.01
13	25	16	0.02
13	30	16	0.02
13	35	16	0.04
13	40	16	0.05
13	45	16	0.06
13	50	16	0.06
13	55	16	0.07
13	60	16	0.09
13	65	16	0.10
13	70	16	0.10
13	75	16	0.11
13	80	16	0.11
13	85	16	0.12
13	90	16	0.12
13	95	16	0.12
13	100	16	0.12
13	105	16	0.11
13	110	16	0.11
13	115	16	0.10
13	120	16	0.09
13	125	16	0.08
13	130	16	0.07
13	135	16	0.06
13	140	16	0.05
13	145	16	0.04
13	150	16	0.03
13	155	16	0.02
13	160	16	0.01
13	165	16	0.01
13	170	16	0.00
13	175	16	0.00
13	180	16	0.00
13	0	17	0.00
13	5	17	0.00
13	10	17	0.00
13	15	17	0.01
13	20	17	0.01
13	25	17	0.02
13	30	17	0.03
13	35	17	0.03
13	40	17	0.04
13	45	17	0.06
13	50	17	0.06
13	55	17	0.08
13	60	17	0.09
13	65	17	0.10
13	70	17	0.11
13	75	17	0.11
13	80	17	0.11
13	85	17	0.12
13	90	17	0.12
13	95	17	0.12
13	100	17	0.11
13	105	17	0.11
13	110	17	0.10
13	115	17	0.10
13	120	17	0.09
13	125	17	0.08
13	130	17	0.07
13	135	17	0.06
13	140	17	0.05
13	145	17	0.04
13	150	17	0.03
13	155	17	0.02
13	160	17	0.01
13	165	17	0.01
13	170	17	0.00
13	175	17	0.00
13	180	17	0.00
13	0	18	0.00
13	5	18	0.00
13	10	18	0.00
13	15	18	0.01
13	20	18	0.01
13	25	18	0.02
13	30	18	0.03
13	35	18	0.04
13	40	18	0.05
13	45	18	0.06
13	50	18	0.07
13	55	18	0.08
13	60	18	0.09
13	65	18	0.10
13	70	18	0.10
13	75	18	0.11
13	80	18	0.11
13	85	18	0.11
13	90	18	0.12
13	95	18	0.12
13	100	18	0.11
13	105	18	0.11
13	110	18	0.10
13	115	18	0.10
13	120	18	0.09
13	125	18	0.08
13	130	18	0.07
13	135	18	0.06
13	140	18	0.05
13	145	18	0.04
13	150	18	0.03
13	155	18	0.02
13	160	18	0.01
13	165	18	0.01
13	170	18	0.00
13	175	18	0.00
13	180	18	0.00
13	0	19	0.00
13	5	19	0.00
13	10	19	0.00
13	15	19	0.01
13	20	19	0.01
13	25	19	0.02
13	30	19	0.03
13	35	19	0.03
13	40	19	0.04
13	45	19	0.06
13	50	19	0.07
13	55	19	0.07
13	60	19	0.09
13	65	19	0.10
13	70	19	0.10
13	75	19	0.11
13	80	19	0.11
13	85	19	0.12
13	90	19	0.11
13	95	19	0.12
13	100	19	0.11
13	105	19	0.11
13	110	19	0.10
13	115	19	0.10
13	120	19	0.09
13	125	19	0.08
13	130	19	0.07
13	135	19	0.06
13	140	19	0.05
13	145	19	0.04
13	150	19	0.03
13	155	19	0.02
13	160	19	0.01
13	165	19	0.01
13	170	19	0.00
13	175	19	0.00
13	180	19	0.00
13	0	20	0.00
13	5	20	0.00
13	10	20	0.00
13	15	20	0.01
13	20	20	0.01
13	25	20	0.02
13	30	20	0.03
13	35	20	0.04
13	40	20	0.05
13	45	20	0.05
13	50	20	0.07
13	55	20	0.07
13	60	20	0.08
13	65	20	0.10
13	70	20	0.10
13	75	20	0.10
13	80	20	0.11
13	85	20	0.12
13	90	20	0.12
13	95	20	0.11
13	100	20	0.12
13	105	20	0.11
13	110	20	0.10
13	115	20	0.10
13	120	20	0.09
13	125	20	0.08
13	130	20	0.07
13	135	20	0.06
13	140	20	0.05
13	145	20	0.04
13	150	20	0.03
13	155	20	0.02
13	160	20	0.01
13	165	20	0.01
13	170	20	0.00
13	175	20	0.00
13	180	20	0.00
14	0	5	0.00
14	5	5	0.00
14	10	5	0.00
14	15	5	0.01
14	20	5	0.02
14	25	5	0.02
14	30	5	0.03
14	35	5	0.04
14	40	5	0.06
14	45	5	0.07
14	50	5	0.08
14	55	5	0.09
14	60	5	0.10
14	65	5	0.11
14	70	5	0.12
14	75	5	0.12
14	80	5	0.12
14	85	5	0.12
14	90	5	0.12
14	95	5	0.11
14	100	5	0.11
14	105	5	0.10
14	110	5	0.10
14	115	5	0.09
14	120	5	0.08
14	125	5	0.08
14	130	5	0.07
14	135	5	0.06
14	140	5	0.06
14	145	5	0.05
14	150	5	0.03
14	155	5	0.03
14	160	5	0.02
14	165	5	0.01
14	170	5	0.00
14	175	5	0.00
14	180	5	0.00
14	0	6	0.00
14	5	6	0.00
14	10	6	0.00
14	15	6	0.01
14	20	6	0.01
14	25	6	0.02
14	30	6	0.03
14	35	6	0.04
14	40	6	0.05
14	45	6	0.07
14	50	6	0.08
14	55	6	0.09
14	60	6	0.10
14	65	6	0.11
14	70	6	0.12
14	75	6	0.13
14	80	6	0.13
14	85	6	0.13
14	90	6	0.12
14	95	6	0.12
14	100	6	0.11
14	105	6	0.10
14	110	6	0.10
14	115	6	0.09
14	120	6	0.08
14	125	6	0.08
14	130	6	0.07
14	135	6	0.06
14	140	6	0.05
14	145	6	0.04
14	150	6	0.04
14	155	6	0.02
14	160	6	0.02
14	165	6	0.01
14	170	6	0.00
14	175	6	0.00
14	180	6	0.00
14	0	7	0.00
14	5	7	0.00
14	10	7	0.01
14	15	7	0.01
14	20	7	0.01
14	25	7	0.02
14	30	7	0.03
14	35	7	0.04
14	40	7	0.05
14	45	7	0.07
14	50	7	0.08
14	55	7	0.09
14	60	7	0.10
14	65	7	0.11
14	70	7	0.12
14	75	7	0.13
14	80	7	0.13
14	85	7	0.13
14	90	7	0.13
14	95	7	0.12
14	100	7	0.11
14	105	7	0.11
14	110	7	0.10
14	115	7	0.09
14	120	7	0.08
14	125	7	0.07
14	130	7	0.07
14	135	7	0.06
14	140	7	0.05
14	145	7	0.04
14	150	7	0.03
14	155	7	0.02
14	160	7	0.02
14	165	7	0.01
14	170	7	0.00
14	175	7	0.00
14	180	7	0.00
14	0	8	0.00
14	5	8	0.00
14	10	8	0.00
14	15	8	0.01
14	20	8	0.01
14	25	8	0.02
14	30	8	0.03
14	35	8	0.04
14	40	8	0.06
14	45	8	0.07
14	50	8	0.08
14	55	8	0.09
14	60	8	0.10
14	65	8	0.11
14	70	8	0.12
14	75	8	0.13
14	80	8	0.13
14	85	8	0.13
14	90	8	0.13
14	95	8	0.12
14	100	8	0.12
14	105	8	0.11
14	110	8	0.10
14	115	8	0.09
14	120	8	0.08
14	125	8	0.07
14	130	8	0.07
14	135	8	0.06
14	140	8	0.05
14	145	8	0.04
14	150	8	0.03
14	155	8	0.02
14	160	8	0.02
14	165	8	0.01
14	170	8	0.00
14	175	8	0.00
14	180	8	0.00
14	0	9	0.00
14	5	9	0.00
14	10	9	0.00
14	15	9	0.01
14	20	9	0.01
14	25	9	0.02
14	30	9	0.03
14	35	9	0.04
14	40	9	0.06
14	45	9	0.07
14	50	9	0.08
14	55	9	0.09
14	60	9	0.10
14	65	9	0.11
14	70	9	0.12
14	75	9	0.13
14	80	9	0.13
14	85	9	0.14
14	90	9	0.13
14	95	9	0.13
14	100	9	0.12
14	105	9	0.11
14	110	9	0.10
14	115	9	0.09
14	120	9	0.08
14	125	9	0.07
14	130	9	0.07
14	135	9	0.06
14	140	9	0.05
14	145	9	0.04
14	150	9	0.03
14	155	9	0.02
14	160	9	0.02
14	165	9	0.01
14	170	9	0.00
14	175	9	0.00
14	180	9	0.00
14	0	10	0.00
14	5	10	0.00
14	10	10	0.01
14	15	10	0.01
14	20	10	0.02
14	25	10	0.02
14	30	10	0.03
14	35	10	0.04
14	40	10	0.05
14	45	10	0.06
14	50	10	0.08
14	55	10	0.09
14	60	10	0.10
14	65	10	0.11
14	70	10	0.12
14	75	10	0.13
14	80	10	0.13
14	85	10	0.13
14	90	10	0.13
14	95	10	0.13
14	100	10	0.12
14	105	10	0.12
14	110	10	0.11
14	115	10	0.10
14	120	10	0.09
14	125	10	0.08
14	130	10	0.07
14	135	10	0.06
14	140	10	0.05
14	145	10	0.04
14	150	10	0.03
14	155	10	0.02
14	160	10	0.02
14	165	10	0.01
14	170	10	0.00
14	175	10	0.00
14	180	10	0.00
14	0	11	0.00
14	5	11	0.00
14	10	11	0.01
14	15	11	0.01
14	20	11	0.01
14	25	11	0.02
14	30	11	0.03
14	35	11	0.04
14	40	11	0.06
14	45	11	0.06
14	50	11	0.08
14	55	11	0.09
14	60	11	0.10
14	65	11	0.11
14	70	11	0.12
14	75	11	0.13
14	80	11	0.13
14	85	11	0.14
14	90	11	0.14
14	95	11	0.13
14	100	11	0.13
14	105	11	0.12
14	110	11	0.11
14	115	11	0.10
14	120	11	0.09
14	125	11	0.08
14	130	11	0.07
14	135	11	0.06
14	140	11	0.05
14	145	11	0.04
14	150	11	0.03
14	155	11	0.02
14	160	11	0.01
14	165	11	0.01
14	170	11	0.00
14	175	11	0.00
14	180	11	0.00
14	0	12	0.00
14	5	12	0.00
14	10	12	0.00
14	15	12	0.01
14	20	12	0.01
14	25	12	0.02
14	30	12	0.03
14	35	12	0.04
14	40	12	0.05
14	45	12	0.07
14	50	12	0.08
14	55	12	0.09
14	60	12	0.10
14	65	12	0.11
14	70	12	0.12
14	75	12	0.13
14	80	12	0.14
14	85	12	0.14
14	90	12	0.13
14	95	12	0.13
14	100	12	0.13
14	105	12	0.12
14	110	12	0.11
14	115	12	0.10
14	120	12	0.09
14	125	12	0.08
14	130	12	0.07
14	135	12	0.06
14	140	12	0.05
14	145	12	0.04
14	150	12	0.03
14	155	12	0.02
14	160	12	0.01
14	165	12	0.01
14	170	12	0.00
14	175	12	0.00
14	180	12	0.00
14	0	13	0.00
14	5	13	0.00
14	10	13	0.00
14	15	13	0.01
14	20	13	0.01
14	25	13	0.02
14	30	13	0.03
14	35	13	0.04
14	40	13	0.05
14	45	13	0.06
14	50	13	0.08
14	55	13	0.09
14	60	13	0.10
14	65	13	0.11
14	70	13	0.12
14	75	13	0.13
14	80	13	0.13
14	85	13	0.14
14	90	13	0.14
14	95	13	0.14
14	100	13	0.13
14	105	13	0.13
14	110	13	0.12
14	115	13	0.11
14	120	13	0.09
14	125	13	0.08
14	130	13	0.07
14	135	13	0.06
14	140	13	0.05
14	145	13	0.04
14	150	13	0.03
14	155	13	0.02
14	160	13	0.01
14	165	13	0.01
14	170	13	0.00
14	175	13	0.00
14	180	13	0.00
14	0	14	0.00
14	5	14	0.00
14	10	14	0.00
14	15	14	0.01
14	20	14	0.01
14	25	14	0.02
14	30	14	0.03
14	35	14	0.05
14	40	14	0.05
14	45	14	0.07
14	50	14	0.08
14	55	14	0.09
14	60	14	0.10
14	65	14	0.11
14	70	14	0.12
14	75	14	0.13
14	80	14	0.13
14	85	14	0.14
14	90	14	0.14
14	95	14	0.14
14	100	14	0.13
14	105	14	0.13
14	110	14	0.12
14	115	14	0.11
14	120	14	0.10
14	125	14	0.09
14	130	14	0.07
14	135	14	0.06
14	140	14	0.05
14	145	14	0.04
14	150	14	0.03
14	155	14	0.02
14	160	14	0.01
14	165	14	0.01
14	170	14	0.00
14	175	14	0.00
14	180	14	0.00
14	0	15	0.00
14	5	15	0.00
14	10	15	0.00
14	15	15	0.01
14	20	15	0.01
14	25	15	0.02
14	30	15	0.03
14	35	15	0.04
14	40	15	0.05
14	45	15	0.07
14	50	15	0.08
14	55	15	0.09
14	60	15	0.10
14	65	15	0.11
14	70	15	0.12
14	75	15	0.13
14	80	15	0.13
14	85	15	0.14
14	90	15	0.14
14	95	15	0.14
14	100	15	0.13
14	105	15	0.13
14	110	15	0.12
14	115	15	0.11
14	120	15	0.10
14	125	15	0.09
14	130	15	0.08
14	135	15	0.06
14	140	15	0.05
14	145	15	0.04
14	150	15	0.03
14	155	15	0.02
14	160	15	0.01
14	165	15	0.01
14	170	15	0.00
14	175	15	0.00
14	180	15	0.00
14	0	16	0.00
14	5	16	0.00
14	10	16	0.01
14	15	16	0.01
14	20	16	0.01
14	25	16	0.02
14	30	16	0.03
14	35	16	0.04
14	40	16	0.06
14	45	16	0.07
14	50	16	0.08
14	55	16	0.09
14	60	16	0.10
14	65	16	0.11
14	70	16	0.12
14	75	16	0.13
14	80	16	0.13
14	85	16	0.14
14	90	16	0.13
14	95	16	0.14
14	100	16	0.13
14	105	16	0.13
14	110	16	0.12
14	115	16	0.11
14	120	16	0.10
14	125	16	0.09
14	130	16	0.08
14	135	16	0.07
14	140	16	0.05
14	145	16	0.04
14	150	16	0.03
14	155	16	0.02
14	160	16	0.02
14	165	16	0.01
14	170	16	0.00
14	175	16	0.00
14	180	16	0.00
14	0	17	0.00
14	5	17	0.00
14	10	17	0.01
14	15	17	0.01
14	20	17	0.02
14	25	17	0.02
14	30	17	0.03
14	35	17	0.04
14	40	17	0.05
14	45	17	0.06
14	50	17	0.07
14	55	17	0.09
14	60	17	0.10
14	65	17	0.11
14	70	17	0.12
14	75	17	0.12
14	80	17	0.13
14	85	17	0.13
14	90	17	0.13
14	95	17	0.13
14	100	17	0.13
14	105	17	0.13
14	110	17	0.12
14	115	17	0.11
14	120	17	0.10
14	125	17	0.09
14	130	17	0.08
14	135	17	0.07
14	140	17	0.06
14	145	17	0.04
14	150	17	0.03
14	155	17	0.02
14	160	17	0.02
14	165	17	0.01
14	170	17	0.00
14	175	17	0.00
14	180	17	0.00
14	0	18	0.00
14	5	18	0.00
14	10	18	0.00
14	15	18	0.01
14	20	18	0.02
14	25	18	0.02
14	30	18	0.03
14	35	18	0.04
14	40	18	0.05
14	45	18	0.07
14	50	18	0.08
14	55	18	0.09
14	60	18	0.10
14	65	18	0.11
14	70	18	0.12
14	75	18	0.13
14	80	18	0.13
14	85	18	0.14
14	90	18	0.14
14	95	18	0.14
14	100	18	0.14
14	105	18	0.13
14	110	18	0.12
14	115	18	0.11
14	120	18	0.10
14	125	18	0.09
14	130	18	0.08
14	135	18	0.07
14	140	18	0.06
14	145	18	0.05
14	150	18	0.03
14	155	18	0.02
14	160	18	0.02
14	165	18	0.01
14	170	18	0.00
14	175	18	0.00
14	180	18	0.00
14	0	19	0.00
14	5	19	0.00
14	10	19	0.00
14	15	19	0.01
14	20	19	0.01
14	25	19	0.02
14	30	19	0.03
14	35	19	0.04
14	40	19	0.05
14	45	19	0.07
14	50	19	0.08
14	55	19	0.09
14	60	19	0.10
14	65	19	0.11
14	70	19	0.12
14	75	19	0.13
14	80	19	0.13
14	85	19	0.14
14	90	19	0.13
14	95	19	0.14
14	100	19	0.13
14	105	19	0.13
14	110	19	0.12
14	115	19	0.11
14	120	19	0.10
14	125	19	0.09
14	130	19	0.08
14	135	19	0.07
14	140	19	0.06
14	145	19	0.05
14	150	19	0.04
14	155	19	0.02
14	160	19	0.02
14	165	19	0.01
14	170	19	0.00
14	175	19	0.00
14	180	19	0.00
14	0	20	0.00
14	5	20	0.00
14	10	20	0.01
14	15	20	0.01
14	20	20	0.02
14	25	20	0.02
14	30	20	0.03
14	35	20	0.04
14	40	20	0.05
14	45	20	0.06
14	50	20	0.07
14	55	20	0.08
14	60	20	0.10
14	65	20	0.11
14	70	20	0.12
14	75	20	0.13
14	80	20	0.13
14	85	20	0.13
14	90	20	0.14
14	95	20	0.14
14	100	20	0.13
14	105	20	0.13
14	110	20	0.12
14	115	20	0.11
14	120	20	0.10
14	125	20	0.09
14	130	20	0.08
14	135	20	0.07
14	140	20	0.06
14	145	20	0.04
14	150	20	0.03
14	155	20	0.02
14	160	20	0.02
14	165	20	0.01
14	170	20	0.00
14	175	20	0.00
14	180	20	0.00
15	0	5	0.00
15	5	5	0.00
15	10	5	0.01
15	15	5	0.01
15	20	5	0.02
15	25	5	0.03
15	30	5	0.04
15	35	5	0.05
15	40	5	0.06
15	45	5	0.08
15	50	5	0.09
15	55	5	0.11
15	60	5	0.12
15	65	5	0.13
15	70	5	0.14
15	75	5	0.14
15	80	5	0.14
15	85	5	0.14
15	90	5	0.14
15	95	5	0.13
15	100	5	0.12
15	105	5	0.12
15	110	5	0.11
15	115	5	0.10
15	120	5	0.10
15	125	5	0.09
15	130	5	0.08
15	135	5	0.07
15	140	5	0.06
15	145	5	0.05
15	150	5	0.04
15	155	5	0.03
15	160	5	0.02
15	165	5	0.01
15	170	5	0.00
15	175	5	0.00
15	180	5	0.00
15	0	6	0.00
15	5	6	0.00
15	10	6	0.01
15	15	6	0.01
15	20	6	0.02
15	25	6	0.03
15	30	6	0.04
15	35	6	0.05
15	40	6	0.06
15	45	6	0.08
15	50	6	0.09
15	55	6	0.10
15	60	6	0.12
15	65	6	0.13
15	70	6	0.14
15	75	6	0.15
15	80	6	0.14
15	85	6	0.14
15	90	6	0.14
15	95	6	0.13
15	100	6	0.13
15	105	6	0.12
15	110	6	0.11
15	115	6	0.10
15	120	6	0.10
15	125	6	0.09
15	130	6	0.08
15	135	6	0.07
15	140	6	0.06
15	145	6	0.05
15	150	6	0.04
15	155	6	0.03
15	160	6	0.02
15	165	6	0.01
15	170	6	0.01
15	175	6	0.00
15	180	6	0.00
15	0	7	0.00
15	5	7	0.00
15	10	7	0.01
15	15	7	0.01
15	20	7	0.02
15	25	7	0.03
15	30	7	0.04
15	35	7	0.05
15	40	7	0.06
15	45	7	0.08
15	50	7	0.09
15	55	7	0.10
15	60	7	0.12
15	65	7	0.13
15	70	7	0.14
15	75	7	0.15
15	80	7	0.15
15	85	7	0.15
15	90	7	0.14
15	95	7	0.14
15	100	7	0.13
15	105	7	0.12
15	110	7	0.11
15	115	7	0.10
15	120	7	0.10
15	125	7	0.09
15	130	7	0.08
15	135	7	0.07
15	140	7	0.06
15	145	7	0.05
15	150	7	0.04
15	155	7	0.03
15	160	7	0.02
15	165	7	0.01
15	170	7	0.00
15	175	7	0.00
15	180	7	0.00
15	0	8	0.00
15	5	8	0.00
15	10	8	0.01
15	15	8	0.01
15	20	8	0.02
15	25	8	0.02
15	30	8	0.04
15	35	8	0.05
15	40	8	0.06
15	45	8	0.08
15	50	8	0.09
15	55	8	0.11
15	60	8	0.12
15	65	8	0.13
15	70	8	0.14
15	75	8	0.15
15	80	8	0.15
15	85	8	0.15
15	90	8	0.15
15	95	8	0.14
15	100	8	0.13
15	105	8	0.12
15	110	8	0.11
15	115	8	0.10
15	120	8	0.10
15	125	8	0.09
15	130	8	0.08
15	135	8	0.07
15	140	8	0.06
15	145	8	0.05
15	150	8	0.04
15	155	8	0.03
15	160	8	0.02
15	165	8	0.01
15	170	8	0.00
15	175	8	0.00
15	180	8	0.00
15	0	9	0.00
15	5	9	0.00
15	10	9	0.01
15	15	9	0.01
15	20	9	0.02
15	25	9	0.03
15	30	9	0.04
15	35	9	0.05
15	40	9	0.06
15	45	9	0.07
15	50	9	0.09
15	55	9	0.10
15	60	9	0.12
15	65	9	0.13
15	70	9	0.14
15	75	9	0.14
15	80	9	0.15
15	85	9	0.15
15	90	9	0.15
15	95	9	0.14
15	100	9	0.14
15	105	9	0.13
15	110	9	0.12
15	115	9	0.11
15	120	9	0.10
15	125	9	0.09
15	130	9	0.07
15	135	9	0.06
15	140	9	0.05
15	145	9	0.05
15	150	9	0.04
15	155	9	0.03
15	160	9	0.02
15	165	9	0.01
15	170	9	0.00
15	175	9	0.00
15	180	9	0.00
15	0	10	0.00
15	5	10	0.00
15	10	10	0.01
15	15	10	0.01
15	20	10	0.02
15	25	10	0.03
15	30	10	0.04
15	35	10	0.05
15	40	10	0.06
15	45	10	0.07
15	50	10	0.09
15	55	10	0.10
15	60	10	0.12
15	65	10	0.13
15	70	10	0.14
15	75	10	0.15
15	80	10	0.15
15	85	10	0.16
15	90	10	0.15
15	95	10	0.15
15	100	10	0.14
15	105	10	0.13
15	110	10	0.12
15	115	10	0.11
15	120	10	0.10
15	125	10	0.09
15	130	10	0.07
15	135	10	0.06
15	140	10	0.05
15	145	10	0.04
15	150	10	0.03
15	155	10	0.03
15	160	10	0.02
15	165	10	0.01
15	170	10	0.00
15	175	10	0.00
15	180	10	0.00
15	0	11	0.00
15	5	11	0.00
15	10	11	0.01
15	15	11	0.01
15	20	11	0.02
15	25	11	0.02
15	30	11	0.03
15	35	11	0.05
15	40	11	0.06
15	45	11	0.08
15	50	11	0.09
15	55	11	0.10
15	60	11	0.12
15	65	11	0.13
15	70	11	0.14
15	75	11	0.15
15	80	11	0.15
15	85	11	0.16
15	90	11	0.16
15	95	11	0.15
15	100	11	0.14
15	105	11	0.13
15	110	11	0.12
15	115	11	0.11
15	120	11	0.10
15	125	11	0.09
15	130	11	0.07
15	135	11	0.06
15	140	11	0.05
15	145	11	0.04
15	150	11	0.03
15	155	11	0.03
15	160	11	0.02
15	165	11	0.01
15	170	11	0.00
15	175	11	0.00
15	180	11	0.00
15	0	12	0.00
15	5	12	0.00
15	10	12	0.01
15	15	12	0.01
15	20	12	0.02
15	25	12	0.03
15	30	12	0.04
15	35	12	0.05
15	40	12	0.06
15	45	12	0.08
15	50	12	0.09
15	55	12	0.11
15	60	12	0.12
15	65	12	0.13
15	70	12	0.14
15	75	12	0.14
15	80	12	0.15
15	85	12	0.15
15	90	12	0.16
15	95	12	0.15
15	100	12	0.15
15	105	12	0.14
15	110	12	0.13
15	115	12	0.11
15	120	12	0.10
15	125	12	0.09
15	130	12	0.08
15	135	12	0.06
15	140	12	0.05
15	145	12	0.04
15	150	12	0.03
15	155	12	0.02
15	160	12	0.02
15	165	12	0.01
15	170	12	0.00
15	175	12	0.00
15	180	12	0.00
15	0	13	0.00
15	5	13	0.00
15	10	13	0.00
15	15	13	0.01
15	20	13	0.02
15	25	13	0.02
15	30	13	0.04
15	35	13	0.05
15	40	13	0.06
15	45	13	0.08
15	50	13	0.09
15	55	13	0.11
15	60	13	0.11
15	65	13	0.13
15	70	13	0.14
15	75	13	0.15
15	80	13	0.15
15	85	13	0.16
15	90	13	0.16
15	95	13	0.16
15	100	13	0.15
15	105	13	0.14
15	110	13	0.13
15	115	13	0.12
15	120	13	0.11
15	125	13	0.09
15	130	13	0.08
15	135	13	0.07
15	140	13	0.05
15	145	13	0.04
15	150	13	0.03
15	155	13	0.02
15	160	13	0.02
15	165	13	0.01
15	170	13	0.00
15	175	13	0.00
15	180	13	0.00
15	0	14	0.00
15	5	14	0.00
15	10	14	0.00
15	15	14	0.01
15	20	14	0.01
15	25	14	0.03
15	30	14	0.04
15	35	14	0.05
15	40	14	0.06
15	45	14	0.07
15	50	14	0.09
15	55	14	0.11
15	60	14	0.12
15	65	14	0.13
15	70	14	0.14
15	75	14	0.15
15	80	14	0.15
15	85	14	0.16
15	90	14	0.16
15	95	14	0.16
15	100	14	0.15
15	105	14	0.14
15	110	14	0.13
15	115	14	0.12
15	120	14	0.11
15	125	14	0.09
15	130	14	0.08
15	135	14	0.07
15	140	14	0.05
15	145	14	0.04
15	150	14	0.03
15	155	14	0.02
15	160	14	0.01
15	165	14	0.01
15	170	14	0.00
15	175	14	0.00
15	180	14	0.00
15	0	15	0.00
15	5	15	0.00
15	10	15	0.01
15	15	15	0.01
15	20	15	0.02
15	25	15	0.03
15	30	15	0.04
15	35	15	0.05
15	40	15	0.06
15	45	15	0.08
15	50	15	0.09
15	55	15	0.10
15	60	15	0.12
15	65	15	0.13
15	70	15	0.14
15	75	15	0.15
15	80	15	0.15
15	85	15	0.16
15	90	15	0.16
15	95	15	0.16
15	100	15	0.15
15	105	15	0.15
15	110	15	0.14
15	115	15	0.13
15	120	15	0.11
15	125	15	0.10
15	130	15	0.08
15	135	15	0.07
15	140	15	0.06
15	145	15	0.04
15	150	15	0.03
15	155	15	0.02
15	160	15	0.02
15	165	15	0.01
15	170	15	0.00
15	175	15	0.00
15	180	15	0.00
15	0	16	0.00
15	5	16	0.00
15	10	16	0.01
15	15	16	0.01
15	20	16	0.02
15	25	16	0.02
15	30	16	0.04
15	35	16	0.05
15	40	16	0.06
15	45	16	0.08
15	50	16	0.09
15	55	16	0.10
15	60	16	0.12
15	65	16	0.13
15	70	16	0.14
15	75	16	0.15
15	80	16	0.15
15	85	16	0.16
15	90	16	0.16
15	95	16	0.16
15	100	16	0.15
15	105	16	0.15
15	110	16	0.14
15	115	16	0.13
15	120	16	0.12
15	125	16	0.10
15	130	16	0.09
15	135	16	0.07
15	140	16	0.06
15	145	16	0.05
15	150	16	0.03
15	155	16	0.02
15	160	16	0.02
15	165	16	0.01
15	170	16	0.00
15	175	16	0.00
15	180	16	0.00
15	0	17	0.00
15	5	17	0.00
15	10	17	0.01
15	15	17	0.01
15	20	17	0.02
15	25	17	0.03
15	30	17	0.04
15	35	17	0.05
15	40	17	0.07
15	45	17	0.07
15	50	17	0.09
15	55	17	0.10
15	60	17	0.11
15	65	17	0.13
15	70	17	0.13
15	75	17	0.15
15	80	17	0.15
15	85	17	0.15
15	90	17	0.15
15	95	17	0.16
15	100	17	0.15
15	105	17	0.15
15	110	17	0.14
15	115	17	0.13
15	120	17	0.12
15	125	17	0.10
15	130	17	0.09
15	135	17	0.08
15	140	17	0.06
15	145	17	0.05
15	150	17	0.04
15	155	17	0.03
15	160	17	0.02
15	165	17	0.01
15	170	17	0.00
15	175	17	0.00
15	180	17	0.00
15	0	18	0.00
15	5	18	0.00
15	10	18	0.01
15	15	18	0.01
15	20	18	0.02
15	25	18	0.02
15	30	18	0.04
15	35	18	0.05
15	40	18	0.06
15	45	18	0.07
15	50	18	0.09
15	55	18	0.10
15	60	18	0.11
15	65	18	0.12
15	70	18	0.13
15	75	18	0.15
15	80	18	0.16
15	85	18	0.16
15	90	18	0.16
15	95	18	0.16
15	100	18	0.16
15	105	18	0.15
15	110	18	0.14
15	115	18	0.13
15	120	18	0.12
15	125	18	0.11
15	130	18	0.09
15	135	18	0.08
15	140	18	0.06
15	145	18	0.05
15	150	18	0.04
15	155	18	0.03
15	160	18	0.02
15	165	18	0.01
15	170	18	0.00
15	175	18	0.00
15	180	18	0.00
15	0	19	0.00
15	5	19	0.00
15	10	19	0.01
15	15	19	0.01
15	20	19	0.02
15	25	19	0.02
15	30	19	0.03
15	35	19	0.04
15	40	19	0.06
15	45	19	0.08
15	50	19	0.09
15	55	19	0.10
15	60	19	0.11
15	65	19	0.12
15	70	19	0.14
15	75	19	0.14
15	80	19	0.15
15	85	19	0.15
15	90	19	0.16
15	95	19	0.15
15	100	19	0.15
15	105	19	0.15
15	110	19	0.14
15	115	19	0.13
15	120	19	0.12
15	125	19	0.11
15	130	19	0.09
15	135	19	0.08
15	140	19	0.06
15	145	19	0.05
15	150	19	0.04
15	155	19	0.03
15	160	19	0.02
15	165	19	0.01
15	170	19	0.00
15	175	19	0.00
15	180	19	0.00
15	0	20	0.00
15	5	20	0.00
15	10	20	0.01
15	15	20	0.01
15	20	20	0.02
15	25	20	0.03
15	30	20	0.04
15	35	20	0.05
15	40	20	0.06
15	45	20	0.08
15	50	20	0.09
15	55	20	0.10
15	60	20	0.11
15	65	20	0.12
15	70	20	0.13
15	75	20	0.14
15	80	20	0.15
15	85	20	0.15
15	90	20	0.16
15	95	20	0.16
15	100	20	0.15
15	105	20	0.15
15	110	20	0.14
15	115	20	0.13
15	120	20	0.12
15	125	20	0.11
15	130	20	0.09
15	135	20	0.08
15	140	20	0.07
15	145	20	0.05
15	150	20	0.04
15	155	20	0.03
15	160	20	0.02
15	165	20	0.01
15	170	20	0.00
15	175	20	0.00
15	180	20	0.00
16	0	5	0.00
16	5	5	0.00
16	10	5	0.01
16	15	5	0.01
16	20	5	0.02
16	25	5	0.03
16	30	5	0.04
16	35	5	0.06
16	40	5	0.07
16	45	5	0.09
16	50	5	0.11
16	55	5	0.12
16	60	5	0.14
16	65	5	0.15
16	70	5	0.16
16	75	5	0.16
16	80	5	0.16
16	85	5	0.16
16	90	5	0.15
16	95	5	0.15
16	100	5	0.14
16	105	5	0.14
16	110	5	0.13
16	115	5	0.12
16	120	5	0.11
16	125	5	0.10
16	130	5	0.09
16	135	5	0.08
16	140	5	0.07
16	145	5	0.06
16	150	5	0.05
16	155	5	0.03
16	160	5	0.02
16	165	5	0.01
16	170	5	0.00
16	175	5	0.00
16	180	5	0.00
16	0	6	0.00
16	5	6	0.00
16	10	6	0.01
16	15	6	0.01
16	20	6	0.02
16	25	6	0.03
16	30	6	0.04
16	35	6	0.06
16	40	6	0.07
16	45	6	0.09
16	50	6	0.11
16	55	6	0.12
16	60	6	0.14
16	65	6	0.15
16	70	6	0.16
16	75	6	0.16
16	80	6	0.16
16	85	6	0.16
16	90	6	0.16
16	95	6	0.15
16	100	6	0.14
16	105	6	0.14
16	110	6	0.13
16	115	6	0.12
16	120	6	0.11
16	125	6	0.10
16	130	6	0.09
16	135	6	0.08
16	140	6	0.07
16	145	6	0.06
16	150	6	0.05
16	155	6	0.03
16	160	6	0.02
16	165	6	0.01
16	170	6	0.01
16	175	6	0.00
16	180	6	0.00
16	0	7	0.00
16	5	7	0.00
16	10	7	0.01
16	15	7	0.01
16	20	7	0.02
16	25	7	0.03
16	30	7	0.04
16	35	7	0.06
16	40	7	0.07
16	45	7	0.09
16	50	7	0.10
16	55	7	0.12
16	60	7	0.14
16	65	7	0.15
16	70	7	0.16
16	75	7	0.17
16	80	7	0.17
16	85	7	0.16
16	90	7	0.16
16	95	7	0.15
16	100	7	0.15
16	105	7	0.14
16	110	7	0.13
16	115	7	0.12
16	120	7	0.11
16	125	7	0.10
16	130	7	0.09
16	135	7	0.08
16	140	7	0.07
16	145	7	0.06
16	150	7	0.05
16	155	7	0.03
16	160	7	0.02
16	165	7	0.01
16	170	7	0.01
16	175	7	0.00
16	180	7	0.00
16	0	8	0.00
16	5	8	0.00
16	10	8	0.01
16	15	8	0.01
16	20	8	0.02
16	25	8	0.03
16	30	8	0.04
16	35	8	0.05
16	40	8	0.07
16	45	8	0.09
16	50	8	0.10
16	55	8	0.12
16	60	8	0.13
16	65	8	0.15
16	70	8	0.16
16	75	8	0.17
16	80	8	0.17
16	85	8	0.17
16	90	8	0.16
16	95	8	0.16
16	100	8	0.15
16	105	8	0.14
16	110	8	0.13
16	115	8	0.12
16	120	8	0.11
16	125	8	0.10
16	130	8	0.09
16	135	8	0.08
16	140	8	0.07
16	145	8	0.06
16	150	8	0.04
16	155	8	0.03
16	160	8	0.02
16	165	8	0.01
16	170	8	0.01
16	175	8	0.00
16	180	8	0.00
16	0	9	0.00
16	5	9	0.00
16	10	9	0.01
16	15	9	0.01
16	20	9	0.02
16	25	9	0.03
16	30	9	0.04
16	35	9	0.06
16	40	9	0.07
16	45	9	0.09
16	50	9	0.10
16	55	9	0.12
16	60	9	0.13
16	65	9	0.15
16	70	9	0.16
16	75	9	0.17
16	80	9	0.17
16	85	9	0.17
16	90	9	0.17
16	95	9	0.16
16	100	9	0.15
16	105	9	0.14
16	110	9	0.13
16	115	9	0.12
16	120	9	0.11
16	125	9	0.10
16	130	9	0.09
16	135	9	0.07
16	140	9	0.06
16	145	9	0.05
16	150	9	0.04
16	155	9	0.03
16	160	9	0.02
16	165	9	0.01
16	170	9	0.01
16	175	9	0.00
16	180	9	0.00
16	0	10	0.00
16	5	10	0.00
16	10	10	0.01
16	15	10	0.01
16	20	10	0.02
16	25	10	0.03
16	30	10	0.05
16	35	10	0.06
16	40	10	0.07
16	45	10	0.09
16	50	10	0.10
16	55	10	0.12
16	60	10	0.14
16	65	10	0.15
16	70	10	0.16
16	75	10	0.17
16	80	10	0.17
16	85	10	0.17
16	90	10	0.17
16	95	10	0.17
16	100	10	0.16
16	105	10	0.15
16	110	10	0.13
16	115	10	0.12
16	120	10	0.11
16	125	10	0.10
16	130	10	0.09
16	135	10	0.07
16	140	10	0.06
16	145	10	0.05
16	150	10	0.04
16	155	10	0.03
16	160	10	0.02
16	165	10	0.01
16	170	10	0.01
16	175	10	0.00
16	180	10	0.00
16	0	11	0.00
16	5	11	0.00
16	10	11	0.01
16	15	11	0.01
16	20	11	0.02
16	25	11	0.03
16	30	11	0.04
16	35	11	0.06
16	40	11	0.07
16	45	11	0.09
16	50	11	0.10
16	55	11	0.12
16	60	11	0.13
16	65	11	0.15
16	70	11	0.16
16	75	11	0.17
16	80	11	0.17
16	85	11	0.18
16	90	11	0.17
16	95	11	0.17
16	100	11	0.16
16	105	11	0.15
16	110	11	0.14
16	115	11	0.13
16	120	11	0.11
16	125	11	0.10
16	130	11	0.09
16	135	11	0.07
16	140	11	0.06
16	145	11	0.05
16	150	11	0.04
16	155	11	0.03
16	160	11	0.02
16	165	11	0.01
16	170	11	0.01
16	175	11	0.00
16	180	11	0.00
16	0	12	0.00
16	5	12	0.00
16	10	12	0.01
16	15	12	0.01
16	20	12	0.02
16	25	12	0.03
16	30	12	0.04
16	35	12	0.06
16	40	12	0.07
16	45	12	0.09
16	50	12	0.10
16	55	12	0.12
16	60	12	0.13
16	65	12	0.15
16	70	12	0.16
16	75	12	0.17
16	80	12	0.17
16	85	12	0.18
16	90	12	0.18
16	95	12	0.17
16	100	12	0.17
16	105	12	0.15
16	110	12	0.14
16	115	12	0.13
16	120	12	0.11
16	125	12	0.10
16	130	12	0.09
16	135	12	0.07
16	140	12	0.06
16	145	12	0.05
16	150	12	0.04
16	155	12	0.03
16	160	12	0.02
16	165	12	0.01
16	170	12	0.01
16	175	12	0.00
16	180	12	0.00
16	0	13	0.00
16	5	13	0.00
16	10	13	0.01
16	15	13	0.01
16	20	13	0.02
16	25	13	0.03
16	30	13	0.04
16	35	13	0.06
16	40	13	0.07
16	45	13	0.09
16	50	13	0.10
16	55	13	0.12
16	60	13	0.13
16	65	13	0.15
16	70	13	0.16
16	75	13	0.17
16	80	13	0.18
16	85	13	0.18
16	90	13	0.18
16	95	13	0.18
16	100	13	0.17
16	105	13	0.16
16	110	13	0.14
16	115	13	0.13
16	120	13	0.12
16	125	13	0.10
16	130	13	0.09
16	135	13	0.07
16	140	13	0.06
16	145	13	0.05
16	150	13	0.04
16	155	13	0.03
16	160	13	0.02
16	165	13	0.01
16	170	13	0.01
16	175	13	0.00
16	180	13	0.00
16	0	14	0.00
16	5	14	0.00
16	10	14	0.01
16	15	14	0.01
16	20	14	0.02
16	25	14	0.03
16	30	14	0.04
16	35	14	0.06
16	40	14	0.07
16	45	14	0.09
16	50	14	0.10
16	55	14	0.11
16	60	14	0.13
16	65	14	0.15
16	70	14	0.16
16	75	14	0.16
16	80	14	0.17
16	85	14	0.18
16	90	14	0.18
16	95	14	0.18
16	100	14	0.17
16	105	14	0.16
16	110	14	0.15
16	115	14	0.13
16	120	14	0.12
16	125	14	0.11
16	130	14	0.09
16	135	14	0.07
16	140	14	0.06
16	145	14	0.05
16	150	14	0.04
16	155	14	0.03
16	160	14	0.02
16	165	14	0.01
16	170	14	0.01
16	175	14	0.00
16	180	14	0.00
16	0	15	0.00
16	5	15	0.00
16	10	15	0.01
16	15	15	0.01
16	20	15	0.02
16	25	15	0.03
16	30	15	0.04
16	35	15	0.06
16	40	15	0.07
16	45	15	0.08
16	50	15	0.10
16	55	15	0.11
16	60	15	0.13
16	65	15	0.15
16	70	15	0.16
16	75	15	0.17
16	80	15	0.18
16	85	15	0.18
16	90	15	0.18
16	95	15	0.18
16	100	15	0.17
16	105	15	0.17
16	110	15	0.15
16	115	15	0.14
16	120	15	0.12
16	125	15	0.11
16	130	15	0.09
16	135	15	0.08
16	140	15	0.06
16	145	15	0.05
16	150	15	0.04
16	155	15	0.03
16	160	15	0.02
16	165	15	0.01
16	170	15	0.00
16	175	15	0.00
16	180	15	0.00
16	0	16	0.00
16	5	16	0.00
16	10	16	0.01
16	15	16	0.01
16	20	16	0.02
16	25	16	0.03
16	30	16	0.04
16	35	16	0.06
16	40	16	0.07
16	45	16	0.09
16	50	16	0.10
16	55	16	0.12
16	60	16	0.13
16	65	16	0.15
16	70	16	0.16
16	75	16	0.17
16	80	16	0.17
16	85	16	0.18
16	90	16	0.18
16	95	16	0.18
16	100	16	0.17
16	105	16	0.17
16	110	16	0.16
16	115	16	0.14
16	120	16	0.13
16	125	16	0.11
16	130	16	0.10
16	135	16	0.08
16	140	16	0.06
16	145	16	0.05
16	150	16	0.04
16	155	16	0.03
16	160	16	0.02
16	165	16	0.01
16	170	16	0.00
16	175	16	0.00
16	180	16	0.00
16	0	17	0.00
16	5	17	0.00
16	10	17	0.01
16	15	17	0.01
16	20	17	0.02
16	25	17	0.03
16	30	17	0.04
16	35	17	0.05
16	40	17	0.07
16	45	17	0.09
16	50	17	0.10
16	55	17	0.12
16	60	17	0.13
16	65	17	0.14
16	70	17	0.16
16	75	17	0.17
16	80	17	0.18
16	85	17	0.18
16	90	17	0.18
16	95	17	0.18
16	100	17	0.17
16	105	17	0.17
16	110	17	0.16
16	115	17	0.15
16	120	17	0.13
16	125	17	0.11
16	130	17	0.10
16	135	17	0.08
16	140	17	0.07
16	145	17	0.05
16	150	17	0.04
16	155	17	0.03
16	160	17	0.02
16	165	17	0.01
16	170	17	0.00
16	175	17	0.00
16	180	17	0.00
16	0	18	0.00
16	5	18	0.00
16	10	18	0.01
16	15	18	0.01
16	20	18	0.02
16	25	18	0.03
16	30	18	0.04
16	35	18	0.05
16	40	18	0.07
16	45	18	0.08
16	50	18	0.10
16	55	18	0.12
16	60	18	0.13
16	65	18	0.14
16	70	18	0.16
16	75	18	0.17
16	80	18	0.17
16	85	18	0.17
16	90	18	0.18
16	95	18	0.18
16	100	18	0.17
16	105	18	0.17
16	110	18	0.16
16	115	18	0.15
16	120	18	0.13
16	125	18	0.12
16	130	18	0.10
16	135	18	0.08
16	140	18	0.07
16	145	18	0.05
16	150	18	0.04
16	155	18	0.03
16	160	18	0.02
16	165	18	0.01
16	170	18	0.01
16	175	18	0.00
16	180	18	0.00
16	0	19	0.00
16	5	19	0.00
16	10	19	0.01
16	15	19	0.01
16	20	19	0.02
16	25	19	0.03
16	30	19	0.04
16	35	19	0.05
16	40	19	0.07
16	45	19	0.08
16	50	19	0.10
16	55	19	0.12
16	60	19	0.13
16	65	19	0.14
16	70	19	0.16
16	75	19	0.17
16	80	19	0.17
16	85	19	0.18
16	90	19	0.18
16	95	19	0.18
16	100	19	0.17
16	105	19	0.17
16	110	19	0.16
16	115	19	0.15
16	120	19	0.14
16	125	19	0.12
16	130	19	0.10
16	135	19	0.09
16	140	19	0.07
16	145	19	0.06
16	150	19	0.04
16	155	19	0.03
16	160	19	0.02
16	165	19	0.01
16	170	19	0.01
16	175	19	0.00
16	180	19	0.00
16	0	20	0.00
16	5	20	0.01
16	10	20	0.01
16	15	20	0.02
16	20	20	0.02
16	25	20	0.03
16	30	20	0.04
16	35	20	0.05
16	40	20	0.07
16	45	20	0.09
16	50	20	0.10
16	55	20	0.12
16	60	20	0.13
16	65	20	0.14
16	70	20	0.16
16	75	20	0.17
16	80	20	0.17
16	85	20	0.18
16	90	20	0.18
16	95	20	0.18
16	100	20	0.17
16	105	20	0.17
16	110	20	0.16
16	115	20	0.15
16	120	20	0.13
16	125	20	0.12
16	130	20	0.11
16	135	20	0.09
16	140	20	0.07
16	145	20	0.06
16	150	20	0.04
16	155	20	0.03
16	160	20	0.02
16	165	20	0.01
16	170	20	0.01
16	175	20	0.00
16	180	20	0.00
17	0	5	0.00
17	5	5	0.00
17	10	5	0.01
17	15	5	0.01
17	20	5	0.02
17	25	5	0.03
17	30	5	0.05
17	35	5	0.06
17	40	5	0.08
17	45	5	0.10
17	50	5	0.12
17	55	5	0.13
17	60	5	0.15
17	65	5	0.17
17	70	5	0.18
17	75	5	0.18
17	80	5	0.18
17	85	5	0.18
17	90	5	0.17
17	95	5	0.17
17	100	5	0.16
17	105	5	0.15
17	110	5	0.14
17	115	5	0.14
17	120	5	0.13
17	125	5	0.12
17	130	5	0.11
17	135	5	0.10
17	140	5	0.08
17	145	5	0.07
17	150	5	0.05
17	155	5	0.04
17	160	5	0.02
17	165	5	0.01
17	170	5	0.01
17	175	5	0.00
17	180	5	0.00
17	0	6	0.00
17	5	6	0.00
17	10	6	0.01
17	15	6	0.01
17	20	6	0.02
17	25	6	0.04
17	30	6	0.05
17	35	6	0.06
17	40	6	0.08
17	45	6	0.10
17	50	6	0.12
17	55	6	0.13
17	60	6	0.15
17	65	6	0.16
17	70	6	0.18
17	75	6	0.18
17	80	6	0.18
17	85	6	0.18
17	90	6	0.18
17	95	6	0.17
17	100	6	0.16
17	105	6	0.15
17	110	6	0.14
17	115	6	0.13
17	120	6	0.12
17	125	6	0.11
17	130	6	0.10
17	135	6	0.09
17	140	6	0.08
17	145	6	0.07
17	150	6	0.05
17	155	6	0.04
17	160	6	0.02
17	165	6	0.01
17	170	6	0.01
17	175	6	0.00
17	180	6	0.00
17	0	7	0.00
17	5	7	0.00
17	10	7	0.01
17	15	7	0.01
17	20	7	0.02
17	25	7	0.04
17	30	7	0.05
17	35	7	0.06
17	40	7	0.08
17	45	7	0.10
17	50	7	0.12
17	55	7	0.14
17	60	7	0.16
17	65	7	0.16
17	70	7	0.18
17	75	7	0.19
17	80	7	0.19
17	85	7	0.18
17	90	7	0.18
17	95	7	0.17
17	100	7	0.16
17	105	7	0.15
17	110	7	0.14
17	115	7	0.13
17	120	7	0.12
17	125	7	0.11
17	130	7	0.10
17	135	7	0.09
17	140	7	0.08
17	145	7	0.07
17	150	7	0.05
17	155	7	0.04
17	160	7	0.02
17	165	7	0.01
17	170	7	0.01
17	175	7	0.00
17	180	7	0.00
17	0	8	0.00
17	5	8	0.00
17	10	8	0.01
17	15	8	0.01
17	20	8	0.02
17	25	8	0.03
17	30	8	0.05
17	35	8	0.06
17	40	8	0.08
17	45	8	0.10
17	50	8	0.12
17	55	8	0.14
17	60	8	0.15
17	65	8	0.17
17	70	8	0.18
17	75	8	0.19
17	80	8	0.19
17	85	8	0.19
17	90	8	0.18
17	95	8	0.18
17	100	8	0.17
17	105	8	0.16
17	110	8	0.14
17	115	8	0.13
17	120	8	0.12
17	125	8	0.11
17	130	8	0.10
17	135	8	0.09
17	140	8	0.08
17	145	8	0.06
17	150	8	0.05
17	155	8	0.04
17	160	8	0.02
17	165	8	0.01
17	170	8	0.01
17	175	8	0.00
17	180	8	0.00
17	0	9	0.00
17	5	9	0.00
17	10	9	0.01
17	15	9	0.01
17	20	9	0.02
17	25	9	0.03
17	30	9	0.05
17	35	9	0.06
17	40	9	0.08
17	45	9	0.10
17	50	9	0.11
17	55	9	0.14
17	60	9	0.15
17	65	9	0.17
17	70	9	0.18
17	75	9	0.19
17	80	9	0.19
17	85	9	0.19
17	90	9	0.19
17	95	9	0.18
17	100	9	0.17
17	105	9	0.16
17	110	9	0.15
17	115	9	0.13
17	120	9	0.12
17	125	9	0.11
17	130	9	0.10
17	135	9	0.08
17	140	9	0.07
17	145	9	0.06
17	150	9	0.05
17	155	9	0.04
17	160	9	0.02
17	165	9	0.01
17	170	9	0.01
17	175	9	0.00
17	180	9	0.00
17	0	10	0.00
17	5	10	0.00
17	10	10	0.01
17	15	10	0.01
17	20	10	0.02
17	25	10	0.03
17	30	10	0.05
17	35	10	0.06
17	40	10	0.08
17	45	10	0.10
17	50	10	0.12
17	55	10	0.13
17	60	10	0.15
17	65	10	0.17
17	70	10	0.18
17	75	10	0.19
17	80	10	0.19
17	85	10	0.20
17	90	10	0.19
17	95	10	0.18
17	100	10	0.17
17	105	10	0.16
17	110	10	0.15
17	115	10	0.14
17	120	10	0.12
17	125	10	0.11
17	130	10	0.10
17	135	10	0.08
17	140	10	0.07
17	145	10	0.06
17	150	10	0.05
17	155	10	0.04
17	160	10	0.02
17	165	10	0.01
17	170	10	0.01
17	175	10	0.00
17	180	10	0.00
17	0	11	0.00
17	5	11	0.00
17	10	11	0.01
17	15	11	0.01
17	20	11	0.02
17	25	11	0.03
17	30	11	0.05
17	35	11	0.06
17	40	11	0.08
17	45	11	0.10
17	50	11	0.12
17	55	11	0.13
17	60	11	0.15
17	65	11	0.16
17	70	11	0.18
17	75	11	0.19
17	80	11	0.19
17	85	11	0.20
17	90	11	0.20
17	95	11	0.19
17	100	11	0.18
17	105	11	0.17
17	110	11	0.15
17	115	11	0.14
17	120	11	0.12
17	125	11	0.11
17	130	11	0.10
17	135	11	0.08
17	140	11	0.07
17	145	11	0.06
17	150	11	0.05
17	155	11	0.03
17	160	11	0.02
17	165	11	0.01
17	170	11	0.01
17	175	11	0.00
17	180	11	0.00
17	0	12	0.00
17	5	12	0.00
17	10	12	0.01
17	15	12	0.01
17	20	12	0.02
17	25	12	0.03
17	30	12	0.05
17	35	12	0.06
17	40	12	0.08
17	45	12	0.10
17	50	12	0.12
17	55	12	0.14
17	60	12	0.15
17	65	12	0.17
17	70	12	0.18
17	75	12	0.19
17	80	12	0.19
17	85	12	0.20
17	90	12	0.20
17	95	12	0.19
17	100	12	0.18
17	105	12	0.17
17	110	12	0.16
17	115	12	0.14
17	120	12	0.13
17	125	12	0.11
17	130	12	0.10
17	135	12	0.08
17	140	12	0.07
17	145	12	0.05
17	150	12	0.04
17	155	12	0.03
17	160	12	0.02
17	165	12	0.01
17	170	12	0.01
17	175	12	0.00
17	180	12	0.00
17	0	13	0.00
17	5	13	0.00
17	10	13	0.01
17	15	13	0.01
17	20	13	0.02
17	25	13	0.03
17	30	13	0.05
17	35	13	0.06
17	40	13	0.08
17	45	13	0.10
17	50	13	0.12
17	55	13	0.13
17	60	13	0.15
17	65	13	0.16
17	70	13	0.18
17	75	13	0.19
17	80	13	0.19
17	85	13	0.20
17	90	13	0.20
17	95	13	0.20
17	100	13	0.19
17	105	13	0.17
17	110	13	0.16
17	115	13	0.15
17	120	13	0.13
17	125	13	0.11
17	130	13	0.10
17	135	13	0.08
17	140	13	0.07
17	145	13	0.05
17	150	13	0.04
17	155	13	0.03
17	160	13	0.02
17	165	13	0.01
17	170	13	0.01
17	175	13	0.00
17	180	13	0.00
17	0	14	0.00
17	5	14	0.00
17	10	14	0.01
17	15	14	0.01
17	20	14	0.02
17	25	14	0.03
17	30	14	0.04
17	35	14	0.06
17	40	14	0.08
17	45	14	0.10
17	50	14	0.12
17	55	14	0.13
17	60	14	0.15
17	65	14	0.17
17	70	14	0.18
17	75	14	0.19
17	80	14	0.20
17	85	14	0.20
17	90	14	0.20
17	95	14	0.20
17	100	14	0.19
17	105	14	0.18
17	110	14	0.17
17	115	14	0.15
17	120	14	0.13
17	125	14	0.12
17	130	14	0.10
17	135	14	0.08
17	140	14	0.07
17	145	14	0.05
17	150	14	0.04
17	155	14	0.03
17	160	14	0.02
17	165	14	0.01
17	170	14	0.01
17	175	14	0.00
17	180	14	0.00
17	0	15	0.00
17	5	15	0.00
17	10	15	0.01
17	15	15	0.01
17	20	15	0.02
17	25	15	0.03
17	30	15	0.05
17	35	15	0.07
17	40	15	0.08
17	45	15	0.10
17	50	15	0.12
17	55	15	0.13
17	60	15	0.15
17	65	15	0.17
17	70	15	0.18
17	75	15	0.19
17	80	15	0.20
17	85	15	0.20
17	90	15	0.20
17	95	15	0.20
17	100	15	0.19
17	105	15	0.18
17	110	15	0.17
17	115	15	0.15
17	120	15	0.14
17	125	15	0.12
17	130	15	0.10
17	135	15	0.08
17	140	15	0.07
17	145	15	0.05
17	150	15	0.04
17	155	15	0.03
17	160	15	0.02
17	165	15	0.01
17	170	15	0.01
17	175	15	0.00
17	180	15	0.00
17	0	16	0.00
17	5	16	0.00
17	10	16	0.01
17	15	16	0.01
17	20	16	0.02
17	25	16	0.03
17	30	16	0.04
17	35	16	0.06
17	40	16	0.08
17	45	16	0.09
17	50	16	0.12
17	55	16	0.13
17	60	16	0.15
17	65	16	0.17
17	70	16	0.18
17	75	16	0.19
17	80	16	0.19
17	85	16	0.20
17	90	16	0.20
17	95	16	0.20
17	100	16	0.20
17	105	16	0.19
17	110	16	0.17
17	115	16	0.16
17	120	16	0.14
17	125	16	0.12
17	130	16	0.10
17	135	16	0.09
17	140	16	0.07
17	145	16	0.06
17	150	16	0.04
17	155	16	0.03
17	160	16	0.02
17	165	16	0.01
17	170	16	0.01
17	175	16	0.00
17	180	16	0.00
17	0	17	0.00
17	5	17	0.00
17	10	17	0.01
17	15	17	0.02
17	20	17	0.02
17	25	17	0.03
17	30	17	0.05
17	35	17	0.07
17	40	17	0.08
17	45	17	0.10
17	50	17	0.12
17	55	17	0.13
17	60	17	0.15
17	65	17	0.17
17	70	17	0.18
17	75	17	0.19
17	80	17	0.19
17	85	17	0.21
17	90	17	0.20
17	95	17	0.20
17	100	17	0.20
17	105	17	0.19
17	110	17	0.18
17	115	17	0.16
17	120	17	0.14
17	125	17	0.13
17	130	17	0.11
17	135	17	0.09
17	140	17	0.07
17	145	17	0.06
17	150	17	0.04
17	155	17	0.03
17	160	17	0.02
17	165	17	0.01
17	170	17	0.00
17	175	17	0.00
17	180	17	0.00
17	0	18	0.00
17	5	18	0.00
17	10	18	0.01
17	15	18	0.01
17	20	18	0.02
17	25	18	0.03
17	30	18	0.05
17	35	18	0.06
17	40	18	0.08
17	45	18	0.10
17	50	18	0.11
17	55	18	0.13
17	60	18	0.15
17	65	18	0.16
17	70	18	0.18
17	75	18	0.19
17	80	18	0.20
17	85	18	0.20
17	90	18	0.20
17	95	18	0.20
17	100	18	0.20
17	105	18	0.19
17	110	18	0.18
17	115	18	0.16
17	120	18	0.15
17	125	18	0.13
17	130	18	0.11
17	135	18	0.09
17	140	18	0.08
17	145	18	0.06
17	150	18	0.04
17	155	18	0.03
17	160	18	0.02
17	165	18	0.01
17	170	18	0.01
17	175	18	0.00
17	180	18	0.00
17	0	19	0.00
17	5	19	0.01
17	10	19	0.01
17	15	19	0.02
17	20	19	0.02
17	25	19	0.03
17	30	19	0.04
17	35	19	0.06
17	40	19	0.08
17	45	19	0.09
17	50	19	0.12
17	55	19	0.13
17	60	19	0.14
17	65	19	0.16
17	70	19	0.18
17	75	19	0.19
17	80	19	0.19
17	85	19	0.20
17	90	19	0.20
17	95	19	0.20
17	100	19	0.20
17	105	19	0.19
17	110	19	0.18
17	115	19	0.17
17	120	19	0.15
17	125	19	0.13
17	130	19	0.11
17	135	19	0.10
17	140	19	0.08
17	145	19	0.06
17	150	19	0.05
17	155	19	0.03
17	160	19	0.02
17	165	19	0.01
17	170	19	0.01
17	175	19	0.00
17	180	19	0.00
17	0	20	0.00
17	5	20	0.01
17	10	20	0.01
17	15	20	0.02
17	20	20	0.02
17	25	20	0.03
17	30	20	0.05
17	35	20	0.06
17	40	20	0.08
17	45	20	0.10
17	50	20	0.11
17	55	20	0.13
17	60	20	0.14
17	65	20	0.17
17	70	20	0.18
17	75	20	0.19
17	80	20	0.20
17	85	20	0.20
17	90	20	0.20
17	95	20	0.20
17	100	20	0.19
17	105	20	0.19
17	110	20	0.18
17	115	20	0.16
17	120	20	0.15
17	125	20	0.14
17	130	20	0.12
17	135	20	0.10
17	140	20	0.08
17	145	20	0.06
17	150	20	0.05
17	155	20	0.03
17	160	20	0.02
17	165	20	0.01
17	170	20	0.01
17	175	20	0.00
17	180	20	0.00
18	0	5	0.00
18	5	5	0.00
18	10	5	0.01
18	15	5	0.01
18	20	5	0.03
18	25	5	0.04
18	30	5	0.06
18	35	5	0.07
18	40	5	0.09
18	45	5	0.12
18	50	5	0.13
18	55	5	0.15
18	60	5	0.17
18	65	5	0.18
18	70	5	0.20
18	75	5	0.20
18	80	5	0.20
18	85	5	0.20
18	90	5	0.19
18	95	5	0.19
18	100	5	0.18
18	105	5	0.17
18	110	5	0.16
18	115	5	0.15
18	120	5	0.14
18	125	5	0.13
18	130	5	0.12
18	135	5	0.11
18	140	5	0.09
18	145	5	0.08
18	150	5	0.06
18	155	5	0.04
18	160	5	0.03
18	165	5	0.02
18	170	5	0.01
18	175	5	0.00
18	180	5	0.00
18	0	6	0.00
18	5	6	0.00
18	10	6	0.01
18	15	6	0.01
18	20	6	0.02
18	25	6	0.04
18	30	6	0.06
18	35	6	0.07
18	40	6	0.09
18	45	6	0.11
18	50	6	0.13
18	55	6	0.15
18	60	6	0.17
18	65	6	0.18
18	70	6	0.20
18	75	6	0.20
18	80	6	0.20
18	85	6	0.20
18	90	6	0.20
18	95	6	0.19
18	100	6	0.18
18	105	6	0.17
18	110	6	0.16
18	115	6	0.15
18	120	6	0.14
18	125	6	0.13
18	130	6	0.12
18	135	6	0.11
18	140	6	0.09
18	145	6	0.08
18	150	6	0.06
18	155	6	0.04
18	160	6	0.03
18	165	6	0.01
18	170	6	0.01
18	175	6	0.00
18	180	6	0.00
18	0	7	0.00
18	5	7	0.00
18	10	7	0.01
18	15	7	0.01
18	20	7	0.02
18	25	7	0.04
18	30	7	0.05
18	35	7	0.07
18	40	7	0.09
18	45	7	0.11
18	50	7	0.14
18	55	7	0.15
18	60	7	0.17
18	65	7	0.18
18	70	7	0.20
18	75	7	0.21
18	80	7	0.21
18	85	7	0.20
18	90	7	0.20
18	95	7	0.19
18	100	7	0.18
18	105	7	0.17
18	110	7	0.16
18	115	7	0.15
18	120	7	0.14
18	125	7	0.13
18	130	7	0.12
18	135	7	0.10
18	140	7	0.09
18	145	7	0.07
18	150	7	0.06
18	155	7	0.04
18	160	7	0.03
18	165	7	0.01
18	170	7	0.01
18	175	7	0.00
18	180	7	0.00
18	0	8	0.00
18	5	8	0.00
18	10	8	0.01
18	15	8	0.01
18	20	8	0.02
18	25	8	0.04
18	30	8	0.05
18	35	8	0.07
18	40	8	0.09
18	45	8	0.11
18	50	8	0.13
18	55	8	0.15
18	60	8	0.17
18	65	8	0.19
18	70	8	0.20
18	75	8	0.21
18	80	8	0.21
18	85	8	0.21
18	90	8	0.20
18	95	8	0.20
18	100	8	0.19
18	105	8	0.17
18	110	8	0.16
18	115	8	0.15
18	120	8	0.14
18	125	8	0.12
18	130	8	0.11
18	135	8	0.10
18	140	8	0.09
18	145	8	0.07
18	150	8	0.06
18	155	8	0.04
18	160	8	0.03
18	165	8	0.01
18	170	8	0.01
18	175	8	0.00
18	180	8	0.00
18	0	9	0.00
18	5	9	0.00
18	10	9	0.01
18	15	9	0.01
18	20	9	0.02
18	25	9	0.04
18	30	9	0.05
18	35	9	0.07
18	40	9	0.09
18	45	9	0.11
18	50	9	0.13
18	55	9	0.15
18	60	9	0.17
18	65	9	0.18
18	70	9	0.20
18	75	9	0.21
18	80	9	0.22
18	85	9	0.21
18	90	9	0.21
18	95	9	0.20
18	100	9	0.19
18	105	9	0.18
18	110	9	0.16
18	115	9	0.15
18	120	9	0.14
18	125	9	0.12
18	130	9	0.11
18	135	9	0.10
18	140	9	0.08
18	145	9	0.07
18	150	9	0.06
18	155	9	0.04
18	160	9	0.03
18	165	9	0.02
18	170	9	0.01
18	175	9	0.00
18	180	9	0.00
18	0	10	0.00
18	5	10	0.00
18	10	10	0.01
18	15	10	0.01
18	20	10	0.02
18	25	10	0.04
18	30	10	0.05
18	35	10	0.07
18	40	10	0.09
18	45	10	0.11
18	50	10	0.13
18	55	10	0.15
18	60	10	0.17
18	65	10	0.19
18	70	10	0.20
18	75	10	0.21
18	80	10	0.22
18	85	10	0.22
18	90	10	0.21
18	95	10	0.20
18	100	10	0.19
18	105	10	0.18
18	110	10	0.17
18	115	10	0.15
18	120	10	0.14
18	125	10	0.12
18	130	10	0.11
18	135	10	0.09
18	140	10	0.08
18	145	10	0.07
18	150	10	0.05
18	155	10	0.04
18	160	10	0.03
18	165	10	0.02
18	170	10	0.01
18	175	10	0.00
18	180	10	0.00
18	0	11	0.00
18	5	11	0.00
18	10	11	0.01
18	15	11	0.01
18	20	11	0.02
18	25	11	0.04
18	30	11	0.06
18	35	11	0.07
18	40	11	0.09
18	45	11	0.11
18	50	11	0.13
18	55	11	0.15
18	60	11	0.17
18	65	11	0.18
18	70	11	0.21
18	75	11	0.21
18	80	11	0.22
18	85	11	0.22
18	90	11	0.22
18	95	11	0.21
18	100	11	0.20
18	105	11	0.18
18	110	11	0.17
18	115	11	0.15
18	120	11	0.14
18	125	11	0.12
18	130	11	0.11
18	135	11	0.09
18	140	11	0.08
18	145	11	0.07
18	150	11	0.05
18	155	11	0.04
18	160	11	0.03
18	165	11	0.02
18	170	11	0.01
18	175	11	0.00
18	180	11	0.00
18	0	12	0.00
18	5	12	0.00
18	10	12	0.01
18	15	12	0.01
18	20	12	0.02
18	25	12	0.04
18	30	12	0.05
18	35	12	0.07
18	40	12	0.09
18	45	12	0.11
18	50	12	0.13
18	55	12	0.15
18	60	12	0.17
18	65	12	0.19
18	70	12	0.20
18	75	12	0.21
18	80	12	0.22
18	85	12	0.22
18	90	12	0.22
18	95	12	0.21
18	100	12	0.20
18	105	12	0.19
18	110	12	0.17
18	115	12	0.16
18	120	12	0.14
18	125	12	0.12
18	130	12	0.11
18	135	12	0.09
18	140	12	0.08
18	145	12	0.06
18	150	12	0.05
18	155	12	0.04
18	160	12	0.03
18	165	12	0.02
18	170	12	0.01
18	175	12	0.00
18	180	12	0.00
18	0	13	0.00
18	5	13	0.00
18	10	13	0.01
18	15	13	0.02
18	20	13	0.03
18	25	13	0.04
18	30	13	0.05
18	35	13	0.07
18	40	13	0.09
18	45	13	0.11
18	50	13	0.13
18	55	13	0.15
18	60	13	0.17
18	65	13	0.18
18	70	13	0.20
18	75	13	0.22
18	80	13	0.22
18	85	13	0.22
18	90	13	0.22
18	95	13	0.22
18	100	13	0.21
18	105	13	0.19
18	110	13	0.18
18	115	13	0.16
18	120	13	0.14
18	125	13	0.12
18	130	13	0.11
18	135	13	0.09
18	140	13	0.08
18	145	13	0.06
18	150	13	0.05
18	155	13	0.04
18	160	13	0.03
18	165	13	0.02
18	170	13	0.01
18	175	13	0.00
18	180	13	0.00
18	0	14	0.00
18	5	14	0.00
18	10	14	0.01
18	15	14	0.01
18	20	14	0.02
18	25	14	0.04
18	30	14	0.05
18	35	14	0.07
18	40	14	0.09
18	45	14	0.11
18	50	14	0.12
18	55	14	0.15
18	60	14	0.17
18	65	14	0.19
18	70	14	0.20
18	75	14	0.21
18	80	14	0.22
18	85	14	0.22
18	90	14	0.23
18	95	14	0.22
18	100	14	0.21
18	105	14	0.20
18	110	14	0.18
18	115	14	0.16
18	120	14	0.15
18	125	14	0.13
18	130	14	0.11
18	135	14	0.09
18	140	14	0.08
18	145	14	0.06
18	150	14	0.05
18	155	14	0.03
18	160	14	0.02
18	165	14	0.02
18	170	14	0.01
18	175	14	0.00
18	180	14	0.00
18	0	15	0.00
18	5	15	0.00
18	10	15	0.01
18	15	15	0.01
18	20	15	0.02
18	25	15	0.04
18	30	15	0.05
18	35	15	0.07
18	40	15	0.09
18	45	15	0.11
18	50	15	0.12
18	55	15	0.15
18	60	15	0.17
18	65	15	0.19
18	70	15	0.20
18	75	15	0.21
18	80	15	0.22
18	85	15	0.22
18	90	15	0.22
18	95	15	0.22
18	100	15	0.22
18	105	15	0.20
18	110	15	0.18
18	115	15	0.17
18	120	15	0.15
18	125	15	0.13
18	130	15	0.11
18	135	15	0.09
18	140	15	0.08
18	145	15	0.06
18	150	15	0.05
18	155	15	0.03
18	160	15	0.02
18	165	15	0.01
18	170	15	0.01
18	175	15	0.00
18	180	15	0.00
18	0	16	0.00
18	5	16	0.00
18	10	16	0.01
18	15	16	0.02
18	20	16	0.02
18	25	16	0.03
18	30	16	0.05
18	35	16	0.08
18	40	16	0.09
18	45	16	0.11
18	50	16	0.13
18	55	16	0.15
18	60	16	0.17
18	65	16	0.19
18	70	16	0.20
18	75	16	0.21
18	80	16	0.22
18	85	16	0.23
18	90	16	0.22
18	95	16	0.22
18	100	16	0.22
18	105	16	0.21
18	110	16	0.19
18	115	16	0.17
18	120	16	0.15
18	125	16	0.13
18	130	16	0.11
18	135	16	0.10
18	140	16	0.08
18	145	16	0.06
18	150	16	0.05
18	155	16	0.03
18	160	16	0.02
18	165	16	0.01
18	170	16	0.01
18	175	16	0.00
18	180	16	0.00
18	0	17	0.00
18	5	17	0.01
18	10	17	0.01
18	15	17	0.02
18	20	17	0.02
18	25	17	0.04
18	30	17	0.05
18	35	17	0.07
18	40	17	0.09
18	45	17	0.11
18	50	17	0.13
18	55	17	0.14
18	60	17	0.17
18	65	17	0.19
18	70	17	0.20
18	75	17	0.21
18	80	17	0.21
18	85	17	0.23
18	90	17	0.23
18	95	17	0.22
18	100	17	0.22
18	105	17	0.21
18	110	17	0.19
18	115	17	0.18
18	120	17	0.16
18	125	17	0.14
18	130	17	0.12
18	135	17	0.10
18	140	17	0.08
18	145	17	0.06
18	150	17	0.05
18	155	17	0.03
18	160	17	0.02
18	165	17	0.01
18	170	17	0.01
18	175	17	0.00
18	180	17	0.00
18	0	18	0.00
18	5	18	0.01
18	10	18	0.01
18	15	18	0.02
18	20	18	0.02
18	25	18	0.04
18	30	18	0.05
18	35	18	0.07
18	40	18	0.09
18	45	18	0.11
18	50	18	0.13
18	55	18	0.15
18	60	18	0.17
18	65	18	0.19
18	70	18	0.20
18	75	18	0.22
18	80	18	0.22
18	85	18	0.23
18	90	18	0.23
18	95	18	0.23
18	100	18	0.22
18	105	18	0.21
18	110	18	0.20
18	115	18	0.18
18	120	18	0.16
18	125	18	0.14
18	130	18	0.12
18	135	18	0.10
18	140	18	0.08
18	145	18	0.06
18	150	18	0.05
18	155	18	0.03
18	160	18	0.02
18	165	18	0.01
18	170	18	0.01
18	175	18	0.00
18	180	18	0.00
18	0	19	0.00
18	5	19	0.01
18	10	19	0.01
18	15	19	0.02
18	20	19	0.02
18	25	19	0.04
18	30	19	0.05
18	35	19	0.07
18	40	19	0.09
18	45	19	0.11
18	50	19	0.13
18	55	19	0.15
18	60	19	0.16
18	65	19	0.19
18	70	19	0.20
18	75	19	0.21
18	80	19	0.22
18	85	19	0.22
18	90	19	0.22
18	95	19	0.23
18	100	19	0.22
18	105	19	0.21
18	110	19	0.20
18	115	19	0.18
18	120	19	0.16
18	125	19	0.15
18	130	19	0.12
18	135	19	0.10
18	140	19	0.08
18	145	19	0.07
18	150	19	0.05
18	155	19	0.04
18	160	19	0.02
18	165	19	0.01
18	170	19	0.01
18	175	19	0.00
18	180	19	0.00
18	0	20	0.00
18	5	20	0.01
18	10	20	0.01
18	15	20	0.02
18	20	20	0.02
18	25	20	0.04
18	30	20	0.05
18	35	20	0.07
18	40	20	0.09
18	45	20	0.10
18	50	20	0.13
18	55	20	0.15
18	60	20	0.16
18	65	20	0.19
18	70	20	0.20
18	75	20	0.21
18	80	20	0.22
18	85	20	0.23
18	90	20	0.23
18	95	20	0.23
18	100	20	0.22
18	105	20	0.21
18	110	20	0.20
18	115	20	0.19
18	120	20	0.17
18	125	20	0.15
18	130	20	0.13
18	135	20	0.11
18	140	20	0.09
18	145	20	0.07
18	150	20	0.05
18	155	20	0.04
18	160	20	0.02
18	165	20	0.01
18	170	20	0.01
18	175	20	0.00
18	180	20	0.00
19	0	5	0.00
19	5	5	0.00
19	10	5	0.01
19	15	5	0.02
19	20	5	0.03
19	25	5	0.04
19	30	5	0.06
19	35	5	0.08
19	40	5	0.10
19	45	5	0.13
19	50	5	0.15
19	55	5	0.17
19	60	5	0.19
19	65	5	0.21
19	70	5	0.22
19	75	5	0.22
19	80	5	0.22
19	85	5	0.22
19	90	5	0.21
19	95	5	0.21
19	100	5	0.20
19	105	5	0.19
19	110	5	0.18
19	115	5	0.17
19	120	5	0.16
19	125	5	0.15
19	130	5	0.14
19	135	5	0.12
19	140	5	0.10
19	145	5	0.08
19	150	5	0.07
19	155	5	0.05
19	160	5	0.03
19	165	5	0.02
19	170	5	0.01
19	175	5	0.00
19	180	5	0.00
19	0	6	0.00
19	5	6	0.00
19	10	6	0.01
19	15	6	0.01
19	20	6	0.03
19	25	6	0.04
19	30	6	0.06
19	35	6	0.08
19	40	6	0.10
19	45	6	0.13
19	50	6	0.15
19	55	6	0.17
19	60	6	0.19
19	65	6	0.21
19	70	6	0.22
19	75	6	0.22
19	80	6	0.23
19	85	6	0.22
19	90	6	0.22
19	95	6	0.21
19	100	6	0.20
19	105	6	0.19
19	110	6	0.18
19	115	6	0.17
19	120	6	0.16
19	125	6	0.15
19	130	6	0.13
19	135	6	0.12
19	140	6	0.10
19	145	6	0.09
19	150	6	0.06
19	155	6	0.05
19	160	6	0.03
19	165	6	0.02
19	170	6	0.01
19	175	6	0.00
19	180	6	0.00
19	0	7	0.00
19	5	7	0.00
19	10	7	0.01
19	15	7	0.01
19	20	7	0.03
19	25	7	0.04
19	30	7	0.06
19	35	7	0.08
19	40	7	0.11
19	45	7	0.12
19	50	7	0.15
19	55	7	0.17
19	60	7	0.19
19	65	7	0.21
19	70	7	0.22
19	75	7	0.23
19	80	7	0.23
19	85	7	0.23
19	90	7	0.22
19	95	7	0.21
19	100	7	0.20
19	105	7	0.19
19	110	7	0.18
19	115	7	0.17
19	120	7	0.15
19	125	7	0.14
19	130	7	0.13
19	135	7	0.12
19	140	7	0.10
19	145	7	0.08
19	150	7	0.06
19	155	7	0.05
19	160	7	0.03
19	165	7	0.02
19	170	7	0.01
19	175	7	0.00
19	180	7	0.00
19	0	8	0.00
19	5	8	0.00
19	10	8	0.01
19	15	8	0.02
19	20	8	0.03
19	25	8	0.04
19	30	8	0.06
19	35	8	0.08
19	40	8	0.10
19	45	8	0.12
19	50	8	0.15
19	55	8	0.17
19	60	8	0.19
19	65	8	0.21
19	70	8	0.22
19	75	8	0.23
19	80	8	0.24
19	85	8	0.23
19	90	8	0.22
19	95	8	0.22
19	100	8	0.21
19	105	8	0.19
19	110	8	0.18
19	115	8	0.17
19	120	8	0.15
19	125	8	0.14
19	130	8	0.13
19	135	8	0.11
19	140	8	0.10
19	145	8	0.08
19	150	8	0.06
19	155	8	0.05
19	160	8	0.03
19	165	8	0.02
19	170	8	0.01
19	175	8	0.00
19	180	8	0.00
19	0	9	0.00
19	5	9	0.00
19	10	9	0.01
19	15	9	0.01
19	20	9	0.03
19	25	9	0.04
19	30	9	0.06
19	35	9	0.08
19	40	9	0.10
19	45	9	0.13
19	50	9	0.14
19	55	9	0.17
19	60	9	0.19
19	65	9	0.21
19	70	9	0.22
19	75	9	0.24
19	80	9	0.24
19	85	9	0.24
19	90	9	0.23
19	95	9	0.22
19	100	9	0.21
19	105	9	0.20
19	110	9	0.18
19	115	9	0.17
19	120	9	0.15
19	125	9	0.14
19	130	9	0.12
19	135	9	0.11
19	140	9	0.09
19	145	9	0.08
19	150	9	0.06
19	155	9	0.05
19	160	9	0.03
19	165	9	0.02
19	170	9	0.01
19	175	9	0.00
19	180	9	0.00
19	0	10	0.00
19	5	10	0.00
19	10	10	0.01
19	15	10	0.02
19	20	10	0.03
19	25	10	0.04
19	30	10	0.06
19	35	10	0.08
19	40	10	0.10
19	45	10	0.13
19	50	10	0.14
19	55	10	0.17
19	60	10	0.19
19	65	10	0.21
19	70	10	0.22
19	75	10	0.24
19	80	10	0.24
19	85	10	0.24
19	90	10	0.23
19	95	10	0.23
19	100	10	0.21
19	105	10	0.20
19	110	10	0.18
19	115	10	0.17
19	120	10	0.15
19	125	10	0.14
19	130	10	0.12
19	135	10	0.11
19	140	10	0.09
19	145	10	0.08
19	150	10	0.06
19	155	10	0.05
19	160	10	0.03
19	165	10	0.02
19	170	10	0.01
19	175	10	0.00
19	180	10	0.00
19	0	11	0.00
19	5	11	0.00
19	10	11	0.01
19	15	11	0.02
19	20	11	0.03
19	25	11	0.04
19	30	11	0.06
19	35	11	0.08
19	40	11	0.10
19	45	11	0.12
19	50	11	0.14
19	55	11	0.16
19	60	11	0.19
19	65	11	0.21
19	70	11	0.23
19	75	11	0.23
19	80	11	0.25
19	85	11	0.25
19	90	11	0.24
19	95	11	0.23
19	100	11	0.22
19	105	11	0.20
19	110	11	0.19
19	115	11	0.17
19	120	11	0.15
19	125	11	0.14
19	130	11	0.12
19	135	11	0.10
19	140	11	0.09
19	145	11	0.07
19	150	11	0.06
19	155	11	0.04
19	160	11	0.03
19	165	11	0.02
19	170	11	0.01
19	175	11	0.00
19	180	11	0.00
19	0	12	0.00
19	5	12	0.00
19	10	12	0.01
19	15	12	0.02
19	20	12	0.03
19	25	12	0.04
19	30	12	0.06
19	35	12	0.08
19	40	12	0.10
19	45	12	0.12
19	50	12	0.15
19	55	12	0.16
19	60	12	0.19
19	65	12	0.21
19	70	12	0.23
19	75	12	0.23
19	80	12	0.25
19	85	12	0.25
19	90	12	0.25
19	95	12	0.23
19	100	12	0.22
19	105	12	0.21
19	110	12	0.19
19	115	12	0.17
19	120	12	0.15
19	125	12	0.14
19	130	12	0.12
19	135	12	0.10
19	140	12	0.09
19	145	12	0.07
19	150	12	0.06
19	155	12	0.04
19	160	12	0.03
19	165	12	0.02
19	170	12	0.01
19	175	12	0.00
19	180	12	0.00
19	0	13	0.00
19	5	13	0.00
19	10	13	0.01
19	15	13	0.02
19	20	13	0.03
19	25	13	0.04
19	30	13	0.06
19	35	13	0.08
19	40	13	0.10
19	45	13	0.12
19	50	13	0.15
19	55	13	0.16
19	60	13	0.19
19	65	13	0.20
19	70	13	0.22
19	75	13	0.24
19	80	13	0.24
19	85	13	0.25
19	90	13	0.25
19	95	13	0.24
19	100	13	0.23
19	105	13	0.21
19	110	13	0.19
19	115	13	0.18
19	120	13	0.16
19	125	13	0.14
19	130	13	0.12
19	135	13	0.10
19	140	13	0.08
19	145	13	0.07
19	150	13	0.06
19	155	13	0.04
19	160	13	0.03
19	165	13	0.02
19	170	13	0.01
19	175	13	0.00
19	180	13	0.00
19	0	14	0.00
19	5	14	0.00
19	10	14	0.01
19	15	14	0.02
19	20	14	0.03
19	25	14	0.04
19	30	14	0.06
19	35	14	0.08
19	40	14	0.10
19	45	14	0.12
19	50	14	0.14
19	55	14	0.17
19	60	14	0.19
19	65	14	0.21
19	70	14	0.22
19	75	14	0.24
19	80	14	0.24
19	85	14	0.25
19	90	14	0.25
19	95	14	0.25
19	100	14	0.23
19	105	14	0.22
19	110	14	0.20
19	115	14	0.18
19	120	14	0.16
19	125	14	0.14
19	130	14	0.12
19	135	14	0.10
19	140	14	0.08
19	145	14	0.07
19	150	14	0.05
19	155	14	0.04
19	160	14	0.03
19	165	14	0.02
19	170	14	0.01
19	175	14	0.00
19	180	14	0.00
19	0	15	0.00
19	5	15	0.00
19	10	15	0.01
19	15	15	0.02
19	20	15	0.02
19	25	15	0.04
19	30	15	0.06
19	35	15	0.08
19	40	15	0.09
19	45	15	0.12
19	50	15	0.14
19	55	15	0.17
19	60	15	0.19
19	65	15	0.21
19	70	15	0.22
19	75	15	0.24
19	80	15	0.25
19	85	15	0.25
19	90	15	0.25
19	95	15	0.25
19	100	15	0.24
19	105	15	0.22
19	110	15	0.20
19	115	15	0.18
19	120	15	0.16
19	125	15	0.14
19	130	15	0.12
19	135	15	0.10
19	140	15	0.08
19	145	15	0.07
19	150	15	0.05
19	155	15	0.04
19	160	15	0.03
19	165	15	0.02
19	170	15	0.01
19	175	15	0.00
19	180	15	0.00
19	0	16	0.00
19	5	16	0.01
19	10	16	0.01
19	15	16	0.02
19	20	16	0.03
19	25	16	0.04
19	30	16	0.06
19	35	16	0.08
19	40	16	0.10
19	45	16	0.13
19	50	16	0.14
19	55	16	0.17
19	60	16	0.19
19	65	16	0.21
19	70	16	0.22
19	75	16	0.23
19	80	16	0.25
19	85	16	0.25
19	90	16	0.25
19	95	16	0.25
19	100	16	0.24
19	105	16	0.23
19	110	16	0.21
19	115	16	0.19
19	120	16	0.17
19	125	16	0.15
19	130	16	0.12
19	135	16	0.10
19	140	16	0.08
19	145	16	0.07
19	150	16	0.05
19	155	16	0.04
19	160	16	0.03
19	165	16	0.02
19	170	16	0.01
19	175	16	0.00
19	180	16	0.00
19	0	17	0.00
19	5	17	0.01
19	10	17	0.01
19	15	17	0.02
19	20	17	0.03
19	25	17	0.04
19	30	17	0.06
19	35	17	0.08
19	40	17	0.10
19	45	17	0.12
19	50	17	0.14
19	55	17	0.16
19	60	17	0.19
19	65	17	0.21
19	70	17	0.22
19	75	17	0.23
19	80	17	0.25
19	85	17	0.25
19	90	17	0.25
19	95	17	0.25
19	100	17	0.24
19	105	17	0.23
19	110	17	0.21
19	115	17	0.19
19	120	17	0.17
19	125	17	0.15
19	130	17	0.13
19	135	17	0.11
19	140	17	0.09
19	145	17	0.07
19	150	17	0.05
19	155	17	0.04
19	160	17	0.02
19	165	17	0.01
19	170	17	0.01
19	175	17	0.00
19	180	17	0.00
19	0	18	0.00
19	5	18	0.01
19	10	18	0.01
19	15	18	0.02
19	20	18	0.02
19	25	18	0.04
19	30	18	0.05
19	35	18	0.08
19	40	18	0.10
19	45	18	0.12
19	50	18	0.15
19	55	18	0.16
19	60	18	0.19
19	65	18	0.20
19	70	18	0.22
19	75	18	0.24
19	80	18	0.24
19	85	18	0.25
19	90	18	0.26
19	95	18	0.25
19	100	18	0.25
19	105	18	0.24
19	110	18	0.22
19	115	18	0.20
19	120	18	0.18
19	125	18	0.15
19	130	18	0.13
19	135	18	0.11
19	140	18	0.09
19	145	18	0.07
19	150	18	0.05
19	155	18	0.04
19	160	18	0.02
19	165	18	0.01
19	170	18	0.01
19	175	18	0.00
19	180	18	0.00
19	0	19	0.00
19	5	19	0.01
19	10	19	0.01
19	15	19	0.02
19	20	19	0.03
19	25	19	0.04
19	30	19	0.06
19	35	19	0.08
19	40	19	0.10
19	45	19	0.13
19	50	19	0.14
19	55	19	0.17
19	60	19	0.19
19	65	19	0.21
19	70	19	0.22
19	75	19	0.24
19	80	19	0.24
19	85	19	0.26
19	90	19	0.26
19	95	19	0.25
19	100	19	0.24
19	105	19	0.24
19	110	19	0.22
19	115	19	0.20
19	120	19	0.18
19	125	19	0.16
19	130	19	0.13
19	135	19	0.11
19	140	19	0.09
19	145	19	0.07
19	150	19	0.05
19	155	19	0.04
19	160	19	0.02
19	165	19	0.01
19	170	19	0.01
19	175	19	0.00
19	180	19	0.00
19	0	20	0.00
19	5	20	0.01
19	10	20	0.01
19	15	20	0.02
19	20	20	0.03
19	25	20	0.04
19	30	20	0.06
19	35	20	0.08
19	40	20	0.10
19	45	20	0.12
19	50	20	0.14
19	55	20	0.17
19	60	20	0.18
19	65	20	0.21
19	70	20	0.22
19	75	20	0.23
19	80	20	0.25
19	85	20	0.25
19	90	20	0.26
19	95	20	0.25
19	100	20	0.24
19	105	20	0.24
19	110	20	0.22
19	115	20	0.20
19	120	20	0.18
19	125	20	0.16
19	130	20	0.14
19	135	20	0.12
19	140	20	0.09
19	145	20	0.07
19	150	20	0.06
19	155	20	0.04
19	160	20	0.03
19	165	20	0.01
19	170	20	0.01
19	175	20	0.00
19	180	20	0.00
20	0	5	0.00
20	5	5	0.00
20	10	5	0.01
20	15	5	0.02
20	20	5	0.03
20	25	5	0.05
20	30	5	0.07
20	35	5	0.09
20	40	5	0.11
20	45	5	0.14
20	50	5	0.17
20	55	5	0.19
20	60	5	0.21
20	65	5	0.23
20	70	5	0.24
20	75	5	0.24
20	80	5	0.24
20	85	5	0.24
20	90	5	0.23
20	95	5	0.23
20	100	5	0.22
20	105	5	0.21
20	110	5	0.20
20	115	5	0.19
20	120	5	0.18
20	125	5	0.17
20	130	5	0.15
20	135	5	0.14
20	140	5	0.12
20	145	5	0.09
20	150	5	0.07
20	155	5	0.05
20	160	5	0.03
20	165	5	0.02
20	170	5	0.01
20	175	5	0.00
20	180	5	0.00
20	0	6	0.00
20	5	6	0.00
20	10	6	0.01
20	15	6	0.02
20	20	6	0.03
20	25	6	0.05
20	30	6	0.07
20	35	6	0.09
20	40	6	0.11
20	45	6	0.14
20	50	6	0.16
20	55	6	0.19
20	60	6	0.21
20	65	6	0.23
20	70	6	0.24
20	75	6	0.25
20	80	6	0.25
20	85	6	0.25
20	90	6	0.24
20	95	6	0.23
20	100	6	0.22
20	105	6	0.21
20	110	6	0.20
20	115	6	0.19
20	120	6	0.17
20	125	6	0.16
20	130	6	0.15
20	135	6	0.13
20	140	6	0.11
20	145	6	0.09
20	150	6	0.07
20	155	6	0.05
20	160	6	0.03
20	165	6	0.02
20	170	6	0.01
20	175	6	0.00
20	180	6	0.00
20	0	7	0.00
20	5	7	0.00
20	10	7	0.01
20	15	7	0.02
20	20	7	0.03
20	25	7	0.05
20	30	7	0.06
20	35	7	0.09
20	40	7	0.11
20	45	7	0.14
20	50	7	0.17
20	55	7	0.19
20	60	7	0.21
20	65	7	0.23
20	70	7	0.25
20	75	7	0.25
20	80	7	0.25
20	85	7	0.25
20	90	7	0.24
20	95	7	0.23
20	100	7	0.22
20	105	7	0.21
20	110	7	0.20
20	115	7	0.19
20	120	7	0.17
20	125	7	0.16
20	130	7	0.14
20	135	7	0.13
20	140	7	0.11
20	145	7	0.09
20	150	7	0.07
20	155	7	0.05
20	160	7	0.03
20	165	7	0.02
20	170	7	0.01
20	175	7	0.00
20	180	7	0.00
20	0	8	0.00
20	5	8	0.00
20	10	8	0.01
20	15	8	0.02
20	20	8	0.03
20	25	8	0.05
20	30	8	0.07
20	35	8	0.09
20	40	8	0.11
20	45	8	0.14
20	50	8	0.16
20	55	8	0.19
20	60	8	0.21
20	65	8	0.23
20	70	8	0.25
20	75	8	0.26
20	80	8	0.26
20	85	8	0.25
20	90	8	0.25
20	95	8	0.24
20	100	8	0.23
20	105	8	0.21
20	110	8	0.20
20	115	8	0.19
20	120	8	0.17
20	125	8	0.16
20	130	8	0.14
20	135	8	0.13
20	140	8	0.11
20	145	8	0.09
20	150	8	0.07
20	155	8	0.05
20	160	8	0.03
20	165	8	0.02
20	170	8	0.01
20	175	8	0.00
20	180	8	0.00
20	0	9	0.00
20	5	9	0.00
20	10	9	0.01
20	15	9	0.02
20	20	9	0.03
20	25	9	0.04
20	30	9	0.07
20	35	9	0.09
20	40	9	0.11
20	45	9	0.13
20	50	9	0.16
20	55	9	0.19
20	60	9	0.21
20	65	9	0.23
20	70	9	0.25
20	75	9	0.26
20	80	9	0.26
20	85	9	0.26
20	90	9	0.25
20	95	9	0.24
20	100	9	0.23
20	105	9	0.22
20	110	9	0.20
20	115	9	0.19
20	120	9	0.17
20	125	9	0.15
20	130	9	0.14
20	135	9	0.12
20	140	9	0.11
20	145	9	0.09
20	150	9	0.07
20	155	9	0.05
20	160	9	0.03
20	165	9	0.02
20	170	9	0.01
20	175	9	0.00
20	180	9	0.00
20	0	10	0.00
20	5	10	0.00
20	10	10	0.01
20	15	10	0.02
20	20	10	0.03
20	25	10	0.05
20	30	10	0.07
20	35	10	0.08
20	40	10	0.11
20	45	10	0.14
20	50	10	0.16
20	55	10	0.19
20	60	10	0.21
20	65	10	0.23
20	70	10	0.25
20	75	10	0.26
20	80	10	0.27
20	85	10	0.26
20	90	10	0.26
20	95	10	0.25
20	100	10	0.23
20	105	10	0.22
20	110	10	0.20
20	115	10	0.19
20	120	10	0.17
20	125	10	0.15
20	130	10	0.13
20	135	10	0.12
20	140	10	0.10
20	145	10	0.09
20	150	10	0.07
20	155	10	0.05
20	160	10	0.03
20	165	10	0.02
20	170	10	0.01
20	175	10	0.00
20	180	10	0.00
20	0	11	0.00
20	5	11	0.00
20	10	11	0.01
20	15	11	0.02
20	20	11	0.03
20	25	11	0.04
20	30	11	0.06
20	35	11	0.09
20	40	11	0.11
20	45	11	0.13
20	50	11	0.16
20	55	11	0.19
20	60	11	0.21
20	65	11	0.23
20	70	11	0.24
20	75	11	0.26
20	80	11	0.27
20	85	11	0.27
20	90	11	0.26
20	95	11	0.25
20	100	11	0.24
20	105	11	0.22
20	110	11	0.21
20	115	11	0.19
20	120	11	0.17
20	125	11	0.15
20	130	11	0.13
20	135	11	0.12
20	140	11	0.10
20	145	11	0.08
20	150	11	0.07
20	155	11	0.05
20	160	11	0.03
20	165	11	0.02
20	170	11	0.01
20	175	11	0.00
20	180	11	0.00
20	0	12	0.00
20	5	12	0.00
20	10	12	0.01
20	15	12	0.02
20	20	12	0.03
20	25	12	0.05
20	30	12	0.07
20	35	12	0.09
20	40	12	0.11
20	45	12	0.13
20	50	12	0.16
20	55	12	0.19
20	60	12	0.21
20	65	12	0.23
20	70	12	0.25
20	75	12	0.26
20	80	12	0.27
20	85	12	0.27
20	90	12	0.27
20	95	12	0.26
20	100	12	0.24
20	105	12	0.23
20	110	12	0.21
20	115	12	0.19
20	120	12	0.17
20	125	12	0.15
20	130	12	0.13
20	135	12	0.11
20	140	12	0.10
20	145	12	0.08
20	150	12	0.07
20	155	12	0.05
20	160	12	0.03
20	165	12	0.02
20	170	12	0.01
20	175	12	0.00
20	180	12	0.00
20	0	13	0.00
20	5	13	0.00
20	10	13	0.01
20	15	13	0.02
20	20	13	0.03
20	25	13	0.04
20	30	13	0.06
20	35	13	0.08
20	40	13	0.11
20	45	13	0.14
20	50	13	0.17
20	55	13	0.19
20	60	13	0.21
20	65	13	0.23
20	70	13	0.24
20	75	13	0.26
20	80	13	0.27
20	85	13	0.27
20	90	13	0.27
20	95	13	0.26
20	100	13	0.25
20	105	13	0.23
20	110	13	0.21
20	115	13	0.19
20	120	13	0.17
20	125	13	0.15
20	130	13	0.13
20	135	13	0.11
20	140	13	0.09
20	145	13	0.08
20	150	13	0.06
20	155	13	0.05
20	160	13	0.03
20	165	13	0.02
20	170	13	0.01
20	175	13	0.00
20	180	13	0.00
20	0	14	0.00
20	5	14	0.00
20	10	14	0.01
20	15	14	0.02
20	20	14	0.03
20	25	14	0.05
20	30	14	0.07
20	35	14	0.09
20	40	14	0.12
20	45	14	0.14
20	50	14	0.17
20	55	14	0.19
20	60	14	0.21
20	65	14	0.23
20	70	14	0.25
20	75	14	0.26
20	80	14	0.27
20	85	14	0.28
20	90	14	0.28
20	95	14	0.27
20	100	14	0.25
20	105	14	0.23
20	110	14	0.22
20	115	14	0.20
20	120	14	0.17
20	125	14	0.15
20	130	14	0.13
20	135	14	0.11
20	140	14	0.09
20	145	14	0.08
20	150	14	0.06
20	155	14	0.05
20	160	14	0.03
20	165	14	0.02
20	170	14	0.01
20	175	14	0.00
20	180	14	0.00
20	0	15	0.00
20	5	15	0.01
20	10	15	0.01
20	15	15	0.02
20	20	15	0.03
20	25	15	0.04
20	30	15	0.06
20	35	15	0.09
20	40	15	0.11
20	45	15	0.14
20	50	15	0.16
20	55	15	0.19
20	60	15	0.21
20	65	15	0.23
20	70	15	0.25
20	75	15	0.27
20	80	15	0.27
20	85	15	0.28
20	90	15	0.28
20	95	15	0.27
20	100	15	0.26
20	105	15	0.24
20	110	15	0.22
20	115	15	0.20
20	120	15	0.18
20	125	15	0.16
20	130	15	0.13
20	135	15	0.11
20	140	15	0.09
20	145	15	0.07
20	150	15	0.06
20	155	15	0.04
20	160	15	0.03
20	165	15	0.02
20	170	15	0.01
20	175	15	0.00
20	180	15	0.00
20	0	16	0.00
20	5	16	0.01
20	10	16	0.01
20	15	16	0.02
20	20	16	0.03
20	25	16	0.05
20	30	16	0.07
20	35	16	0.09
20	40	16	0.10
20	45	16	0.13
20	50	16	0.16
20	55	16	0.19
20	60	16	0.21
20	65	16	0.24
20	70	16	0.24
20	75	16	0.26
20	80	16	0.27
20	85	16	0.27
20	90	16	0.28
20	95	16	0.27
20	100	16	0.27
20	105	16	0.25
20	110	16	0.23
20	115	16	0.20
20	120	16	0.18
20	125	16	0.16
20	130	16	0.14
20	135	16	0.11
20	140	16	0.09
20	145	16	0.07
20	150	16	0.06
20	155	16	0.04
20	160	16	0.03
20	165	16	0.02
20	170	16	0.01
20	175	16	0.00
20	180	16	0.00
20	0	17	0.00
20	5	17	0.01
20	10	17	0.01
20	15	17	0.02
20	20	17	0.03
20	25	17	0.05
20	30	17	0.06
20	35	17	0.09
20	40	17	0.11
20	45	17	0.13
20	50	17	0.16
20	55	17	0.19
20	60	17	0.21
20	65	17	0.22
20	70	17	0.24
20	75	17	0.26
20	80	17	0.28
20	85	17	0.28
20	90	17	0.28
20	95	17	0.28
20	100	17	0.27
20	105	17	0.25
20	110	17	0.23
20	115	17	0.21
20	120	17	0.19
20	125	17	0.16
20	130	17	0.14
20	135	17	0.12
20	140	17	0.09
20	145	17	0.07
20	150	17	0.06
20	155	17	0.04
20	160	17	0.03
20	165	17	0.02
20	170	17	0.01
20	175	17	0.00
20	180	17	0.00
20	0	18	0.00
20	5	18	0.01
20	10	18	0.01
20	15	18	0.02
20	20	18	0.03
20	25	18	0.04
20	30	18	0.07
20	35	18	0.08
20	40	18	0.11
20	45	18	0.14
20	50	18	0.15
20	55	18	0.18
20	60	18	0.21
20	65	18	0.22
20	70	18	0.25
20	75	18	0.26
20	80	18	0.28
20	85	18	0.28
20	90	18	0.28
20	95	18	0.28
20	100	18	0.27
20	105	18	0.25
20	110	18	0.24
20	115	18	0.21
20	120	18	0.19
20	125	18	0.17
20	130	18	0.14
20	135	18	0.12
20	140	18	0.10
20	145	18	0.07
20	150	18	0.06
20	155	18	0.04
20	160	18	0.03
20	165	18	0.02
20	170	18	0.01
20	175	18	0.00
20	180	18	0.00
20	0	19	0.00
20	5	19	0.01
20	10	19	0.01
20	15	19	0.02
20	20	19	0.03
20	25	19	0.05
20	30	19	0.06
20	35	19	0.09
20	40	19	0.11
20	45	19	0.13
20	50	19	0.16
20	55	19	0.18
20	60	19	0.21
20	65	19	0.22
20	70	19	0.25
20	75	19	0.26
20	80	19	0.27
20	85	19	0.28
20	90	19	0.28
20	95	19	0.28
20	100	19	0.27
20	105	19	0.26
20	110	19	0.24
20	115	19	0.22
20	120	19	0.20
20	125	19	0.17
20	130	19	0.15
20	135	19	0.12
20	140	19	0.10
20	145	19	0.08
20	150	19	0.06
20	155	19	0.04
20	160	19	0.03
20	165	19	0.02
20	170	19	0.01
20	175	19	0.00
20	180	19	0.00
20	0	20	0.00
20	5	20	0.01
20	10	20	0.01
20	15	20	0.02
20	20	20	0.03
20	25	20	0.05
20	30	20	0.06
20	35	20	0.09
20	40	20	0.11
20	45	20	0.14
20	50	20	0.16
20	55	20	0.19
20	60	20	0.21
20	65	20	0.23
20	70	20	0.24
20	75	20	0.27
20	80	20	0.27
20	85	20	0.28
20	90	20	0.28
20	95	20	0.28
20	100	20	0.27
20	105	20	0.26
20	110	20	0.24
20	115	20	0.22
20	120	20	0.20
20	125	20	0.17
20	130	20	0.15
20	135	20	0.12
20	140	20	0.10
20	145	20	0.08
20	150	20	0.06
20	155	20	0.04
20	160	20	0.03
20	165	20	0.02
20	170	20	0.01
20	175	20	0.00
20	180	20	0.00
21	0	5	0.00
21	5	5	0.00
21	10	5	0.01
21	15	5	0.02
21	20	5	0.03
21	25	5	0.05
21	30	5	0.07
21	35	5	0.09
21	40	5	0.13
21	45	5	0.16
21	50	5	0.18
21	55	5	0.21
21	60	5	0.23
21	65	5	0.25
21	70	5	0.26
21	75	5	0.27
21	80	5	0.27
21	85	5	0.26
21	90	5	0.26
21	95	5	0.25
21	100	5	0.24
21	105	5	0.23
21	110	5	0.22
21	115	5	0.21
21	120	5	0.20
21	125	5	0.18
21	130	5	0.17
21	135	5	0.15
21	140	5	0.13
21	145	5	0.10
21	150	5	0.08
21	155	5	0.06
21	160	5	0.04
21	165	5	0.02
21	170	5	0.01
21	175	5	0.00
21	180	5	0.00
21	0	6	0.00
21	5	6	0.00
21	10	6	0.01
21	15	6	0.02
21	20	6	0.03
21	25	6	0.06
21	30	6	0.07
21	35	6	0.09
21	40	6	0.12
21	45	6	0.15
21	50	6	0.18
21	55	6	0.21
21	60	6	0.23
21	65	6	0.25
21	70	6	0.27
21	75	6	0.27
21	80	6	0.27
21	85	6	0.27
21	90	6	0.26
21	95	6	0.25
21	100	6	0.24
21	105	6	0.23
21	110	6	0.22
21	115	6	0.21
21	120	6	0.19
21	125	6	0.18
21	130	6	0.16
21	135	6	0.15
21	140	6	0.13
21	145	6	0.10
21	150	6	0.08
21	155	6	0.06
21	160	6	0.04
21	165	6	0.02
21	170	6	0.01
21	175	6	0.00
21	180	6	0.00
21	0	7	0.00
21	5	7	0.00
21	10	7	0.01
21	15	7	0.02
21	20	7	0.03
21	25	7	0.05
21	30	7	0.08
21	35	7	0.09
21	40	7	0.12
21	45	7	0.15
21	50	7	0.18
21	55	7	0.21
21	60	7	0.23
21	65	7	0.25
21	70	7	0.27
21	75	7	0.28
21	80	7	0.28
21	85	7	0.27
21	90	7	0.27
21	95	7	0.26
21	100	7	0.24
21	105	7	0.23
21	110	7	0.22
21	115	7	0.21
21	120	7	0.19
21	125	7	0.18
21	130	7	0.16
21	135	7	0.14
21	140	7	0.13
21	145	7	0.10
21	150	7	0.08
21	155	7	0.05
21	160	7	0.04
21	165	7	0.02
21	170	7	0.01
21	175	7	0.00
21	180	7	0.00
21	0	8	0.00
21	5	8	0.00
21	10	8	0.01
21	15	8	0.02
21	20	8	0.03
21	25	8	0.05
21	30	8	0.07
21	35	8	0.10
21	40	8	0.12
21	45	8	0.15
21	50	8	0.18
21	55	8	0.21
21	60	8	0.24
21	65	8	0.25
21	70	8	0.27
21	75	8	0.28
21	80	8	0.28
21	85	8	0.28
21	90	8	0.27
21	95	8	0.26
21	100	8	0.25
21	105	8	0.23
21	110	8	0.22
21	115	8	0.21
21	120	8	0.19
21	125	8	0.17
21	130	8	0.16
21	135	8	0.14
21	140	8	0.12
21	145	8	0.10
21	150	8	0.08
21	155	8	0.06
21	160	8	0.04
21	165	8	0.02
21	170	8	0.01
21	175	8	0.00
21	180	8	0.00
21	0	9	0.00
21	5	9	0.00
21	10	9	0.01
21	15	9	0.02
21	20	9	0.03
21	25	9	0.05
21	30	9	0.07
21	35	9	0.10
21	40	9	0.12
21	45	9	0.15
21	50	9	0.19
21	55	9	0.20
21	60	9	0.23
21	65	9	0.26
21	70	9	0.27
21	75	9	0.29
21	80	9	0.29
21	85	9	0.28
21	90	9	0.28
21	95	9	0.27
21	100	9	0.25
21	105	9	0.24
21	110	9	0.22
21	115	9	0.21
21	120	9	0.19
21	125	9	0.17
21	130	9	0.15
21	135	9	0.14
21	140	9	0.12
21	145	9	0.10
21	150	9	0.08
21	155	9	0.06
21	160	9	0.04
21	165	9	0.02
21	170	9	0.01
21	175	9	0.00
21	180	9	0.00
21	0	10	0.00
21	5	10	0.00
21	10	10	0.01
21	15	10	0.02
21	20	10	0.03
21	25	10	0.05
21	30	10	0.07
21	35	10	0.10
21	40	10	0.12
21	45	10	0.15
21	50	10	0.17
21	55	10	0.21
21	60	10	0.24
21	65	10	0.25
21	70	10	0.27
21	75	10	0.29
21	80	10	0.30
21	85	10	0.29
21	90	10	0.28
21	95	10	0.27
21	100	10	0.26
21	105	10	0.24
21	110	10	0.22
21	115	10	0.21
21	120	10	0.19
21	125	10	0.17
21	130	10	0.15
21	135	10	0.13
21	140	10	0.12
21	145	10	0.10
21	150	10	0.08
21	155	10	0.05
21	160	10	0.04
21	165	10	0.02
21	170	10	0.01
21	175	10	0.00
21	180	10	0.00
21	0	11	0.00
21	5	11	0.00
21	10	11	0.01
21	15	11	0.02
21	20	11	0.03
21	25	11	0.05
21	30	11	0.08
21	35	11	0.10
21	40	11	0.12
21	45	11	0.15
21	50	11	0.17
21	55	11	0.21
21	60	11	0.23
21	65	11	0.26
21	70	11	0.27
21	75	11	0.29
21	80	11	0.30
21	85	11	0.29
21	90	11	0.29
21	95	11	0.27
21	100	11	0.26
21	105	11	0.24
21	110	11	0.22
21	115	11	0.21
21	120	11	0.19
21	125	11	0.17
21	130	11	0.15
21	135	11	0.13
21	140	11	0.11
21	145	11	0.09
21	150	11	0.08
21	155	11	0.06
21	160	11	0.04
21	165	11	0.02
21	170	11	0.01
21	175	11	0.00
21	180	11	0.00
21	0	12	0.00
21	5	12	0.00
21	10	12	0.01
21	15	12	0.02
21	20	12	0.03
21	25	12	0.05
21	30	12	0.07
21	35	12	0.09
21	40	12	0.13
21	45	12	0.15
21	50	12	0.18
21	55	12	0.21
21	60	12	0.23
21	65	12	0.25
21	70	12	0.28
21	75	12	0.28
21	80	12	0.30
21	85	12	0.30
21	90	12	0.29
21	95	12	0.28
21	100	12	0.27
21	105	12	0.25
21	110	12	0.23
21	115	12	0.21
21	120	12	0.19
21	125	12	0.17
21	130	12	0.15
21	135	12	0.13
21	140	12	0.11
21	145	12	0.09
21	150	12	0.07
21	155	12	0.06
21	160	12	0.04
21	165	12	0.02
21	170	12	0.01
21	175	12	0.00
21	180	12	0.00
21	0	13	0.00
21	5	13	0.00
21	10	13	0.01
21	15	13	0.02
21	20	13	0.03
21	25	13	0.05
21	30	13	0.08
21	35	13	0.10
21	40	13	0.12
21	45	13	0.15
21	50	13	0.18
21	55	13	0.20
21	60	13	0.23
21	65	13	0.25
21	70	13	0.27
21	75	13	0.29
21	80	13	0.30
21	85	13	0.31
21	90	13	0.30
21	95	13	0.29
21	100	13	0.27
21	105	13	0.25
21	110	13	0.23
21	115	13	0.21
21	120	13	0.19
21	125	13	0.17
21	130	13	0.15
21	135	13	0.12
21	140	13	0.11
21	145	13	0.09
21	150	13	0.07
21	155	13	0.05
21	160	13	0.04
21	165	13	0.02
21	170	13	0.01
21	175	13	0.00
21	180	13	0.00
21	0	14	0.00
21	5	14	0.01
21	10	14	0.01
21	15	14	0.02
21	20	14	0.03
21	25	14	0.05
21	30	14	0.07
21	35	14	0.09
21	40	14	0.12
21	45	14	0.15
21	50	14	0.18
21	55	14	0.20
21	60	14	0.24
21	65	14	0.25
21	70	14	0.27
21	75	14	0.29
21	80	14	0.30
21	85	14	0.31
21	90	14	0.30
21	95	14	0.29
21	100	14	0.27
21	105	14	0.26
21	110	14	0.24
21	115	14	0.21
21	120	14	0.19
21	125	14	0.17
21	130	14	0.15
21	135	14	0.13
21	140	14	0.10
21	145	14	0.09
21	150	14	0.07
21	155	14	0.05
21	160	14	0.04
21	165	14	0.02
21	170	14	0.01
21	175	14	0.00
21	180	14	0.00
21	0	15	0.00
21	5	15	0.01
21	10	15	0.01
21	15	15	0.02
21	20	15	0.03
21	25	15	0.05
21	30	15	0.08
21	35	15	0.10
21	40	15	0.12
21	45	15	0.14
21	50	15	0.17
21	55	15	0.20
21	60	15	0.22
21	65	15	0.26
21	70	15	0.28
21	75	15	0.29
21	80	15	0.30
21	85	15	0.30
21	90	15	0.30
21	95	15	0.30
21	100	15	0.28
21	105	15	0.26
21	110	15	0.24
21	115	15	0.22
21	120	15	0.19
21	125	15	0.17
21	130	15	0.15
21	135	15	0.12
21	140	15	0.10
21	145	15	0.08
21	150	15	0.07
21	155	15	0.05
21	160	15	0.04
21	165	15	0.02
21	170	15	0.01
21	175	15	0.00
21	180	15	0.00
21	0	16	0.00
21	5	16	0.01
21	10	16	0.01
21	15	16	0.02
21	20	16	0.03
21	25	16	0.05
21	30	16	0.07
21	35	16	0.10
21	40	16	0.12
21	45	16	0.15
21	50	16	0.18
21	55	16	0.21
21	60	16	0.22
21	65	16	0.25
21	70	16	0.27
21	75	16	0.29
21	80	16	0.30
21	85	16	0.31
21	90	16	0.31
21	95	16	0.30
21	100	16	0.29
21	105	16	0.27
21	110	16	0.25
21	115	16	0.22
21	120	16	0.20
21	125	16	0.17
21	130	16	0.15
21	135	16	0.12
21	140	16	0.10
21	145	16	0.08
21	150	16	0.06
21	155	16	0.05
21	160	16	0.03
21	165	16	0.02
21	170	16	0.01
21	175	16	0.00
21	180	16	0.00
21	0	17	0.00
21	5	17	0.01
21	10	17	0.01
21	15	17	0.02
21	20	17	0.03
21	25	17	0.05
21	30	17	0.07
21	35	17	0.09
21	40	17	0.12
21	45	17	0.15
21	50	17	0.18
21	55	17	0.21
21	60	17	0.22
21	65	17	0.25
21	70	17	0.27
21	75	17	0.29
21	80	17	0.30
21	85	17	0.31
21	90	17	0.31
21	95	17	0.30
21	100	17	0.29
21	105	17	0.27
21	110	17	0.25
21	115	17	0.23
21	120	17	0.20
21	125	17	0.18
21	130	17	0.15
21	135	17	0.13
21	140	17	0.10
21	145	17	0.08
21	150	17	0.06
21	155	17	0.05
21	160	17	0.03
21	165	17	0.02
21	170	17	0.01
21	175	17	0.00
21	180	17	0.00
21	0	18	0.00
21	5	18	0.01
21	10	18	0.01
21	15	18	0.02
21	20	18	0.03
21	25	18	0.05
21	30	18	0.07
21	35	18	0.10
21	40	18	0.12
21	45	18	0.15
21	50	18	0.17
21	55	18	0.21
21	60	18	0.23
21	65	18	0.25
21	70	18	0.27
21	75	18	0.29
21	80	18	0.31
21	85	18	0.31
21	90	18	0.30
21	95	18	0.30
21	100	18	0.29
21	105	18	0.28
21	110	18	0.26
21	115	18	0.23
21	120	18	0.21
21	125	18	0.18
21	130	18	0.15
21	135	18	0.13
21	140	18	0.10
21	145	18	0.08
21	150	18	0.06
21	155	18	0.04
21	160	18	0.03
21	165	18	0.02
21	170	18	0.01
21	175	18	0.00
21	180	18	0.00
21	0	19	0.00
21	5	19	0.01
21	10	19	0.01
21	15	19	0.02
21	20	19	0.03
21	25	19	0.05
21	30	19	0.07
21	35	19	0.09
21	40	19	0.12
21	45	19	0.15
21	50	19	0.17
21	55	19	0.20
21	60	19	0.23
21	65	19	0.24
21	70	19	0.27
21	75	19	0.29
21	80	19	0.29
21	85	19	0.31
21	90	19	0.31
21	95	19	0.31
21	100	19	0.30
21	105	19	0.28
21	110	19	0.26
21	115	19	0.24
21	120	19	0.21
21	125	19	0.18
21	130	19	0.16
21	135	19	0.13
21	140	19	0.11
21	145	19	0.08
21	150	19	0.06
21	155	19	0.04
21	160	19	0.03
21	165	19	0.02
21	170	19	0.01
21	175	19	0.00
21	180	19	0.00
21	0	20	0.00
21	5	20	0.01
21	10	20	0.01
21	15	20	0.02
21	20	20	0.03
21	25	20	0.05
21	30	20	0.07
21	35	20	0.10
21	40	20	0.13
21	45	20	0.15
21	50	20	0.18
21	55	20	0.20
21	60	20	0.23
21	65	20	0.24
21	70	20	0.27
21	75	20	0.29
21	80	20	0.30
21	85	20	0.31
21	90	20	0.31
21	95	20	0.30
21	100	20	0.30
21	105	20	0.28
21	110	20	0.27
21	115	20	0.24
21	120	20	0.21
21	125	20	0.19
21	130	20	0.16
21	135	20	0.13
21	140	20	0.11
21	145	20	0.08
21	150	20	0.06
21	155	20	0.04
21	160	20	0.03
21	165	20	0.02
21	170	20	0.01
21	175	20	0.00
21	180	20	0.00
22	0	5	0.00
22	5	5	0.00
22	10	5	0.01
22	15	5	0.02
22	20	5	0.03
22	25	5	0.06
22	30	5	0.08
22	35	5	0.11
22	40	5	0.14
22	45	5	0.17
22	50	5	0.19
22	55	5	0.23
22	60	5	0.25
22	65	5	0.27
22	70	5	0.29
22	75	5	0.29
22	80	5	0.29
22	85	5	0.29
22	90	5	0.28
22	95	5	0.27
22	100	5	0.27
22	105	5	0.26
22	110	5	0.24
22	115	5	0.23
22	120	5	0.22
22	125	5	0.20
22	130	5	0.19
22	135	5	0.17
22	140	5	0.14
22	145	5	0.11
22	150	5	0.09
22	155	5	0.06
22	160	5	0.04
22	165	5	0.02
22	170	5	0.01
22	175	5	0.00
22	180	5	0.00
22	0	6	0.00
22	5	6	0.00
22	10	6	0.01
22	15	6	0.02
22	20	6	0.04
22	25	6	0.06
22	30	6	0.08
22	35	6	0.11
22	40	6	0.14
22	45	6	0.17
22	50	6	0.20
22	55	6	0.23
22	60	6	0.25
22	65	6	0.28
22	70	6	0.29
22	75	6	0.30
22	80	6	0.30
22	85	6	0.29
22	90	6	0.29
22	95	6	0.28
22	100	6	0.27
22	105	6	0.26
22	110	6	0.24
22	115	6	0.23
22	120	6	0.21
22	125	6	0.20
22	130	6	0.18
22	135	6	0.16
22	140	6	0.14
22	145	6	0.11
22	150	6	0.09
22	155	6	0.06
22	160	6	0.04
22	165	6	0.02
22	170	6	0.01
22	175	6	0.00
22	180	6	0.00
22	0	7	0.00
22	5	7	0.00
22	10	7	0.01
22	15	7	0.02
22	20	7	0.04
22	25	7	0.06
22	30	7	0.08
22	35	7	0.11
22	40	7	0.14
22	45	7	0.17
22	50	7	0.20
22	55	7	0.23
22	60	7	0.26
22	65	7	0.28
22	70	7	0.30
22	75	7	0.30
22	80	7	0.30
22	85	7	0.30
22	90	7	0.29
22	95	7	0.28
22	100	7	0.27
22	105	7	0.26
22	110	7	0.24
22	115	7	0.22
22	120	7	0.21
22	125	7	0.20
22	130	7	0.18
22	135	7	0.16
22	140	7	0.14
22	145	7	0.11
22	150	7	0.09
22	155	7	0.06
22	160	7	0.04
22	165	7	0.02
22	170	7	0.01
22	175	7	0.00
22	180	7	0.00
22	0	8	0.00
22	5	8	0.00
22	10	8	0.01
22	15	8	0.02
22	20	8	0.04
22	25	8	0.06
22	30	8	0.08
22	35	8	0.11
22	40	8	0.14
22	45	8	0.16
22	50	8	0.20
22	55	8	0.22
22	60	8	0.26
22	65	8	0.28
22	70	8	0.30
22	75	8	0.31
22	80	8	0.31
22	85	8	0.30
22	90	8	0.30
22	95	8	0.28
22	100	8	0.27
22	105	8	0.26
22	110	8	0.24
22	115	8	0.23
22	120	8	0.21
22	125	8	0.19
22	130	8	0.17
22	135	8	0.16
22	140	8	0.14
22	145	8	0.11
22	150	8	0.09
22	155	8	0.06
22	160	8	0.04
22	165	8	0.02
22	170	8	0.01
22	175	8	0.00
22	180	8	0.00
22	0	9	0.00
22	5	9	0.00
22	10	9	0.01
22	15	9	0.02
22	20	9	0.03
22	25	9	0.06
22	30	9	0.08
22	35	9	0.11
22	40	9	0.14
22	45	9	0.16
22	50	9	0.20
22	55	9	0.23
22	60	9	0.26
22	65	9	0.27
22	70	9	0.30
22	75	9	0.31
22	80	9	0.31
22	85	9	0.31
22	90	9	0.30
22	95	9	0.29
22	100	9	0.27
22	105	9	0.26
22	110	9	0.24
22	115	9	0.23
22	120	9	0.21
22	125	9	0.19
22	130	9	0.17
22	135	9	0.15
22	140	9	0.13
22	145	9	0.11
22	150	9	0.09
22	155	9	0.06
22	160	9	0.04
22	165	9	0.02
22	170	9	0.01
22	175	9	0.00
22	180	9	0.00
22	0	10	0.00
22	5	10	0.00
22	10	10	0.01
22	15	10	0.02
22	20	10	0.04
22	25	10	0.05
22	30	10	0.08
22	35	10	0.11
22	40	10	0.14
22	45	10	0.16
22	50	10	0.20
22	55	10	0.23
22	60	10	0.25
22	65	10	0.28
22	70	10	0.30
22	75	10	0.32
22	80	10	0.32
22	85	10	0.31
22	90	10	0.31
22	95	10	0.29
22	100	10	0.28
22	105	10	0.26
22	110	10	0.24
22	115	10	0.23
22	120	10	0.21
22	125	10	0.19
22	130	10	0.17
22	135	10	0.15
22	140	10	0.13
22	145	10	0.11
22	150	10	0.09
22	155	10	0.06
22	160	10	0.04
22	165	10	0.02
22	170	10	0.01
22	175	10	0.00
22	180	10	0.00
22	0	11	0.00
22	5	11	0.00
22	10	11	0.01
22	15	11	0.02
22	20	11	0.03
22	25	11	0.06
22	30	11	0.08
22	35	11	0.10
22	40	11	0.13
22	45	11	0.16
22	50	11	0.20
22	55	11	0.22
22	60	11	0.25
22	65	11	0.28
22	70	11	0.30
22	75	11	0.32
22	80	11	0.33
22	85	11	0.32
22	90	11	0.31
22	95	11	0.30
22	100	11	0.28
22	105	11	0.26
22	110	11	0.24
22	115	11	0.23
22	120	11	0.21
22	125	11	0.18
22	130	11	0.16
22	135	11	0.14
22	140	11	0.13
22	145	11	0.11
22	150	11	0.08
22	155	11	0.06
22	160	11	0.04
22	165	11	0.02
22	170	11	0.01
22	175	11	0.00
22	180	11	0.00
22	0	12	0.00
22	5	12	0.00
22	10	12	0.01
22	15	12	0.02
22	20	12	0.04
22	25	12	0.05
22	30	12	0.08
22	35	12	0.11
22	40	12	0.13
22	45	12	0.16
22	50	12	0.20
22	55	12	0.23
22	60	12	0.26
22	65	12	0.28
22	70	12	0.30
22	75	12	0.31
22	80	12	0.33
22	85	12	0.33
22	90	12	0.32
22	95	12	0.30
22	100	12	0.29
22	105	12	0.27
22	110	12	0.25
22	115	12	0.23
22	120	12	0.21
22	125	12	0.18
22	130	12	0.16
22	135	12	0.14
22	140	12	0.12
22	145	12	0.10
22	150	12	0.08
22	155	12	0.06
22	160	12	0.04
22	165	12	0.02
22	170	12	0.01
22	175	12	0.00
22	180	12	0.00
22	0	13	0.00
22	5	13	0.01
22	10	13	0.01
22	15	13	0.02
22	20	13	0.04
22	25	13	0.06
22	30	13	0.08
22	35	13	0.10
22	40	13	0.13
22	45	13	0.17
22	50	13	0.20
22	55	13	0.22
22	60	13	0.25
22	65	13	0.28
22	70	13	0.30
22	75	13	0.32
22	80	13	0.33
22	85	13	0.33
22	90	13	0.32
22	95	13	0.31
22	100	13	0.29
22	105	13	0.27
22	110	13	0.25
22	115	13	0.23
22	120	13	0.21
22	125	13	0.18
22	130	13	0.16
22	135	13	0.14
22	140	13	0.12
22	145	13	0.10
22	150	13	0.08
22	155	13	0.06
22	160	13	0.04
22	165	13	0.02
22	170	13	0.01
22	175	13	0.00
22	180	13	0.00
22	0	14	0.00
22	5	14	0.01
22	10	14	0.01
22	15	14	0.02
22	20	14	0.03
22	25	14	0.05
22	30	14	0.08
22	35	14	0.11
22	40	14	0.14
22	45	14	0.17
22	50	14	0.20
22	55	14	0.22
22	60	14	0.25
22	65	14	0.28
22	70	14	0.30
22	75	14	0.32
22	80	14	0.33
22	85	14	0.33
22	90	14	0.33
22	95	14	0.32
22	100	14	0.30
22	105	14	0.28
22	110	14	0.26
22	115	14	0.23
22	120	14	0.21
22	125	14	0.18
22	130	14	0.16
22	135	14	0.14
22	140	14	0.12
22	145	14	0.10
22	150	14	0.08
22	155	14	0.06
22	160	14	0.04
22	165	14	0.02
22	170	14	0.01
22	175	14	0.00
22	180	14	0.00
22	0	15	0.00
22	5	15	0.01
22	10	15	0.01
22	15	15	0.02
22	20	15	0.04
22	25	15	0.06
22	30	15	0.08
22	35	15	0.11
22	40	15	0.14
22	45	15	0.16
22	50	15	0.20
22	55	15	0.22
22	60	15	0.25
22	65	15	0.27
22	70	15	0.31
22	75	15	0.32
22	80	15	0.33
22	85	15	0.33
22	90	15	0.34
22	95	15	0.32
22	100	15	0.31
22	105	15	0.28
22	110	15	0.26
22	115	15	0.24
22	120	15	0.21
22	125	15	0.18
22	130	15	0.16
22	135	15	0.14
22	140	15	0.11
22	145	15	0.09
22	150	15	0.07
22	155	15	0.06
22	160	15	0.04
22	165	15	0.02
22	170	15	0.01
22	175	15	0.00
22	180	15	0.00
22	0	16	0.00
22	5	16	0.01
22	10	16	0.01
22	15	16	0.02
22	20	16	0.04
22	25	16	0.06
22	30	16	0.07
22	35	16	0.10
22	40	16	0.13
22	45	16	0.16
22	50	16	0.19
22	55	16	0.22
22	60	16	0.25
22	65	16	0.28
22	70	16	0.29
22	75	16	0.32
22	80	16	0.33
22	85	16	0.34
22	90	16	0.34
22	95	16	0.33
22	100	16	0.31
22	105	16	0.29
22	110	16	0.27
22	115	16	0.24
22	120	16	0.21
22	125	16	0.19
22	130	16	0.16
22	135	16	0.14
22	140	16	0.11
22	145	16	0.09
22	150	16	0.07
22	155	16	0.05
22	160	16	0.04
22	165	16	0.02
22	170	16	0.01
22	175	16	0.00
22	180	16	0.00
22	0	17	0.00
22	5	17	0.01
22	10	17	0.01
22	15	17	0.02
22	20	17	0.03
22	25	17	0.05
22	30	17	0.08
22	35	17	0.11
22	40	17	0.14
22	45	17	0.17
22	50	17	0.19
22	55	17	0.22
22	60	17	0.25
22	65	17	0.28
22	70	17	0.30
22	75	17	0.32
22	80	17	0.33
22	85	17	0.33
22	90	17	0.34
22	95	17	0.33
22	100	17	0.32
22	105	17	0.29
22	110	17	0.27
22	115	17	0.25
22	120	17	0.22
22	125	17	0.19
22	130	17	0.16
22	135	17	0.14
22	140	17	0.11
22	145	17	0.09
22	150	17	0.07
22	155	17	0.05
22	160	17	0.04
22	165	17	0.02
22	170	17	0.01
22	175	17	0.00
22	180	17	0.00
22	0	18	0.00
22	5	18	0.01
22	10	18	0.01
22	15	18	0.02
22	20	18	0.03
22	25	18	0.06
22	30	18	0.08
22	35	18	0.10
22	40	18	0.13
22	45	18	0.17
22	50	18	0.19
22	55	18	0.22
22	60	18	0.24
22	65	18	0.28
22	70	18	0.30
22	75	18	0.32
22	80	18	0.33
22	85	18	0.34
22	90	18	0.34
22	95	18	0.34
22	100	18	0.32
22	105	18	0.30
22	110	18	0.28
22	115	18	0.25
22	120	18	0.22
22	125	18	0.19
22	130	18	0.17
22	135	18	0.14
22	140	18	0.11
22	145	18	0.09
22	150	18	0.07
22	155	18	0.05
22	160	18	0.03
22	165	18	0.02
22	170	18	0.01
22	175	18	0.00
22	180	18	0.00
22	0	19	0.00
22	5	19	0.01
22	10	19	0.01
22	15	19	0.02
22	20	19	0.04
22	25	19	0.05
22	30	19	0.08
22	35	19	0.11
22	40	19	0.14
22	45	19	0.16
22	50	19	0.19
22	55	19	0.23
22	60	19	0.24
22	65	19	0.27
22	70	19	0.30
22	75	19	0.32
22	80	19	0.34
22	85	19	0.33
22	90	19	0.34
22	95	19	0.33
22	100	19	0.32
22	105	19	0.31
22	110	19	0.28
22	115	19	0.25
22	120	19	0.23
22	125	19	0.20
22	130	19	0.17
22	135	19	0.14
22	140	19	0.11
22	145	19	0.09
22	150	19	0.07
22	155	19	0.05
22	160	19	0.03
22	165	19	0.02
22	170	19	0.01
22	175	19	0.00
22	180	19	0.00
22	0	20	0.00
22	5	20	0.01
22	10	20	0.01
22	15	20	0.02
22	20	20	0.03
22	25	20	0.05
22	30	20	0.08
22	35	20	0.10
22	40	20	0.13
22	45	20	0.17
22	50	20	0.19
22	55	20	0.22
22	60	20	0.26
22	65	20	0.27
22	70	20	0.30
22	75	20	0.32
22	80	20	0.32
22	85	20	0.34
22	90	20	0.34
22	95	20	0.33
22	100	20	0.33
22	105	20	0.31
22	110	20	0.29
22	115	20	0.26
22	120	20	0.23
22	125	20	0.20
22	130	20	0.17
22	135	20	0.14
22	140	20	0.12
22	145	20	0.09
22	150	20	0.07
22	155	20	0.05
22	160	20	0.03
22	165	20	0.02
22	170	20	0.01
22	175	20	0.00
22	180	20	0.00
23	0	5	0.00
23	5	5	0.00
23	10	5	0.01
23	15	5	0.02
23	20	5	0.04
23	25	5	0.06
23	30	5	0.09
23	35	5	0.12
23	40	5	0.15
23	45	5	0.18
23	50	5	0.22
23	55	5	0.25
23	60	5	0.27
23	65	5	0.30
23	70	5	0.31
23	75	5	0.32
23	80	5	0.32
23	85	5	0.31
23	90	5	0.31
23	95	5	0.30
23	100	5	0.29
23	105	5	0.28
23	110	5	0.27
23	115	5	0.25
23	120	5	0.24
23	125	5	0.22
23	130	5	0.20
23	135	5	0.18
23	140	5	0.16
23	145	5	0.13
23	150	5	0.10
23	155	5	0.07
23	160	5	0.04
23	165	5	0.02
23	170	5	0.01
23	175	5	0.00
23	180	5	0.00
23	0	6	0.00
23	5	6	0.00
23	10	6	0.01
23	15	6	0.02
23	20	6	0.04
23	25	6	0.06
23	30	6	0.09
23	35	6	0.12
23	40	6	0.15
23	45	6	0.18
23	50	6	0.21
23	55	6	0.25
23	60	6	0.28
23	65	6	0.30
23	70	6	0.32
23	75	6	0.32
23	80	6	0.32
23	85	6	0.32
23	90	6	0.31
23	95	6	0.30
23	100	6	0.29
23	105	6	0.28
23	110	6	0.26
23	115	6	0.25
23	120	6	0.24
23	125	6	0.22
23	130	6	0.20
23	135	6	0.18
23	140	6	0.15
23	145	6	0.12
23	150	6	0.10
23	155	6	0.07
23	160	6	0.04
23	165	6	0.02
23	170	6	0.01
23	175	6	0.00
23	180	6	0.00
23	0	7	0.00
23	5	7	0.00
23	10	7	0.01
23	15	7	0.02
23	20	7	0.04
23	25	7	0.06
23	30	7	0.09
23	35	7	0.12
23	40	7	0.15
23	45	7	0.18
23	50	7	0.22
23	55	7	0.25
23	60	7	0.28
23	65	7	0.30
23	70	7	0.32
23	75	7	0.33
23	80	7	0.33
23	85	7	0.33
23	90	7	0.32
23	95	7	0.31
23	100	7	0.29
23	105	7	0.28
23	110	7	0.27
23	115	7	0.25
23	120	7	0.23
23	125	7	0.21
23	130	7	0.20
23	135	7	0.18
23	140	7	0.15
23	145	7	0.12
23	150	7	0.10
23	155	7	0.07
23	160	7	0.04
23	165	7	0.02
23	170	7	0.01
23	175	7	0.00
23	180	7	0.00
23	0	8	0.00
23	5	8	0.00
23	10	8	0.01
23	15	8	0.02
23	20	8	0.04
23	25	8	0.07
23	30	8	0.08
23	35	8	0.12
23	40	8	0.15
23	45	8	0.18
23	50	8	0.22
23	55	8	0.25
23	60	8	0.28
23	65	8	0.31
23	70	8	0.33
23	75	8	0.34
23	80	8	0.33
23	85	8	0.33
23	90	8	0.32
23	95	8	0.31
23	100	8	0.29
23	105	8	0.28
23	110	8	0.27
23	115	8	0.25
23	120	8	0.23
23	125	8	0.21
23	130	8	0.19
23	135	8	0.17
23	140	8	0.15
23	145	8	0.12
23	150	8	0.09
23	155	8	0.07
23	160	8	0.04
23	165	8	0.03
23	170	8	0.01
23	175	8	0.00
23	180	8	0.00
23	0	9	0.00
23	5	9	0.00
23	10	9	0.01
23	15	9	0.02
23	20	9	0.04
23	25	9	0.06
23	30	9	0.09
23	35	9	0.12
23	40	9	0.15
23	45	9	0.18
23	50	9	0.22
23	55	9	0.24
23	60	9	0.28
23	65	9	0.30
23	70	9	0.33
23	75	9	0.34
23	80	9	0.34
23	85	9	0.33
23	90	9	0.33
23	95	9	0.31
23	100	9	0.30
23	105	9	0.28
23	110	9	0.26
23	115	9	0.25
23	120	9	0.23
23	125	9	0.21
23	130	9	0.19
23	135	9	0.17
23	140	9	0.15
23	145	9	0.12
23	150	9	0.09
23	155	9	0.07
23	160	9	0.04
23	165	9	0.02
23	170	9	0.01
23	175	9	0.00
23	180	9	0.00
23	0	10	0.00
23	5	10	0.00
23	10	10	0.01
23	15	10	0.02
23	20	10	0.04
23	25	10	0.06
23	30	10	0.09
23	35	10	0.12
23	40	10	0.15
23	45	10	0.18
23	50	10	0.21
23	55	10	0.25
23	60	10	0.28
23	65	10	0.31
23	70	10	0.32
23	75	10	0.34
23	80	10	0.35
23	85	10	0.34
23	90	10	0.33
23	95	10	0.32
23	100	10	0.30
23	105	10	0.28
23	110	10	0.26
23	115	10	0.25
23	120	10	0.23
23	125	10	0.20
23	130	10	0.18
23	135	10	0.16
23	140	10	0.14
23	145	10	0.12
23	150	10	0.09
23	155	10	0.07
23	160	10	0.04
23	165	10	0.03
23	170	10	0.01
23	175	10	0.00
23	180	10	0.00
23	0	11	0.00
23	5	11	0.00
23	10	11	0.01
23	15	11	0.02
23	20	11	0.04
23	25	11	0.06
23	30	11	0.09
23	35	11	0.12
23	40	11	0.14
23	45	11	0.18
23	50	11	0.21
23	55	11	0.25
23	60	11	0.28
23	65	11	0.31
23	70	11	0.33
23	75	11	0.35
23	80	11	0.35
23	85	11	0.34
23	90	11	0.34
23	95	11	0.33
23	100	11	0.31
23	105	11	0.29
23	110	11	0.27
23	115	11	0.25
23	120	11	0.23
23	125	11	0.20
23	130	11	0.18
23	135	11	0.16
23	140	11	0.14
23	145	11	0.12
23	150	11	0.09
23	155	11	0.07
23	160	11	0.04
23	165	11	0.02
23	170	11	0.01
23	175	11	0.00
23	180	11	0.00
23	0	12	0.00
23	5	12	0.01
23	10	12	0.01
23	15	12	0.02
23	20	12	0.04
23	25	12	0.06
23	30	12	0.09
23	35	12	0.11
23	40	12	0.15
23	45	12	0.18
23	50	12	0.21
23	55	12	0.25
23	60	12	0.27
23	65	12	0.31
23	70	12	0.32
23	75	12	0.34
23	80	12	0.36
23	85	12	0.36
23	90	12	0.34
23	95	12	0.33
23	100	12	0.31
23	105	12	0.29
23	110	12	0.27
23	115	12	0.25
23	120	12	0.23
23	125	12	0.20
23	130	12	0.18
23	135	12	0.16
23	140	12	0.13
23	145	12	0.11
23	150	12	0.09
23	155	12	0.07
23	160	12	0.04
23	165	12	0.02
23	170	12	0.01
23	175	12	0.00
23	180	12	0.00
23	0	13	0.00
23	5	13	0.01
23	10	13	0.01
23	15	13	0.02
23	20	13	0.04
23	25	13	0.06
23	30	13	0.09
23	35	13	0.12
23	40	13	0.15
23	45	13	0.18
23	50	13	0.21
23	55	13	0.25
23	60	13	0.28
23	65	13	0.31
23	70	13	0.33
23	75	13	0.35
23	80	13	0.36
23	85	13	0.36
23	90	13	0.35
23	95	13	0.33
23	100	13	0.32
23	105	13	0.30
23	110	13	0.27
23	115	13	0.25
23	120	13	0.23
23	125	13	0.20
23	130	13	0.18
23	135	13	0.15
23	140	13	0.13
23	145	13	0.11
23	150	13	0.09
23	155	13	0.07
23	160	13	0.04
23	165	13	0.03
23	170	13	0.01
23	175	13	0.00
23	180	13	0.00
23	0	14	0.00
23	5	14	0.01
23	10	14	0.01
23	15	14	0.02
23	20	14	0.04
23	25	14	0.06
23	30	14	0.09
23	35	14	0.11
23	40	14	0.15
23	45	14	0.17
23	50	14	0.21
23	55	14	0.25
23	60	14	0.28
23	65	14	0.30
23	70	14	0.33
23	75	14	0.34
23	80	14	0.36
23	85	14	0.36
23	90	14	0.36
23	95	14	0.34
23	100	14	0.32
23	105	14	0.30
23	110	14	0.28
23	115	14	0.25
23	120	14	0.22
23	125	14	0.20
23	130	14	0.18
23	135	14	0.15
23	140	14	0.13
23	145	14	0.11
23	150	14	0.09
23	155	14	0.07
23	160	14	0.04
23	165	14	0.03
23	170	14	0.01
23	175	14	0.00
23	180	14	0.00
23	0	15	0.00
23	5	15	0.01
23	10	15	0.01
23	15	15	0.02
23	20	15	0.04
23	25	15	0.06
23	30	15	0.09
23	35	15	0.11
23	40	15	0.14
23	45	15	0.17
23	50	15	0.22
23	55	15	0.25
23	60	15	0.28
23	65	15	0.30
23	70	15	0.32
23	75	15	0.35
23	80	15	0.36
23	85	15	0.36
23	90	15	0.36
23	95	15	0.34
23	100	15	0.33
23	105	15	0.31
23	110	15	0.28
23	115	15	0.26
23	120	15	0.23
23	125	15	0.20
23	130	15	0.18
23	135	15	0.15
23	140	15	0.13
23	145	15	0.10
23	150	15	0.08
23	155	15	0.06
23	160	15	0.04
23	165	15	0.03
23	170	15	0.01
23	175	15	0.00
23	180	15	0.00
23	0	16	0.00
23	5	16	0.01
23	10	16	0.01
23	15	16	0.03
23	20	16	0.04
23	25	16	0.06
23	30	16	0.09
23	35	16	0.12
23	40	16	0.15
23	45	16	0.18
23	50	16	0.22
23	55	16	0.24
23	60	16	0.28
23	65	16	0.30
23	70	16	0.32
23	75	16	0.35
23	80	16	0.36
23	85	16	0.37
23	90	16	0.36
23	95	16	0.36
23	100	16	0.33
23	105	16	0.31
23	110	16	0.29
23	115	16	0.26
23	120	16	0.23
23	125	16	0.20
23	130	16	0.18
23	135	16	0.15
23	140	16	0.12
23	145	16	0.10
23	150	16	0.08
23	155	16	0.06
23	160	16	0.04
23	165	16	0.03
23	170	16	0.01
23	175	16	0.00
23	180	16	0.00
23	0	17	0.00
23	5	17	0.01
23	10	17	0.01
23	15	17	0.03
23	20	17	0.04
23	25	17	0.06
23	30	17	0.08
23	35	17	0.11
23	40	17	0.14
23	45	17	0.18
23	50	17	0.21
23	55	17	0.24
23	60	17	0.28
23	65	17	0.31
23	70	17	0.32
23	75	17	0.35
23	80	17	0.36
23	85	17	0.36
23	90	17	0.37
23	95	17	0.36
23	100	17	0.34
23	105	17	0.32
23	110	17	0.29
23	115	17	0.26
23	120	17	0.23
23	125	17	0.21
23	130	17	0.18
23	135	17	0.15
23	140	17	0.12
23	145	17	0.10
23	150	17	0.08
23	155	17	0.06
23	160	17	0.04
23	165	17	0.03
23	170	17	0.01
23	175	17	0.00
23	180	17	0.00
23	0	18	0.00
23	5	18	0.01
23	10	18	0.01
23	15	18	0.02
23	20	18	0.04
23	25	18	0.06
23	30	18	0.09
23	35	18	0.12
23	40	18	0.15
23	45	18	0.17
23	50	18	0.20
23	55	18	0.24
23	60	18	0.27
23	65	18	0.31
23	70	18	0.33
23	75	18	0.35
23	80	18	0.36
23	85	18	0.37
23	90	18	0.37
23	95	18	0.36
23	100	18	0.35
23	105	18	0.32
23	110	18	0.30
23	115	18	0.27
23	120	18	0.24
23	125	18	0.21
23	130	18	0.18
23	135	18	0.15
23	140	18	0.12
23	145	18	0.10
23	150	18	0.08
23	155	18	0.06
23	160	18	0.04
23	165	18	0.02
23	170	18	0.01
23	175	18	0.00
23	180	18	0.00
23	0	19	0.00
23	5	19	0.01
23	10	19	0.01
23	15	19	0.02
23	20	19	0.04
23	25	19	0.06
23	30	19	0.08
23	35	19	0.12
23	40	19	0.14
23	45	19	0.18
23	50	19	0.21
23	55	19	0.24
23	60	19	0.27
23	65	19	0.31
23	70	19	0.33
23	75	19	0.35
23	80	19	0.37
23	85	19	0.36
23	90	19	0.36
23	95	19	0.36
23	100	19	0.35
23	105	19	0.33
23	110	19	0.30
23	115	19	0.27
23	120	19	0.24
23	125	19	0.21
23	130	19	0.18
23	135	19	0.15
23	140	19	0.12
23	145	19	0.10
23	150	19	0.07
23	155	19	0.05
23	160	19	0.04
23	165	19	0.02
23	170	19	0.01
23	175	19	0.00
23	180	19	0.00
23	0	20	0.00
23	5	20	0.01
23	10	20	0.01
23	15	20	0.03
23	20	20	0.04
23	25	20	0.06
23	30	20	0.08
23	35	20	0.12
23	40	20	0.14
23	45	20	0.18
23	50	20	0.21
23	55	20	0.25
23	60	20	0.27
23	65	20	0.30
23	70	20	0.33
23	75	20	0.35
23	80	20	0.36
23	85	20	0.37
23	90	20	0.37
23	95	20	0.37
23	100	20	0.36
23	105	20	0.34
23	110	20	0.31
23	115	20	0.28
23	120	20	0.25
23	125	20	0.22
23	130	20	0.19
23	135	20	0.15
23	140	20	0.12
23	145	20	0.10
23	150	20	0.07
23	155	20	0.05
23	160	20	0.04
23	165	20	0.02
23	170	20	0.01
23	175	20	0.00
23	180	20	0.00
24	0	5	0.00
24	5	5	0.00
24	10	5	0.01
24	15	5	0.02
24	20	5	0.05
24	25	5	0.07
24	30	5	0.10
24	35	5	0.13
24	40	5	0.16
24	45	5	0.20
24	50	5	0.24
24	55	5	0.27
24	60	5	0.30
24	65	5	0.33
24	70	5	0.34
24	75	5	0.34
24	80	5	0.35
24	85	5	0.34
24	90	5	0.33
24	95	5	0.32
24	100	5	0.32
24	105	5	0.31
24	110	5	0.29
24	115	5	0.28
24	120	5	0.26
24	125	5	0.24
24	130	5	0.22
24	135	5	0.20
24	140	5	0.17
24	145	5	0.13
24	150	5	0.10
24	155	5	0.07
24	160	5	0.05
24	165	5	0.03
24	170	5	0.01
24	175	5	0.00
24	180	5	0.00
24	0	6	0.00
24	5	6	0.00
24	10	6	0.01
24	15	6	0.02
24	20	6	0.04
24	25	6	0.07
24	30	6	0.10
24	35	6	0.13
24	40	6	0.16
24	45	6	0.20
24	50	6	0.24
24	55	6	0.27
24	60	6	0.30
24	65	6	0.33
24	70	6	0.35
24	75	6	0.35
24	80	6	0.35
24	85	6	0.35
24	90	6	0.34
24	95	6	0.33
24	100	6	0.32
24	105	6	0.31
24	110	6	0.29
24	115	6	0.27
24	120	6	0.26
24	125	6	0.24
24	130	6	0.22
24	135	6	0.20
24	140	6	0.17
24	145	6	0.13
24	150	6	0.10
24	155	6	0.07
24	160	6	0.05
24	165	6	0.03
24	170	6	0.01
24	175	6	0.00
24	180	6	0.00
24	0	7	0.00
24	5	7	0.00
24	10	7	0.01
24	15	7	0.03
24	20	7	0.05
24	25	7	0.07
24	30	7	0.09
24	35	7	0.12
24	40	7	0.16
24	45	7	0.20
24	50	7	0.23
24	55	7	0.27
24	60	7	0.31
24	65	7	0.33
24	70	7	0.35
24	75	7	0.35
24	80	7	0.36
24	85	7	0.35
24	90	7	0.34
24	95	7	0.33
24	100	7	0.32
24	105	7	0.30
24	110	7	0.29
24	115	7	0.27
24	120	7	0.25
24	125	7	0.23
24	130	7	0.21
24	135	7	0.19
24	140	7	0.17
24	145	7	0.13
24	150	7	0.10
24	155	7	0.07
24	160	7	0.05
24	165	7	0.03
24	170	7	0.01
24	175	7	0.00
24	180	7	0.00
24	0	8	0.00
24	5	8	0.00
24	10	8	0.01
24	15	8	0.02
24	20	8	0.04
24	25	8	0.07
24	30	8	0.10
24	35	8	0.12
24	40	8	0.16
24	45	8	0.20
24	50	8	0.24
24	55	8	0.27
24	60	8	0.30
24	65	8	0.33
24	70	8	0.35
24	75	8	0.36
24	80	8	0.36
24	85	8	0.36
24	90	8	0.35
24	95	8	0.34
24	100	8	0.32
24	105	8	0.31
24	110	8	0.29
24	115	8	0.27
24	120	8	0.25
24	125	8	0.23
24	130	8	0.21
24	135	8	0.19
24	140	8	0.16
24	145	8	0.14
24	150	8	0.10
24	155	8	0.07
24	160	8	0.05
24	165	8	0.03
24	170	8	0.01
24	175	8	0.00
24	180	8	0.00
24	0	9	0.00
24	5	9	0.00
24	10	9	0.01
24	15	9	0.02
24	20	9	0.05
24	25	9	0.07
24	30	9	0.09
24	35	9	0.13
24	40	9	0.16
24	45	9	0.20
24	50	9	0.24
24	55	9	0.27
24	60	9	0.31
24	65	9	0.33
24	70	9	0.36
24	75	9	0.37
24	80	9	0.37
24	85	9	0.36
24	90	9	0.35
24	95	9	0.34
24	100	9	0.32
24	105	9	0.30
24	110	9	0.29
24	115	9	0.27
24	120	9	0.25
24	125	9	0.23
24	130	9	0.21
24	135	9	0.18
24	140	9	0.16
24	145	9	0.13
24	150	9	0.10
24	155	9	0.07
24	160	9	0.05
24	165	9	0.03
24	170	9	0.01
24	175	9	0.00
24	180	9	0.00
24	0	10	0.00
24	5	10	0.01
24	10	10	0.01
24	15	10	0.03
24	20	10	0.04
24	25	10	0.07
24	30	10	0.09
24	35	10	0.13
24	40	10	0.17
24	45	10	0.20
24	50	10	0.24
24	55	10	0.27
24	60	10	0.30
24	65	10	0.33
24	70	10	0.35
24	75	10	0.37
24	80	10	0.37
24	85	10	0.37
24	90	10	0.36
24	95	10	0.35
24	100	10	0.33
24	105	10	0.31
24	110	10	0.29
24	115	10	0.27
24	120	10	0.25
24	125	10	0.22
24	130	10	0.20
24	135	10	0.18
24	140	10	0.16
24	145	10	0.13
24	150	10	0.10
24	155	10	0.07
24	160	10	0.05
24	165	10	0.03
24	170	10	0.01
24	175	10	0.00
24	180	10	0.00
24	0	11	0.00
24	5	11	0.01
24	10	11	0.01
24	15	11	0.02
24	20	11	0.04
24	25	11	0.06
24	30	11	0.10
24	35	11	0.13
24	40	11	0.16
24	45	11	0.20
24	50	11	0.24
24	55	11	0.27
24	60	11	0.30
24	65	11	0.34
24	70	11	0.36
24	75	11	0.37
24	80	11	0.38
24	85	11	0.37
24	90	11	0.36
24	95	11	0.35
24	100	11	0.33
24	105	11	0.31
24	110	11	0.29
24	115	11	0.27
24	120	11	0.25
24	125	11	0.22
24	130	11	0.20
24	135	11	0.18
24	140	11	0.15
24	145	11	0.13
24	150	11	0.10
24	155	11	0.07
24	160	11	0.05
24	165	11	0.03
24	170	11	0.01
24	175	11	0.00
24	180	11	0.00
24	0	12	0.00
24	5	12	0.01
24	10	12	0.02
24	15	12	0.02
24	20	12	0.04
24	25	12	0.07
24	30	12	0.10
24	35	12	0.12
24	40	12	0.16
24	45	12	0.20
24	50	12	0.23
24	55	12	0.27
24	60	12	0.30
24	65	12	0.33
24	70	12	0.35
24	75	12	0.38
24	80	12	0.39
24	85	12	0.38
24	90	12	0.37
24	95	12	0.35
24	100	12	0.34
24	105	12	0.32
24	110	12	0.29
24	115	12	0.27
24	120	12	0.25
24	125	12	0.22
24	130	12	0.19
24	135	12	0.17
24	140	12	0.15
24	145	12	0.13
24	150	12	0.10
24	155	12	0.07
24	160	12	0.05
24	165	12	0.03
24	170	12	0.01
24	175	12	0.00
24	180	12	0.00
24	0	13	0.00
24	5	13	0.01
24	10	13	0.01
24	15	13	0.02
24	20	13	0.04
24	25	13	0.06
24	30	13	0.10
24	35	13	0.13
24	40	13	0.16
24	45	13	0.21
24	50	13	0.23
24	55	13	0.27
24	60	13	0.30
24	65	13	0.33
24	70	13	0.36
24	75	13	0.37
24	80	13	0.39
24	85	13	0.39
24	90	13	0.38
24	95	13	0.36
24	100	13	0.34
24	105	13	0.32
24	110	13	0.30
24	115	13	0.27
24	120	13	0.24
24	125	13	0.22
24	130	13	0.19
24	135	13	0.17
24	140	13	0.14
24	145	13	0.12
24	150	13	0.10
24	155	13	0.07
24	160	13	0.05
24	165	13	0.03
24	170	13	0.01
24	175	13	0.00
24	180	13	0.00
24	0	14	0.00
24	5	14	0.01
24	10	14	0.01
24	15	14	0.02
24	20	14	0.04
24	25	14	0.07
24	30	14	0.10
24	35	14	0.12
24	40	14	0.16
24	45	14	0.20
24	50	14	0.23
24	55	14	0.26
24	60	14	0.31
24	65	14	0.33
24	70	14	0.35
24	75	14	0.38
24	80	14	0.39
24	85	14	0.39
24	90	14	0.38
24	95	14	0.37
24	100	14	0.35
24	105	14	0.32
24	110	14	0.30
24	115	14	0.27
24	120	14	0.25
24	125	14	0.22
24	130	14	0.19
24	135	14	0.17
24	140	14	0.14
24	145	14	0.12
24	150	14	0.10
24	155	14	0.07
24	160	14	0.05
24	165	14	0.03
24	170	14	0.01
24	175	14	0.00
24	180	14	0.00
24	0	15	0.00
24	5	15	0.01
24	10	15	0.01
24	15	15	0.03
24	20	15	0.04
24	25	15	0.06
24	30	15	0.10
24	35	15	0.13
24	40	15	0.16
24	45	15	0.19
24	50	15	0.23
24	55	15	0.26
24	60	15	0.31
24	65	15	0.33
24	70	15	0.36
24	75	15	0.38
24	80	15	0.39
24	85	15	0.39
24	90	15	0.39
24	95	15	0.38
24	100	15	0.35
24	105	15	0.33
24	110	15	0.30
24	115	15	0.27
24	120	15	0.25
24	125	15	0.22
24	130	15	0.19
24	135	15	0.16
24	140	15	0.14
24	145	15	0.11
24	150	15	0.09
24	155	15	0.07
24	160	15	0.05
24	165	15	0.03
24	170	15	0.01
24	175	15	0.00
24	180	15	0.00
24	0	16	0.00
24	5	16	0.01
24	10	16	0.01
24	15	16	0.03
24	20	16	0.04
24	25	16	0.07
24	30	16	0.10
24	35	16	0.12
24	40	16	0.16
24	45	16	0.19
24	50	16	0.23
24	55	16	0.26
24	60	16	0.31
24	65	16	0.33
24	70	16	0.36
24	75	16	0.38
24	80	16	0.40
24	85	16	0.40
24	90	16	0.39
24	95	16	0.38
24	100	16	0.36
24	105	16	0.34
24	110	16	0.31
24	115	16	0.28
24	120	16	0.25
24	125	16	0.22
24	130	16	0.19
24	135	16	0.16
24	140	16	0.14
24	145	16	0.11
24	150	16	0.09
24	155	16	0.07
24	160	16	0.05
24	165	16	0.03
24	170	16	0.01
24	175	16	0.00
24	180	16	0.00
24	0	17	0.00
24	5	17	0.01
24	10	17	0.01
24	15	17	0.03
24	20	17	0.04
24	25	17	0.07
24	30	17	0.10
24	35	17	0.13
24	40	17	0.17
24	45	17	0.20
24	50	17	0.24
24	55	17	0.27
24	60	17	0.31
24	65	17	0.33
24	70	17	0.36
24	75	17	0.38
24	80	17	0.39
24	85	17	0.39
24	90	17	0.40
24	95	17	0.39
24	100	17	0.37
24	105	17	0.34
24	110	17	0.31
24	115	17	0.28
24	120	17	0.25
24	125	17	0.22
24	130	17	0.19
24	135	17	0.16
24	140	17	0.13
24	145	17	0.11
24	150	17	0.09
24	155	17	0.07
24	160	17	0.05
24	165	17	0.03
24	170	17	0.01
24	175	17	0.00
24	180	17	0.00
24	0	18	0.00
24	5	18	0.01
24	10	18	0.02
24	15	18	0.03
24	20	18	0.04
24	25	18	0.06
24	30	18	0.09
24	35	18	0.13
24	40	18	0.16
24	45	18	0.20
24	50	18	0.23
24	55	18	0.27
24	60	18	0.30
24	65	18	0.34
24	70	18	0.36
24	75	18	0.38
24	80	18	0.39
24	85	18	0.40
24	90	18	0.40
24	95	18	0.39
24	100	18	0.37
24	105	18	0.35
24	110	18	0.32
24	115	18	0.29
24	120	18	0.26
24	125	18	0.22
24	130	18	0.19
24	135	18	0.16
24	140	18	0.13
24	145	18	0.11
24	150	18	0.08
24	155	18	0.06
24	160	18	0.04
24	165	18	0.03
24	170	18	0.01
24	175	18	0.00
24	180	18	0.00
24	0	19	0.00
24	5	19	0.01
24	10	19	0.02
24	15	19	0.03
24	20	19	0.04
24	25	19	0.07
24	30	19	0.10
24	35	19	0.13
24	40	19	0.15
24	45	19	0.19
24	50	19	0.23
24	55	19	0.27
24	60	19	0.30
24	65	19	0.34
24	70	19	0.36
24	75	19	0.38
24	80	19	0.40
24	85	19	0.40
24	90	19	0.41
24	95	19	0.40
24	100	19	0.38
24	105	19	0.35
24	110	19	0.32
24	115	19	0.29
24	120	19	0.26
24	125	19	0.23
24	130	19	0.19
24	135	19	0.16
24	140	19	0.13
24	145	19	0.11
24	150	19	0.08
24	155	19	0.06
24	160	19	0.04
24	165	19	0.03
24	170	19	0.01
24	175	19	0.00
24	180	19	0.00
24	0	20	0.00
24	5	20	0.01
24	10	20	0.01
24	15	20	0.03
24	20	20	0.04
24	25	20	0.07
24	30	20	0.09
24	35	20	0.13
24	40	20	0.16
24	45	20	0.20
24	50	20	0.22
24	55	20	0.26
24	60	20	0.30
24	65	20	0.33
24	70	20	0.36
24	75	20	0.37
24	80	20	0.39
24	85	20	0.40
24	90	20	0.40
24	95	20	0.40
24	100	20	0.38
24	105	20	0.36
24	110	20	0.33
24	115	20	0.30
24	120	20	0.27
24	125	20	0.23
24	130	20	0.20
24	135	20	0.17
24	140	20	0.13
24	145	20	0.11
24	150	20	0.08
24	155	20	0.06
24	160	20	0.04
24	165	20	0.02
24	170	20	0.01
24	175	20	0.00
24	180	20	0.00
25	0	5	0.00
25	5	5	0.00
25	10	5	0.01
25	15	5	0.03
25	20	5	0.05
25	25	5	0.07
25	30	5	0.11
25	35	5	0.14
25	40	5	0.18
25	45	5	0.22
25	50	5	0.25
25	55	5	0.30
25	60	5	0.33
25	65	5	0.36
25	70	5	0.37
25	75	5	0.37
25	80	5	0.37
25	85	5	0.37
25	90	5	0.36
25	95	5	0.35
25	100	5	0.34
25	105	5	0.33
25	110	5	0.32
25	115	5	0.30
25	120	5	0.29
25	125	5	0.27
25	130	5	0.24
25	135	5	0.22
25	140	5	0.19
25	145	5	0.15
25	150	5	0.11
25	155	5	0.08
25	160	5	0.05
25	165	5	0.03
25	170	5	0.01
25	175	5	0.00
25	180	5	0.00
25	0	6	0.00
25	5	6	0.00
25	10	6	0.01
25	15	6	0.03
25	20	6	0.05
25	25	6	0.07
25	30	6	0.10
25	35	6	0.13
25	40	6	0.18
25	45	6	0.22
25	50	6	0.26
25	55	6	0.29
25	60	6	0.32
25	65	6	0.36
25	70	6	0.37
25	75	6	0.38
25	80	6	0.38
25	85	6	0.37
25	90	6	0.37
25	95	6	0.35
25	100	6	0.34
25	105	6	0.33
25	110	6	0.31
25	115	6	0.30
25	120	6	0.28
25	125	6	0.26
25	130	6	0.24
25	135	6	0.22
25	140	6	0.18
25	145	6	0.15
25	150	6	0.11
25	155	6	0.08
25	160	6	0.05
25	165	6	0.03
25	170	6	0.01
25	175	6	0.00
25	180	6	0.00
25	0	7	0.00
25	5	7	0.00
25	10	7	0.01
25	15	7	0.03
25	20	7	0.05
25	25	7	0.08
25	30	7	0.11
25	35	7	0.14
25	40	7	0.18
25	45	7	0.22
25	50	7	0.26
25	55	7	0.30
25	60	7	0.33
25	65	7	0.36
25	70	7	0.38
25	75	7	0.39
25	80	7	0.38
25	85	7	0.38
25	90	7	0.37
25	95	7	0.36
25	100	7	0.34
25	105	7	0.33
25	110	7	0.31
25	115	7	0.29
25	120	7	0.28
25	125	7	0.26
25	130	7	0.24
25	135	7	0.21
25	140	7	0.18
25	145	7	0.15
25	150	7	0.11
25	155	7	0.08
25	160	7	0.05
25	165	7	0.03
25	170	7	0.01
25	175	7	0.00
25	180	7	0.00
25	0	8	0.00
25	5	8	0.00
25	10	8	0.01
25	15	8	0.02
25	20	8	0.05
25	25	8	0.08
25	30	8	0.11
25	35	8	0.14
25	40	8	0.18
25	45	8	0.22
25	50	8	0.26
25	55	8	0.30
25	60	8	0.33
25	65	8	0.36
25	70	8	0.38
25	75	8	0.39
25	80	8	0.39
25	85	8	0.39
25	90	8	0.38
25	95	8	0.36
25	100	8	0.35
25	105	8	0.33
25	110	8	0.31
25	115	8	0.29
25	120	8	0.27
25	125	8	0.25
25	130	8	0.23
25	135	8	0.20
25	140	8	0.18
25	145	8	0.15
25	150	8	0.11
25	155	8	0.08
25	160	8	0.05
25	165	8	0.03
25	170	8	0.01
25	175	8	0.00
25	180	8	0.00
25	0	9	0.00
25	5	9	0.01
25	10	9	0.01
25	15	9	0.03
25	20	9	0.05
25	25	9	0.07
25	30	9	0.10
25	35	9	0.14
25	40	9	0.18
25	45	9	0.22
25	50	9	0.25
25	55	9	0.29
25	60	9	0.33
25	65	9	0.36
25	70	9	0.38
25	75	9	0.40
25	80	9	0.40
25	85	9	0.39
25	90	9	0.38
25	95	9	0.37
25	100	9	0.35
25	105	9	0.33
25	110	9	0.31
25	115	9	0.29
25	120	9	0.27
25	125	9	0.25
25	130	9	0.23
25	135	9	0.20
25	140	9	0.18
25	145	9	0.14
25	150	9	0.11
25	155	9	0.08
25	160	9	0.05
25	165	9	0.03
25	170	9	0.01
25	175	9	0.00
25	180	9	0.00
25	0	10	0.00
25	5	10	0.01
25	10	10	0.01
25	15	10	0.03
25	20	10	0.04
25	25	10	0.07
25	30	10	0.11
25	35	10	0.14
25	40	10	0.18
25	45	10	0.22
25	50	10	0.25
25	55	10	0.29
25	60	10	0.33
25	65	10	0.36
25	70	10	0.39
25	75	10	0.40
25	80	10	0.40
25	85	10	0.40
25	90	10	0.39
25	95	10	0.37
25	100	10	0.35
25	105	10	0.33
25	110	10	0.31
25	115	10	0.29
25	120	10	0.27
25	125	10	0.24
25	130	10	0.22
25	135	10	0.20
25	140	10	0.17
25	145	10	0.14
25	150	10	0.11
25	155	10	0.08
25	160	10	0.05
25	165	10	0.03
25	170	10	0.01
25	175	10	0.00
25	180	10	0.00
25	0	11	0.00
25	5	11	0.01
25	10	11	0.02
25	15	11	0.02
25	20	11	0.05
25	25	11	0.07
25	30	11	0.10
25	35	11	0.13
25	40	11	0.17
25	45	11	0.22
25	50	11	0.25
25	55	11	0.29
25	60	11	0.33
25	65	11	0.36
25	70	11	0.38
25	75	11	0.40
25	80	11	0.41
25	85	11	0.40
25	90	11	0.39
25	95	11	0.38
25	100	11	0.36
25	105	11	0.34
25	110	11	0.31
25	115	11	0.29
25	120	11	0.27
25	125	11	0.24
25	130	11	0.22
25	135	11	0.19
25	140	11	0.17
25	145	11	0.14
25	150	11	0.11
25	155	11	0.08
25	160	11	0.05
25	165	11	0.03
25	170	11	0.01
25	175	11	0.00
25	180	11	0.00
25	0	12	0.00
25	5	12	0.01
25	10	12	0.02
25	15	12	0.02
25	20	12	0.05
25	25	12	0.07
25	30	12	0.10
25	35	12	0.14
25	40	12	0.17
25	45	12	0.22
25	50	12	0.25
25	55	12	0.30
25	60	12	0.32
25	65	12	0.36
25	70	12	0.39
25	75	12	0.41
25	80	12	0.41
25	85	12	0.41
25	90	12	0.40
25	95	12	0.38
25	100	12	0.36
25	105	12	0.34
25	110	12	0.31
25	115	12	0.29
25	120	12	0.27
25	125	12	0.24
25	130	12	0.21
25	135	12	0.19
25	140	12	0.16
25	145	12	0.14
25	150	12	0.11
25	155	12	0.08
25	160	12	0.05
25	165	12	0.03
25	170	12	0.01
25	175	12	0.00
25	180	12	0.00
25	0	13	0.00
25	5	13	0.01
25	10	13	0.02
25	15	13	0.03
25	20	13	0.04
25	25	13	0.08
25	30	13	0.11
25	35	13	0.14
25	40	13	0.18
25	45	13	0.22
25	50	13	0.25
25	55	13	0.30
25	60	13	0.32
25	65	13	0.37
25	70	13	0.38
25	75	13	0.41
25	80	13	0.42
25	85	13	0.42
25	90	13	0.41
25	95	13	0.39
25	100	13	0.37
25	105	13	0.34
25	110	13	0.32
25	115	13	0.29
25	120	13	0.27
25	125	13	0.24
25	130	13	0.21
25	135	13	0.18
25	140	13	0.16
25	145	13	0.13
25	150	13	0.11
25	155	13	0.08
25	160	13	0.05
25	165	13	0.03
25	170	13	0.01
25	175	13	0.00
25	180	13	0.00
25	0	14	0.00
25	5	14	0.01
25	10	14	0.01
25	15	14	0.03
25	20	14	0.05
25	25	14	0.07
25	30	14	0.10
25	35	14	0.14
25	40	14	0.18
25	45	14	0.21
25	50	14	0.25
25	55	14	0.30
25	60	14	0.32
25	65	14	0.37
25	70	14	0.39
25	75	14	0.41
25	80	14	0.42
25	85	14	0.42
25	90	14	0.41
25	95	14	0.40
25	100	14	0.38
25	105	14	0.35
25	110	14	0.32
25	115	14	0.29
25	120	14	0.27
25	125	14	0.24
25	130	14	0.21
25	135	14	0.18
25	140	14	0.16
25	145	14	0.13
25	150	14	0.11
25	155	14	0.08
25	160	14	0.05
25	165	14	0.03
25	170	14	0.01
25	175	14	0.00
25	180	14	0.00
25	0	15	0.00
25	5	15	0.01
25	10	15	0.01
25	15	15	0.03
25	20	15	0.05
25	25	15	0.07
25	30	15	0.11
25	35	15	0.13
25	40	15	0.17
25	45	15	0.20
25	50	15	0.26
25	55	15	0.29
25	60	15	0.33
25	65	15	0.37
25	70	15	0.39
25	75	15	0.40
25	80	15	0.43
25	85	15	0.43
25	90	15	0.42
25	95	15	0.40
25	100	15	0.38
25	105	15	0.36
25	110	15	0.33
25	115	15	0.30
25	120	15	0.27
25	125	15	0.24
25	130	15	0.21
25	135	15	0.18
25	140	15	0.15
25	145	15	0.13
25	150	15	0.10
25	155	15	0.08
25	160	15	0.05
25	165	15	0.03
25	170	15	0.01
25	175	15	0.00
25	180	15	0.00
25	0	16	0.00
25	5	16	0.01
25	10	16	0.01
25	15	16	0.03
25	20	16	0.04
25	25	16	0.07
25	30	16	0.10
25	35	16	0.13
25	40	16	0.18
25	45	16	0.21
25	50	16	0.26
25	55	16	0.29
25	60	16	0.33
25	65	16	0.35
25	70	16	0.39
25	75	16	0.41
25	80	16	0.42
25	85	16	0.43
25	90	16	0.42
25	95	16	0.41
25	100	16	0.39
25	105	16	0.36
25	110	16	0.33
25	115	16	0.30
25	120	16	0.27
25	125	16	0.24
25	130	16	0.21
25	135	16	0.18
25	140	16	0.15
25	145	16	0.12
25	150	16	0.10
25	155	16	0.08
25	160	16	0.05
25	165	16	0.03
25	170	16	0.01
25	175	16	0.00
25	180	16	0.00
25	0	17	0.00
25	5	17	0.01
25	10	17	0.02
25	15	17	0.03
25	20	17	0.05
25	25	17	0.07
25	30	17	0.10
25	35	17	0.14
25	40	17	0.18
25	45	17	0.21
25	50	17	0.25
25	55	17	0.28
25	60	17	0.32
25	65	17	0.35
25	70	17	0.39
25	75	17	0.41
25	80	17	0.42
25	85	17	0.43
25	90	17	0.43
25	95	17	0.41
25	100	17	0.39
25	105	17	0.37
25	110	17	0.34
25	115	17	0.30
25	120	17	0.27
25	125	17	0.24
25	130	17	0.21
25	135	17	0.18
25	140	17	0.15
25	145	17	0.12
25	150	17	0.10
25	155	17	0.07
25	160	17	0.05
25	165	17	0.03
25	170	17	0.01
25	175	17	0.00
25	180	17	0.00
25	0	18	0.00
25	5	18	0.01
25	10	18	0.02
25	15	18	0.03
25	20	18	0.05
25	25	18	0.08
25	30	18	0.10
25	35	18	0.13
25	40	18	0.17
25	45	18	0.21
25	50	18	0.25
25	55	18	0.28
25	60	18	0.32
25	65	18	0.35
25	70	18	0.39
25	75	18	0.42
25	80	18	0.43
25	85	18	0.43
25	90	18	0.43
25	95	18	0.42
25	100	18	0.40
25	105	18	0.37
25	110	18	0.34
25	115	18	0.31
25	120	18	0.28
25	125	18	0.24
25	130	18	0.21
25	135	18	0.18
25	140	18	0.15
25	145	18	0.12
25	150	18	0.09
25	155	18	0.07
25	160	18	0.05
25	165	18	0.03
25	170	18	0.01
25	175	18	0.00
25	180	18	0.00
25	0	19	0.00
25	5	19	0.01
25	10	19	0.02
25	15	19	0.03
25	20	19	0.04
25	25	19	0.07
25	30	19	0.10
25	35	19	0.14
25	40	19	0.17
25	45	19	0.21
25	50	19	0.26
25	55	19	0.30
25	60	19	0.33
25	65	19	0.35
25	70	19	0.38
25	75	19	0.40
25	80	19	0.43
25	85	19	0.44
25	90	19	0.44
25	95	19	0.43
25	100	19	0.41
25	105	19	0.38
25	110	19	0.35
25	115	19	0.32
25	120	19	0.28
25	125	19	0.24
25	130	19	0.21
25	135	19	0.18
25	140	19	0.15
25	145	19	0.12
25	150	19	0.09
25	155	19	0.07
25	160	19	0.05
25	165	19	0.03
25	170	19	0.01
25	175	19	0.00
25	180	19	0.00
25	0	20	0.00
25	5	20	0.01
25	10	20	0.02
25	15	20	0.03
25	20	20	0.04
25	25	20	0.07
25	30	20	0.10
25	35	20	0.14
25	40	20	0.16
25	45	20	0.21
25	50	20	0.25
25	55	20	0.29
25	60	20	0.33
25	65	20	0.37
25	70	20	0.38
25	75	20	0.40
25	80	20	0.42
25	85	20	0.43
25	90	20	0.43
25	95	20	0.43
25	100	20	0.42
25	105	20	0.39
25	110	20	0.35
25	115	20	0.32
25	120	20	0.28
25	125	20	0.25
25	130	20	0.21
25	135	20	0.18
25	140	20	0.15
25	145	20	0.12
25	150	20	0.09
25	155	20	0.07
25	160	20	0.05
25	165	20	0.03
25	170	20	0.01
25	175	20	0.00
25	180	20	0.00
26	0	5	0.00
26	5	5	0.00
26	10	5	0.01
26	15	5	0.03
26	20	5	0.05
26	25	5	0.08
26	30	5	0.11
26	35	5	0.16
26	40	5	0.19
26	45	5	0.24
26	50	5	0.28
26	55	5	0.32
26	60	5	0.35
26	65	5	0.38
26	70	5	0.39
26	75	5	0.40
26	80	5	0.40
26	85	5	0.40
26	90	5	0.39
26	95	5	0.38
26	100	5	0.37
26	105	5	0.36
26	110	5	0.34
26	115	5	0.33
26	120	5	0.31
26	125	5	0.29
26	130	5	0.27
26	135	5	0.24
26	140	5	0.20
26	145	5	0.16
26	150	5	0.12
26	155	5	0.09
26	160	5	0.06
26	165	5	0.03
26	170	5	0.01
26	175	5	0.00
26	180	5	0.00
26	0	6	0.00
26	5	6	0.00
26	10	6	0.01
26	15	6	0.03
26	20	6	0.05
26	25	6	0.08
26	30	6	0.12
26	35	6	0.16
26	40	6	0.19
26	45	6	0.24
26	50	6	0.27
26	55	6	0.32
26	60	6	0.36
26	65	6	0.38
26	70	6	0.40
26	75	6	0.41
26	80	6	0.41
26	85	6	0.40
26	90	6	0.39
26	95	6	0.38
26	100	6	0.37
26	105	6	0.36
26	110	6	0.34
26	115	6	0.32
26	120	6	0.30
26	125	6	0.28
26	130	6	0.26
26	135	6	0.23
26	140	6	0.20
26	145	6	0.16
26	150	6	0.12
26	155	6	0.09
26	160	6	0.06
26	165	6	0.03
26	170	6	0.01
26	175	6	0.00
26	180	6	0.00
26	0	7	0.00
26	5	7	0.00
26	10	7	0.01
26	15	7	0.03
26	20	7	0.05
26	25	7	0.08
26	30	7	0.12
26	35	7	0.15
26	40	7	0.19
26	45	7	0.24
26	50	7	0.28
26	55	7	0.32
26	60	7	0.35
26	65	7	0.39
26	70	7	0.41
26	75	7	0.41
26	80	7	0.42
26	85	7	0.41
26	90	7	0.40
26	95	7	0.39
26	100	7	0.37
26	105	7	0.36
26	110	7	0.34
26	115	7	0.32
26	120	7	0.30
26	125	7	0.28
26	130	7	0.26
26	135	7	0.23
26	140	7	0.19
26	145	7	0.16
26	150	7	0.12
26	155	7	0.09
26	160	7	0.06
26	165	7	0.03
26	170	7	0.01
26	175	7	0.00
26	180	7	0.00
26	0	8	0.00
26	5	8	0.01
26	10	8	0.02
26	15	8	0.03
26	20	8	0.05
26	25	8	0.08
26	30	8	0.11
26	35	8	0.15
26	40	8	0.19
26	45	8	0.24
26	50	8	0.28
26	55	8	0.32
26	60	8	0.36
26	65	8	0.39
26	70	8	0.41
26	75	8	0.42
26	80	8	0.42
26	85	8	0.41
26	90	8	0.40
26	95	8	0.39
26	100	8	0.37
26	105	8	0.36
26	110	8	0.34
26	115	8	0.32
26	120	8	0.29
26	125	8	0.27
26	130	8	0.25
26	135	8	0.23
26	140	8	0.20
26	145	8	0.16
26	150	8	0.12
26	155	8	0.08
26	160	8	0.05
26	165	8	0.03
26	170	8	0.01
26	175	8	0.00
26	180	8	0.00
26	0	9	0.00
26	5	9	0.01
26	10	9	0.01
26	15	9	0.03
26	20	9	0.05
26	25	9	0.09
26	30	9	0.11
26	35	9	0.15
26	40	9	0.19
26	45	9	0.23
26	50	9	0.28
26	55	9	0.32
26	60	9	0.36
26	65	9	0.39
26	70	9	0.42
26	75	9	0.43
26	80	9	0.43
26	85	9	0.42
26	90	9	0.41
26	95	9	0.39
26	100	9	0.38
26	105	9	0.36
26	110	9	0.34
26	115	9	0.32
26	120	9	0.29
26	125	9	0.27
26	130	9	0.25
26	135	9	0.22
26	140	9	0.19
26	145	9	0.16
26	150	9	0.12
26	155	9	0.09
26	160	9	0.05
26	165	9	0.03
26	170	9	0.01
26	175	9	0.00
26	180	9	0.00
26	0	10	0.00
26	5	10	0.01
26	10	10	0.02
26	15	10	0.03
26	20	10	0.05
26	25	10	0.08
26	30	10	0.11
26	35	10	0.15
26	40	10	0.19
26	45	10	0.23
26	50	10	0.28
26	55	10	0.32
26	60	10	0.35
26	65	10	0.38
26	70	10	0.41
26	75	10	0.43
26	80	10	0.43
26	85	10	0.43
26	90	10	0.42
26	95	10	0.40
26	100	10	0.38
26	105	10	0.36
26	110	10	0.34
26	115	10	0.32
26	120	10	0.29
26	125	10	0.26
26	130	10	0.24
26	135	10	0.21
26	140	10	0.19
26	145	10	0.16
26	150	10	0.12
26	155	10	0.09
26	160	10	0.06
26	165	10	0.03
26	170	10	0.01
26	175	10	0.00
26	180	10	0.00
26	0	11	0.00
26	5	11	0.01
26	10	11	0.02
26	15	11	0.03
26	20	11	0.05
26	25	11	0.08
26	30	11	0.11
26	35	11	0.15
26	40	11	0.18
26	45	11	0.23
26	50	11	0.28
26	55	11	0.31
26	60	11	0.35
26	65	11	0.39
26	70	11	0.42
26	75	11	0.44
26	80	11	0.44
26	85	11	0.44
26	90	11	0.42
26	95	11	0.41
26	100	11	0.39
26	105	11	0.36
26	110	11	0.34
26	115	11	0.32
26	120	11	0.29
26	125	11	0.26
26	130	11	0.24
26	135	11	0.21
26	140	11	0.18
26	145	11	0.15
26	150	11	0.12
26	155	11	0.09
26	160	11	0.06
26	165	11	0.03
26	170	11	0.01
26	175	11	0.00
26	180	11	0.00
26	0	12	0.00
26	5	12	0.01
26	10	12	0.02
26	15	12	0.03
26	20	12	0.05
26	25	12	0.08
26	30	12	0.12
26	35	12	0.15
26	40	12	0.19
26	45	12	0.23
26	50	12	0.28
26	55	12	0.31
26	60	12	0.35
26	65	12	0.40
26	70	12	0.41
26	75	12	0.44
26	80	12	0.45
26	85	12	0.44
26	90	12	0.43
26	95	12	0.41
26	100	12	0.39
26	105	12	0.37
26	110	12	0.34
26	115	12	0.32
26	120	12	0.29
26	125	12	0.26
26	130	12	0.23
26	135	12	0.21
26	140	12	0.18
26	145	12	0.15
26	150	12	0.12
26	155	12	0.09
26	160	12	0.06
26	165	12	0.03
26	170	12	0.01
26	175	12	0.00
26	180	12	0.00
26	0	13	0.00
26	5	13	0.01
26	10	13	0.02
26	15	13	0.03
26	20	13	0.05
26	25	13	0.08
26	30	13	0.11
26	35	13	0.14
26	40	13	0.19
26	45	13	0.23
26	50	13	0.27
26	55	13	0.31
26	60	13	0.35
26	65	13	0.39
26	70	13	0.42
26	75	13	0.44
26	80	13	0.46
26	85	13	0.45
26	90	13	0.43
26	95	13	0.42
26	100	13	0.40
26	105	13	0.37
26	110	13	0.34
26	115	13	0.31
26	120	13	0.29
26	125	13	0.26
26	130	13	0.23
26	135	13	0.20
26	140	13	0.17
26	145	13	0.15
26	150	13	0.12
26	155	13	0.09
26	160	13	0.06
26	165	13	0.03
26	170	13	0.01
26	175	13	0.00
26	180	13	0.00
26	0	14	0.00
26	5	14	0.01
26	10	14	0.02
26	15	14	0.03
26	20	14	0.05
26	25	14	0.07
26	30	14	0.12
26	35	14	0.15
26	40	14	0.19
26	45	14	0.24
26	50	14	0.27
26	55	14	0.31
26	60	14	0.36
26	65	14	0.39
26	70	14	0.42
26	75	14	0.43
26	80	14	0.46
26	85	14	0.46
26	90	14	0.44
26	95	14	0.43
26	100	14	0.40
26	105	14	0.38
26	110	14	0.35
26	115	14	0.32
26	120	14	0.29
26	125	14	0.26
26	130	14	0.23
26	135	14	0.20
26	140	14	0.17
26	145	14	0.14
26	150	14	0.12
26	155	14	0.09
26	160	14	0.06
26	165	14	0.03
26	170	14	0.01
26	175	14	0.00
26	180	14	0.00
26	0	15	0.00
26	5	15	0.01
26	10	15	0.01
26	15	15	0.03
26	20	15	0.05
26	25	15	0.08
26	30	15	0.11
26	35	15	0.14
26	40	15	0.19
26	45	15	0.23
26	50	15	0.27
26	55	15	0.31
26	60	15	0.36
26	65	15	0.39
26	70	15	0.43
26	75	15	0.44
26	80	15	0.46
26	85	15	0.46
26	90	15	0.45
26	95	15	0.43
26	100	15	0.41
26	105	15	0.38
26	110	15	0.35
26	115	15	0.32
26	120	15	0.29
26	125	15	0.26
26	130	15	0.22
26	135	15	0.19
26	140	15	0.17
26	145	15	0.14
26	150	15	0.11
26	155	15	0.08
26	160	15	0.06
26	165	15	0.03
26	170	15	0.01
26	175	15	0.00
26	180	15	0.00
26	0	16	0.00
26	5	16	0.01
26	10	16	0.02
26	15	16	0.03
26	20	16	0.05
26	25	16	0.08
26	30	16	0.12
26	35	16	0.15
26	40	16	0.19
26	45	16	0.23
26	50	16	0.27
26	55	16	0.32
26	60	16	0.36
26	65	16	0.38
26	70	16	0.42
26	75	16	0.44
26	80	16	0.45
26	85	16	0.47
26	90	16	0.45
26	95	16	0.44
26	100	16	0.42
26	105	16	0.39
26	110	16	0.36
26	115	16	0.32
26	120	16	0.29
26	125	16	0.26
26	130	16	0.23
26	135	16	0.19
26	140	16	0.16
26	145	16	0.14
26	150	16	0.11
26	155	16	0.08
26	160	16	0.06
26	165	16	0.03
26	170	16	0.01
26	175	16	0.00
26	180	16	0.00
26	0	17	0.00
26	5	17	0.01
26	10	17	0.02
26	15	17	0.03
26	20	17	0.05
26	25	17	0.08
26	30	17	0.11
26	35	17	0.14
26	40	17	0.19
26	45	17	0.22
26	50	17	0.28
26	55	17	0.32
26	60	17	0.36
26	65	17	0.39
26	70	17	0.42
26	75	17	0.45
26	80	17	0.46
26	85	17	0.46
26	90	17	0.47
26	95	17	0.44
26	100	17	0.42
26	105	17	0.39
26	110	17	0.36
26	115	17	0.33
26	120	17	0.29
26	125	17	0.26
26	130	17	0.22
26	135	17	0.19
26	140	17	0.16
26	145	17	0.13
26	150	17	0.11
26	155	17	0.08
26	160	17	0.06
26	165	17	0.03
26	170	17	0.01
26	175	17	0.00
26	180	17	0.00
26	0	18	0.00
26	5	18	0.01
26	10	18	0.02
26	15	18	0.03
26	20	18	0.05
26	25	18	0.08
26	30	18	0.11
26	35	18	0.15
26	40	18	0.19
26	45	18	0.23
26	50	18	0.28
26	55	18	0.31
26	60	18	0.36
26	65	18	0.39
26	70	18	0.41
26	75	18	0.44
26	80	18	0.46
26	85	18	0.47
26	90	18	0.46
26	95	18	0.45
26	100	18	0.43
26	105	18	0.40
26	110	18	0.37
26	115	18	0.33
26	120	18	0.29
26	125	18	0.26
26	130	18	0.22
26	135	18	0.19
26	140	18	0.16
26	145	18	0.13
26	150	18	0.10
26	155	18	0.08
26	160	18	0.05
26	165	18	0.03
26	170	18	0.01
26	175	18	0.00
26	180	18	0.00
26	0	19	0.00
26	5	19	0.01
26	10	19	0.02
26	15	19	0.03
26	20	19	0.05
26	25	19	0.07
26	30	19	0.10
26	35	19	0.14
26	40	19	0.18
26	45	19	0.23
26	50	19	0.27
26	55	19	0.31
26	60	19	0.35
26	65	19	0.39
26	70	19	0.41
26	75	19	0.44
26	80	19	0.45
26	85	19	0.47
26	90	19	0.47
26	95	19	0.46
26	100	19	0.44
26	105	19	0.40
26	110	19	0.37
26	115	19	0.34
26	120	19	0.30
26	125	19	0.26
26	130	19	0.22
26	135	19	0.19
26	140	19	0.16
26	145	19	0.13
26	150	19	0.10
26	155	19	0.08
26	160	19	0.05
26	165	19	0.03
26	170	19	0.01
26	175	19	0.00
26	180	19	0.00
26	0	20	0.00
26	5	20	0.01
26	10	20	0.02
26	15	20	0.03
26	20	20	0.05
26	25	20	0.07
26	30	20	0.11
26	35	20	0.15
26	40	20	0.19
26	45	20	0.23
26	50	20	0.26
26	55	20	0.31
26	60	20	0.34
26	65	20	0.39
26	70	20	0.41
26	75	20	0.44
26	80	20	0.46
26	85	20	0.46
26	90	20	0.47
26	95	20	0.47
26	100	20	0.44
26	105	20	0.41
26	110	20	0.38
26	115	20	0.34
26	120	20	0.30
26	125	20	0.26
26	130	20	0.23
26	135	20	0.19
26	140	20	0.16
26	145	20	0.13
26	150	20	0.10
26	155	20	0.07
26	160	20	0.05
26	165	20	0.03
26	170	20	0.01
26	175	20	0.00
26	180	20	0.00
27	0	5	0.00
27	5	5	0.00
27	10	5	0.01
27	15	5	0.03
27	20	5	0.06
27	25	5	0.08
27	30	5	0.12
27	35	5	0.17
27	40	5	0.21
27	45	5	0.25
27	50	5	0.30
27	55	5	0.34
27	60	5	0.39
27	65	5	0.41
27	70	5	0.43
27	75	5	0.43
27	80	5	0.43
27	85	5	0.43
27	90	5	0.42
27	95	5	0.41
27	100	5	0.40
27	105	5	0.39
27	110	5	0.37
27	115	5	0.35
27	120	5	0.34
27	125	5	0.31
27	130	5	0.29
27	135	5	0.26
27	140	5	0.22
27	145	5	0.17
27	150	5	0.13
27	155	5	0.09
27	160	5	0.06
27	165	5	0.03
27	170	5	0.01
27	175	5	0.00
27	180	5	0.00
27	0	6	0.00
27	5	6	0.00
27	10	6	0.01
27	15	6	0.03
27	20	6	0.05
27	25	6	0.09
27	30	6	0.13
27	35	6	0.17
27	40	6	0.21
27	45	6	0.25
27	50	6	0.30
27	55	6	0.35
27	60	6	0.38
27	65	6	0.42
27	70	6	0.43
27	75	6	0.44
27	80	6	0.44
27	85	6	0.43
27	90	6	0.42
27	95	6	0.41
27	100	6	0.40
27	105	6	0.39
27	110	6	0.37
27	115	6	0.35
27	120	6	0.33
27	125	6	0.31
27	130	6	0.28
27	135	6	0.26
27	140	6	0.22
27	145	6	0.17
27	150	6	0.13
27	155	6	0.09
27	160	6	0.06
27	165	6	0.03
27	170	6	0.02
27	175	6	0.00
27	180	6	0.00
27	0	7	0.00
27	5	7	0.01
27	10	7	0.02
27	15	7	0.03
27	20	7	0.05
27	25	7	0.09
27	30	7	0.12
27	35	7	0.16
27	40	7	0.21
27	45	7	0.25
27	50	7	0.29
27	55	7	0.35
27	60	7	0.38
27	65	7	0.42
27	70	7	0.44
27	75	7	0.45
27	80	7	0.45
27	85	7	0.44
27	90	7	0.43
27	95	7	0.42
27	100	7	0.40
27	105	7	0.39
27	110	7	0.37
27	115	7	0.34
27	120	7	0.32
27	125	7	0.30
27	130	7	0.28
27	135	7	0.25
27	140	7	0.21
27	145	7	0.17
27	150	7	0.13
27	155	7	0.09
27	160	7	0.06
27	165	7	0.03
27	170	7	0.01
27	175	7	0.01
27	180	7	0.00
27	0	8	0.00
27	5	8	0.01
27	10	8	0.02
27	15	8	0.03
27	20	8	0.05
27	25	8	0.09
27	30	8	0.12
27	35	8	0.16
27	40	8	0.21
27	45	8	0.25
27	50	8	0.30
27	55	8	0.34
27	60	8	0.38
27	65	8	0.42
27	70	8	0.45
27	75	8	0.45
27	80	8	0.45
27	85	8	0.45
27	90	8	0.43
27	95	8	0.42
27	100	8	0.40
27	105	8	0.39
27	110	8	0.37
27	115	8	0.34
27	120	8	0.32
27	125	8	0.30
27	130	8	0.27
27	135	8	0.24
27	140	8	0.21
27	145	8	0.17
27	150	8	0.13
27	155	8	0.09
27	160	8	0.06
27	165	8	0.03
27	170	8	0.01
27	175	8	0.00
27	180	8	0.00
27	0	9	0.00
27	5	9	0.01
27	10	9	0.02
27	15	9	0.03
27	20	9	0.05
27	25	9	0.09
27	30	9	0.13
27	35	9	0.16
27	40	9	0.21
27	45	9	0.25
27	50	9	0.30
27	55	9	0.34
27	60	9	0.38
27	65	9	0.42
27	70	9	0.45
27	75	9	0.46
27	80	9	0.46
27	85	9	0.45
27	90	9	0.44
27	95	9	0.42
27	100	9	0.41
27	105	9	0.39
27	110	9	0.37
27	115	9	0.34
27	120	9	0.32
27	125	9	0.29
27	130	9	0.27
27	135	9	0.24
27	140	9	0.21
27	145	9	0.17
27	150	9	0.13
27	155	9	0.09
27	160	9	0.06
27	165	9	0.03
27	170	9	0.02
27	175	9	0.00
27	180	9	0.00
27	0	10	0.00
27	5	10	0.01
27	10	10	0.02
27	15	10	0.03
27	20	10	0.06
27	25	10	0.08
27	30	10	0.12
27	35	10	0.16
27	40	10	0.20
27	45	10	0.25
27	50	10	0.30
27	55	10	0.34
27	60	10	0.39
27	65	10	0.42
27	70	10	0.45
27	75	10	0.47
27	80	10	0.47
27	85	10	0.46
27	90	10	0.45
27	95	10	0.43
27	100	10	0.41
27	105	10	0.39
27	110	10	0.37
27	115	10	0.34
27	120	10	0.31
27	125	10	0.29
27	130	10	0.26
27	135	10	0.23
27	140	10	0.20
27	145	10	0.17
27	150	10	0.13
27	155	10	0.09
27	160	10	0.06
27	165	10	0.03
27	170	10	0.02
27	175	10	0.00
27	180	10	0.00
27	0	11	0.00
27	5	11	0.01
27	10	11	0.02
27	15	11	0.03
27	20	11	0.05
27	25	11	0.09
27	30	11	0.12
27	35	11	0.16
27	40	11	0.21
27	45	11	0.25
27	50	11	0.30
27	55	11	0.34
27	60	11	0.39
27	65	11	0.43
27	70	11	0.44
27	75	11	0.47
27	80	11	0.47
27	85	11	0.47
27	90	11	0.45
27	95	11	0.44
27	100	11	0.41
27	105	11	0.39
27	110	11	0.37
27	115	11	0.34
27	120	11	0.31
27	125	11	0.28
27	130	11	0.26
27	135	11	0.23
27	140	11	0.20
27	145	11	0.17
27	150	11	0.13
27	155	11	0.09
27	160	11	0.06
27	165	11	0.03
27	170	11	0.02
27	175	11	0.00
27	180	11	0.00
27	0	12	0.00
27	5	12	0.01
27	10	12	0.02
27	15	12	0.03
27	20	12	0.05
27	25	12	0.08
27	30	12	0.12
27	35	12	0.16
27	40	12	0.20
27	45	12	0.26
27	50	12	0.29
27	55	12	0.34
27	60	12	0.39
27	65	12	0.42
27	70	12	0.45
27	75	12	0.47
27	80	12	0.48
27	85	12	0.47
27	90	12	0.46
27	95	12	0.44
27	100	12	0.42
27	105	12	0.39
27	110	12	0.37
27	115	12	0.34
27	120	12	0.31
27	125	12	0.28
27	130	12	0.25
27	135	12	0.22
27	140	12	0.19
27	145	12	0.17
27	150	12	0.13
27	155	12	0.09
27	160	12	0.06
27	165	12	0.03
27	170	12	0.02
27	175	12	0.00
27	180	12	0.00
27	0	13	0.00
27	5	13	0.01
27	10	13	0.02
27	15	13	0.03
27	20	13	0.06
27	25	13	0.08
27	30	13	0.12
27	35	13	0.17
27	40	13	0.20
27	45	13	0.26
27	50	13	0.29
27	55	13	0.35
27	60	13	0.37
27	65	13	0.42
27	70	13	0.45
27	75	13	0.48
27	80	13	0.48
27	85	13	0.48
27	90	13	0.47
27	95	13	0.45
27	100	13	0.42
27	105	13	0.40
27	110	13	0.37
27	115	13	0.34
27	120	13	0.31
27	125	13	0.28
27	130	13	0.25
27	135	13	0.22
27	140	13	0.19
27	145	13	0.16
27	150	13	0.13
27	155	13	0.09
27	160	13	0.06
27	165	13	0.03
27	170	13	0.01
27	175	13	0.00
27	180	13	0.00
27	0	14	0.00
27	5	14	0.01
27	10	14	0.02
27	15	14	0.03
27	20	14	0.05
27	25	14	0.09
27	30	14	0.12
27	35	14	0.16
27	40	14	0.21
27	45	14	0.25
27	50	14	0.29
27	55	14	0.35
27	60	14	0.38
27	65	14	0.43
27	70	14	0.46
27	75	14	0.47
27	80	14	0.49
27	85	14	0.49
27	90	14	0.48
27	95	14	0.46
27	100	14	0.43
27	105	14	0.40
27	110	14	0.37
27	115	14	0.34
27	120	14	0.31
27	125	14	0.28
27	130	14	0.25
27	135	14	0.22
27	140	14	0.19
27	145	14	0.16
27	150	14	0.13
27	155	14	0.09
27	160	14	0.06
27	165	14	0.03
27	170	14	0.01
27	175	14	0.00
27	180	14	0.00
27	0	15	0.00
27	5	15	0.01
27	10	15	0.02
27	15	15	0.03
27	20	15	0.05
27	25	15	0.08
27	30	15	0.12
27	35	15	0.16
27	40	15	0.20
27	45	15	0.25
27	50	15	0.30
27	55	15	0.34
27	60	15	0.38
27	65	15	0.43
27	70	15	0.45
27	75	15	0.48
27	80	15	0.49
27	85	15	0.49
27	90	15	0.48
27	95	15	0.46
27	100	15	0.44
27	105	15	0.41
27	110	15	0.37
27	115	15	0.34
27	120	15	0.31
27	125	15	0.28
27	130	15	0.24
27	135	15	0.21
27	140	15	0.18
27	145	15	0.15
27	150	15	0.12
27	155	15	0.09
27	160	15	0.06
27	165	15	0.03
27	170	15	0.02
27	175	15	0.00
27	180	15	0.00
27	0	16	0.00
27	5	16	0.01
27	10	16	0.02
27	15	16	0.03
27	20	16	0.06
27	25	16	0.09
27	30	16	0.12
27	35	16	0.16
27	40	16	0.20
27	45	16	0.26
27	50	16	0.30
27	55	16	0.34
27	60	16	0.38
27	65	16	0.42
27	70	16	0.45
27	75	16	0.48
27	80	16	0.49
27	85	16	0.50
27	90	16	0.49
27	95	16	0.47
27	100	16	0.44
27	105	16	0.41
27	110	16	0.38
27	115	16	0.34
27	120	16	0.31
27	125	16	0.28
27	130	16	0.24
27	135	16	0.21
27	140	16	0.18
27	145	16	0.15
27	150	16	0.12
27	155	16	0.09
27	160	16	0.06
27	165	16	0.04
27	170	16	0.02
27	175	16	0.00
27	180	16	0.00
27	0	17	0.00
27	5	17	0.01
27	10	17	0.02
27	15	17	0.03
27	20	17	0.05
27	25	17	0.08
27	30	17	0.12
27	35	17	0.16
27	40	17	0.21
27	45	17	0.25
27	50	17	0.29
27	55	17	0.33
27	60	17	0.38
27	65	17	0.42
27	70	17	0.46
27	75	17	0.47
27	80	17	0.50
27	85	17	0.50
27	90	17	0.50
27	95	17	0.47
27	100	17	0.45
27	105	17	0.42
27	110	17	0.38
27	115	17	0.35
27	120	17	0.31
27	125	17	0.28
27	130	17	0.24
27	135	17	0.21
27	140	17	0.17
27	145	17	0.15
27	150	17	0.12
27	155	17	0.09
27	160	17	0.06
27	165	17	0.04
27	170	17	0.02
27	175	17	0.00
27	180	17	0.00
27	0	18	0.00
27	5	18	0.01
27	10	18	0.02
27	15	18	0.03
27	20	18	0.05
27	25	18	0.08
27	30	18	0.12
27	35	18	0.16
27	40	18	0.20
27	45	18	0.24
27	50	18	0.29
27	55	18	0.33
27	60	18	0.39
27	65	18	0.42
27	70	18	0.45
27	75	18	0.48
27	80	18	0.50
27	85	18	0.51
27	90	18	0.50
27	95	18	0.48
27	100	18	0.45
27	105	18	0.42
27	110	18	0.39
27	115	18	0.35
27	120	18	0.32
27	125	18	0.28
27	130	18	0.24
27	135	18	0.21
27	140	18	0.17
27	145	18	0.14
27	150	18	0.11
27	155	18	0.09
27	160	18	0.06
27	165	18	0.04
27	170	18	0.02
27	175	18	0.00
27	180	18	0.00
27	0	19	0.00
27	5	19	0.01
27	10	19	0.02
27	15	19	0.03
27	20	19	0.06
27	25	19	0.09
27	30	19	0.13
27	35	19	0.16
27	40	19	0.21
27	45	19	0.25
27	50	19	0.30
27	55	19	0.34
27	60	19	0.39
27	65	19	0.42
27	70	19	0.45
27	75	19	0.48
27	80	19	0.49
27	85	19	0.51
27	90	19	0.51
27	95	19	0.49
27	100	19	0.46
27	105	19	0.43
27	110	19	0.40
27	115	19	0.36
27	120	19	0.32
27	125	19	0.28
27	130	19	0.24
27	135	19	0.21
27	140	19	0.17
27	145	19	0.14
27	150	19	0.11
27	155	19	0.08
27	160	19	0.06
27	165	19	0.04
27	170	19	0.02
27	175	19	0.00
27	180	19	0.00
27	0	20	0.00
27	5	20	0.01
27	10	20	0.02
27	15	20	0.04
27	20	20	0.06
27	25	20	0.08
27	30	20	0.11
27	35	20	0.16
27	40	20	0.20
27	45	20	0.25
27	50	20	0.29
27	55	20	0.34
27	60	20	0.38
27	65	20	0.42
27	70	20	0.45
27	75	20	0.48
27	80	20	0.50
27	85	20	0.50
27	90	20	0.50
27	95	20	0.50
27	100	20	0.47
27	105	20	0.44
27	110	20	0.40
27	115	20	0.36
27	120	20	0.32
27	125	20	0.28
27	130	20	0.24
27	135	20	0.21
27	140	20	0.17
27	145	20	0.14
27	150	20	0.11
27	155	20	0.08
27	160	20	0.06
27	165	20	0.03
27	170	20	0.02
27	175	20	0.00
27	180	20	0.00
28	0	5	0.00
28	5	5	0.00
28	10	5	0.02
28	15	5	0.03
28	20	5	0.06
28	25	5	0.09
28	30	5	0.14
28	35	5	0.18
28	40	5	0.22
28	45	5	0.28
28	50	5	0.32
28	55	5	0.36
28	60	5	0.41
28	65	5	0.44
28	70	5	0.46
28	75	5	0.47
28	80	5	0.46
28	85	5	0.46
28	90	5	0.45
28	95	5	0.44
28	100	5	0.43
28	105	5	0.42
28	110	5	0.40
28	115	5	0.38
28	120	5	0.36
28	125	5	0.34
28	130	5	0.31
28	135	5	0.27
28	140	5	0.24
28	145	5	0.19
28	150	5	0.14
28	155	5	0.10
28	160	5	0.06
28	165	5	0.04
28	170	5	0.01
28	175	5	0.01
28	180	5	0.00
28	0	6	0.00
28	5	6	0.01
28	10	6	0.02
28	15	6	0.03
28	20	6	0.06
28	25	6	0.10
28	30	6	0.13
28	35	6	0.18
28	40	6	0.22
28	45	6	0.28
28	50	6	0.32
28	55	6	0.37
28	60	6	0.40
28	65	6	0.45
28	70	6	0.46
28	75	6	0.47
28	80	6	0.47
28	85	6	0.46
28	90	6	0.46
28	95	6	0.44
28	100	6	0.43
28	105	6	0.42
28	110	6	0.39
28	115	6	0.38
28	120	6	0.36
28	125	6	0.33
28	130	6	0.31
28	135	6	0.27
28	140	6	0.23
28	145	6	0.18
28	150	6	0.14
28	155	6	0.10
28	160	6	0.06
28	165	6	0.04
28	170	6	0.02
28	175	6	0.00
28	180	6	0.00
28	0	7	0.00
28	5	7	0.01
28	10	7	0.02
28	15	7	0.03
28	20	7	0.06
28	25	7	0.09
28	30	7	0.13
28	35	7	0.17
28	40	7	0.22
28	45	7	0.27
28	50	7	0.32
28	55	7	0.37
28	60	7	0.41
28	65	7	0.45
28	70	7	0.47
28	75	7	0.48
28	80	7	0.48
28	85	7	0.47
28	90	7	0.46
28	95	7	0.45
28	100	7	0.43
28	105	7	0.42
28	110	7	0.39
28	115	7	0.37
28	120	7	0.35
28	125	7	0.33
28	130	7	0.30
28	135	7	0.27
28	140	7	0.23
28	145	7	0.18
28	150	7	0.14
28	155	7	0.10
28	160	7	0.06
28	165	7	0.04
28	170	7	0.02
28	175	7	0.01
28	180	7	0.00
28	0	8	0.00
28	5	8	0.01
28	10	8	0.02
28	15	8	0.03
28	20	8	0.06
28	25	8	0.10
28	30	8	0.13
28	35	8	0.17
28	40	8	0.22
28	45	8	0.27
28	50	8	0.33
28	55	8	0.38
28	60	8	0.41
28	65	8	0.45
28	70	8	0.47
28	75	8	0.49
28	80	8	0.48
28	85	8	0.48
28	90	8	0.47
28	95	8	0.45
28	100	8	0.43
28	105	8	0.42
28	110	8	0.39
28	115	8	0.37
28	120	8	0.35
28	125	8	0.32
28	130	8	0.29
28	135	8	0.26
28	140	8	0.23
28	145	8	0.18
28	150	8	0.14
28	155	8	0.10
28	160	8	0.07
28	165	8	0.04
28	170	8	0.02
28	175	8	0.01
28	180	8	0.00
28	0	9	0.00
28	5	9	0.01
28	10	9	0.02
28	15	9	0.03
28	20	9	0.06
28	25	9	0.10
28	30	9	0.13
28	35	9	0.18
28	40	9	0.23
28	45	9	0.28
28	50	9	0.32
28	55	9	0.36
28	60	9	0.42
28	65	9	0.45
28	70	9	0.48
28	75	9	0.49
28	80	9	0.49
28	85	9	0.49
28	90	9	0.47
28	95	9	0.45
28	100	9	0.43
28	105	9	0.42
28	110	9	0.39
28	115	9	0.37
28	120	9	0.34
28	125	9	0.32
28	130	9	0.29
28	135	9	0.26
28	140	9	0.22
28	145	9	0.18
28	150	9	0.14
28	155	9	0.10
28	160	9	0.06
28	165	9	0.04
28	170	9	0.02
28	175	9	0.00
28	180	9	0.00
28	0	10	0.00
28	5	10	0.01
28	10	10	0.02
28	15	10	0.03
28	20	10	0.06
28	25	10	0.09
28	30	10	0.13
28	35	10	0.17
28	40	10	0.23
28	45	10	0.27
28	50	10	0.32
28	55	10	0.36
28	60	10	0.41
28	65	10	0.45
28	70	10	0.48
28	75	10	0.50
28	80	10	0.50
28	85	10	0.49
28	90	10	0.48
28	95	10	0.46
28	100	10	0.44
28	105	10	0.41
28	110	10	0.39
28	115	10	0.37
28	120	10	0.34
28	125	10	0.31
28	130	10	0.28
28	135	10	0.25
28	140	10	0.22
28	145	10	0.18
28	150	10	0.14
28	155	10	0.10
28	160	10	0.06
28	165	10	0.04
28	170	10	0.02
28	175	10	0.01
28	180	10	0.00
28	0	11	0.00
28	5	11	0.01
28	10	11	0.02
28	15	11	0.03
28	20	11	0.05
28	25	11	0.09
28	30	11	0.13
28	35	11	0.17
28	40	11	0.22
28	45	11	0.27
28	50	11	0.32
28	55	11	0.36
28	60	11	0.41
28	65	11	0.45
28	70	11	0.48
28	75	11	0.50
28	80	11	0.50
28	85	11	0.50
28	90	11	0.49
28	95	11	0.47
28	100	11	0.44
28	105	11	0.42
28	110	11	0.39
28	115	11	0.37
28	120	11	0.33
28	125	11	0.31
28	130	11	0.28
28	135	11	0.25
28	140	11	0.22
28	145	11	0.18
28	150	11	0.14
28	155	11	0.10
28	160	11	0.07
28	165	11	0.04
28	170	11	0.02
28	175	11	0.00
28	180	11	0.00
28	0	12	0.00
28	5	12	0.01
28	10	12	0.02
28	15	12	0.03
28	20	12	0.06
28	25	12	0.10
28	30	12	0.13
28	35	12	0.18
28	40	12	0.21
28	45	12	0.27
28	50	12	0.33
28	55	12	0.36
28	60	12	0.41
28	65	12	0.46
28	70	12	0.49
28	75	12	0.51
28	80	12	0.52
28	85	12	0.51
28	90	12	0.49
28	95	12	0.47
28	100	12	0.45
28	105	12	0.42
28	110	12	0.39
28	115	12	0.37
28	120	12	0.33
28	125	12	0.30
28	130	12	0.27
28	135	12	0.24
28	140	12	0.21
28	145	12	0.18
28	150	12	0.14
28	155	12	0.10
28	160	12	0.07
28	165	12	0.04
28	170	12	0.02
28	175	12	0.00
28	180	12	0.00
28	0	13	0.00
28	5	13	0.01
28	10	13	0.02
28	15	13	0.03
28	20	13	0.06
28	25	13	0.09
28	30	13	0.13
28	35	13	0.17
28	40	13	0.22
28	45	13	0.27
28	50	13	0.32
28	55	13	0.36
28	60	13	0.41
28	65	13	0.46
28	70	13	0.48
28	75	13	0.51
28	80	13	0.52
28	85	13	0.51
28	90	13	0.50
28	95	13	0.48
28	100	13	0.45
28	105	13	0.42
28	110	13	0.39
28	115	13	0.37
28	120	13	0.33
28	125	13	0.30
28	130	13	0.27
28	135	13	0.24
28	140	13	0.21
28	145	13	0.17
28	150	13	0.14
28	155	13	0.10
28	160	13	0.07
28	165	13	0.04
28	170	13	0.02
28	175	13	0.00
28	180	13	0.00
28	0	14	0.00
28	5	14	0.01
28	10	14	0.02
28	15	14	0.03
28	20	14	0.05
28	25	14	0.09
28	30	14	0.13
28	35	14	0.17
28	40	14	0.22
28	45	14	0.27
28	50	14	0.32
28	55	14	0.36
28	60	14	0.41
28	65	14	0.45
28	70	14	0.48
28	75	14	0.51
28	80	14	0.53
28	85	14	0.52
28	90	14	0.50
28	95	14	0.48
28	100	14	0.46
28	105	14	0.43
28	110	14	0.40
28	115	14	0.37
28	120	14	0.33
28	125	14	0.30
28	130	14	0.26
28	135	14	0.23
28	140	14	0.20
28	145	14	0.17
28	150	14	0.14
28	155	14	0.10
28	160	14	0.07
28	165	14	0.04
28	170	14	0.02
28	175	14	0.00
28	180	14	0.00
28	0	15	0.00
28	5	15	0.01
28	10	15	0.02
28	15	15	0.03
28	20	15	0.06
28	25	15	0.09
28	30	15	0.14
28	35	15	0.17
28	40	15	0.21
28	45	15	0.28
28	50	15	0.31
28	55	15	0.36
28	60	15	0.41
28	65	15	0.45
28	70	15	0.49
28	75	15	0.52
28	80	15	0.53
28	85	15	0.53
28	90	15	0.51
28	95	15	0.49
28	100	15	0.47
28	105	15	0.43
28	110	15	0.40
28	115	15	0.37
28	120	15	0.33
28	125	15	0.30
28	130	15	0.26
28	135	15	0.23
28	140	15	0.20
28	145	15	0.17
28	150	15	0.14
28	155	15	0.10
28	160	15	0.07
28	165	15	0.04
28	170	15	0.02
28	175	15	0.00
28	180	15	0.00
28	0	16	0.00
28	5	16	0.01
28	10	16	0.02
28	15	16	0.03
28	20	16	0.06
28	25	16	0.09
28	30	16	0.13
28	35	16	0.16
28	40	16	0.22
28	45	16	0.27
28	50	16	0.31
28	55	16	0.38
28	60	16	0.41
28	65	16	0.45
28	70	16	0.49
28	75	16	0.51
28	80	16	0.53
28	85	16	0.54
28	90	16	0.52
28	95	16	0.50
28	100	16	0.47
28	105	16	0.44
28	110	16	0.41
28	115	16	0.37
28	120	16	0.33
28	125	16	0.30
28	130	16	0.26
28	135	16	0.23
28	140	16	0.19
28	145	16	0.16
28	150	16	0.13
28	155	16	0.10
28	160	16	0.07
28	165	16	0.04
28	170	16	0.02
28	175	16	0.00
28	180	16	0.00
28	0	17	0.00
28	5	17	0.01
28	10	17	0.02
28	15	17	0.03
28	20	17	0.05
28	25	17	0.09
28	30	17	0.14
28	35	17	0.17
28	40	17	0.22
28	45	17	0.26
28	50	17	0.33
28	55	17	0.37
28	60	17	0.41
28	65	17	0.44
28	70	17	0.50
28	75	17	0.51
28	80	17	0.54
28	85	17	0.54
28	90	17	0.53
28	95	17	0.50
28	100	17	0.48
28	105	17	0.45
28	110	17	0.41
28	115	17	0.37
28	120	17	0.33
28	125	17	0.30
28	130	17	0.26
28	135	17	0.22
28	140	17	0.19
28	145	17	0.16
28	150	17	0.13
28	155	17	0.10
28	160	17	0.07
28	165	17	0.04
28	170	17	0.02
28	175	17	0.00
28	180	17	0.00
28	0	18	0.00
28	5	18	0.01
28	10	18	0.02
28	15	18	0.03
28	20	18	0.06
28	25	18	0.09
28	30	18	0.13
28	35	18	0.16
28	40	18	0.23
28	45	18	0.27
28	50	18	0.32
28	55	18	0.36
28	60	18	0.41
28	65	18	0.44
28	70	18	0.50
28	75	18	0.51
28	80	18	0.53
28	85	18	0.55
28	90	18	0.53
28	95	18	0.52
28	100	18	0.49
28	105	18	0.45
28	110	18	0.42
28	115	18	0.38
28	120	18	0.34
28	125	18	0.30
28	130	18	0.26
28	135	18	0.22
28	140	18	0.19
28	145	18	0.15
28	150	18	0.12
28	155	18	0.09
28	160	18	0.07
28	165	18	0.04
28	170	18	0.02
28	175	18	0.00
28	180	18	0.00
28	0	19	0.00
28	5	19	0.01
28	10	19	0.02
28	15	19	0.04
28	20	19	0.06
28	25	19	0.09
28	30	19	0.13
28	35	19	0.17
28	40	19	0.22
28	45	19	0.26
28	50	19	0.32
28	55	19	0.36
28	60	19	0.41
28	65	19	0.44
28	70	19	0.50
28	75	19	0.52
28	80	19	0.53
28	85	19	0.54
28	90	19	0.54
28	95	19	0.52
28	100	19	0.49
28	105	19	0.46
28	110	19	0.42
28	115	19	0.38
28	120	19	0.34
28	125	19	0.30
28	130	19	0.26
28	135	19	0.22
28	140	19	0.18
28	145	19	0.15
28	150	19	0.12
28	155	19	0.09
28	160	19	0.06
28	165	19	0.04
28	170	19	0.02
28	175	19	0.00
28	180	19	0.00
28	0	20	0.00
28	5	20	0.01
28	10	20	0.02
28	15	20	0.04
28	20	20	0.06
28	25	20	0.09
28	30	20	0.14
28	35	20	0.18
28	40	20	0.21
28	45	20	0.26
28	50	20	0.31
28	55	20	0.35
28	60	20	0.40
28	65	20	0.46
28	70	20	0.49
28	75	20	0.52
28	80	20	0.53
28	85	20	0.54
28	90	20	0.54
28	95	20	0.53
28	100	20	0.50
28	105	20	0.47
28	110	20	0.43
28	115	20	0.39
28	120	20	0.34
28	125	20	0.30
28	130	20	0.26
28	135	20	0.22
28	140	20	0.18
28	145	20	0.15
28	150	20	0.12
28	155	20	0.09
28	160	20	0.06
28	165	20	0.04
28	170	20	0.02
28	175	20	0.00
28	180	20	0.00
29	0	5	0.00
29	5	5	0.01
29	10	5	0.02
29	15	5	0.04
29	20	5	0.06
29	25	5	0.10
29	30	5	0.14
29	35	5	0.19
29	40	5	0.23
29	45	5	0.30
29	50	5	0.34
29	55	5	0.40
29	60	5	0.44
29	65	5	0.48
29	70	5	0.49
29	75	5	0.50
29	80	5	0.50
29	85	5	0.49
29	90	5	0.48
29	95	5	0.47
29	100	5	0.46
29	105	5	0.45
29	110	5	0.43
29	115	5	0.41
29	120	5	0.39
29	125	5	0.36
29	130	5	0.33
29	135	5	0.29
29	140	5	0.25
29	145	5	0.20
29	150	5	0.15
29	155	5	0.10
29	160	5	0.07
29	165	5	0.04
29	170	5	0.02
29	175	5	0.01
29	180	5	0.00
29	0	6	0.00
29	5	6	0.01
29	10	6	0.02
29	15	6	0.03
29	20	6	0.07
29	25	6	0.10
29	30	6	0.14
29	35	6	0.19
29	40	6	0.23
29	45	6	0.30
29	50	6	0.35
29	55	6	0.39
29	60	6	0.44
29	65	6	0.48
29	70	6	0.50
29	75	6	0.50
29	80	6	0.50
29	85	6	0.50
29	90	6	0.49
29	95	6	0.47
29	100	6	0.46
29	105	6	0.45
29	110	6	0.42
29	115	6	0.40
29	120	6	0.38
29	125	6	0.36
29	130	6	0.33
29	135	6	0.29
29	140	6	0.25
29	145	6	0.20
29	150	6	0.15
29	155	6	0.10
29	160	6	0.07
29	165	6	0.04
29	170	6	0.02
29	175	6	0.01
29	180	6	0.00
29	0	7	0.00
29	5	7	0.01
29	10	7	0.02
29	15	7	0.03
29	20	7	0.06
29	25	7	0.10
29	30	7	0.14
29	35	7	0.18
29	40	7	0.24
29	45	7	0.30
29	50	7	0.34
29	55	7	0.40
29	60	7	0.43
29	65	7	0.48
29	70	7	0.50
29	75	7	0.51
29	80	7	0.51
29	85	7	0.50
29	90	7	0.49
29	95	7	0.48
29	100	7	0.46
29	105	7	0.45
29	110	7	0.42
29	115	7	0.40
29	120	7	0.38
29	125	7	0.35
29	130	7	0.32
29	135	7	0.29
29	140	7	0.25
29	145	7	0.20
29	150	7	0.15
29	155	7	0.10
29	160	7	0.07
29	165	7	0.04
29	170	7	0.02
29	175	7	0.01
29	180	7	0.00
29	0	8	0.00
29	5	8	0.01
29	10	8	0.02
29	15	8	0.04
29	20	8	0.07
29	25	8	0.10
29	30	8	0.15
29	35	8	0.19
29	40	8	0.24
29	45	8	0.30
29	50	8	0.35
29	55	8	0.40
29	60	8	0.44
29	65	8	0.48
29	70	8	0.51
29	75	8	0.52
29	80	8	0.51
29	85	8	0.51
29	90	8	0.50
29	95	8	0.48
29	100	8	0.46
29	105	8	0.45
29	110	8	0.42
29	115	8	0.40
29	120	8	0.37
29	125	8	0.35
29	130	8	0.32
29	135	8	0.29
29	140	8	0.25
29	145	8	0.20
29	150	8	0.15
29	155	8	0.11
29	160	8	0.07
29	165	8	0.04
29	170	8	0.02
29	175	8	0.01
29	180	8	0.00
29	0	9	0.00
29	5	9	0.01
29	10	9	0.02
29	15	9	0.03
29	20	9	0.06
29	25	9	0.10
29	30	9	0.14
29	35	9	0.19
29	40	9	0.24
29	45	9	0.29
29	50	9	0.35
29	55	9	0.40
29	60	9	0.44
29	65	9	0.48
29	70	9	0.51
29	75	9	0.52
29	80	9	0.53
29	85	9	0.52
29	90	9	0.50
29	95	9	0.49
29	100	9	0.46
29	105	9	0.45
29	110	9	0.42
29	115	9	0.39
29	120	9	0.37
29	125	9	0.34
29	130	9	0.31
29	135	9	0.28
29	140	9	0.24
29	145	9	0.20
29	150	9	0.15
29	155	9	0.10
29	160	9	0.07
29	165	9	0.04
29	170	9	0.02
29	175	9	0.01
29	180	9	0.00
29	0	10	0.00
29	5	10	0.01
29	10	10	0.02
29	15	10	0.03
29	20	10	0.06
29	25	10	0.11
29	30	10	0.13
29	35	10	0.18
29	40	10	0.24
29	45	10	0.29
29	50	10	0.35
29	55	10	0.40
29	60	10	0.45
29	65	10	0.49
29	70	10	0.52
29	75	10	0.53
29	80	10	0.53
29	85	10	0.53
29	90	10	0.51
29	95	10	0.49
29	100	10	0.47
29	105	10	0.45
29	110	10	0.42
29	115	10	0.39
29	120	10	0.36
29	125	10	0.33
29	130	10	0.31
29	135	10	0.27
29	140	10	0.24
29	145	10	0.19
29	150	10	0.15
29	155	10	0.11
29	160	10	0.07
29	165	10	0.04
29	170	10	0.02
29	175	10	0.01
29	180	10	0.00
29	0	11	0.00
29	5	11	0.01
29	10	11	0.02
29	15	11	0.03
29	20	11	0.07
29	25	11	0.10
29	30	11	0.14
29	35	11	0.19
29	40	11	0.23
29	45	11	0.29
29	50	11	0.35
29	55	11	0.40
29	60	11	0.45
29	65	11	0.48
29	70	11	0.51
29	75	11	0.54
29	80	11	0.54
29	85	11	0.53
29	90	11	0.52
29	95	11	0.50
29	100	11	0.47
29	105	11	0.45
29	110	11	0.42
29	115	11	0.39
29	120	11	0.36
29	125	11	0.33
29	130	11	0.30
29	135	11	0.27
29	140	11	0.23
29	145	11	0.20
29	150	11	0.15
29	155	11	0.11
29	160	11	0.07
29	165	11	0.04
29	170	11	0.02
29	175	11	0.01
29	180	11	0.00
29	0	12	0.00
29	5	12	0.01
29	10	12	0.02
29	15	12	0.04
29	20	12	0.06
29	25	12	0.10
29	30	12	0.13
29	35	12	0.19
29	40	12	0.24
29	45	12	0.29
29	50	12	0.35
29	55	12	0.40
29	60	12	0.44
29	65	12	0.48
29	70	12	0.52
29	75	12	0.54
29	80	12	0.55
29	85	12	0.54
29	90	12	0.53
29	95	12	0.50
29	100	12	0.48
29	105	12	0.45
29	110	12	0.42
29	115	12	0.39
29	120	12	0.36
29	125	12	0.33
29	130	12	0.29
29	135	12	0.26
29	140	12	0.23
29	145	12	0.19
29	150	12	0.15
29	155	12	0.11
29	160	12	0.07
29	165	12	0.04
29	170	12	0.02
29	175	12	0.01
29	180	12	0.00
29	0	13	0.00
29	5	13	0.01
29	10	13	0.02
29	15	13	0.03
29	20	13	0.06
29	25	13	0.09
29	30	13	0.14
29	35	13	0.18
29	40	13	0.23
29	45	13	0.28
29	50	13	0.34
29	55	13	0.40
29	60	13	0.44
29	65	13	0.49
29	70	13	0.52
29	75	13	0.55
29	80	13	0.56
29	85	13	0.55
29	90	13	0.53
29	95	13	0.51
29	100	13	0.48
29	105	13	0.45
29	110	13	0.42
29	115	13	0.39
29	120	13	0.36
29	125	13	0.32
29	130	13	0.29
29	135	13	0.26
29	140	13	0.22
29	145	13	0.19
29	150	13	0.15
29	155	13	0.11
29	160	13	0.07
29	165	13	0.04
29	170	13	0.02
29	175	13	0.00
29	180	13	0.00
29	0	14	0.00
29	5	14	0.01
29	10	14	0.02
29	15	14	0.03
29	20	14	0.07
29	25	14	0.10
29	30	14	0.14
29	35	14	0.19
29	40	14	0.23
29	45	14	0.30
29	50	14	0.33
29	55	14	0.40
29	60	14	0.43
29	65	14	0.49
29	70	14	0.52
29	75	14	0.54
29	80	14	0.56
29	85	14	0.55
29	90	14	0.54
29	95	14	0.52
29	100	14	0.49
29	105	14	0.46
29	110	14	0.42
29	115	14	0.39
29	120	14	0.36
29	125	14	0.32
29	130	14	0.29
29	135	14	0.25
29	140	14	0.22
29	145	14	0.19
29	150	14	0.15
29	155	14	0.11
29	160	14	0.07
29	165	14	0.04
29	170	14	0.02
29	175	14	0.00
29	180	14	0.00
29	0	15	0.00
29	5	15	0.01
29	10	15	0.02
29	15	15	0.03
29	20	15	0.06
29	25	15	0.10
29	30	15	0.14
29	35	15	0.18
29	40	15	0.24
29	45	15	0.29
29	50	15	0.33
29	55	15	0.40
29	60	15	0.43
29	65	15	0.49
29	70	15	0.53
29	75	15	0.55
29	80	15	0.57
29	85	15	0.56
29	90	15	0.55
29	95	15	0.53
29	100	15	0.50
29	105	15	0.46
29	110	15	0.43
29	115	15	0.39
29	120	15	0.36
29	125	15	0.32
29	130	15	0.28
29	135	15	0.25
29	140	15	0.22
29	145	15	0.18
29	150	15	0.15
29	155	15	0.11
29	160	15	0.07
29	165	15	0.04
29	170	15	0.02
29	175	15	0.00
29	180	15	0.00
29	0	16	0.00
29	5	16	0.01
29	10	16	0.02
29	15	16	0.04
29	20	16	0.06
29	25	16	0.09
29	30	16	0.14
29	35	16	0.19
29	40	16	0.23
29	45	16	0.28
29	50	16	0.34
29	55	16	0.40
29	60	16	0.43
29	65	16	0.49
29	70	16	0.52
29	75	16	0.55
29	80	16	0.57
29	85	16	0.57
29	90	16	0.55
29	95	16	0.53
29	100	16	0.50
29	105	16	0.47
29	110	16	0.43
29	115	16	0.39
29	120	16	0.36
29	125	16	0.32
29	130	16	0.28
29	135	16	0.24
29	140	16	0.21
29	145	16	0.18
29	150	16	0.14
29	155	16	0.11
29	160	16	0.07
29	165	16	0.04
29	170	16	0.02
29	175	16	0.00
29	180	16	0.00
29	0	17	0.00
29	5	17	0.01
29	10	17	0.02
29	15	17	0.03
29	20	17	0.07
29	25	17	0.10
29	30	17	0.14
29	35	17	0.18
29	40	17	0.23
29	45	17	0.29
29	50	17	0.34
29	55	17	0.39
29	60	17	0.45
29	65	17	0.49
29	70	17	0.52
29	75	17	0.55
29	80	17	0.57
29	85	17	0.58
29	90	17	0.56
29	95	17	0.54
29	100	17	0.51
29	105	17	0.48
29	110	17	0.44
29	115	17	0.40
29	120	17	0.36
29	125	17	0.32
29	130	17	0.28
29	135	17	0.24
29	140	17	0.21
29	145	17	0.17
29	150	17	0.14
29	155	17	0.11
29	160	17	0.07
29	165	17	0.04
29	170	17	0.02
29	175	17	0.00
29	180	17	0.00
29	0	18	0.00
29	5	18	0.01
29	10	18	0.02
29	15	18	0.04
29	20	18	0.06
29	25	18	0.09
29	30	18	0.15
29	35	18	0.19
29	40	18	0.24
29	45	18	0.28
29	50	18	0.34
29	55	18	0.38
29	60	18	0.45
29	65	18	0.48
29	70	18	0.52
29	75	18	0.56
29	80	18	0.57
29	85	18	0.58
29	90	18	0.57
29	95	18	0.55
29	100	18	0.52
29	105	18	0.48
29	110	18	0.44
29	115	18	0.40
29	120	18	0.36
29	125	18	0.32
29	130	18	0.28
29	135	18	0.24
29	140	18	0.20
29	145	18	0.17
29	150	18	0.14
29	155	18	0.10
29	160	18	0.07
29	165	18	0.04
29	170	18	0.02
29	175	18	0.00
29	180	18	0.00
29	0	19	0.00
29	5	19	0.01
29	10	19	0.02
29	15	19	0.04
29	20	19	0.06
29	25	19	0.09
29	30	19	0.14
29	35	19	0.18
29	40	19	0.23
29	45	19	0.27
29	50	19	0.35
29	55	19	0.39
29	60	19	0.45
29	65	19	0.48
29	70	19	0.52
29	75	19	0.56
29	80	19	0.57
29	85	19	0.58
29	90	19	0.58
29	95	19	0.55
29	100	19	0.52
29	105	19	0.49
29	110	19	0.45
29	115	19	0.41
29	120	19	0.36
29	125	19	0.32
29	130	19	0.28
29	135	19	0.24
29	140	19	0.20
29	145	19	0.16
29	150	19	0.13
29	155	19	0.10
29	160	19	0.07
29	165	19	0.04
29	170	19	0.02
29	175	19	0.00
29	180	19	0.00
29	0	20	0.00
29	5	20	0.01
29	10	20	0.02
29	15	20	0.04
29	20	20	0.06
29	25	20	0.10
29	30	20	0.14
29	35	20	0.19
29	40	20	0.24
29	45	20	0.28
29	50	20	0.35
29	55	20	0.39
29	60	20	0.44
29	65	20	0.48
29	70	20	0.51
29	75	20	0.56
29	80	20	0.57
29	85	20	0.58
29	90	20	0.58
29	95	20	0.56
29	100	20	0.53
29	105	20	0.50
29	110	20	0.46
29	115	20	0.41
29	120	20	0.37
29	125	20	0.32
29	130	20	0.28
29	135	20	0.24
29	140	20	0.20
29	145	20	0.16
29	150	20	0.13
29	155	20	0.10
29	160	20	0.07
29	165	20	0.04
29	170	20	0.02
29	175	20	0.00
29	180	20	0.00
30	0	5	0.00
30	5	5	0.01
30	10	5	0.02
30	15	5	0.04
30	20	5	0.07
30	25	5	0.10
30	30	5	0.15
30	35	5	0.20
30	40	5	0.26
30	45	5	0.31
30	50	5	0.37
30	55	5	0.42
30	60	5	0.47
30	65	5	0.51
30	70	5	0.52
30	75	5	0.53
30	80	5	0.53
30	85	5	0.53
30	90	5	0.52
30	95	5	0.51
30	100	5	0.50
30	105	5	0.48
30	110	5	0.46
30	115	5	0.44
30	120	5	0.42
30	125	5	0.39
30	130	5	0.36
30	135	5	0.32
30	140	5	0.27
30	145	5	0.21
30	150	5	0.16
30	155	5	0.11
30	160	5	0.07
30	165	5	0.04
30	170	5	0.02
30	175	5	0.01
30	180	5	0.00
30	0	6	0.00
30	5	6	0.01
30	10	6	0.02
30	15	6	0.04
30	20	6	0.07
30	25	6	0.11
30	30	6	0.15
30	35	6	0.20
30	40	6	0.26
30	45	6	0.32
30	50	6	0.37
30	55	6	0.43
30	60	6	0.47
30	65	6	0.52
30	70	6	0.53
30	75	6	0.54
30	80	6	0.54
30	85	6	0.53
30	90	6	0.52
30	95	6	0.51
30	100	6	0.50
30	105	6	0.48
30	110	6	0.45
30	115	6	0.43
30	120	6	0.41
30	125	6	0.38
30	130	6	0.35
30	135	6	0.31
30	140	6	0.27
30	145	6	0.21
30	150	6	0.16
30	155	6	0.11
30	160	6	0.07
30	165	6	0.04
30	170	6	0.02
30	175	6	0.01
30	180	6	0.00
30	0	7	0.00
30	5	7	0.01
30	10	7	0.02
30	15	7	0.04
30	20	7	0.07
30	25	7	0.10
30	30	7	0.15
30	35	7	0.21
30	40	7	0.26
30	45	7	0.32
30	50	7	0.36
30	55	7	0.42
30	60	7	0.47
30	65	7	0.51
30	70	7	0.54
30	75	7	0.54
30	80	7	0.55
30	85	7	0.54
30	90	7	0.53
30	95	7	0.51
30	100	7	0.50
30	105	7	0.48
30	110	7	0.45
30	115	7	0.43
30	120	7	0.41
30	125	7	0.38
30	130	7	0.35
30	135	7	0.31
30	140	7	0.26
30	145	7	0.21
30	150	7	0.16
30	155	7	0.11
30	160	7	0.08
30	165	7	0.04
30	170	7	0.02
30	175	7	0.01
30	180	7	0.00
30	0	8	0.00
30	5	8	0.01
30	10	8	0.02
30	15	8	0.04
30	20	8	0.07
30	25	8	0.11
30	30	8	0.16
30	35	8	0.20
30	40	8	0.26
30	45	8	0.32
30	50	8	0.37
30	55	8	0.42
30	60	8	0.47
30	65	8	0.52
30	70	8	0.54
30	75	8	0.55
30	80	8	0.55
30	85	8	0.54
30	90	8	0.53
30	95	8	0.51
30	100	8	0.50
30	105	8	0.48
30	110	8	0.45
30	115	8	0.42
30	120	8	0.40
30	125	8	0.37
30	130	8	0.34
30	135	8	0.31
30	140	8	0.26
30	145	8	0.21
30	150	8	0.16
30	155	8	0.11
30	160	8	0.08
30	165	8	0.04
30	170	8	0.02
30	175	8	0.01
30	180	8	0.00
30	0	9	0.00
30	5	9	0.01
30	10	9	0.02
30	15	9	0.04
30	20	9	0.06
30	25	9	0.11
30	30	9	0.15
30	35	9	0.20
30	40	9	0.26
30	45	9	0.31
30	50	9	0.37
30	55	9	0.42
30	60	9	0.47
30	65	9	0.51
30	70	9	0.55
30	75	9	0.56
30	80	9	0.56
30	85	9	0.55
30	90	9	0.54
30	95	9	0.52
30	100	9	0.50
30	105	9	0.48
30	110	9	0.45
30	115	9	0.42
30	120	9	0.39
30	125	9	0.37
30	130	9	0.33
30	135	9	0.30
30	140	9	0.26
30	145	9	0.21
30	150	9	0.16
30	155	9	0.11
30	160	9	0.07
30	165	9	0.04
30	170	9	0.02
30	175	9	0.01
30	180	9	0.00
30	0	10	0.00
30	5	10	0.01
30	10	10	0.02
30	15	10	0.04
30	20	10	0.07
30	25	10	0.11
30	30	10	0.15
30	35	10	0.19
30	40	10	0.25
30	45	10	0.31
30	50	10	0.37
30	55	10	0.42
30	60	10	0.47
30	65	10	0.51
30	70	10	0.55
30	75	10	0.56
30	80	10	0.57
30	85	10	0.56
30	90	10	0.55
30	95	10	0.52
30	100	10	0.50
30	105	10	0.48
30	110	10	0.45
30	115	10	0.42
30	120	10	0.39
30	125	10	0.36
30	130	10	0.33
30	135	10	0.29
30	140	10	0.26
30	145	10	0.21
30	150	10	0.16
30	155	10	0.11
30	160	10	0.07
30	165	10	0.04
30	170	10	0.02
30	175	10	0.01
30	180	10	0.00
30	0	11	0.00
30	5	11	0.01
30	10	11	0.02
30	15	11	0.04
30	20	11	0.07
30	25	11	0.10
30	30	11	0.15
30	35	11	0.20
30	40	11	0.26
30	45	11	0.30
30	50	11	0.37
30	55	11	0.42
30	60	11	0.48
30	65	11	0.52
30	70	11	0.56
30	75	11	0.58
30	80	11	0.57
30	85	11	0.57
30	90	11	0.55
30	95	11	0.53
30	100	11	0.50
30	105	11	0.48
30	110	11	0.45
30	115	11	0.42
30	120	11	0.39
30	125	11	0.36
30	130	11	0.32
30	135	11	0.29
30	140	11	0.25
30	145	11	0.21
30	150	11	0.16
30	155	11	0.11
30	160	11	0.07
30	165	11	0.04
30	170	11	0.02
30	175	11	0.01
30	180	11	0.00
30	0	12	0.00
30	5	12	0.01
30	10	12	0.02
30	15	12	0.04
30	20	12	0.06
30	25	12	0.11
30	30	12	0.15
30	35	12	0.20
30	40	12	0.26
30	45	12	0.32
30	50	12	0.37
30	55	12	0.42
30	60	12	0.48
30	65	12	0.52
30	70	12	0.56
30	75	12	0.58
30	80	12	0.58
30	85	12	0.57
30	90	12	0.56
30	95	12	0.54
30	100	12	0.51
30	105	12	0.48
30	110	12	0.45
30	115	12	0.42
30	120	12	0.38
30	125	12	0.35
30	130	12	0.32
30	135	12	0.28
30	140	12	0.25
30	145	12	0.21
30	150	12	0.16
30	155	12	0.12
30	160	12	0.07
30	165	12	0.04
30	170	12	0.02
30	175	12	0.01
30	180	12	0.00
30	0	13	0.00
30	5	13	0.01
30	10	13	0.02
30	15	13	0.03
30	20	13	0.07
30	25	13	0.11
30	30	13	0.15
30	35	13	0.21
30	40	13	0.25
30	45	13	0.31
30	50	13	0.36
30	55	13	0.42
30	60	13	0.48
30	65	13	0.53
30	70	13	0.55
30	75	13	0.58
30	80	13	0.59
30	85	13	0.58
30	90	13	0.57
30	95	13	0.54
30	100	13	0.51
30	105	13	0.48
30	110	13	0.45
30	115	13	0.42
30	120	13	0.38
30	125	13	0.35
30	130	13	0.31
30	135	13	0.28
30	140	13	0.24
30	145	13	0.21
30	150	13	0.16
30	155	13	0.12
30	160	13	0.07
30	165	13	0.04
30	170	13	0.02
30	175	13	0.01
30	180	13	0.00
30	0	14	0.00
30	5	14	0.01
30	10	14	0.02
30	15	14	0.03
30	20	14	0.07
30	25	14	0.10
30	30	14	0.15
30	35	14	0.20
30	40	14	0.26
30	45	14	0.31
30	50	14	0.37
30	55	14	0.42
30	60	14	0.48
30	65	14	0.53
30	70	14	0.55
30	75	14	0.59
30	80	14	0.60
30	85	14	0.59
30	90	14	0.57
30	95	14	0.55
30	100	14	0.52
30	105	14	0.49
30	110	14	0.45
30	115	14	0.42
30	120	14	0.38
30	125	14	0.34
30	130	14	0.31
30	135	14	0.27
30	140	14	0.24
30	145	14	0.20
30	150	14	0.16
30	155	14	0.11
30	160	14	0.07
30	165	14	0.04
30	170	14	0.02
30	175	14	0.00
30	180	14	0.00
30	0	15	0.00
30	5	15	0.01
30	10	15	0.02
30	15	15	0.04
30	20	15	0.06
30	25	15	0.11
30	30	15	0.15
30	35	15	0.19
30	40	15	0.25
30	45	15	0.31
30	50	15	0.37
30	55	15	0.42
30	60	15	0.47
30	65	15	0.52
30	70	15	0.55
30	75	15	0.59
30	80	15	0.61
30	85	15	0.60
30	90	15	0.58
30	95	15	0.56
30	100	15	0.53
30	105	15	0.49
30	110	15	0.46
30	115	15	0.42
30	120	15	0.38
30	125	15	0.34
30	130	15	0.30
30	135	15	0.27
30	140	15	0.23
30	145	15	0.20
30	150	15	0.16
30	155	15	0.11
30	160	15	0.08
30	165	15	0.04
30	170	15	0.02
30	175	15	0.00
30	180	15	0.00
30	0	16	0.00
30	5	16	0.01
30	10	16	0.03
30	15	16	0.04
30	20	16	0.07
30	25	16	0.10
30	30	16	0.16
30	35	16	0.20
30	40	16	0.25
30	45	16	0.32
30	50	16	0.36
30	55	16	0.44
30	60	16	0.47
30	65	16	0.51
30	70	16	0.56
30	75	16	0.59
30	80	16	0.60
30	85	16	0.61
30	90	16	0.59
30	95	16	0.57
30	100	16	0.54
30	105	16	0.50
30	110	16	0.46
30	115	16	0.42
30	120	16	0.38
30	125	16	0.34
30	130	16	0.30
30	135	16	0.26
30	140	16	0.23
30	145	16	0.19
30	150	16	0.15
30	155	16	0.12
30	160	16	0.08
30	165	16	0.04
30	170	16	0.02
30	175	16	0.00
30	180	16	0.00
30	0	17	0.00
30	5	17	0.01
30	10	17	0.02
30	15	17	0.04
30	20	17	0.07
30	25	17	0.10
30	30	17	0.15
30	35	17	0.19
30	40	17	0.26
30	45	17	0.31
30	50	17	0.36
30	55	17	0.43
30	60	17	0.47
30	65	17	0.51
30	70	17	0.56
30	75	17	0.58
30	80	17	0.61
30	85	17	0.62
30	90	17	0.59
30	95	17	0.57
30	100	17	0.54
30	105	17	0.50
30	110	17	0.47
30	115	17	0.42
30	120	17	0.38
30	125	17	0.34
30	130	17	0.30
30	135	17	0.26
30	140	17	0.22
30	145	17	0.19
30	150	17	0.15
30	155	17	0.11
30	160	17	0.08
30	165	17	0.04
30	170	17	0.02
30	175	17	0.00
30	180	17	0.00
30	0	18	0.00
30	5	18	0.01
30	10	18	0.02
30	15	18	0.04
30	20	18	0.07
30	25	18	0.11
30	30	18	0.16
30	35	18	0.19
30	40	18	0.25
30	45	18	0.29
30	50	18	0.37
30	55	18	0.42
30	60	18	0.47
30	65	18	0.53
30	70	18	0.57
30	75	18	0.58
30	80	18	0.61
30	85	18	0.61
30	90	18	0.61
30	95	18	0.58
30	100	18	0.55
30	105	18	0.51
30	110	18	0.47
30	115	18	0.43
30	120	18	0.38
30	125	18	0.34
30	130	18	0.30
30	135	18	0.26
30	140	18	0.22
30	145	18	0.18
30	150	18	0.15
30	155	18	0.11
30	160	18	0.07
30	165	18	0.04
30	170	18	0.02
30	175	18	0.00
30	180	18	0.00
30	0	19	0.00
30	5	19	0.01
30	10	19	0.02
30	15	19	0.04
30	20	19	0.06
30	25	19	0.10
30	30	19	0.14
30	35	19	0.20
30	40	19	0.26
30	45	19	0.31
30	50	19	0.37
30	55	19	0.41
30	60	19	0.47
30	65	19	0.52
30	70	19	0.57
30	75	19	0.59
30	80	19	0.62
30	85	19	0.62
30	90	19	0.62
30	95	19	0.59
30	100	19	0.56
30	105	19	0.52
30	110	19	0.48
30	115	19	0.43
30	120	19	0.39
30	125	19	0.34
30	130	19	0.30
30	135	19	0.26
30	140	19	0.22
30	145	19	0.18
30	150	19	0.14
30	155	19	0.11
30	160	19	0.07
30	165	19	0.04
30	170	19	0.02
30	175	19	0.01
30	180	19	0.00
30	0	20	0.00
30	5	20	0.01
30	10	20	0.02
30	15	20	0.04
30	20	20	0.07
30	25	20	0.10
30	30	20	0.15
30	35	20	0.19
30	40	20	0.25
30	45	20	0.30
30	50	20	0.36
30	55	20	0.40
30	60	20	0.49
30	65	20	0.52
30	70	20	0.56
30	75	20	0.59
30	80	20	0.62
30	85	20	0.63
30	90	20	0.62
30	95	20	0.60
30	100	20	0.56
30	105	20	0.53
30	110	20	0.48
30	115	20	0.44
30	120	20	0.39
30	125	20	0.34
30	130	20	0.30
30	135	20	0.26
30	140	20	0.21
30	145	20	0.17
30	150	20	0.14
30	155	20	0.11
30	160	20	0.07
30	165	20	0.04
30	170	20	0.02
30	175	20	0.00
30	180	20	0.00
31	0	5	0.00
31	5	5	0.01
31	10	5	0.02
31	15	5	0.04
31	20	5	0.07
31	25	5	0.12
31	30	5	0.16
31	35	5	0.22
31	40	5	0.28
31	45	5	0.33
31	50	5	0.41
31	55	5	0.45
31	60	5	0.51
31	65	5	0.54
31	70	5	0.56
31	75	5	0.56
31	80	5	0.57
31	85	5	0.56
31	90	5	0.55
31	95	5	0.54
31	100	5	0.53
31	105	5	0.51
31	110	5	0.49
31	115	5	0.47
31	120	5	0.45
31	125	5	0.42
31	130	5	0.39
31	135	5	0.33
31	140	5	0.29
31	145	5	0.23
31	150	5	0.17
31	155	5	0.12
31	160	5	0.08
31	165	5	0.05
31	170	5	0.02
31	175	5	0.01
31	180	5	0.00
31	0	6	0.00
31	5	6	0.01
31	10	6	0.02
31	15	6	0.04
31	20	6	0.07
31	25	6	0.11
31	30	6	0.16
31	35	6	0.23
31	40	6	0.27
31	45	6	0.34
31	50	6	0.39
31	55	6	0.46
31	60	6	0.50
31	65	6	0.55
31	70	6	0.56
31	75	6	0.57
31	80	6	0.57
31	85	6	0.57
31	90	6	0.56
31	95	6	0.54
31	100	6	0.53
31	105	6	0.51
31	110	6	0.49
31	115	6	0.46
31	120	6	0.44
31	125	6	0.41
31	130	6	0.38
31	135	6	0.34
31	140	6	0.28
31	145	6	0.23
31	150	6	0.17
31	155	6	0.12
31	160	6	0.08
31	165	6	0.05
31	170	6	0.02
31	175	6	0.01
31	180	6	0.00
31	0	7	0.00
31	5	7	0.01
31	10	7	0.02
31	15	7	0.04
31	20	7	0.07
31	25	7	0.11
31	30	7	0.17
31	35	7	0.22
31	40	7	0.27
31	45	7	0.34
31	50	7	0.39
31	55	7	0.46
31	60	7	0.50
31	65	7	0.54
31	70	7	0.57
31	75	7	0.58
31	80	7	0.58
31	85	7	0.57
31	90	7	0.56
31	95	7	0.54
31	100	7	0.53
31	105	7	0.51
31	110	7	0.48
31	115	7	0.46
31	120	7	0.43
31	125	7	0.41
31	130	7	0.37
31	135	7	0.34
31	140	7	0.28
31	145	7	0.22
31	150	7	0.17
31	155	7	0.12
31	160	7	0.08
31	165	7	0.04
31	170	7	0.02
31	175	7	0.01
31	180	7	0.00
31	0	8	0.00
31	5	8	0.01
31	10	8	0.02
31	15	8	0.04
31	20	8	0.07
31	25	8	0.12
31	30	8	0.16
31	35	8	0.21
31	40	8	0.27
31	45	8	0.33
31	50	8	0.39
31	55	8	0.46
31	60	8	0.51
31	65	8	0.55
31	70	8	0.58
31	75	8	0.59
31	80	8	0.59
31	85	8	0.58
31	90	8	0.57
31	95	8	0.55
31	100	8	0.53
31	105	8	0.51
31	110	8	0.48
31	115	8	0.46
31	120	8	0.43
31	125	8	0.40
31	130	8	0.36
31	135	8	0.33
31	140	8	0.28
31	145	8	0.23
31	150	8	0.17
31	155	8	0.12
31	160	8	0.08
31	165	8	0.04
31	170	8	0.02
31	175	8	0.01
31	180	8	0.00
31	0	9	0.00
31	5	9	0.01
31	10	9	0.02
31	15	9	0.04
31	20	9	0.08
31	25	9	0.11
31	30	9	0.16
31	35	9	0.21
31	40	9	0.27
31	45	9	0.33
31	50	9	0.39
31	55	9	0.45
31	60	9	0.51
31	65	9	0.56
31	70	9	0.58
31	75	9	0.59
31	80	9	0.59
31	85	9	0.59
31	90	9	0.57
31	95	9	0.55
31	100	9	0.53
31	105	9	0.51
31	110	9	0.48
31	115	9	0.45
31	120	9	0.42
31	125	9	0.39
31	130	9	0.36
31	135	9	0.32
31	140	9	0.27
31	145	9	0.22
31	150	9	0.17
31	155	9	0.12
31	160	9	0.08
31	165	9	0.05
31	170	9	0.02
31	175	9	0.01
31	180	9	0.00
31	0	10	0.00
31	5	10	0.01
31	10	10	0.02
31	15	10	0.04
31	20	10	0.07
31	25	10	0.12
31	30	10	0.16
31	35	10	0.22
31	40	10	0.28
31	45	10	0.32
31	50	10	0.39
31	55	10	0.44
31	60	10	0.50
31	65	10	0.56
31	70	10	0.59
31	75	10	0.60
31	80	10	0.60
31	85	10	0.60
31	90	10	0.58
31	95	10	0.56
31	100	10	0.53
31	105	10	0.51
31	110	10	0.48
31	115	10	0.45
31	120	10	0.42
31	125	10	0.39
31	130	10	0.35
31	135	10	0.31
31	140	10	0.27
31	145	10	0.22
31	150	10	0.17
31	155	10	0.12
31	160	10	0.08
31	165	10	0.05
31	170	10	0.02
31	175	10	0.01
31	180	10	0.00
31	0	11	0.00
31	5	11	0.01
31	10	11	0.02
31	15	11	0.04
31	20	11	0.07
31	25	11	0.12
31	30	11	0.15
31	35	11	0.21
31	40	11	0.28
31	45	11	0.34
31	50	11	0.40
31	55	11	0.44
31	60	11	0.50
31	65	11	0.54
31	70	11	0.59
31	75	11	0.62
31	80	11	0.61
31	85	11	0.60
31	90	11	0.59
31	95	11	0.56
31	100	11	0.54
31	105	11	0.51
31	110	11	0.48
31	115	11	0.45
31	120	11	0.41
31	125	11	0.38
31	130	11	0.35
31	135	11	0.31
31	140	11	0.27
31	145	11	0.22
31	150	11	0.17
31	155	11	0.12
31	160	11	0.08
31	165	11	0.04
31	170	11	0.02
31	175	11	0.01
31	180	11	0.00
31	0	12	0.00
31	5	12	0.01
31	10	12	0.02
31	15	12	0.04
31	20	12	0.07
31	25	12	0.11
31	30	12	0.16
31	35	12	0.21
31	40	12	0.27
31	45	12	0.33
31	50	12	0.40
31	55	12	0.44
31	60	12	0.51
31	65	12	0.55
31	70	12	0.59
31	75	12	0.62
31	80	12	0.62
31	85	12	0.61
31	90	12	0.60
31	95	12	0.57
31	100	12	0.54
31	105	12	0.51
31	110	12	0.48
31	115	12	0.45
31	120	12	0.41
31	125	12	0.38
31	130	12	0.34
31	135	12	0.31
31	140	12	0.27
31	145	12	0.22
31	150	12	0.17
31	155	12	0.12
31	160	12	0.08
31	165	12	0.04
31	170	12	0.02
31	175	12	0.01
31	180	12	0.00
31	0	13	0.00
31	5	13	0.01
31	10	13	0.02
31	15	13	0.04
31	20	13	0.07
31	25	13	0.12
31	30	13	0.16
31	35	13	0.22
31	40	13	0.26
31	45	13	0.33
31	50	13	0.40
31	55	13	0.46
31	60	13	0.50
31	65	13	0.55
31	70	13	0.59
31	75	13	0.62
31	80	13	0.63
31	85	13	0.62
31	90	13	0.60
31	95	13	0.58
31	100	13	0.55
31	105	13	0.52
31	110	13	0.48
31	115	13	0.45
31	120	13	0.41
31	125	13	0.37
31	130	13	0.34
31	135	13	0.30
31	140	13	0.26
31	145	13	0.22
31	150	13	0.17
31	155	13	0.12
31	160	13	0.08
31	165	13	0.04
31	170	13	0.02
31	175	13	0.01
31	180	13	0.00
31	0	14	0.00
31	5	14	0.01
31	10	14	0.02
31	15	14	0.04
31	20	14	0.07
31	25	14	0.11
31	30	14	0.16
31	35	14	0.21
31	40	14	0.27
31	45	14	0.32
31	50	14	0.39
31	55	14	0.46
31	60	14	0.50
31	65	14	0.56
31	70	14	0.60
31	75	14	0.63
31	80	14	0.64
31	85	14	0.63
31	90	14	0.61
31	95	14	0.59
31	100	14	0.55
31	105	14	0.52
31	110	14	0.48
31	115	14	0.45
31	120	14	0.41
31	125	14	0.37
31	130	14	0.33
31	135	14	0.29
31	140	14	0.26
31	145	14	0.22
31	150	14	0.17
31	155	14	0.12
31	160	14	0.08
31	165	14	0.05
31	170	14	0.02
31	175	14	0.01
31	180	14	0.00
31	0	15	0.00
31	5	15	0.01
31	10	15	0.03
31	15	15	0.04
31	20	15	0.08
31	25	15	0.11
31	30	15	0.16
31	35	15	0.22
31	40	15	0.26
31	45	15	0.34
31	50	15	0.38
31	55	15	0.46
31	60	15	0.49
31	65	15	0.56
31	70	15	0.60
31	75	15	0.62
31	80	15	0.64
31	85	15	0.63
31	90	15	0.62
31	95	15	0.59
31	100	15	0.56
31	105	15	0.52
31	110	15	0.49
31	115	15	0.45
31	120	15	0.41
31	125	15	0.37
31	130	15	0.33
31	135	15	0.29
31	140	15	0.25
31	145	15	0.21
31	150	15	0.17
31	155	15	0.12
31	160	15	0.08
31	165	15	0.04
31	170	15	0.02
31	175	15	0.01
31	180	15	0.00
31	0	16	0.00
31	5	16	0.01
31	10	16	0.03
31	15	16	0.04
31	20	16	0.07
31	25	16	0.12
31	30	16	0.16
31	35	16	0.21
31	40	16	0.27
31	45	16	0.33
31	50	16	0.38
31	55	16	0.46
31	60	16	0.49
31	65	16	0.56
31	70	16	0.60
31	75	16	0.62
31	80	16	0.65
31	85	16	0.64
31	90	16	0.63
31	95	16	0.60
31	100	16	0.57
31	105	16	0.53
31	110	16	0.49
31	115	16	0.45
31	120	16	0.41
31	125	16	0.37
31	130	16	0.32
31	135	16	0.28
31	140	16	0.25
31	145	16	0.21
31	150	16	0.17
31	155	16	0.12
31	160	16	0.08
31	165	16	0.04
31	170	16	0.02
31	175	16	0.00
31	180	16	0.00
31	0	17	0.00
31	5	17	0.01
31	10	17	0.02
31	15	17	0.04
31	20	17	0.07
31	25	17	0.11
31	30	17	0.16
31	35	17	0.22
31	40	17	0.27
31	45	17	0.32
31	50	17	0.39
31	55	17	0.45
31	60	17	0.51
31	65	17	0.56
31	70	17	0.61
31	75	17	0.62
31	80	17	0.65
31	85	17	0.65
31	90	17	0.63
31	95	17	0.61
31	100	17	0.58
31	105	17	0.53
31	110	17	0.49
31	115	17	0.45
31	120	17	0.41
31	125	17	0.37
31	130	17	0.32
31	135	17	0.28
31	140	17	0.24
31	145	17	0.20
31	150	17	0.16
31	155	17	0.12
31	160	17	0.08
31	165	17	0.05
31	170	17	0.02
31	175	17	0.00
31	180	17	0.00
31	0	18	0.00
31	5	18	0.01
31	10	18	0.02
31	15	18	0.04
31	20	18	0.07
31	25	18	0.11
31	30	18	0.16
31	35	18	0.20
31	40	18	0.28
31	45	18	0.33
31	50	18	0.39
31	55	18	0.44
31	60	18	0.51
31	65	18	0.55
31	70	18	0.61
31	75	18	0.63
31	80	18	0.66
31	85	18	0.66
31	90	18	0.64
31	95	18	0.62
31	100	18	0.58
31	105	18	0.54
31	110	18	0.50
31	115	18	0.45
31	120	18	0.41
31	125	18	0.37
31	130	18	0.32
31	135	18	0.28
31	140	18	0.24
31	145	18	0.20
31	150	18	0.16
31	155	18	0.12
31	160	18	0.08
31	165	18	0.05
31	170	18	0.02
31	175	18	0.00
31	180	18	0.00
31	0	19	0.00
31	5	19	0.01
31	10	19	0.02
31	15	19	0.04
31	20	19	0.07
31	25	19	0.12
31	30	19	0.17
31	35	19	0.21
31	40	19	0.27
31	45	19	0.32
31	50	19	0.38
31	55	19	0.46
31	60	19	0.51
31	65	19	0.55
31	70	19	0.61
31	75	19	0.63
31	80	19	0.65
31	85	19	0.66
31	90	19	0.65
31	95	19	0.62
31	100	19	0.59
31	105	19	0.55
31	110	19	0.51
31	115	19	0.46
31	120	19	0.41
31	125	19	0.37
31	130	19	0.32
31	135	19	0.27
31	140	19	0.23
31	145	19	0.19
31	150	19	0.16
31	155	19	0.12
31	160	19	0.08
31	165	19	0.04
31	170	19	0.02
31	175	19	0.00
31	180	19	0.00
31	0	20	0.00
31	5	20	0.01
31	10	20	0.02
31	15	20	0.04
31	20	20	0.07
31	25	20	0.11
31	30	20	0.15
31	35	20	0.20
31	40	20	0.26
31	45	20	0.33
31	50	20	0.40
31	55	20	0.44
31	60	20	0.51
31	65	20	0.54
31	70	20	0.61
31	75	20	0.63
31	80	20	0.65
31	85	20	0.67
31	90	20	0.66
31	95	20	0.63
31	100	20	0.59
31	105	20	0.56
31	110	20	0.51
31	115	20	0.46
31	120	20	0.41
31	125	20	0.37
31	130	20	0.32
31	135	20	0.27
31	140	20	0.23
31	145	20	0.19
31	150	20	0.15
31	155	20	0.12
31	160	20	0.08
31	165	20	0.05
31	170	20	0.02
31	175	20	0.01
31	180	20	0.00
32	0	5	0.00
32	5	5	0.01
32	10	5	0.02
32	15	5	0.04
32	20	5	0.07
32	25	5	0.12
32	30	5	0.17
32	35	5	0.23
32	40	5	0.30
32	45	5	0.35
32	50	5	0.43
32	55	5	0.48
32	60	5	0.54
32	65	5	0.57
32	70	5	0.59
32	75	5	0.60
32	80	5	0.60
32	85	5	0.60
32	90	5	0.59
32	95	5	0.58
32	100	5	0.57
32	105	5	0.54
32	110	5	0.52
32	115	5	0.50
32	120	5	0.48
32	125	5	0.45
32	130	5	0.41
32	135	5	0.36
32	140	5	0.31
32	145	5	0.24
32	150	5	0.18
32	155	5	0.12
32	160	5	0.08
32	165	5	0.05
32	170	5	0.02
32	175	5	0.01
32	180	5	0.00
32	0	6	0.00
32	5	6	0.01
32	10	6	0.02
32	15	6	0.05
32	20	6	0.08
32	25	6	0.12
32	30	6	0.17
32	35	6	0.24
32	40	6	0.29
32	45	6	0.35
32	50	6	0.43
32	55	6	0.48
32	60	6	0.54
32	65	6	0.58
32	70	6	0.60
32	75	6	0.61
32	80	6	0.61
32	85	6	0.60
32	90	6	0.59
32	95	6	0.58
32	100	6	0.57
32	105	6	0.54
32	110	6	0.52
32	115	6	0.50
32	120	6	0.47
32	125	6	0.44
32	130	6	0.40
32	135	6	0.36
32	140	6	0.30
32	145	6	0.24
32	150	6	0.18
32	155	6	0.12
32	160	6	0.08
32	165	6	0.05
32	170	6	0.02
32	175	6	0.01
32	180	6	0.00
32	0	7	0.00
32	5	7	0.01
32	10	7	0.02
32	15	7	0.04
32	20	7	0.07
32	25	7	0.13
32	30	7	0.18
32	35	7	0.23
32	40	7	0.29
32	45	7	0.35
32	50	7	0.43
32	55	7	0.49
32	60	7	0.53
32	65	7	0.59
32	70	7	0.61
32	75	7	0.62
32	80	7	0.62
32	85	7	0.61
32	90	7	0.60
32	95	7	0.58
32	100	7	0.56
32	105	7	0.54
32	110	7	0.52
32	115	7	0.49
32	120	7	0.46
32	125	7	0.44
32	130	7	0.40
32	135	7	0.35
32	140	7	0.30
32	145	7	0.24
32	150	7	0.19
32	155	7	0.13
32	160	7	0.08
32	165	7	0.05
32	170	7	0.02
32	175	7	0.01
32	180	7	0.00
32	0	8	0.00
32	5	8	0.01
32	10	8	0.02
32	15	8	0.04
32	20	8	0.08
32	25	8	0.12
32	30	8	0.17
32	35	8	0.22
32	40	8	0.29
32	45	8	0.35
32	50	8	0.42
32	55	8	0.49
32	60	8	0.53
32	65	8	0.58
32	70	8	0.62
32	75	8	0.62
32	80	8	0.63
32	85	8	0.62
32	90	8	0.60
32	95	8	0.58
32	100	8	0.57
32	105	8	0.54
32	110	8	0.51
32	115	8	0.49
32	120	8	0.46
32	125	8	0.43
32	130	8	0.39
32	135	8	0.35
32	140	8	0.30
32	145	8	0.24
32	150	8	0.18
32	155	8	0.13
32	160	8	0.08
32	165	8	0.05
32	170	8	0.02
32	175	8	0.01
32	180	8	0.00
32	0	9	0.00
32	5	9	0.01
32	10	9	0.02
32	15	9	0.04
32	20	9	0.08
32	25	9	0.13
32	30	9	0.18
32	35	9	0.23
32	40	9	0.30
32	45	9	0.37
32	50	9	0.42
32	55	9	0.49
32	60	9	0.54
32	65	9	0.59
32	70	9	0.62
32	75	9	0.63
32	80	9	0.63
32	85	9	0.63
32	90	9	0.61
32	95	9	0.59
32	100	9	0.57
32	105	9	0.54
32	110	9	0.51
32	115	9	0.48
32	120	9	0.45
32	125	9	0.42
32	130	9	0.39
32	135	9	0.35
32	140	9	0.30
32	145	9	0.24
32	150	9	0.19
32	155	9	0.13
32	160	9	0.08
32	165	9	0.05
32	170	9	0.02
32	175	9	0.01
32	180	9	0.00
32	0	10	0.00
32	5	10	0.01
32	10	10	0.02
32	15	10	0.04
32	20	10	0.07
32	25	10	0.12
32	30	10	0.17
32	35	10	0.23
32	40	10	0.30
32	45	10	0.36
32	50	10	0.43
32	55	10	0.49
32	60	10	0.54
32	65	10	0.59
32	70	10	0.63
32	75	10	0.64
32	80	10	0.64
32	85	10	0.63
32	90	10	0.62
32	95	10	0.59
32	100	10	0.57
32	105	10	0.54
32	110	10	0.51
32	115	10	0.48
32	120	10	0.45
32	125	10	0.41
32	130	10	0.38
32	135	10	0.34
32	140	10	0.30
32	145	10	0.24
32	150	10	0.18
32	155	10	0.13
32	160	10	0.09
32	165	10	0.05
32	170	10	0.02
32	175	10	0.01
32	180	10	0.00
32	0	11	0.00
32	5	11	0.01
32	10	11	0.02
32	15	11	0.04
32	20	11	0.08
32	25	11	0.13
32	30	11	0.16
32	35	11	0.22
32	40	11	0.29
32	45	11	0.35
32	50	11	0.43
32	55	11	0.49
32	60	11	0.55
32	65	11	0.59
32	70	11	0.63
32	75	11	0.65
32	80	11	0.65
32	85	11	0.64
32	90	11	0.62
32	95	11	0.60
32	100	11	0.57
32	105	11	0.54
32	110	11	0.51
32	115	11	0.48
32	120	11	0.44
32	125	11	0.41
32	130	11	0.37
32	135	11	0.33
32	140	11	0.29
32	145	11	0.24
32	150	11	0.18
32	155	11	0.13
32	160	11	0.08
32	165	11	0.05
32	170	11	0.02
32	175	11	0.01
32	180	11	0.00
32	0	12	0.00
32	5	12	0.01
32	10	12	0.02
32	15	12	0.04
32	20	12	0.08
32	25	12	0.12
32	30	12	0.17
32	35	12	0.23
32	40	12	0.28
32	45	12	0.35
32	50	12	0.42
32	55	12	0.48
32	60	12	0.55
32	65	12	0.59
32	70	12	0.64
32	75	12	0.66
32	80	12	0.66
32	85	12	0.65
32	90	12	0.63
32	95	12	0.61
32	100	12	0.58
32	105	12	0.54
32	110	12	0.51
32	115	12	0.48
32	120	12	0.44
32	125	12	0.40
32	130	12	0.37
32	135	12	0.33
32	140	12	0.29
32	145	12	0.24
32	150	12	0.19
32	155	12	0.13
32	160	12	0.08
32	165	12	0.05
32	170	12	0.02
32	175	12	0.01
32	180	12	0.00
32	0	13	0.00
32	5	13	0.01
32	10	13	0.02
32	15	13	0.04
32	20	13	0.07
32	25	13	0.12
32	30	13	0.16
32	35	13	0.23
32	40	13	0.29
32	45	13	0.34
32	50	13	0.42
32	55	13	0.48
32	60	13	0.55
32	65	13	0.60
32	70	13	0.62
32	75	13	0.66
32	80	13	0.67
32	85	13	0.66
32	90	13	0.64
32	95	13	0.61
32	100	13	0.58
32	105	13	0.55
32	110	13	0.51
32	115	13	0.48
32	120	13	0.44
32	125	13	0.40
32	130	13	0.36
32	135	13	0.32
32	140	13	0.28
32	145	13	0.23
32	150	13	0.18
32	155	13	0.13
32	160	13	0.09
32	165	13	0.05
32	170	13	0.02
32	175	13	0.01
32	180	13	0.00
32	0	14	0.00
32	5	14	0.01
32	10	14	0.03
32	15	14	0.04
32	20	14	0.08
32	25	14	0.11
32	30	14	0.17
32	35	14	0.24
32	40	14	0.28
32	45	14	0.36
32	50	14	0.41
32	55	14	0.48
32	60	14	0.55
32	65	14	0.58
32	70	14	0.63
32	75	14	0.66
32	80	14	0.67
32	85	14	0.66
32	90	14	0.64
32	95	14	0.62
32	100	14	0.59
32	105	14	0.55
32	110	14	0.51
32	115	14	0.48
32	120	14	0.44
32	125	14	0.39
32	130	14	0.36
32	135	14	0.32
32	140	14	0.27
32	145	14	0.23
32	150	14	0.18
32	155	14	0.13
32	160	14	0.08
32	165	14	0.05
32	170	14	0.02
32	175	14	0.01
32	180	14	0.00
32	0	15	0.00
32	5	15	0.01
32	10	15	0.03
32	15	15	0.04
32	20	15	0.08
32	25	15	0.12
32	30	15	0.18
32	35	15	0.23
32	40	15	0.27
32	45	15	0.35
32	50	15	0.43
32	55	15	0.48
32	60	15	0.54
32	65	15	0.59
32	70	15	0.63
32	75	15	0.67
32	80	15	0.68
32	85	15	0.67
32	90	15	0.65
32	95	15	0.63
32	100	15	0.59
32	105	15	0.56
32	110	15	0.52
32	115	15	0.48
32	120	15	0.44
32	125	15	0.39
32	130	15	0.35
32	135	15	0.31
32	140	15	0.27
32	145	15	0.23
32	150	15	0.18
32	155	15	0.13
32	160	15	0.08
32	165	15	0.05
32	170	15	0.02
32	175	15	0.01
32	180	15	0.00
32	0	16	0.00
32	5	16	0.01
32	10	16	0.03
32	15	16	0.04
32	20	16	0.07
32	25	16	0.12
32	30	16	0.17
32	35	16	0.22
32	40	16	0.29
32	45	16	0.35
32	50	16	0.42
32	55	16	0.48
32	60	16	0.54
32	65	16	0.59
32	70	16	0.63
32	75	16	0.67
32	80	16	0.69
32	85	16	0.68
32	90	16	0.66
32	95	16	0.63
32	100	16	0.60
32	105	16	0.56
32	110	16	0.52
32	115	16	0.48
32	120	16	0.44
32	125	16	0.39
32	130	16	0.35
32	135	16	0.31
32	140	16	0.26
32	145	16	0.22
32	150	16	0.18
32	155	16	0.13
32	160	16	0.09
32	165	16	0.05
32	170	16	0.02
32	175	16	0.01
32	180	16	0.00
32	0	17	0.00
32	5	17	0.01
32	10	17	0.03
32	15	17	0.04
32	20	17	0.07
32	25	17	0.11
32	30	17	0.18
32	35	17	0.22
32	40	17	0.28
32	45	17	0.36
32	50	17	0.41
32	55	17	0.49
32	60	17	0.54
32	65	17	0.61
32	70	17	0.63
32	75	17	0.67
32	80	17	0.69
32	85	17	0.69
32	90	17	0.67
32	95	17	0.64
32	100	17	0.61
32	105	17	0.57
32	110	17	0.52
32	115	17	0.48
32	120	17	0.44
32	125	17	0.39
32	130	17	0.34
32	135	17	0.30
32	140	17	0.26
32	145	17	0.22
32	150	17	0.18
32	155	17	0.13
32	160	17	0.09
32	165	17	0.05
32	170	17	0.02
32	175	17	0.01
32	180	17	0.00
32	0	18	0.00
32	5	18	0.01
32	10	18	0.02
32	15	18	0.04
32	20	18	0.08
32	25	18	0.12
32	30	18	0.17
32	35	18	0.23
32	40	18	0.29
32	45	18	0.35
32	50	18	0.40
32	55	18	0.49
32	60	18	0.53
32	65	18	0.60
32	70	18	0.64
32	75	18	0.68
32	80	18	0.69
32	85	18	0.70
32	90	18	0.68
32	95	18	0.65
32	100	18	0.61
32	105	18	0.57
32	110	18	0.53
32	115	18	0.48
32	120	18	0.44
32	125	18	0.39
32	130	18	0.34
32	135	18	0.30
32	140	18	0.25
32	145	18	0.21
32	150	18	0.17
32	155	18	0.13
32	160	18	0.08
32	165	18	0.05
32	170	18	0.02
32	175	18	0.00
32	180	18	0.00
32	0	19	0.00
32	5	19	0.01
32	10	19	0.02
32	15	19	0.04
32	20	19	0.08
32	25	19	0.12
32	30	19	0.18
32	35	19	0.22
32	40	19	0.28
32	45	19	0.36
32	50	19	0.42
32	55	19	0.48
32	60	19	0.53
32	65	19	0.60
32	70	19	0.64
32	75	19	0.68
32	80	19	0.69
32	85	19	0.71
32	90	19	0.69
32	95	19	0.66
32	100	19	0.62
32	105	19	0.58
32	110	19	0.53
32	115	19	0.49
32	120	19	0.44
32	125	19	0.39
32	130	19	0.34
32	135	19	0.29
32	140	19	0.25
32	145	19	0.21
32	150	19	0.17
32	155	19	0.13
32	160	19	0.09
32	165	19	0.05
32	170	19	0.02
32	175	19	0.00
32	180	19	0.00
32	0	20	0.00
32	5	20	0.01
32	10	20	0.02
32	15	20	0.04
32	20	20	0.07
32	25	20	0.11
32	30	20	0.18
32	35	20	0.23
32	40	20	0.29
32	45	20	0.35
32	50	20	0.41
32	55	20	0.46
32	60	20	0.55
32	65	20	0.59
32	70	20	0.64
32	75	20	0.68
32	80	20	0.70
32	85	20	0.70
32	90	20	0.70
32	95	20	0.67
32	100	20	0.63
32	105	20	0.59
32	110	20	0.54
32	115	20	0.49
32	120	20	0.44
32	125	20	0.39
32	130	20	0.34
32	135	20	0.29
32	140	20	0.25
32	145	20	0.20
32	150	20	0.16
32	155	20	0.13
32	160	20	0.08
32	165	20	0.05
32	170	20	0.02
32	175	20	0.01
32	180	20	0.00
33	0	5	0.00
33	5	5	0.01
33	10	5	0.02
33	15	5	0.05
33	20	5	0.08
33	25	5	0.13
33	30	5	0.18
33	35	5	0.25
33	40	5	0.31
33	45	5	0.37
33	50	5	0.45
33	55	5	0.50
33	60	5	0.57
33	65	5	0.61
33	70	5	0.62
33	75	5	0.64
33	80	5	0.64
33	85	5	0.63
33	90	5	0.62
33	95	5	0.61
33	100	5	0.60
33	105	5	0.58
33	110	5	0.56
33	115	5	0.54
33	120	5	0.51
33	125	5	0.48
33	130	5	0.44
33	135	5	0.38
33	140	5	0.32
33	145	5	0.26
33	150	5	0.19
33	155	5	0.13
33	160	5	0.09
33	165	5	0.05
33	170	5	0.02
33	175	5	0.01
33	180	5	0.00
33	0	6	0.00
33	5	6	0.01
33	10	6	0.02
33	15	6	0.05
33	20	6	0.08
33	25	6	0.13
33	30	6	0.19
33	35	6	0.25
33	40	6	0.31
33	45	6	0.39
33	50	6	0.45
33	55	6	0.51
33	60	6	0.57
33	65	6	0.61
33	70	6	0.64
33	75	6	0.64
33	80	6	0.65
33	85	6	0.64
33	90	6	0.63
33	95	6	0.62
33	100	6	0.60
33	105	6	0.58
33	110	6	0.55
33	115	6	0.53
33	120	6	0.50
33	125	6	0.47
33	130	6	0.43
33	135	6	0.38
33	140	6	0.33
33	145	6	0.26
33	150	6	0.19
33	155	6	0.13
33	160	6	0.09
33	165	6	0.05
33	170	6	0.02
33	175	6	0.01
33	180	6	0.00
33	0	7	0.00
33	5	7	0.01
33	10	7	0.02
33	15	7	0.04
33	20	7	0.09
33	25	7	0.13
33	30	7	0.19
33	35	7	0.24
33	40	7	0.30
33	45	7	0.39
33	50	7	0.45
33	55	7	0.51
33	60	7	0.58
33	65	7	0.62
33	70	7	0.64
33	75	7	0.65
33	80	7	0.66
33	85	7	0.65
33	90	7	0.63
33	95	7	0.62
33	100	7	0.60
33	105	7	0.58
33	110	7	0.55
33	115	7	0.52
33	120	7	0.50
33	125	7	0.46
33	130	7	0.43
33	135	7	0.38
33	140	7	0.32
33	145	7	0.25
33	150	7	0.19
33	155	7	0.13
33	160	7	0.09
33	165	7	0.05
33	170	7	0.02
33	175	7	0.01
33	180	7	0.00
33	0	8	0.00
33	5	8	0.01
33	10	8	0.02
33	15	8	0.04
33	20	8	0.08
33	25	8	0.13
33	30	8	0.18
33	35	8	0.23
33	40	8	0.32
33	45	8	0.39
33	50	8	0.45
33	55	8	0.52
33	60	8	0.56
33	65	8	0.63
33	70	8	0.65
33	75	8	0.66
33	80	8	0.66
33	85	8	0.66
33	90	8	0.64
33	95	8	0.62
33	100	8	0.60
33	105	8	0.58
33	110	8	0.55
33	115	8	0.52
33	120	8	0.49
33	125	8	0.46
33	130	8	0.42
33	135	8	0.38
33	140	8	0.32
33	145	8	0.26
33	150	8	0.20
33	155	8	0.13
33	160	8	0.09
33	165	8	0.05
33	170	8	0.02
33	175	8	0.01
33	180	8	0.00
33	0	9	0.00
33	5	9	0.01
33	10	9	0.02
33	15	9	0.05
33	20	9	0.08
33	25	9	0.13
33	30	9	0.19
33	35	9	0.25
33	40	9	0.31
33	45	9	0.39
33	50	9	0.45
33	55	9	0.52
33	60	9	0.57
33	65	9	0.63
33	70	9	0.66
33	75	9	0.67
33	80	9	0.67
33	85	9	0.66
33	90	9	0.65
33	95	9	0.62
33	100	9	0.60
33	105	9	0.58
33	110	9	0.55
33	115	9	0.51
33	120	9	0.48
33	125	9	0.45
33	130	9	0.41
33	135	9	0.37
33	140	9	0.31
33	145	9	0.25
33	150	9	0.20
33	155	9	0.14
33	160	9	0.09
33	165	9	0.05
33	170	9	0.02
33	175	9	0.01
33	180	9	0.00
33	0	10	0.00
33	5	10	0.01
33	10	10	0.03
33	15	10	0.05
33	20	10	0.08
33	25	10	0.13
33	30	10	0.18
33	35	10	0.24
33	40	10	0.31
33	45	10	0.38
33	50	10	0.45
33	55	10	0.51
33	60	10	0.57
33	65	10	0.62
33	70	10	0.67
33	75	10	0.68
33	80	10	0.68
33	85	10	0.67
33	90	10	0.65
33	95	10	0.63
33	100	10	0.60
33	105	10	0.58
33	110	10	0.55
33	115	10	0.51
33	120	10	0.48
33	125	10	0.44
33	130	10	0.40
33	135	10	0.36
33	140	10	0.31
33	145	10	0.26
33	150	10	0.20
33	155	10	0.14
33	160	10	0.09
33	165	10	0.05
33	170	10	0.02
33	175	10	0.01
33	180	10	0.00
33	0	11	0.00
33	5	11	0.01
33	10	11	0.03
33	15	11	0.04
33	20	11	0.08
33	25	11	0.13
33	30	11	0.19
33	35	11	0.23
33	40	11	0.31
33	45	11	0.37
33	50	11	0.45
33	55	11	0.51
33	60	11	0.58
33	65	11	0.62
33	70	11	0.67
33	75	11	0.68
33	80	11	0.69
33	85	11	0.68
33	90	11	0.66
33	95	11	0.64
33	100	11	0.61
33	105	11	0.58
33	110	11	0.55
33	115	11	0.51
33	120	11	0.47
33	125	11	0.44
33	130	11	0.40
33	135	11	0.36
33	140	11	0.31
33	145	11	0.26
33	150	11	0.19
33	155	11	0.13
33	160	11	0.09
33	165	11	0.05
33	170	11	0.02
33	175	11	0.01
33	180	11	0.00
33	0	12	0.00
33	5	12	0.01
33	10	12	0.02
33	15	12	0.04
33	20	12	0.08
33	25	12	0.12
33	30	12	0.18
33	35	12	0.24
33	40	12	0.32
33	45	12	0.36
33	50	12	0.44
33	55	12	0.51
33	60	12	0.58
33	65	12	0.62
33	70	12	0.67
33	75	12	0.69
33	80	12	0.69
33	85	12	0.69
33	90	12	0.67
33	95	12	0.64
33	100	12	0.61
33	105	12	0.58
33	110	12	0.55
33	115	12	0.51
33	120	12	0.47
33	125	12	0.43
33	130	12	0.39
33	135	12	0.35
33	140	12	0.31
33	145	12	0.25
33	150	12	0.19
33	155	12	0.14
33	160	12	0.09
33	165	12	0.05
33	170	12	0.02
33	175	12	0.01
33	180	12	0.00
33	0	13	0.00
33	5	13	0.01
33	10	13	0.03
33	15	13	0.05
33	20	13	0.08
33	25	13	0.13
33	30	13	0.18
33	35	13	0.24
33	40	13	0.31
33	45	13	0.38
33	50	13	0.44
33	55	13	0.50
33	60	13	0.58
33	65	13	0.63
33	70	13	0.67
33	75	13	0.70
33	80	13	0.70
33	85	13	0.69
33	90	13	0.67
33	95	13	0.65
33	100	13	0.61
33	105	13	0.58
33	110	13	0.55
33	115	13	0.51
33	120	13	0.46
33	125	13	0.43
33	130	13	0.39
33	135	13	0.34
33	140	13	0.30
33	145	13	0.25
33	150	13	0.20
33	155	13	0.14
33	160	13	0.09
33	165	13	0.05
33	170	13	0.02
33	175	13	0.01
33	180	13	0.00
33	0	14	0.00
33	5	14	0.01
33	10	14	0.03
33	15	14	0.05
33	20	14	0.08
33	25	14	0.13
33	30	14	0.18
33	35	14	0.25
33	40	14	0.30
33	45	14	0.37
33	50	14	0.46
33	55	14	0.50
33	60	14	0.57
33	65	14	0.63
33	70	14	0.68
33	75	14	0.71
33	80	14	0.72
33	85	14	0.70
33	90	14	0.68
33	95	14	0.66
33	100	14	0.62
33	105	14	0.58
33	110	14	0.55
33	115	14	0.51
33	120	14	0.46
33	125	14	0.42
33	130	14	0.38
33	135	14	0.34
33	140	14	0.29
33	145	14	0.25
33	150	14	0.20
33	155	14	0.14
33	160	14	0.09
33	165	14	0.05
33	170	14	0.02
33	175	14	0.01
33	180	14	0.00
33	0	15	0.00
33	5	15	0.01
33	10	15	0.03
33	15	15	0.04
33	20	15	0.08
33	25	15	0.12
33	30	15	0.18
33	35	15	0.24
33	40	15	0.31
33	45	15	0.37
33	50	15	0.45
33	55	15	0.52
33	60	15	0.57
33	65	15	0.63
33	70	15	0.68
33	75	15	0.72
33	80	15	0.72
33	85	15	0.71
33	90	15	0.69
33	95	15	0.67
33	100	15	0.63
33	105	15	0.59
33	110	15	0.55
33	115	15	0.51
33	120	15	0.46
33	125	15	0.42
33	130	15	0.37
33	135	15	0.33
33	140	15	0.29
33	145	15	0.25
33	150	15	0.19
33	155	15	0.14
33	160	15	0.09
33	165	15	0.05
33	170	15	0.02
33	175	15	0.01
33	180	15	0.00
33	0	16	0.00
33	5	16	0.01
33	10	16	0.03
33	15	16	0.04
33	20	16	0.09
33	25	16	0.13
33	30	16	0.18
33	35	16	0.25
33	40	16	0.30
33	45	16	0.38
33	50	16	0.43
33	55	16	0.52
33	60	16	0.56
33	65	16	0.64
33	70	16	0.68
33	75	16	0.70
33	80	16	0.73
33	85	16	0.72
33	90	16	0.70
33	95	16	0.67
33	100	16	0.63
33	105	16	0.59
33	110	16	0.55
33	115	16	0.51
33	120	16	0.46
33	125	16	0.42
33	130	16	0.37
33	135	16	0.33
33	140	16	0.28
33	145	16	0.24
33	150	16	0.19
33	155	16	0.14
33	160	16	0.09
33	165	16	0.05
33	170	16	0.02
33	175	16	0.01
33	180	16	0.00
33	0	17	0.00
33	5	17	0.01
33	10	17	0.03
33	15	17	0.05
33	20	17	0.08
33	25	17	0.13
33	30	17	0.18
33	35	17	0.23
33	40	17	0.31
33	45	17	0.38
33	50	17	0.43
33	55	17	0.52
33	60	17	0.56
33	65	17	0.63
33	70	17	0.68
33	75	17	0.71
33	80	17	0.73
33	85	17	0.73
33	90	17	0.71
33	95	17	0.68
33	100	17	0.64
33	105	17	0.60
33	110	17	0.56
33	115	17	0.51
33	120	17	0.46
33	125	17	0.42
33	130	17	0.37
33	135	17	0.32
33	140	17	0.28
33	145	17	0.23
33	150	17	0.19
33	155	17	0.14
33	160	17	0.09
33	165	17	0.05
33	170	17	0.02
33	175	17	0.01
33	180	17	0.00
33	0	18	0.00
33	5	18	0.01
33	10	18	0.02
33	15	18	0.05
33	20	18	0.08
33	25	18	0.12
33	30	18	0.19
33	35	18	0.24
33	40	18	0.30
33	45	18	0.36
33	50	18	0.44
33	55	18	0.51
33	60	18	0.58
33	65	18	0.63
33	70	18	0.69
33	75	18	0.71
33	80	18	0.74
33	85	18	0.74
33	90	18	0.72
33	95	18	0.68
33	100	18	0.65
33	105	18	0.61
33	110	18	0.56
33	115	18	0.51
33	120	18	0.46
33	125	18	0.42
33	130	18	0.36
33	135	18	0.32
33	140	18	0.27
33	145	18	0.23
33	150	18	0.19
33	155	18	0.14
33	160	18	0.09
33	165	18	0.05
33	170	18	0.02
33	175	18	0.01
33	180	18	0.00
33	0	19	0.00
33	5	19	0.01
33	10	19	0.02
33	15	19	0.05
33	20	19	0.08
33	25	19	0.13
33	30	19	0.18
33	35	19	0.23
33	40	19	0.31
33	45	19	0.38
33	50	19	0.44
33	55	19	0.50
33	60	19	0.58
33	65	19	0.62
33	70	19	0.69
33	75	19	0.71
33	80	19	0.75
33	85	19	0.74
33	90	19	0.72
33	95	19	0.70
33	100	19	0.66
33	105	19	0.61
33	110	19	0.57
33	115	19	0.51
33	120	19	0.46
33	125	19	0.42
33	130	19	0.36
33	135	19	0.31
33	140	19	0.27
33	145	19	0.22
33	150	19	0.18
33	155	19	0.14
33	160	19	0.09
33	165	19	0.05
33	170	19	0.02
33	175	19	0.01
33	180	19	0.00
33	0	20	0.00
33	5	20	0.01
33	10	20	0.02
33	15	20	0.05
33	20	20	0.07
33	25	20	0.13
33	30	20	0.19
33	35	20	0.24
33	40	20	0.30
33	45	20	0.36
33	50	20	0.45
33	55	20	0.51
33	60	20	0.57
33	65	20	0.61
33	70	20	0.69
33	75	20	0.71
33	80	20	0.75
33	85	20	0.75
33	90	20	0.74
33	95	20	0.70
33	100	20	0.67
33	105	20	0.62
33	110	20	0.57
33	115	20	0.52
33	120	20	0.46
33	125	20	0.42
33	130	20	0.36
33	135	20	0.31
33	140	20	0.26
33	145	20	0.22
33	150	20	0.18
33	155	20	0.14
33	160	20	0.09
33	165	20	0.05
33	170	20	0.02
33	175	20	0.01
33	180	20	0.00
34	0	5	0.00
34	5	5	0.01
34	10	5	0.03
34	15	5	0.05
34	20	5	0.08
34	25	5	0.14
34	30	5	0.19
34	35	5	0.27
34	40	5	0.33
34	45	5	0.41
34	50	5	0.48
34	55	5	0.55
34	60	5	0.60
34	65	5	0.65
34	70	5	0.67
34	75	5	0.67
34	80	5	0.68
34	85	5	0.67
34	90	5	0.66
34	95	5	0.65
34	100	5	0.64
34	105	5	0.61
34	110	5	0.59
34	115	5	0.57
34	120	5	0.54
34	125	5	0.50
34	130	5	0.47
34	135	5	0.41
34	140	5	0.34
34	145	5	0.27
34	150	5	0.21
34	155	5	0.14
34	160	5	0.09
34	165	5	0.06
34	170	5	0.02
34	175	5	0.01
34	180	5	0.00
34	0	6	0.00
34	5	6	0.01
34	10	6	0.03
34	15	6	0.05
34	20	6	0.09
34	25	6	0.13
34	30	6	0.20
34	35	6	0.26
34	40	6	0.32
34	45	6	0.41
34	50	6	0.48
34	55	6	0.55
34	60	6	0.61
34	65	6	0.66
34	70	6	0.67
34	75	6	0.69
34	80	6	0.68
34	85	6	0.68
34	90	6	0.67
34	95	6	0.65
34	100	6	0.64
34	105	6	0.61
34	110	6	0.59
34	115	6	0.56
34	120	6	0.54
34	125	6	0.50
34	130	6	0.46
34	135	6	0.40
34	140	6	0.34
34	145	6	0.28
34	150	6	0.20
34	155	6	0.14
34	160	6	0.09
34	165	6	0.05
34	170	6	0.02
34	175	6	0.01
34	180	6	0.00
34	0	7	0.00
34	5	7	0.01
34	10	7	0.02
34	15	7	0.04
34	20	7	0.09
34	25	7	0.14
34	30	7	0.20
34	35	7	0.26
34	40	7	0.32
34	45	7	0.41
34	50	7	0.47
34	55	7	0.54
34	60	7	0.61
34	65	7	0.66
34	70	7	0.68
34	75	7	0.69
34	80	7	0.69
34	85	7	0.69
34	90	7	0.67
34	95	7	0.65
34	100	7	0.64
34	105	7	0.61
34	110	7	0.58
34	115	7	0.56
34	120	7	0.53
34	125	7	0.49
34	130	7	0.45
34	135	7	0.41
34	140	7	0.34
34	145	7	0.27
34	150	7	0.20
34	155	7	0.14
34	160	7	0.09
34	165	7	0.05
34	170	7	0.02
34	175	7	0.01
34	180	7	0.00
34	0	8	0.00
34	5	8	0.01
34	10	8	0.02
34	15	8	0.05
34	20	8	0.08
34	25	8	0.13
34	30	8	0.19
34	35	8	0.27
34	40	8	0.33
34	45	8	0.41
34	50	8	0.47
34	55	8	0.54
34	60	8	0.61
34	65	8	0.66
34	70	8	0.69
34	75	8	0.70
34	80	8	0.70
34	85	8	0.69
34	90	8	0.68
34	95	8	0.66
34	100	8	0.64
34	105	8	0.61
34	110	8	0.58
34	115	8	0.55
34	120	8	0.52
34	125	8	0.49
34	130	8	0.45
34	135	8	0.40
34	140	8	0.34
34	145	8	0.27
34	150	8	0.20
34	155	8	0.15
34	160	8	0.10
34	165	8	0.06
34	170	8	0.02
34	175	8	0.01
34	180	8	0.00
34	0	9	0.00
34	5	9	0.01
34	10	9	0.03
34	15	9	0.05
34	20	9	0.09
34	25	9	0.14
34	30	9	0.20
34	35	9	0.26
34	40	9	0.33
34	45	9	0.40
34	50	9	0.47
34	55	9	0.54
34	60	9	0.61
34	65	9	0.67
34	70	9	0.70
34	75	9	0.71
34	80	9	0.71
34	85	9	0.70
34	90	9	0.68
34	95	9	0.66
34	100	9	0.64
34	105	9	0.61
34	110	9	0.58
34	115	9	0.55
34	120	9	0.51
34	125	9	0.48
34	130	9	0.44
34	135	9	0.39
34	140	9	0.34
34	145	9	0.27
34	150	9	0.21
34	155	9	0.15
34	160	9	0.10
34	165	9	0.05
34	170	9	0.03
34	175	9	0.01
34	180	9	0.00
34	0	10	0.00
34	5	10	0.01
34	10	10	0.03
34	15	10	0.05
34	20	10	0.08
34	25	10	0.13
34	30	10	0.19
34	35	10	0.25
34	40	10	0.33
34	45	10	0.40
34	50	10	0.47
34	55	10	0.54
34	60	10	0.60
34	65	10	0.67
34	70	10	0.71
34	75	10	0.71
34	80	10	0.72
34	85	10	0.71
34	90	10	0.69
34	95	10	0.67
34	100	10	0.64
34	105	10	0.61
34	110	10	0.58
34	115	10	0.54
34	120	10	0.51
34	125	10	0.47
34	130	10	0.43
34	135	10	0.39
34	140	10	0.34
34	145	10	0.28
34	150	10	0.21
34	155	10	0.15
34	160	10	0.10
34	165	10	0.05
34	170	10	0.02
34	175	10	0.01
34	180	10	0.00
34	0	11	0.00
34	5	11	0.01
34	10	11	0.03
34	15	11	0.04
34	20	11	0.08
34	25	11	0.14
34	30	11	0.20
34	35	11	0.26
34	40	11	0.34
34	45	11	0.39
34	50	11	0.47
34	55	11	0.54
34	60	11	0.60
34	65	11	0.67
34	70	11	0.71
34	75	11	0.73
34	80	11	0.72
34	85	11	0.72
34	90	11	0.70
34	95	11	0.67
34	100	11	0.64
34	105	11	0.61
34	110	11	0.58
34	115	11	0.54
34	120	11	0.50
34	125	11	0.47
34	130	11	0.42
34	135	11	0.38
34	140	11	0.33
34	145	11	0.27
34	150	11	0.21
34	155	11	0.15
34	160	11	0.09
34	165	11	0.05
34	170	11	0.03
34	175	11	0.01
34	180	11	0.00
34	0	12	0.00
34	5	12	0.01
34	10	12	0.03
34	15	12	0.05
34	20	12	0.09
34	25	12	0.15
34	30	12	0.18
34	35	12	0.26
34	40	12	0.33
34	45	12	0.40
34	50	12	0.49
34	55	12	0.53
34	60	12	0.61
34	65	12	0.65
34	70	12	0.72
34	75	12	0.74
34	80	12	0.74
34	85	12	0.73
34	90	12	0.71
34	95	12	0.68
34	100	12	0.65
34	105	12	0.61
34	110	12	0.58
34	115	12	0.54
34	120	12	0.50
34	125	12	0.46
34	130	12	0.42
34	135	12	0.37
34	140	12	0.33
34	145	12	0.27
34	150	12	0.20
34	155	12	0.14
34	160	12	0.09
34	165	12	0.05
34	170	12	0.02
34	175	12	0.01
34	180	12	0.00
34	0	13	0.00
34	5	13	0.01
34	10	13	0.03
34	15	13	0.05
34	20	13	0.09
34	25	13	0.14
34	30	13	0.19
34	35	13	0.27
34	40	13	0.32
34	45	13	0.40
34	50	13	0.48
34	55	13	0.55
34	60	13	0.61
34	65	13	0.66
34	70	13	0.71
34	75	13	0.74
34	80	13	0.75
34	85	13	0.73
34	90	13	0.72
34	95	13	0.68
34	100	13	0.65
34	105	13	0.61
34	110	13	0.58
34	115	13	0.54
34	120	13	0.49
34	125	13	0.45
34	130	13	0.41
34	135	13	0.37
34	140	13	0.32
34	145	13	0.27
34	150	13	0.21
34	155	13	0.15
34	160	13	0.10
34	165	13	0.05
34	170	13	0.02
34	175	13	0.01
34	180	13	0.00
34	0	14	0.00
34	5	14	0.01
34	10	14	0.03
34	15	14	0.05
34	20	14	0.08
34	25	14	0.14
34	30	14	0.18
34	35	14	0.26
34	40	14	0.33
34	45	14	0.39
34	50	14	0.48
34	55	14	0.55
34	60	14	0.63
34	65	14	0.66
34	70	14	0.71
34	75	14	0.75
34	80	14	0.75
34	85	14	0.74
34	90	14	0.72
34	95	14	0.69
34	100	14	0.66
34	105	14	0.62
34	110	14	0.58
34	115	14	0.54
34	120	14	0.49
34	125	14	0.45
34	130	14	0.41
34	135	14	0.36
34	140	14	0.31
34	145	14	0.27
34	150	14	0.21
34	155	14	0.15
34	160	14	0.10
34	165	14	0.05
34	170	14	0.02
34	175	14	0.01
34	180	14	0.00
34	0	15	0.00
34	5	15	0.01
34	10	15	0.03
34	15	15	0.04
34	20	15	0.09
34	25	15	0.13
34	30	15	0.19
34	35	15	0.25
34	40	15	0.32
34	45	15	0.41
34	50	15	0.47
34	55	15	0.55
34	60	15	0.62
34	65	15	0.66
34	70	15	0.71
34	75	15	0.75
34	80	15	0.76
34	85	15	0.75
34	90	15	0.73
34	95	15	0.70
34	100	15	0.66
34	105	15	0.62
34	110	15	0.58
34	115	15	0.54
34	120	15	0.49
34	125	15	0.45
34	130	15	0.40
34	135	15	0.36
34	140	15	0.31
34	145	15	0.26
34	150	15	0.21
34	155	15	0.15
34	160	15	0.09
34	165	15	0.05
34	170	15	0.02
34	175	15	0.01
34	180	15	0.00
34	0	16	0.00
34	5	16	0.01
34	10	16	0.03
34	15	16	0.05
34	20	16	0.09
34	25	16	0.13
34	30	16	0.20
34	35	16	0.26
34	40	16	0.31
34	45	16	0.40
34	50	16	0.48
34	55	16	0.54
34	60	16	0.61
34	65	16	0.66
34	70	16	0.71
34	75	16	0.76
34	80	16	0.77
34	85	16	0.76
34	90	16	0.74
34	95	16	0.71
34	100	16	0.67
34	105	16	0.63
34	110	16	0.58
34	115	16	0.54
34	120	16	0.49
34	125	16	0.44
34	130	16	0.40
34	135	16	0.35
34	140	16	0.30
34	145	16	0.26
34	150	16	0.20
34	155	16	0.15
34	160	16	0.10
34	165	16	0.06
34	170	16	0.02
34	175	16	0.01
34	180	16	0.00
34	0	17	0.00
34	5	17	0.01
34	10	17	0.03
34	15	17	0.05
34	20	17	0.08
34	25	17	0.14
34	30	17	0.19
34	35	17	0.24
34	40	17	0.32
34	45	17	0.39
34	50	17	0.47
34	55	17	0.54
34	60	17	0.61
34	65	17	0.66
34	70	17	0.71
34	75	17	0.76
34	80	17	0.78
34	85	17	0.77
34	90	17	0.74
34	95	17	0.71
34	100	17	0.68
34	105	17	0.64
34	110	17	0.59
34	115	17	0.54
34	120	17	0.49
34	125	17	0.44
34	130	17	0.39
34	135	17	0.35
34	140	17	0.30
34	145	17	0.25
34	150	17	0.20
34	155	17	0.15
34	160	17	0.10
34	165	17	0.05
34	170	17	0.03
34	175	17	0.01
34	180	17	0.00
34	0	18	0.00
34	5	18	0.01
34	10	18	0.03
34	15	18	0.05
34	20	18	0.08
34	25	18	0.13
34	30	18	0.20
34	35	18	0.25
34	40	18	0.31
34	45	18	0.41
34	50	18	0.46
34	55	18	0.56
34	60	18	0.60
34	65	18	0.68
34	70	18	0.72
34	75	18	0.76
34	80	18	0.77
34	85	18	0.78
34	90	18	0.75
34	95	18	0.73
34	100	18	0.69
34	105	18	0.64
34	110	18	0.59
34	115	18	0.54
34	120	18	0.49
34	125	18	0.44
34	130	18	0.39
34	135	18	0.34
34	140	18	0.29
34	145	18	0.25
34	150	18	0.20
34	155	18	0.15
34	160	18	0.10
34	165	18	0.06
34	170	18	0.03
34	175	18	0.01
34	180	18	0.00
34	0	19	0.00
34	5	19	0.01
34	10	19	0.02
34	15	19	0.05
34	20	19	0.09
34	25	19	0.13
34	30	19	0.19
34	35	19	0.26
34	40	19	0.33
34	45	19	0.39
34	50	19	0.48
34	55	19	0.55
34	60	19	0.60
34	65	19	0.68
34	70	19	0.72
34	75	19	0.76
34	80	19	0.78
34	85	19	0.79
34	90	19	0.77
34	95	19	0.73
34	100	19	0.70
34	105	19	0.65
34	110	19	0.60
34	115	19	0.54
34	120	19	0.49
34	125	19	0.44
34	130	19	0.39
34	135	19	0.34
34	140	19	0.29
34	145	19	0.24
34	150	19	0.19
34	155	19	0.15
34	160	19	0.10
34	165	19	0.05
34	170	19	0.02
34	175	19	0.01
34	180	19	0.00
34	0	20	0.00
34	5	20	0.01
34	10	20	0.03
34	15	20	0.05
34	20	20	0.09
34	25	20	0.14
34	30	20	0.20
34	35	20	0.24
34	40	20	0.32
34	45	20	0.40
34	50	20	0.47
34	55	20	0.53
34	60	20	0.62
34	65	20	0.67
34	70	20	0.72
34	75	20	0.76
34	80	20	0.78
34	85	20	0.80
34	90	20	0.78
34	95	20	0.74
34	100	20	0.70
34	105	20	0.66
34	110	20	0.60
34	115	20	0.55
34	120	20	0.49
34	125	20	0.44
34	130	20	0.39
34	135	20	0.33
34	140	20	0.28
34	145	20	0.24
34	150	20	0.19
34	155	20	0.14
34	160	20	0.10
34	165	20	0.05
34	170	20	0.02
34	175	20	0.01
34	180	20	0.00
35	0	5	0.00
35	5	5	0.01
35	10	5	0.03
35	15	5	0.05
35	20	5	0.10
35	25	5	0.14
35	30	5	0.20
35	35	5	0.28
35	40	5	0.35
35	45	5	0.43
35	50	5	0.50
35	55	5	0.58
35	60	5	0.64
35	65	5	0.68
35	70	5	0.71
35	75	5	0.71
35	80	5	0.72
35	85	5	0.71
35	90	5	0.70
35	95	5	0.69
35	100	5	0.68
35	105	5	0.65
35	110	5	0.63
35	115	5	0.61
35	120	5	0.58
35	125	5	0.54
35	130	5	0.50
35	135	5	0.43
35	140	5	0.36
35	145	5	0.29
35	150	5	0.22
35	155	5	0.15
35	160	5	0.10
35	165	5	0.05
35	170	5	0.03
35	175	5	0.01
35	180	5	0.00
35	0	6	0.00
35	5	6	0.01
35	10	6	0.03
35	15	6	0.05
35	20	6	0.09
35	25	6	0.14
35	30	6	0.21
35	35	6	0.28
35	40	6	0.34
35	45	6	0.43
35	50	6	0.50
35	55	6	0.58
35	60	6	0.64
35	65	6	0.69
35	70	6	0.71
35	75	6	0.72
35	80	6	0.73
35	85	6	0.72
35	90	6	0.70
35	95	6	0.69
35	100	6	0.68
35	105	6	0.65
35	110	6	0.63
35	115	6	0.60
35	120	6	0.57
35	125	6	0.53
35	130	6	0.49
35	135	6	0.43
35	140	6	0.36
35	145	6	0.29
35	150	6	0.22
35	155	6	0.15
35	160	6	0.10
35	165	6	0.06
35	170	6	0.02
35	175	6	0.01
35	180	6	0.00
35	0	7	0.00
35	5	7	0.01
35	10	7	0.02
35	15	7	0.06
35	20	7	0.10
35	25	7	0.15
35	30	7	0.21
35	35	7	0.27
35	40	7	0.35
35	45	7	0.43
35	50	7	0.50
35	55	7	0.59
35	60	7	0.64
35	65	7	0.70
35	70	7	0.72
35	75	7	0.73
35	80	7	0.73
35	85	7	0.73
35	90	7	0.71
35	95	7	0.69
35	100	7	0.68
35	105	7	0.65
35	110	7	0.62
35	115	7	0.59
35	120	7	0.56
35	125	7	0.52
35	130	7	0.48
35	135	7	0.42
35	140	7	0.37
35	145	7	0.29
35	150	7	0.22
35	155	7	0.15
35	160	7	0.10
35	165	7	0.06
35	170	7	0.02
35	175	7	0.01
35	180	7	0.00
35	0	8	0.00
35	5	8	0.01
35	10	8	0.03
35	15	8	0.05
35	20	8	0.09
35	25	8	0.14
35	30	8	0.22
35	35	8	0.28
35	40	8	0.35
35	45	8	0.43
35	50	8	0.49
35	55	8	0.59
35	60	8	0.64
35	65	8	0.70
35	70	8	0.73
35	75	8	0.74
35	80	8	0.74
35	85	8	0.73
35	90	8	0.72
35	95	8	0.70
35	100	8	0.68
35	105	8	0.65
35	110	8	0.62
35	115	8	0.59
35	120	8	0.55
35	125	8	0.52
35	130	8	0.48
35	135	8	0.43
35	140	8	0.36
35	145	8	0.28
35	150	8	0.22
35	155	8	0.16
35	160	8	0.10
35	165	8	0.05
35	170	8	0.02
35	175	8	0.01
35	180	8	0.00
35	0	9	0.00
35	5	9	0.01
35	10	9	0.03
35	15	9	0.05
35	20	9	0.09
35	25	9	0.15
35	30	9	0.21
35	35	9	0.27
35	40	9	0.35
35	45	9	0.42
35	50	9	0.49
35	55	9	0.59
35	60	9	0.64
35	65	9	0.70
35	70	9	0.74
35	75	9	0.75
35	80	9	0.75
35	85	9	0.74
35	90	9	0.72
35	95	9	0.70
35	100	9	0.68
35	105	9	0.65
35	110	9	0.62
35	115	9	0.58
35	120	9	0.55
35	125	9	0.51
35	130	9	0.46
35	135	9	0.42
35	140	9	0.36
35	145	9	0.29
35	150	9	0.22
35	155	9	0.16
35	160	9	0.10
35	165	9	0.06
35	170	9	0.02
35	175	9	0.01
35	180	9	0.00
35	0	10	0.00
35	5	10	0.01
35	10	10	0.03
35	15	10	0.05
35	20	10	0.10
35	25	10	0.15
35	30	10	0.20
35	35	10	0.26
35	40	10	0.34
35	45	10	0.42
35	50	10	0.51
35	55	10	0.59
35	60	10	0.65
35	65	10	0.71
35	70	10	0.74
35	75	10	0.76
35	80	10	0.76
35	85	10	0.75
35	90	10	0.73
35	95	10	0.71
35	100	10	0.68
35	105	10	0.65
35	110	10	0.62
35	115	10	0.58
35	120	10	0.54
35	125	10	0.50
35	130	10	0.46
35	135	10	0.41
35	140	10	0.35
35	145	10	0.29
35	150	10	0.22
35	155	10	0.15
35	160	10	0.10
35	165	10	0.06
35	170	10	0.03
35	175	10	0.01
35	180	10	0.00
35	0	11	0.00
35	5	11	0.01
35	10	11	0.03
35	15	11	0.05
35	20	11	0.09
35	25	11	0.15
35	30	11	0.21
35	35	11	0.27
35	40	11	0.36
35	45	11	0.43
35	50	11	0.51
35	55	11	0.59
35	60	11	0.65
35	65	11	0.71
35	70	11	0.75
35	75	11	0.77
35	80	11	0.77
35	85	11	0.76
35	90	11	0.74
35	95	11	0.71
35	100	11	0.68
35	105	11	0.65
35	110	11	0.62
35	115	11	0.57
35	120	11	0.54
35	125	11	0.49
35	130	11	0.45
35	135	11	0.41
35	140	11	0.35
35	145	11	0.29
35	150	11	0.22
35	155	11	0.16
35	160	11	0.10
35	165	11	0.06
35	170	11	0.03
35	175	11	0.01
35	180	11	0.00
35	0	12	0.00
35	5	12	0.01
35	10	12	0.03
35	15	12	0.05
35	20	12	0.09
35	25	12	0.15
35	30	12	0.19
35	35	12	0.27
35	40	12	0.35
35	45	12	0.42
35	50	12	0.51
35	55	12	0.58
35	60	12	0.65
35	65	12	0.71
35	70	12	0.76
35	75	12	0.78
35	80	12	0.77
35	85	12	0.77
35	90	12	0.75
35	95	12	0.72
35	100	12	0.68
35	105	12	0.65
35	110	12	0.62
35	115	12	0.57
35	120	12	0.53
35	125	12	0.49
35	130	12	0.45
35	135	12	0.40
35	140	12	0.35
35	145	12	0.28
35	150	12	0.22
35	155	12	0.16
35	160	12	0.10
35	165	12	0.06
35	170	12	0.03
35	175	12	0.01
35	180	12	0.00
35	0	13	0.00
35	5	13	0.01
35	10	13	0.03
35	15	13	0.05
35	20	13	0.10
35	25	13	0.14
35	30	13	0.20
35	35	13	0.28
35	40	13	0.34
35	45	13	0.41
35	50	13	0.51
35	55	13	0.57
35	60	13	0.66
35	65	13	0.71
35	70	13	0.76
35	75	13	0.79
35	80	13	0.79
35	85	13	0.77
35	90	13	0.76
35	95	13	0.72
35	100	13	0.69
35	105	13	0.65
35	110	13	0.62
35	115	13	0.57
35	120	13	0.53
35	125	13	0.48
35	130	13	0.44
35	135	13	0.39
35	140	13	0.34
35	145	13	0.28
35	150	13	0.22
35	155	13	0.15
35	160	13	0.10
35	165	13	0.06
35	170	13	0.03
35	175	13	0.01
35	180	13	0.00
35	0	14	0.00
35	5	14	0.01
35	10	14	0.03
35	15	14	0.05
35	20	14	0.09
35	25	14	0.15
35	30	14	0.21
35	35	14	0.27
35	40	14	0.35
35	45	14	0.43
35	50	14	0.50
35	55	14	0.57
35	60	14	0.66
35	65	14	0.71
35	70	14	0.76
35	75	14	0.80
35	80	14	0.79
35	85	14	0.78
35	90	14	0.76
35	95	14	0.73
35	100	14	0.69
35	105	14	0.65
35	110	14	0.61
35	115	14	0.57
35	120	14	0.52
35	125	14	0.48
35	130	14	0.43
35	135	14	0.39
35	140	14	0.34
35	145	14	0.28
35	150	14	0.22
35	155	14	0.16
35	160	14	0.10
35	165	14	0.06
35	170	14	0.03
35	175	14	0.01
35	180	14	0.00
35	0	15	0.00
35	5	15	0.01
35	10	15	0.03
35	15	15	0.05
35	20	15	0.09
35	25	15	0.15
35	30	15	0.20
35	35	15	0.28
35	40	15	0.33
35	45	15	0.42
35	50	15	0.52
35	55	15	0.57
35	60	15	0.65
35	65	15	0.71
35	70	15	0.77
35	75	15	0.80
35	80	15	0.81
35	85	15	0.79
35	90	15	0.77
35	95	15	0.74
35	100	15	0.70
35	105	15	0.66
35	110	15	0.62
35	115	15	0.57
35	120	15	0.52
35	125	15	0.47
35	130	15	0.43
35	135	15	0.38
35	140	15	0.33
35	145	15	0.28
35	150	15	0.22
35	155	15	0.15
35	160	15	0.10
35	165	15	0.06
35	170	15	0.02
35	175	15	0.01
35	180	15	0.00
35	0	16	0.00
35	5	16	0.01
35	10	16	0.03
35	15	16	0.05
35	20	16	0.09
35	25	16	0.14
35	30	16	0.21
35	35	16	0.27
35	40	16	0.35
35	45	16	0.42
35	50	16	0.50
35	55	16	0.57
35	60	16	0.64
35	65	16	0.72
35	70	16	0.77
35	75	16	0.79
35	80	16	0.81
35	85	16	0.80
35	90	16	0.78
35	95	16	0.75
35	100	16	0.71
35	105	16	0.66
35	110	16	0.62
35	115	16	0.57
35	120	16	0.52
35	125	16	0.47
35	130	16	0.42
35	135	16	0.37
35	140	16	0.32
35	145	16	0.28
35	150	16	0.22
35	155	16	0.15
35	160	16	0.10
35	165	16	0.06
35	170	16	0.02
35	175	16	0.01
35	180	16	0.00
35	0	17	0.00
35	5	17	0.01
35	10	17	0.03
35	15	17	0.05
35	20	17	0.08
35	25	17	0.14
35	30	17	0.20
35	35	17	0.28
35	40	17	0.34
35	45	17	0.43
35	50	17	0.49
35	55	17	0.59
35	60	17	0.63
35	65	17	0.72
35	70	17	0.77
35	75	17	0.79
35	80	17	0.82
35	85	17	0.81
35	90	17	0.79
35	95	17	0.76
35	100	17	0.71
35	105	17	0.67
35	110	17	0.62
35	115	17	0.57
35	120	17	0.52
35	125	17	0.47
35	130	17	0.42
35	135	17	0.37
35	140	17	0.32
35	145	17	0.27
35	150	17	0.22
35	155	17	0.15
35	160	17	0.10
35	165	17	0.06
35	170	17	0.02
35	175	17	0.01
35	180	17	0.00
35	0	18	0.00
35	5	18	0.01
35	10	18	0.03
35	15	18	0.05
35	20	18	0.09
35	25	18	0.15
35	30	18	0.21
35	35	18	0.26
35	40	18	0.35
35	45	18	0.42
35	50	18	0.51
35	55	18	0.58
35	60	18	0.63
35	65	18	0.71
35	70	18	0.77
35	75	18	0.79
35	80	18	0.82
35	85	18	0.82
35	90	18	0.80
35	95	18	0.77
35	100	18	0.72
35	105	18	0.67
35	110	18	0.62
35	115	18	0.57
35	120	18	0.52
35	125	18	0.47
35	130	18	0.41
35	135	18	0.36
35	140	18	0.31
35	145	18	0.26
35	150	18	0.21
35	155	18	0.16
35	160	18	0.10
35	165	18	0.06
35	170	18	0.03
35	175	18	0.01
35	180	18	0.00
35	0	19	0.00
35	5	19	0.01
35	10	19	0.03
35	15	19	0.05
35	20	19	0.09
35	25	19	0.14
35	30	19	0.21
35	35	19	0.27
35	40	19	0.34
35	45	19	0.41
35	50	19	0.50
35	55	19	0.57
35	60	19	0.65
35	65	19	0.71
35	70	19	0.77
35	75	19	0.79
35	80	19	0.83
35	85	19	0.83
35	90	19	0.81
35	95	19	0.77
35	100	19	0.73
35	105	19	0.68
35	110	19	0.63
35	115	19	0.57
35	120	19	0.52
35	125	19	0.47
35	130	19	0.41
35	135	19	0.36
35	140	19	0.31
35	145	19	0.26
35	150	19	0.21
35	155	19	0.15
35	160	19	0.10
35	165	19	0.06
35	170	19	0.03
35	175	19	0.01
35	180	19	0.00
35	0	20	0.00
35	5	20	0.01
35	10	20	0.03
35	15	20	0.05
35	20	20	0.09
35	25	20	0.14
35	30	20	0.20
35	35	20	0.25
35	40	20	0.35
35	45	20	0.42
35	50	20	0.49
35	55	20	0.59
35	60	20	0.65
35	65	20	0.70
35	70	20	0.77
35	75	20	0.79
35	80	20	0.84
35	85	20	0.85
35	90	20	0.81
35	95	20	0.78
35	100	20	0.74
35	105	20	0.69
35	110	20	0.64
35	115	20	0.58
35	120	20	0.52
35	125	20	0.47
35	130	20	0.41
35	135	20	0.35
35	140	20	0.30
35	145	20	0.25
35	150	20	0.20
35	155	20	0.16
35	160	20	0.10
35	165	20	0.06
35	170	20	0.03
35	175	20	0.01
35	180	20	0.00
36	0	5	0.00
36	5	5	0.01
36	10	5	0.03
36	15	5	0.05
36	20	5	0.11
36	25	5	0.15
36	30	5	0.21
36	35	5	0.30
36	40	5	0.36
36	45	5	0.45
36	50	5	0.53
36	55	5	0.61
36	60	5	0.69
36	65	5	0.72
36	70	5	0.74
36	75	5	0.76
36	80	5	0.76
36	85	5	0.75
36	90	5	0.74
36	95	5	0.73
36	100	5	0.72
36	105	5	0.69
36	110	5	0.67
36	115	5	0.64
36	120	5	0.61
36	125	5	0.57
36	130	5	0.53
36	135	5	0.46
36	140	5	0.39
36	145	5	0.31
36	150	5	0.24
36	155	5	0.16
36	160	5	0.10
36	165	5	0.06
36	170	5	0.03
36	175	5	0.01
36	180	5	0.00
36	0	6	0.00
36	5	6	0.01
36	10	6	0.03
36	15	6	0.06
36	20	6	0.10
36	25	6	0.15
36	30	6	0.22
36	35	6	0.29
36	40	6	0.38
36	45	6	0.45
36	50	6	0.53
36	55	6	0.61
36	60	6	0.67
36	65	6	0.73
36	70	6	0.75
36	75	6	0.76
36	80	6	0.77
36	85	6	0.76
36	90	6	0.75
36	95	6	0.73
36	100	6	0.72
36	105	6	0.69
36	110	6	0.66
36	115	6	0.63
36	120	6	0.60
36	125	6	0.57
36	130	6	0.52
36	135	6	0.46
36	140	6	0.38
36	145	6	0.30
36	150	6	0.23
36	155	6	0.16
36	160	6	0.11
36	165	6	0.06
36	170	6	0.03
36	175	6	0.01
36	180	6	0.00
36	0	7	0.00
36	5	7	0.01
36	10	7	0.03
36	15	7	0.06
36	20	7	0.10
36	25	7	0.15
36	30	7	0.22
36	35	7	0.31
36	40	7	0.37
36	45	7	0.45
36	50	7	0.52
36	55	7	0.62
36	60	7	0.68
36	65	7	0.74
36	70	7	0.76
36	75	7	0.77
36	80	7	0.78
36	85	7	0.77
36	90	7	0.75
36	95	7	0.73
36	100	7	0.72
36	105	7	0.69
36	110	7	0.66
36	115	7	0.63
36	120	7	0.60
36	125	7	0.55
36	130	7	0.51
36	135	7	0.45
36	140	7	0.38
36	145	7	0.31
36	150	7	0.23
36	155	7	0.17
36	160	7	0.11
36	165	7	0.06
36	170	7	0.02
36	175	7	0.01
36	180	7	0.00
36	0	8	0.00
36	5	8	0.01
36	10	8	0.03
36	15	8	0.05
36	20	8	0.09
36	25	8	0.16
36	30	8	0.23
36	35	8	0.29
36	40	8	0.37
36	45	8	0.45
36	50	8	0.54
36	55	8	0.62
36	60	8	0.68
36	65	8	0.75
36	70	8	0.77
36	75	8	0.78
36	80	8	0.78
36	85	8	0.77
36	90	8	0.76
36	95	8	0.73
36	100	8	0.72
36	105	8	0.69
36	110	8	0.65
36	115	8	0.62
36	120	8	0.59
36	125	8	0.55
36	130	8	0.50
36	135	8	0.46
36	140	8	0.38
36	145	8	0.30
36	150	8	0.23
36	155	8	0.17
36	160	8	0.10
36	165	8	0.06
36	170	8	0.03
36	175	8	0.01
36	180	8	0.00
36	0	9	0.00
36	5	9	0.01
36	10	9	0.03
36	15	9	0.05
36	20	9	0.10
36	25	9	0.15
36	30	9	0.22
36	35	9	0.28
36	40	9	0.36
36	45	9	0.45
36	50	9	0.54
36	55	9	0.62
36	60	9	0.68
36	65	9	0.74
36	70	9	0.78
36	75	9	0.79
36	80	9	0.79
36	85	9	0.78
36	90	9	0.76
36	95	9	0.74
36	100	9	0.72
36	105	9	0.69
36	110	9	0.65
36	115	9	0.62
36	120	9	0.58
36	125	9	0.54
36	130	9	0.50
36	135	9	0.45
36	140	9	0.38
36	145	9	0.30
36	150	9	0.23
36	155	9	0.17
36	160	9	0.10
36	165	9	0.06
36	170	9	0.02
36	175	9	0.01
36	180	9	0.00
36	0	10	0.00
36	5	10	0.01
36	10	10	0.03
36	15	10	0.06
36	20	10	0.10
36	25	10	0.16
36	30	10	0.23
36	35	10	0.29
36	40	10	0.38
36	45	10	0.46
36	50	10	0.54
36	55	10	0.62
36	60	10	0.68
36	65	10	0.74
36	70	10	0.79
36	75	10	0.80
36	80	10	0.80
36	85	10	0.79
36	90	10	0.77
36	95	10	0.74
36	100	10	0.72
36	105	10	0.69
36	110	10	0.65
36	115	10	0.61
36	120	10	0.57
36	125	10	0.53
36	130	10	0.49
36	135	10	0.44
36	140	10	0.38
36	145	10	0.31
36	150	10	0.23
36	155	10	0.17
36	160	10	0.11
36	165	10	0.06
36	170	10	0.03
36	175	10	0.01
36	180	10	0.00
36	0	11	0.00
36	5	11	0.01
36	10	11	0.03
36	15	11	0.06
36	20	11	0.09
36	25	11	0.15
36	30	11	0.21
36	35	11	0.29
36	40	11	0.37
36	45	11	0.45
36	50	11	0.53
36	55	11	0.61
36	60	11	0.68
36	65	11	0.74
36	70	11	0.79
36	75	11	0.81
36	80	11	0.81
36	85	11	0.80
36	90	11	0.78
36	95	11	0.75
36	100	11	0.72
36	105	11	0.69
36	110	11	0.65
36	115	11	0.61
36	120	11	0.57
36	125	11	0.53
36	130	11	0.48
36	135	11	0.43
36	140	11	0.37
36	145	11	0.30
36	150	11	0.23
36	155	11	0.16
36	160	11	0.10
36	165	11	0.06
36	170	11	0.03
36	175	11	0.01
36	180	11	0.00
36	0	12	0.00
36	5	12	0.01
36	10	12	0.03
36	15	12	0.05
36	20	12	0.10
36	25	12	0.16
36	30	12	0.22
36	35	12	0.28
36	40	12	0.37
36	45	12	0.44
36	50	12	0.53
36	55	12	0.61
36	60	12	0.69
36	65	12	0.74
36	70	12	0.79
36	75	12	0.81
36	80	12	0.82
36	85	12	0.81
36	90	12	0.79
36	95	12	0.76
36	100	12	0.72
36	105	12	0.69
36	110	12	0.65
36	115	12	0.60
36	120	12	0.56
36	125	12	0.52
36	130	12	0.47
36	135	12	0.42
36	140	12	0.37
36	145	12	0.31
36	150	12	0.23
36	155	12	0.16
36	160	12	0.10
36	165	12	0.06
36	170	12	0.03
36	175	12	0.01
36	180	12	0.00
36	0	13	0.00
36	5	13	0.01
36	10	13	0.03
36	15	13	0.05
36	20	13	0.10
36	25	13	0.15
36	30	13	0.21
36	35	13	0.29
36	40	13	0.38
36	45	13	0.46
36	50	13	0.53
36	55	13	0.60
36	60	13	0.69
36	65	13	0.74
36	70	13	0.80
36	75	13	0.83
36	80	13	0.82
36	85	13	0.82
36	90	13	0.79
36	95	13	0.76
36	100	13	0.73
36	105	13	0.69
36	110	13	0.65
36	115	13	0.61
36	120	13	0.56
36	125	13	0.51
36	130	13	0.47
36	135	13	0.42
36	140	13	0.37
36	145	13	0.30
36	150	13	0.23
36	155	13	0.17
36	160	13	0.11
36	165	13	0.06
36	170	13	0.03
36	175	13	0.01
36	180	13	0.00
36	0	14	0.00
36	5	14	0.01
36	10	14	0.03
36	15	14	0.05
36	20	14	0.09
36	25	14	0.15
36	30	14	0.22
36	35	14	0.28
36	40	14	0.36
36	45	14	0.45
36	50	14	0.55
36	55	14	0.60
36	60	14	0.68
36	65	14	0.74
36	70	14	0.80
36	75	14	0.83
36	80	14	0.83
36	85	14	0.82
36	90	14	0.81
36	95	14	0.77
36	100	14	0.73
36	105	14	0.69
36	110	14	0.65
36	115	14	0.61
36	120	14	0.55
36	125	14	0.51
36	130	14	0.46
36	135	14	0.41
36	140	14	0.36
36	145	14	0.30
36	150	14	0.23
36	155	14	0.16
36	160	14	0.11
36	165	14	0.06
36	170	14	0.03
36	175	14	0.01
36	180	14	0.00
36	0	15	0.00
36	5	15	0.01
36	10	15	0.03
36	15	15	0.06
36	20	15	0.09
36	25	15	0.16
36	30	15	0.21
36	35	15	0.29
36	40	15	0.38
36	45	15	0.44
36	50	15	0.54
36	55	15	0.62
36	60	15	0.68
36	65	15	0.75
36	70	15	0.80
36	75	15	0.84
36	80	15	0.85
36	85	15	0.83
36	90	15	0.81
36	95	15	0.78
36	100	15	0.74
36	105	15	0.70
36	110	15	0.65
36	115	15	0.61
36	120	15	0.55
36	125	15	0.50
36	130	15	0.46
36	135	15	0.41
36	140	15	0.35
36	145	15	0.30
36	150	15	0.23
36	155	15	0.17
36	160	15	0.11
36	165	15	0.06
36	170	15	0.03
36	175	15	0.01
36	180	15	0.00
36	0	16	0.00
36	5	16	0.01
36	10	16	0.03
36	15	16	0.05
36	20	16	0.10
36	25	16	0.14
36	30	16	0.22
36	35	16	0.28
36	40	16	0.36
36	45	16	0.46
36	50	16	0.52
36	55	16	0.61
36	60	16	0.70
36	65	16	0.75
36	70	16	0.80
36	75	16	0.85
36	80	16	0.86
36	85	16	0.84
36	90	16	0.82
36	95	16	0.79
36	100	16	0.75
36	105	16	0.70
36	110	16	0.65
36	115	16	0.61
36	120	16	0.55
36	125	16	0.50
36	130	16	0.45
36	135	16	0.40
36	140	16	0.34
36	145	16	0.30
36	150	16	0.23
36	155	16	0.16
36	160	16	0.11
36	165	16	0.06
36	170	16	0.03
36	175	16	0.01
36	180	16	0.00
36	0	17	0.00
36	5	17	0.01
36	10	17	0.03
36	15	17	0.05
36	20	17	0.10
36	25	17	0.15
36	30	17	0.21
36	35	17	0.29
36	40	17	0.35
36	45	17	0.45
36	50	17	0.51
36	55	17	0.61
36	60	17	0.69
36	65	17	0.75
36	70	17	0.80
36	75	17	0.85
36	80	17	0.87
36	85	17	0.86
36	90	17	0.83
36	95	17	0.80
36	100	17	0.75
36	105	17	0.71
36	110	17	0.65
36	115	17	0.61
36	120	17	0.55
36	125	17	0.49
36	130	17	0.44
36	135	17	0.39
36	140	17	0.34
36	145	17	0.29
36	150	17	0.23
36	155	17	0.16
36	160	17	0.11
36	165	17	0.06
36	170	17	0.03
36	175	17	0.01
36	180	17	0.00
36	0	18	0.00
36	5	18	0.01
36	10	18	0.03
36	15	18	0.05
36	20	18	0.09
36	25	18	0.15
36	30	18	0.21
36	35	18	0.27
36	40	18	0.36
36	45	18	0.44
36	50	18	0.53
36	55	18	0.60
36	60	18	0.68
36	65	18	0.74
36	70	18	0.80
36	75	18	0.85
36	80	18	0.88
36	85	18	0.86
36	90	18	0.84
36	95	18	0.80
36	100	18	0.76
36	105	18	0.71
36	110	18	0.66
36	115	18	0.61
36	120	18	0.55
36	125	18	0.49
36	130	18	0.44
36	135	18	0.39
36	140	18	0.34
36	145	18	0.28
36	150	18	0.23
36	155	18	0.16
36	160	18	0.11
36	165	18	0.06
36	170	18	0.03
36	175	18	0.01
36	180	18	0.00
36	0	19	0.00
36	5	19	0.01
36	10	19	0.04
36	15	19	0.05
36	20	19	0.09
36	25	19	0.14
36	30	19	0.22
36	35	19	0.28
36	40	19	0.35
36	45	19	0.46
36	50	19	0.52
36	55	19	0.62
36	60	19	0.68
36	65	19	0.77
36	70	19	0.80
36	75	19	0.85
36	80	19	0.88
36	85	19	0.87
36	90	19	0.85
36	95	19	0.81
36	100	19	0.77
36	105	19	0.72
36	110	19	0.66
36	115	19	0.60
36	120	19	0.55
36	125	19	0.49
36	130	19	0.43
36	135	19	0.38
36	140	19	0.33
36	145	19	0.28
36	150	19	0.23
36	155	19	0.16
36	160	19	0.11
36	165	19	0.06
36	170	19	0.03
36	175	19	0.01
36	180	19	0.00
36	0	20	0.00
36	5	20	0.01
36	10	20	0.03
36	15	20	0.06
36	20	20	0.10
36	25	20	0.15
36	30	20	0.21
36	35	20	0.29
36	40	20	0.36
36	45	20	0.44
36	50	20	0.53
36	55	20	0.61
36	60	20	0.67
36	65	20	0.76
36	70	20	0.80
36	75	20	0.85
36	80	20	0.87
36	85	20	0.88
36	90	20	0.86
36	95	20	0.82
36	100	20	0.78
36	105	20	0.73
36	110	20	0.67
36	115	20	0.61
36	120	20	0.55
36	125	20	0.49
36	130	20	0.43
36	135	20	0.38
36	140	20	0.32
36	145	20	0.27
36	150	20	0.22
36	155	20	0.16
36	160	20	0.11
36	165	20	0.06
36	170	20	0.03
36	175	20	0.01
36	180	20	0.00
37	0	5	0.00
37	5	5	0.01
37	10	5	0.03
37	15	5	0.06
37	20	5	0.11
37	25	5	0.16
37	30	5	0.24
37	35	5	0.31
37	40	5	0.38
37	45	5	0.48
37	50	5	0.58
37	55	5	0.64
37	60	5	0.72
37	65	5	0.76
37	70	5	0.78
37	75	5	0.80
37	80	5	0.80
37	85	5	0.79
37	90	5	0.78
37	95	5	0.77
37	100	5	0.76
37	105	5	0.73
37	110	5	0.71
37	115	5	0.68
37	120	5	0.65
37	125	5	0.61
37	130	5	0.55
37	135	5	0.48
37	140	5	0.41
37	145	5	0.33
37	150	5	0.24
37	155	5	0.17
37	160	5	0.11
37	165	5	0.06
37	170	5	0.03
37	175	5	0.01
37	180	5	0.00
37	0	6	0.00
37	5	6	0.01
37	10	6	0.03
37	15	6	0.06
37	20	6	0.10
37	25	6	0.17
37	30	6	0.23
37	35	6	0.31
37	40	6	0.40
37	45	6	0.48
37	50	6	0.58
37	55	6	0.64
37	60	6	0.73
37	65	6	0.77
37	70	6	0.79
37	75	6	0.80
37	80	6	0.81
37	85	6	0.80
37	90	6	0.79
37	95	6	0.77
37	100	6	0.76
37	105	6	0.73
37	110	6	0.70
37	115	6	0.67
37	120	6	0.64
37	125	6	0.59
37	130	6	0.55
37	135	6	0.48
37	140	6	0.41
37	145	6	0.32
37	150	6	0.24
37	155	6	0.17
37	160	6	0.11
37	165	6	0.06
37	170	6	0.03
37	175	6	0.01
37	180	6	0.00
37	0	7	0.00
37	5	7	0.01
37	10	7	0.03
37	15	7	0.06
37	20	7	0.11
37	25	7	0.16
37	30	7	0.23
37	35	7	0.32
37	40	7	0.39
37	45	7	0.48
37	50	7	0.57
37	55	7	0.65
37	60	7	0.71
37	65	7	0.78
37	70	7	0.81
37	75	7	0.81
37	80	7	0.82
37	85	7	0.81
37	90	7	0.79
37	95	7	0.77
37	100	7	0.76
37	105	7	0.73
37	110	7	0.70
37	115	7	0.67
37	120	7	0.63
37	125	7	0.59
37	130	7	0.54
37	135	7	0.48
37	140	7	0.40
37	145	7	0.32
37	150	7	0.24
37	155	7	0.18
37	160	7	0.11
37	165	7	0.06
37	170	7	0.03
37	175	7	0.01
37	180	7	0.00
37	0	8	0.00
37	5	8	0.01
37	10	8	0.03
37	15	8	0.05
37	20	8	0.10
37	25	8	0.17
37	30	8	0.24
37	35	8	0.31
37	40	8	0.38
37	45	8	0.47
37	50	8	0.57
37	55	8	0.65
37	60	8	0.71
37	65	8	0.79
37	70	8	0.81
37	75	8	0.83
37	80	8	0.82
37	85	8	0.81
37	90	8	0.80
37	95	8	0.78
37	100	8	0.76
37	105	8	0.73
37	110	8	0.69
37	115	8	0.66
37	120	8	0.62
37	125	8	0.58
37	130	8	0.53
37	135	8	0.47
37	140	8	0.40
37	145	8	0.33
37	150	8	0.25
37	155	8	0.17
37	160	8	0.11
37	165	8	0.06
37	170	8	0.03
37	175	8	0.01
37	180	8	0.00
37	0	9	0.00
37	5	9	0.01
37	10	9	0.03
37	15	9	0.06
37	20	9	0.10
37	25	9	0.16
37	30	9	0.23
37	35	9	0.30
37	40	9	0.38
37	45	9	0.49
37	50	9	0.56
37	55	9	0.65
37	60	9	0.71
37	65	9	0.79
37	70	9	0.82
37	75	9	0.84
37	80	9	0.83
37	85	9	0.83
37	90	9	0.80
37	95	9	0.78
37	100	9	0.76
37	105	9	0.73
37	110	9	0.69
37	115	9	0.65
37	120	9	0.61
37	125	9	0.57
37	130	9	0.52
37	135	9	0.48
37	140	9	0.40
37	145	9	0.32
37	150	9	0.25
37	155	9	0.18
37	160	9	0.11
37	165	9	0.07
37	170	9	0.03
37	175	9	0.01
37	180	9	0.00
37	0	10	0.00
37	5	10	0.01
37	10	10	0.03
37	15	10	0.06
37	20	10	0.11
37	25	10	0.17
37	30	10	0.24
37	35	10	0.31
37	40	10	0.39
37	45	10	0.48
37	50	10	0.56
37	55	10	0.65
37	60	10	0.71
37	65	10	0.80
37	70	10	0.83
37	75	10	0.84
37	80	10	0.85
37	85	10	0.83
37	90	10	0.81
37	95	10	0.79
37	100	10	0.76
37	105	10	0.73
37	110	10	0.69
37	115	10	0.65
37	120	10	0.61
37	125	10	0.57
37	130	10	0.52
37	135	10	0.46
37	140	10	0.39
37	145	10	0.32
37	150	10	0.25
37	155	10	0.18
37	160	10	0.11
37	165	10	0.06
37	170	10	0.03
37	175	10	0.01
37	180	10	0.00
37	0	11	0.00
37	5	11	0.01
37	10	11	0.03
37	15	11	0.06
37	20	11	0.10
37	25	11	0.16
37	30	11	0.22
37	35	11	0.30
37	40	11	0.39
37	45	11	0.47
37	50	11	0.56
37	55	11	0.64
37	60	11	0.72
37	65	11	0.80
37	70	11	0.84
37	75	11	0.85
37	80	11	0.85
37	85	11	0.84
37	90	11	0.82
37	95	11	0.79
37	100	11	0.76
37	105	11	0.73
37	110	11	0.69
37	115	11	0.64
37	120	11	0.60
37	125	11	0.56
37	130	11	0.51
37	135	11	0.46
37	140	11	0.40
37	145	11	0.33
37	150	11	0.24
37	155	11	0.18
37	160	11	0.11
37	165	11	0.06
37	170	11	0.03
37	175	11	0.01
37	180	11	0.00
37	0	12	0.00
37	5	12	0.01
37	10	12	0.03
37	15	12	0.05
37	20	12	0.10
37	25	12	0.17
37	30	12	0.23
37	35	12	0.31
37	40	12	0.40
37	45	12	0.46
37	50	12	0.56
37	55	12	0.64
37	60	12	0.72
37	65	12	0.80
37	70	12	0.85
37	75	12	0.86
37	80	12	0.86
37	85	12	0.85
37	90	12	0.83
37	95	12	0.80
37	100	12	0.76
37	105	12	0.73
37	110	12	0.69
37	115	12	0.64
37	120	12	0.60
37	125	12	0.55
37	130	12	0.50
37	135	12	0.45
37	140	12	0.40
37	145	12	0.32
37	150	12	0.25
37	155	12	0.17
37	160	12	0.11
37	165	12	0.06
37	170	12	0.03
37	175	12	0.01
37	180	12	0.00
37	0	13	0.00
37	5	13	0.01
37	10	13	0.03
37	15	13	0.05
37	20	13	0.10
37	25	13	0.17
37	30	13	0.22
37	35	13	0.30
37	40	13	0.40
37	45	13	0.48
37	50	13	0.57
37	55	13	0.66
37	60	13	0.72
37	65	13	0.80
37	70	13	0.85
37	75	13	0.88
37	80	13	0.87
37	85	13	0.86
37	90	13	0.84
37	95	13	0.80
37	100	13	0.77
37	105	13	0.73
37	110	13	0.69
37	115	13	0.64
37	120	13	0.59
37	125	13	0.54
37	130	13	0.50
37	135	13	0.44
37	140	13	0.39
37	145	13	0.32
37	150	13	0.24
37	155	13	0.17
37	160	13	0.11
37	165	13	0.06
37	170	13	0.03
37	175	13	0.01
37	180	13	0.00
37	0	14	0.00
37	5	14	0.01
37	10	14	0.03
37	15	14	0.06
37	20	14	0.11
37	25	14	0.16
37	30	14	0.23
37	35	14	0.31
37	40	14	0.38
37	45	14	0.47
37	50	14	0.57
37	55	14	0.65
37	60	14	0.74
37	65	14	0.80
37	70	14	0.86
37	75	14	0.89
37	80	14	0.88
37	85	14	0.87
37	90	14	0.85
37	95	14	0.81
37	100	14	0.77
37	105	14	0.73
37	110	14	0.69
37	115	14	0.64
37	120	14	0.59
37	125	14	0.54
37	130	14	0.49
37	135	14	0.44
37	140	14	0.38
37	145	14	0.31
37	150	14	0.25
37	155	14	0.18
37	160	14	0.11
37	165	14	0.06
37	170	14	0.03
37	175	14	0.01
37	180	14	0.00
37	0	15	0.00
37	5	15	0.01
37	10	15	0.03
37	15	15	0.06
37	20	15	0.10
37	25	15	0.17
37	30	15	0.22
37	35	15	0.30
37	40	15	0.39
37	45	15	0.46
37	50	15	0.56
37	55	15	0.64
37	60	15	0.74
37	65	15	0.80
37	70	15	0.86
37	75	15	0.88
37	80	15	0.89
37	85	15	0.88
37	90	15	0.86
37	95	15	0.82
37	100	15	0.78
37	105	15	0.73
37	110	15	0.69
37	115	15	0.64
37	120	15	0.58
37	125	15	0.53
37	130	15	0.48
37	135	15	0.43
37	140	15	0.38
37	145	15	0.31
37	150	15	0.24
37	155	15	0.18
37	160	15	0.12
37	165	15	0.06
37	170	15	0.03
37	175	15	0.01
37	180	15	0.00
37	0	16	0.00
37	5	16	0.01
37	10	16	0.03
37	15	16	0.05
37	20	16	0.10
37	25	16	0.17
37	30	16	0.22
37	35	16	0.32
37	40	16	0.38
37	45	16	0.48
37	50	16	0.55
37	55	16	0.64
37	60	16	0.73
37	65	16	0.80
37	70	16	0.86
37	75	16	0.88
37	80	16	0.90
37	85	16	0.88
37	90	16	0.87
37	95	16	0.83
37	100	16	0.78
37	105	16	0.74
37	110	16	0.69
37	115	16	0.64
37	120	16	0.59
37	125	16	0.53
37	130	16	0.48
37	135	16	0.43
37	140	16	0.37
37	145	16	0.31
37	150	16	0.24
37	155	16	0.18
37	160	16	0.11
37	165	16	0.07
37	170	16	0.03
37	175	16	0.01
37	180	16	0.00
37	0	17	0.00
37	5	17	0.01
37	10	17	0.03
37	15	17	0.05
37	20	17	0.10
37	25	17	0.15
37	30	17	0.23
37	35	17	0.30
37	40	17	0.39
37	45	17	0.47
37	50	17	0.56
37	55	17	0.63
37	60	17	0.72
37	65	17	0.80
37	70	17	0.86
37	75	17	0.89
37	80	17	0.91
37	85	17	0.90
37	90	17	0.87
37	95	17	0.84
37	100	17	0.79
37	105	17	0.74
37	110	17	0.69
37	115	17	0.64
37	120	17	0.58
37	125	17	0.52
37	130	17	0.47
37	135	17	0.42
37	140	17	0.36
37	145	17	0.31
37	150	17	0.24
37	155	17	0.17
37	160	17	0.11
37	165	17	0.06
37	170	17	0.03
37	175	17	0.01
37	180	17	0.00
37	0	18	0.00
37	5	18	0.01
37	10	18	0.04
37	15	18	0.05
37	20	18	0.09
37	25	18	0.16
37	30	18	0.22
37	35	18	0.31
37	40	18	0.37
37	45	18	0.48
37	50	18	0.55
37	55	18	0.66
37	60	18	0.71
37	65	18	0.80
37	70	18	0.86
37	75	18	0.89
37	80	18	0.92
37	85	18	0.90
37	90	18	0.88
37	95	18	0.85
37	100	18	0.80
37	105	18	0.75
37	110	18	0.69
37	115	18	0.64
37	120	18	0.58
37	125	18	0.52
37	130	18	0.47
37	135	18	0.41
37	140	18	0.35
37	145	18	0.30
37	150	18	0.24
37	155	18	0.17
37	160	18	0.11
37	165	18	0.06
37	170	18	0.03
37	175	18	0.01
37	180	18	0.00
37	0	19	0.00
37	5	19	0.01
37	10	19	0.04
37	15	19	0.06
37	20	19	0.10
37	25	19	0.17
37	30	19	0.23
37	35	19	0.29
37	40	19	0.39
37	45	19	0.47
37	50	19	0.57
37	55	19	0.65
37	60	19	0.73
37	65	19	0.80
37	70	19	0.86
37	75	19	0.89
37	80	19	0.92
37	85	19	0.92
37	90	19	0.89
37	95	19	0.86
37	100	19	0.81
37	105	19	0.75
37	110	19	0.70
37	115	19	0.64
37	120	19	0.58
37	125	19	0.52
37	130	19	0.46
37	135	19	0.41
37	140	19	0.35
37	145	19	0.30
37	150	19	0.24
37	155	19	0.17
37	160	19	0.12
37	165	19	0.06
37	170	19	0.03
37	175	19	0.01
37	180	19	0.00
37	0	20	0.00
37	5	20	0.01
37	10	20	0.03
37	15	20	0.06
37	20	20	0.10
37	25	20	0.15
37	30	20	0.24
37	35	20	0.30
37	40	20	0.38
37	45	20	0.49
37	50	20	0.55
37	55	20	0.64
37	60	20	0.72
37	65	20	0.79
37	70	20	0.86
37	75	20	0.88
37	80	20	0.93
37	85	20	0.93
37	90	20	0.90
37	95	20	0.87
37	100	20	0.82
37	105	20	0.76
37	110	20	0.70
37	115	20	0.64
37	120	20	0.58
37	125	20	0.52
37	130	20	0.46
37	135	20	0.40
37	140	20	0.35
37	145	20	0.29
37	150	20	0.24
37	155	20	0.17
37	160	20	0.12
37	165	20	0.06
37	170	20	0.03
37	175	20	0.01
37	180	20	0.00
38	0	5	0.00
38	5	5	0.01
38	10	5	0.03
38	15	5	0.06
38	20	5	0.12
38	25	5	0.17
38	30	5	0.25
38	35	5	0.33
38	40	5	0.43
38	45	5	0.50
38	50	5	0.61
38	55	5	0.67
38	60	5	0.76
38	65	5	0.81
38	70	5	0.82
38	75	5	0.84
38	80	5	0.84
38	85	5	0.84
38	90	5	0.82
38	95	5	0.82
38	100	5	0.80
38	105	5	0.77
38	110	5	0.75
38	115	5	0.72
38	120	5	0.68
38	125	5	0.64
38	130	5	0.59
38	135	5	0.51
38	140	5	0.42
38	145	5	0.35
38	150	5	0.25
38	155	5	0.18
38	160	5	0.12
38	165	5	0.07
38	170	5	0.03
38	175	5	0.01
38	180	5	0.00
38	0	6	0.00
38	5	6	0.01
38	10	6	0.03
38	15	6	0.06
38	20	6	0.11
38	25	6	0.17
38	30	6	0.24
38	35	6	0.32
38	40	6	0.42
38	45	6	0.50
38	50	6	0.61
38	55	6	0.67
38	60	6	0.76
38	65	6	0.81
38	70	6	0.84
38	75	6	0.85
38	80	6	0.85
38	85	6	0.84
38	90	6	0.83
38	95	6	0.82
38	100	6	0.80
38	105	6	0.77
38	110	6	0.74
38	115	6	0.71
38	120	6	0.67
38	125	6	0.63
38	130	6	0.58
38	135	6	0.51
38	140	6	0.43
38	145	6	0.34
38	150	6	0.25
38	155	6	0.18
38	160	6	0.12
38	165	6	0.07
38	170	6	0.03
38	175	6	0.01
38	180	6	0.00
38	0	7	0.00
38	5	7	0.01
38	10	7	0.03
38	15	7	0.06
38	20	7	0.11
38	25	7	0.17
38	30	7	0.24
38	35	7	0.34
38	40	7	0.41
38	45	7	0.50
38	50	7	0.60
38	55	7	0.68
38	60	7	0.77
38	65	7	0.82
38	70	7	0.85
38	75	7	0.85
38	80	7	0.86
38	85	7	0.85
38	90	7	0.84
38	95	7	0.82
38	100	7	0.80
38	105	7	0.77
38	110	7	0.73
38	115	7	0.70
38	120	7	0.67
38	125	7	0.62
38	130	7	0.57
38	135	7	0.51
38	140	7	0.43
38	145	7	0.34
38	150	7	0.25
38	155	7	0.18
38	160	7	0.11
38	165	7	0.06
38	170	7	0.03
38	175	7	0.01
38	180	7	0.00
38	0	8	0.00
38	5	8	0.01
38	10	8	0.03
38	15	8	0.06
38	20	8	0.11
38	25	8	0.17
38	30	8	0.25
38	35	8	0.32
38	40	8	0.40
38	45	8	0.52
38	50	8	0.60
38	55	8	0.68
38	60	8	0.77
38	65	8	0.82
38	70	8	0.86
38	75	8	0.87
38	80	8	0.87
38	85	8	0.86
38	90	8	0.84
38	95	8	0.82
38	100	8	0.80
38	105	8	0.77
38	110	8	0.73
38	115	8	0.70
38	120	8	0.66
38	125	8	0.61
38	130	8	0.57
38	135	8	0.50
38	140	8	0.42
38	145	8	0.34
38	150	8	0.25
38	155	8	0.18
38	160	8	0.12
38	165	8	0.07
38	170	8	0.03
38	175	8	0.01
38	180	8	0.00
38	0	9	0.00
38	5	9	0.01
38	10	9	0.03
38	15	9	0.06
38	20	9	0.11
38	25	9	0.17
38	30	9	0.24
38	35	9	0.34
38	40	9	0.42
38	45	9	0.51
38	50	9	0.59
38	55	9	0.68
38	60	9	0.77
38	65	9	0.83
38	70	9	0.86
38	75	9	0.88
38	80	9	0.88
38	85	9	0.87
38	90	9	0.85
38	95	9	0.82
38	100	9	0.80
38	105	9	0.77
38	110	9	0.73
38	115	9	0.69
38	120	9	0.65
38	125	9	0.61
38	130	9	0.56
38	135	9	0.50
38	140	9	0.43
38	145	9	0.34
38	150	9	0.25
38	155	9	0.18
38	160	9	0.12
38	165	9	0.07
38	170	9	0.03
38	175	9	0.01
38	180	9	0.00
38	0	10	0.00
38	5	10	0.01
38	10	10	0.03
38	15	10	0.06
38	20	10	0.11
38	25	10	0.17
38	30	10	0.25
38	35	10	0.32
38	40	10	0.41
38	45	10	0.51
38	50	10	0.59
38	55	10	0.68
38	60	10	0.77
38	65	10	0.83
38	70	10	0.87
38	75	10	0.89
38	80	10	0.89
38	85	10	0.88
38	90	10	0.85
38	95	10	0.83
38	100	10	0.80
38	105	10	0.77
38	110	10	0.73
38	115	10	0.68
38	120	10	0.64
38	125	10	0.60
38	130	10	0.55
38	135	10	0.49
38	140	10	0.42
38	145	10	0.34
38	150	10	0.26
38	155	10	0.18
38	160	10	0.12
38	165	10	0.07
38	170	10	0.03
38	175	10	0.01
38	180	10	0.00
38	0	11	0.00
38	5	11	0.01
38	10	11	0.03
38	15	11	0.06
38	20	11	0.11
38	25	11	0.17
38	30	11	0.23
38	35	11	0.31
38	40	11	0.40
38	45	11	0.49
38	50	11	0.58
38	55	11	0.70
38	60	11	0.77
38	65	11	0.84
38	70	11	0.88
38	75	11	0.89
38	80	11	0.90
38	85	11	0.89
38	90	11	0.86
38	95	11	0.83
38	100	11	0.80
38	105	11	0.77
38	110	11	0.73
38	115	11	0.68
38	120	11	0.64
38	125	11	0.59
38	130	11	0.54
38	135	11	0.48
38	140	11	0.41
38	145	11	0.34
38	150	11	0.26
38	155	11	0.18
38	160	11	0.12
38	165	11	0.07
38	170	11	0.03
38	175	11	0.01
38	180	11	0.00
38	0	12	0.00
38	5	12	0.01
38	10	12	0.03
38	15	12	0.05
38	20	12	0.10
38	25	12	0.17
38	30	12	0.24
38	35	12	0.32
38	40	12	0.42
38	45	12	0.51
38	50	12	0.60
38	55	12	0.69
38	60	12	0.77
38	65	12	0.84
38	70	12	0.89
38	75	12	0.90
38	80	12	0.91
38	85	12	0.89
38	90	12	0.87
38	95	12	0.84
38	100	12	0.80
38	105	12	0.77
38	110	12	0.73
38	115	12	0.67
38	120	12	0.63
38	125	12	0.59
38	130	12	0.53
38	135	12	0.48
38	140	12	0.42
38	145	12	0.34
38	150	12	0.26
38	155	12	0.19
38	160	12	0.12
38	165	12	0.07
38	170	12	0.03
38	175	12	0.01
38	180	12	0.00
38	0	13	0.00
38	5	13	0.01
38	10	13	0.03
38	15	13	0.06
38	20	13	0.11
38	25	13	0.18
38	30	13	0.23
38	35	13	0.31
38	40	13	0.41
38	45	13	0.50
38	50	13	0.60
38	55	13	0.69
38	60	13	0.77
38	65	13	0.83
38	70	13	0.89
38	75	13	0.92
38	80	13	0.91
38	85	13	0.91
38	90	13	0.88
38	95	13	0.85
38	100	13	0.81
38	105	13	0.77
38	110	13	0.73
38	115	13	0.68
38	120	13	0.63
38	125	13	0.58
38	130	13	0.53
38	135	13	0.47
38	140	13	0.42
38	145	13	0.34
38	150	13	0.26
38	155	13	0.18
38	160	13	0.12
38	165	13	0.07
38	170	13	0.03
38	175	13	0.01
38	180	13	0.00
38	0	14	0.00
38	5	14	0.01
38	10	14	0.03
38	15	14	0.06
38	20	14	0.11
38	25	14	0.17
38	30	14	0.23
38	35	14	0.33
38	40	14	0.43
38	45	14	0.49
38	50	14	0.59
38	55	14	0.68
38	60	14	0.77
38	65	14	0.83
38	70	14	0.90
38	75	14	0.93
38	80	14	0.93
38	85	14	0.91
38	90	14	0.89
38	95	14	0.85
38	100	14	0.81
38	105	14	0.77
38	110	14	0.73
38	115	14	0.68
38	120	14	0.62
38	125	14	0.57
38	130	14	0.52
38	135	14	0.46
38	140	14	0.40
38	145	14	0.34
38	150	14	0.26
38	155	14	0.18
38	160	14	0.12
38	165	14	0.06
38	170	14	0.03
38	175	14	0.01
38	180	14	0.00
38	0	15	0.00
38	5	15	0.01
38	10	15	0.03
38	15	15	0.06
38	20	15	0.10
38	25	15	0.17
38	30	15	0.24
38	35	15	0.32
38	40	15	0.41
38	45	15	0.50
38	50	15	0.58
38	55	15	0.67
38	60	15	0.77
38	65	15	0.83
38	70	15	0.90
38	75	15	0.93
38	80	15	0.93
38	85	15	0.92
38	90	15	0.90
38	95	15	0.86
38	100	15	0.82
38	105	15	0.77
38	110	15	0.73
38	115	15	0.68
38	120	15	0.62
38	125	15	0.57
38	130	15	0.51
38	135	15	0.46
38	140	15	0.40
38	145	15	0.34
38	150	15	0.26
38	155	15	0.19
38	160	15	0.12
38	165	15	0.06
38	170	15	0.03
38	175	15	0.01
38	180	15	0.00
38	0	16	0.00
38	5	16	0.01
38	10	16	0.03
38	15	16	0.06
38	20	16	0.11
38	25	16	0.18
38	30	16	0.23
38	35	16	0.33
38	40	16	0.39
38	45	16	0.50
38	50	16	0.60
38	55	16	0.67
38	60	16	0.76
38	65	16	0.84
38	70	16	0.90
38	75	16	0.94
38	80	16	0.95
38	85	16	0.93
38	90	16	0.91
38	95	16	0.87
38	100	16	0.83
38	105	16	0.77
38	110	16	0.73
38	115	16	0.68
38	120	16	0.62
38	125	16	0.56
38	130	16	0.51
38	135	16	0.45
38	140	16	0.39
38	145	16	0.33
38	150	16	0.26
38	155	16	0.19
38	160	16	0.12
38	165	16	0.07
38	170	16	0.03
38	175	16	0.01
38	180	16	0.00
38	0	17	0.00
38	5	17	0.01
38	10	17	0.04
38	15	17	0.05
38	20	17	0.11
38	25	17	0.16
38	30	17	0.24
38	35	17	0.32
38	40	17	0.40
38	45	17	0.49
38	50	17	0.59
38	55	17	0.69
38	60	17	0.75
38	65	17	0.84
38	70	17	0.89
38	75	17	0.95
38	80	17	0.96
38	85	17	0.94
38	90	17	0.92
38	95	17	0.88
38	100	17	0.83
38	105	17	0.78
38	110	17	0.73
38	115	17	0.68
38	120	17	0.62
38	125	17	0.56
38	130	17	0.50
38	135	17	0.44
38	140	17	0.39
38	145	17	0.33
38	150	17	0.26
38	155	17	0.19
38	160	17	0.12
38	165	17	0.07
38	170	17	0.03
38	175	17	0.01
38	180	17	0.00
38	0	18	0.00
38	5	18	0.01
38	10	18	0.04
38	15	18	0.06
38	20	18	0.11
38	25	18	0.17
38	30	18	0.23
38	35	18	0.33
38	40	18	0.39
38	45	18	0.50
38	50	18	0.57
38	55	18	0.68
38	60	18	0.77
38	65	18	0.83
38	70	18	0.89
38	75	18	0.95
38	80	18	0.97
38	85	18	0.96
38	90	18	0.93
38	95	18	0.89
38	100	18	0.84
38	105	18	0.79
38	110	18	0.73
38	115	18	0.68
38	120	18	0.62
38	125	18	0.55
38	130	18	0.49
38	135	18	0.44
38	140	18	0.38
38	145	18	0.32
38	150	18	0.25
38	155	18	0.18
38	160	18	0.12
38	165	18	0.07
38	170	18	0.03
38	175	18	0.01
38	180	18	0.00
38	0	19	0.00
38	5	19	0.01
38	10	19	0.04
38	15	19	0.06
38	20	19	0.10
38	25	19	0.17
38	30	19	0.24
38	35	19	0.30
38	40	19	0.40
38	45	19	0.49
38	50	19	0.59
38	55	19	0.67
38	60	19	0.76
38	65	19	0.83
38	70	19	0.89
38	75	19	0.95
38	80	19	0.98
38	85	19	0.96
38	90	19	0.93
38	95	19	0.89
38	100	19	0.85
38	105	19	0.79
38	110	19	0.73
38	115	19	0.67
38	120	19	0.62
38	125	19	0.55
38	130	19	0.49
38	135	19	0.43
38	140	19	0.37
38	145	19	0.31
38	150	19	0.25
38	155	19	0.18
38	160	19	0.12
38	165	19	0.07
38	170	19	0.03
38	175	19	0.01
38	180	19	0.00
38	0	20	0.00
38	5	20	0.01
38	10	20	0.04
38	15	20	0.06
38	20	20	0.10
38	25	20	0.16
38	30	20	0.25
38	35	20	0.32
38	40	20	0.39
38	45	20	0.51
38	50	20	0.57
38	55	20	0.70
38	60	20	0.75
38	65	20	0.85
38	70	20	0.89
38	75	20	0.95
38	80	20	0.99
38	85	20	0.97
38	90	20	0.94
38	95	20	0.91
38	100	20	0.86
38	105	20	0.80
38	110	20	0.74
38	115	20	0.67
38	120	20	0.62
38	125	20	0.55
38	130	20	0.48
38	135	20	0.43
38	140	20	0.37
38	145	20	0.31
38	150	20	0.25
38	155	20	0.18
38	160	20	0.12
38	165	20	0.07
38	170	20	0.03
38	175	20	0.01
38	180	20	0.00
39	0	5	0.00
39	5	5	0.01
39	10	5	0.03
39	15	5	0.06
39	20	5	0.12
39	25	5	0.17
39	30	5	0.26
39	35	5	0.34
39	40	5	0.45
39	45	5	0.53
39	50	5	0.64
39	55	5	0.70
39	60	5	0.80
39	65	5	0.85
39	70	5	0.87
39	75	5	0.88
39	80	5	0.89
39	85	5	0.88
39	90	5	0.87
39	95	5	0.86
39	100	5	0.84
39	105	5	0.81
39	110	5	0.79
39	115	5	0.76
39	120	5	0.72
39	125	5	0.67
39	130	5	0.62
39	135	5	0.54
39	140	5	0.44
39	145	5	0.37
39	150	5	0.27
39	155	5	0.20
39	160	5	0.13
39	165	5	0.07
39	170	5	0.03
39	175	5	0.01
39	180	5	0.00
39	0	6	0.00
39	5	6	0.01
39	10	6	0.03
39	15	6	0.06
39	20	6	0.11
39	25	6	0.18
39	30	6	0.25
39	35	6	0.36
39	40	6	0.44
39	45	6	0.52
39	50	6	0.64
39	55	6	0.71
39	60	6	0.80
39	65	6	0.86
39	70	6	0.88
39	75	6	0.89
39	80	6	0.90
39	85	6	0.89
39	90	6	0.87
39	95	6	0.86
39	100	6	0.84
39	105	6	0.81
39	110	6	0.78
39	115	6	0.75
39	120	6	0.71
39	125	6	0.67
39	130	6	0.61
39	135	6	0.54
39	140	6	0.44
39	145	6	0.36
39	150	6	0.27
39	155	6	0.19
39	160	6	0.13
39	165	6	0.07
39	170	6	0.03
39	175	6	0.01
39	180	6	0.00
39	0	7	0.00
39	5	7	0.01
39	10	7	0.03
39	15	7	0.07
39	20	7	0.12
39	25	7	0.18
39	30	7	0.26
39	35	7	0.35
39	40	7	0.43
39	45	7	0.54
39	50	7	0.63
39	55	7	0.71
39	60	7	0.80
39	65	7	0.86
39	70	7	0.89
39	75	7	0.91
39	80	7	0.90
39	85	7	0.89
39	90	7	0.88
39	95	7	0.86
39	100	7	0.84
39	105	7	0.81
39	110	7	0.77
39	115	7	0.74
39	120	7	0.71
39	125	7	0.66
39	130	7	0.61
39	135	7	0.53
39	140	7	0.46
39	145	7	0.36
39	150	7	0.27
39	155	7	0.19
39	160	7	0.12
39	165	7	0.07
39	170	7	0.03
39	175	7	0.01
39	180	7	0.00
39	0	8	0.00
39	5	8	0.01
39	10	8	0.03
39	15	8	0.06
39	20	8	0.12
39	25	8	0.18
39	30	8	0.26
39	35	8	0.34
39	40	8	0.42
39	45	8	0.54
39	50	8	0.62
39	55	8	0.71
39	60	8	0.80
39	65	8	0.86
39	70	8	0.90
39	75	8	0.91
39	80	8	0.92
39	85	8	0.90
39	90	8	0.88
39	95	8	0.86
39	100	8	0.84
39	105	8	0.81
39	110	8	0.77
39	115	8	0.74
39	120	8	0.69
39	125	8	0.65
39	130	8	0.59
39	135	8	0.54
39	140	8	0.45
39	145	8	0.36
39	150	8	0.27
39	155	8	0.19
39	160	8	0.12
39	165	8	0.07
39	170	8	0.03
39	175	8	0.01
39	180	8	0.00
39	0	9	0.00
39	5	9	0.01
39	10	9	0.03
39	15	9	0.06
39	20	9	0.11
39	25	9	0.18
39	30	9	0.27
39	35	9	0.35
39	40	9	0.43
39	45	9	0.54
39	50	9	0.62
39	55	9	0.73
39	60	9	0.80
39	65	9	0.87
39	70	9	0.91
39	75	9	0.92
39	80	9	0.93
39	85	9	0.91
39	90	9	0.89
39	95	9	0.87
39	100	9	0.84
39	105	9	0.81
39	110	9	0.76
39	115	9	0.73
39	120	9	0.69
39	125	9	0.64
39	130	9	0.59
39	135	9	0.53
39	140	9	0.44
39	145	9	0.35
39	150	9	0.27
39	155	9	0.19
39	160	9	0.13
39	165	9	0.07
39	170	9	0.03
39	175	9	0.01
39	180	9	0.00
39	0	10	0.00
39	5	10	0.01
39	10	10	0.03
39	15	10	0.06
39	20	10	0.11
39	25	10	0.18
39	30	10	0.26
39	35	10	0.33
39	40	10	0.43
39	45	10	0.53
39	50	10	0.61
39	55	10	0.73
39	60	10	0.80
39	65	10	0.87
39	70	10	0.93
39	75	10	0.93
39	80	10	0.93
39	85	10	0.92
39	90	10	0.90
39	95	10	0.87
39	100	10	0.84
39	105	10	0.81
39	110	10	0.77
39	115	10	0.72
39	120	10	0.68
39	125	10	0.63
39	130	10	0.58
39	135	10	0.52
39	140	10	0.45
39	145	10	0.36
39	150	10	0.27
39	155	10	0.19
39	160	10	0.13
39	165	10	0.07
39	170	10	0.03
39	175	10	0.01
39	180	10	0.00
39	0	11	0.00
39	5	11	0.01
39	10	11	0.03
39	15	11	0.07
39	20	11	0.12
39	25	11	0.19
39	30	11	0.27
39	35	11	0.35
39	40	11	0.44
39	45	11	0.55
39	50	11	0.63
39	55	11	0.73
39	60	11	0.80
39	65	11	0.87
39	70	11	0.92
39	75	11	0.95
39	80	11	0.94
39	85	11	0.93
39	90	11	0.91
39	95	11	0.88
39	100	11	0.84
39	105	11	0.81
39	110	11	0.77
39	115	11	0.72
39	120	11	0.67
39	125	11	0.63
39	130	11	0.57
39	135	11	0.52
39	140	11	0.44
39	145	11	0.36
39	150	11	0.28
39	155	11	0.19
39	160	11	0.12
39	165	11	0.07
39	170	11	0.03
39	175	11	0.01
39	180	11	0.00
39	0	12	0.00
39	5	12	0.01
39	10	12	0.04
39	15	12	0.06
39	20	12	0.11
39	25	12	0.18
39	30	12	0.25
39	35	12	0.34
39	40	12	0.44
39	45	12	0.53
39	50	12	0.63
39	55	12	0.72
39	60	12	0.80
39	65	12	0.87
39	70	12	0.93
39	75	12	0.95
39	80	12	0.95
39	85	12	0.94
39	90	12	0.91
39	95	12	0.88
39	100	12	0.84
39	105	12	0.81
39	110	12	0.77
39	115	12	0.71
39	120	12	0.67
39	125	12	0.62
39	130	12	0.56
39	135	12	0.51
39	140	12	0.44
39	145	12	0.36
39	150	12	0.27
39	155	12	0.19
39	160	12	0.12
39	165	12	0.07
39	170	12	0.03
39	175	12	0.01
39	180	12	0.00
39	0	13	0.00
39	5	13	0.01
39	10	13	0.04
39	15	13	0.06
39	20	13	0.11
39	25	13	0.19
39	30	13	0.26
39	35	13	0.33
39	40	13	0.43
39	45	13	0.52
39	50	13	0.62
39	55	13	0.71
39	60	13	0.81
39	65	13	0.87
39	70	13	0.93
39	75	13	0.96
39	80	13	0.96
39	85	13	0.95
39	90	13	0.93
39	95	13	0.89
39	100	13	0.85
39	105	13	0.81
39	110	13	0.77
39	115	13	0.71
39	120	13	0.66
39	125	13	0.61
39	130	13	0.56
39	135	13	0.50
39	140	13	0.44
39	145	13	0.36
39	150	13	0.27
39	155	13	0.19
39	160	13	0.12
39	165	13	0.07
39	170	13	0.03
39	175	13	0.01
39	180	13	0.00
39	0	14	0.00
39	5	14	0.01
39	10	14	0.03
39	15	14	0.06
39	20	14	0.12
39	25	14	0.17
39	30	14	0.24
39	35	14	0.34
39	40	14	0.44
39	45	14	0.53
39	50	14	0.62
39	55	14	0.70
39	60	14	0.80
39	65	14	0.87
39	70	14	0.94
39	75	14	0.97
39	80	14	0.97
39	85	14	0.96
39	90	14	0.93
39	95	14	0.90
39	100	14	0.85
39	105	14	0.81
39	110	14	0.77
39	115	14	0.71
39	120	14	0.66
39	125	14	0.60
39	130	14	0.55
39	135	14	0.49
39	140	14	0.43
39	145	14	0.35
39	150	14	0.27
39	155	14	0.20
39	160	14	0.12
39	165	14	0.07
39	170	14	0.03
39	175	14	0.01
39	180	14	0.00
39	0	15	0.00
39	5	15	0.01
39	10	15	0.03
39	15	15	0.06
39	20	15	0.11
39	25	15	0.18
39	30	15	0.25
39	35	15	0.33
39	40	15	0.43
39	45	15	0.52
39	50	15	0.64
39	55	15	0.73
39	60	15	0.80
39	65	15	0.87
39	70	15	0.94
39	75	15	0.98
39	80	15	0.97
39	85	15	0.97
39	90	15	0.94
39	95	15	0.90
39	100	15	0.86
39	105	15	0.81
39	110	15	0.76
39	115	15	0.71
39	120	15	0.65
39	125	15	0.60
39	130	15	0.54
39	135	15	0.48
39	140	15	0.42
39	145	15	0.35
39	150	15	0.27
39	155	15	0.20
39	160	15	0.13
39	165	15	0.07
39	170	15	0.03
39	175	15	0.01
39	180	15	0.00
39	0	16	0.00
39	5	16	0.01
39	10	16	0.04
39	15	16	0.07
39	20	16	0.11
39	25	16	0.18
39	30	16	0.24
39	35	16	0.34
39	40	16	0.44
39	45	16	0.51
39	50	16	0.63
39	55	16	0.72
39	60	16	0.82
39	65	16	0.87
39	70	16	0.93
39	75	16	0.98
39	80	16	0.99
39	85	16	0.97
39	90	16	0.95
39	95	16	0.91
39	100	16	0.87
39	105	16	0.82
39	110	16	0.77
39	115	16	0.71
39	120	16	0.65
39	125	16	0.59
39	130	16	0.54
39	135	16	0.48
39	140	16	0.42
39	145	16	0.35
39	150	16	0.28
39	155	16	0.19
39	160	16	0.13
39	165	16	0.07
39	170	16	0.03
39	175	16	0.01
39	180	16	0.00
39	0	17	0.00
39	5	17	0.01
39	10	17	0.04
39	15	17	0.06
39	20	17	0.11
39	25	17	0.17
39	30	17	0.25
39	35	17	0.35
39	40	17	0.42
39	45	17	0.53
39	50	17	0.61
39	55	17	0.71
39	60	17	0.81
39	65	17	0.90
39	70	17	0.93
39	75	17	0.99
39	80	17	1.00
39	85	17	0.98
39	90	17	0.96
39	95	17	0.92
39	100	17	0.87
39	105	17	0.82
39	110	17	0.76
39	115	17	0.71
39	120	17	0.65
39	125	17	0.59
39	130	17	0.53
39	135	17	0.47
39	140	17	0.41
39	145	17	0.35
39	150	17	0.27
39	155	17	0.19
39	160	17	0.13
39	165	17	0.07
39	170	17	0.03
39	175	17	0.01
39	180	17	0.00
39	0	18	0.00
39	5	18	0.01
39	10	18	0.04
39	15	18	0.06
39	20	18	0.12
39	25	18	0.17
39	30	18	0.26
39	35	18	0.34
39	40	18	0.43
39	45	18	0.52
39	50	18	0.63
39	55	18	0.71
39	60	18	0.80
39	65	18	0.89
39	70	18	0.93
39	75	18	0.99
39	80	18	1.00
39	85	18	1.00
39	90	18	0.97
39	95	18	0.93
39	100	18	0.88
39	105	18	0.83
39	110	18	0.77
39	115	18	0.71
39	120	18	0.65
39	125	18	0.58
39	130	18	0.52
39	135	18	0.46
39	140	18	0.40
39	145	18	0.34
39	150	18	0.27
39	155	18	0.20
39	160	18	0.13
39	165	18	0.07
39	170	18	0.03
39	175	18	0.01
39	180	18	0.00
39	0	19	0.00
39	5	19	0.01
39	10	19	0.04
39	15	19	0.06
39	20	19	0.10
39	25	19	0.18
39	30	19	0.25
39	35	19	0.35
39	40	19	0.42
39	45	19	0.54
39	50	19	0.61
39	55	19	0.73
39	60	19	0.79
39	65	19	0.89
39	70	19	0.95
39	75	19	0.99
39	80	19	1.00
39	85	19	1.00
39	90	19	0.98
39	95	19	0.94
39	100	19	0.89
39	105	19	0.83
39	110	19	0.77
39	115	19	0.71
39	120	19	0.65
39	125	19	0.58
39	130	19	0.52
39	135	19	0.46
39	140	19	0.40
39	145	19	0.33
39	150	19	0.27
39	155	19	0.19
39	160	19	0.13
39	165	19	0.07
39	170	19	0.03
39	175	19	0.01
39	180	19	0.00
39	0	20	0.00
39	5	20	0.01
39	10	20	0.04
39	15	20	0.06
39	20	20	0.11
39	25	20	0.18
39	30	20	0.26
39	35	20	0.33
39	40	20	0.43
39	45	20	0.53
39	50	20	0.63
39	55	20	0.72
39	60	20	0.81
39	65	20	0.89
39	70	20	0.95
39	75	20	0.99
39	80	20	1.00
39	85	20	1.00
39	90	20	0.99
39	95	20	0.95
39	100	20	0.90
39	105	20	0.84
39	110	20	0.78
39	115	20	0.71
39	120	20	0.65
39	125	20	0.58
39	130	20	0.51
39	135	20	0.45
39	140	20	0.39
39	145	20	0.33
39	150	20	0.27
39	155	20	0.19
39	160	20	0.13
39	165	20	0.07
39	170	20	0.03
39	175	20	0.01
39	180	20	0.00
40	0	5	0.00
40	5	5	0.01
40	10	5	0.03
40	15	5	0.06
40	20	5	0.13
40	25	5	0.18
40	30	5	0.27
40	35	5	0.36
40	40	5	0.47
40	45	5	0.55
40	50	5	0.67
40	55	5	0.76
40	60	5	0.84
40	65	5	0.89
40	70	5	0.92
40	75	5	0.93
40	80	5	0.93
40	85	5	0.93
40	90	5	0.91
40	95	5	0.91
40	100	5	0.89
40	105	5	0.85
40	110	5	0.83
40	115	5	0.80
40	120	5	0.76
40	125	5	0.71
40	130	5	0.66
40	135	5	0.57
40	140	5	0.47
40	145	5	0.39
40	150	5	0.29
40	155	5	0.20
40	160	5	0.13
40	165	5	0.07
40	170	5	0.03
40	175	5	0.01
40	180	5	0.00
40	0	6	0.00
40	5	6	0.01
40	10	6	0.04
40	15	6	0.07
40	20	6	0.12
40	25	6	0.19
40	30	6	0.27
40	35	6	0.37
40	40	6	0.46
40	45	6	0.57
40	50	6	0.67
40	55	6	0.76
40	60	6	0.84
40	65	6	0.90
40	70	6	0.92
40	75	6	0.94
40	80	6	0.94
40	85	6	0.93
40	90	6	0.92
40	95	6	0.91
40	100	6	0.89
40	105	6	0.85
40	110	6	0.82
40	115	6	0.79
40	120	6	0.75
40	125	6	0.70
40	130	6	0.65
40	135	6	0.57
40	140	6	0.47
40	145	6	0.39
40	150	6	0.29
40	155	6	0.20
40	160	6	0.13
40	165	6	0.08
40	170	6	0.03
40	175	6	0.01
40	180	6	0.00
40	0	7	0.00
40	5	7	0.01
40	10	7	0.04
40	15	7	0.07
40	20	7	0.12
40	25	7	0.18
40	30	7	0.28
40	35	7	0.37
40	40	7	0.45
40	45	7	0.57
40	50	7	0.66
40	55	7	0.76
40	60	7	0.84
40	65	7	0.91
40	70	7	0.93
40	75	7	0.95
40	80	7	0.95
40	85	7	0.94
40	90	7	0.92
40	95	7	0.91
40	100	7	0.89
40	105	7	0.85
40	110	7	0.82
40	115	7	0.78
40	120	7	0.74
40	125	7	0.69
40	130	7	0.64
40	135	7	0.56
40	140	7	0.47
40	145	7	0.38
40	150	7	0.28
40	155	7	0.20
40	160	7	0.13
40	165	7	0.07
40	170	7	0.03
40	175	7	0.01
40	180	7	0.00
40	0	8	0.00
40	5	8	0.01
40	10	8	0.03
40	15	8	0.07
40	20	8	0.13
40	25	8	0.19
40	30	8	0.27
40	35	8	0.35
40	40	8	0.46
40	45	8	0.56
40	50	8	0.65
40	55	8	0.77
40	60	8	0.84
40	65	8	0.92
40	70	8	0.94
40	75	8	0.96
40	80	8	0.96
40	85	8	0.95
40	90	8	0.93
40	95	8	0.91
40	100	8	0.89
40	105	8	0.85
40	110	8	0.81
40	115	8	0.77
40	120	8	0.73
40	125	8	0.68
40	130	8	0.63
40	135	8	0.55
40	140	8	0.48
40	145	8	0.38
40	150	8	0.28
40	155	8	0.20
40	160	8	0.13
40	165	8	0.08
40	170	8	0.03
40	175	8	0.01
40	180	8	0.00
40	0	9	0.00
40	5	9	0.01
40	10	9	0.03
40	15	9	0.06
40	20	9	0.11
40	25	9	0.18
40	30	9	0.28
40	35	9	0.37
40	40	9	0.45
40	45	9	0.56
40	50	9	0.64
40	55	9	0.77
40	60	9	0.84
40	65	9	0.91
40	70	9	0.96
40	75	9	0.96
40	80	9	0.97
40	85	9	0.96
40	90	9	0.94
40	95	9	0.91
40	100	9	0.89
40	105	9	0.85
40	110	9	0.81
40	115	9	0.77
40	120	9	0.72
40	125	9	0.68
40	130	9	0.62
40	135	9	0.56
40	140	9	0.47
40	145	9	0.37
40	150	9	0.29
40	155	9	0.21
40	160	9	0.14
40	165	9	0.07
40	170	9	0.03
40	175	9	0.01
40	180	9	0.00
40	0	10	0.00
40	5	10	0.01
40	10	10	0.03
40	15	10	0.07
40	20	10	0.12
40	25	10	0.19
40	30	10	0.27
40	35	10	0.35
40	40	10	0.45
40	45	10	0.55
40	50	10	0.66
40	55	10	0.77
40	60	10	0.84
40	65	10	0.91
40	70	10	0.97
40	75	10	0.97
40	80	10	0.98
40	85	10	0.97
40	90	10	0.95
40	95	10	0.92
40	100	10	0.89
40	105	10	0.85
40	110	10	0.80
40	115	10	0.76
40	120	10	0.72
40	125	10	0.67
40	130	10	0.61
40	135	10	0.55
40	140	10	0.46
40	145	10	0.37
40	150	10	0.29
40	155	10	0.21
40	160	10	0.13
40	165	10	0.08
40	170	10	0.03
40	175	10	0.01
40	180	10	0.00
40	0	11	0.00
40	5	11	0.01
40	10	11	0.04
40	15	11	0.07
40	20	11	0.12
40	25	11	0.20
40	30	11	0.28
40	35	11	0.36
40	40	11	0.46
40	45	11	0.57
40	50	11	0.66
40	55	11	0.76
40	60	11	0.84
40	65	11	0.91
40	70	11	0.98
40	75	11	0.99
40	80	11	0.99
40	85	11	0.98
40	90	11	0.95
40	95	11	0.92
40	100	11	0.88
40	105	11	0.85
40	110	11	0.81
40	115	11	0.76
40	120	11	0.71
40	125	11	0.66
40	130	11	0.60
40	135	11	0.55
40	140	11	0.47
40	145	11	0.38
40	150	11	0.29
40	155	11	0.21
40	160	11	0.13
40	165	11	0.08
40	170	11	0.03
40	175	11	0.01
40	180	11	0.00
40	0	12	0.00
40	5	12	0.01
40	10	12	0.04
40	15	12	0.07
40	20	12	0.11
40	25	12	0.19
40	30	12	0.26
40	35	12	0.35
40	40	12	0.46
40	45	12	0.55
40	50	12	0.66
40	55	12	0.75
40	60	12	0.84
40	65	12	0.91
40	70	12	0.99
40	75	12	1.00
40	80	12	1.00
40	85	12	0.99
40	90	12	0.96
40	95	12	0.93
40	100	12	0.89
40	105	12	0.85
40	110	12	0.81
40	115	12	0.75
40	120	12	0.70
40	125	12	0.65
40	130	12	0.60
40	135	12	0.53
40	140	12	0.46
40	145	12	0.38
40	150	12	0.28
40	155	12	0.20
40	160	12	0.13
40	165	12	0.07
40	170	12	0.03
40	175	12	0.01
40	180	12	0.00
40	0	13	0.00
40	5	13	0.01
40	10	13	0.04
40	15	13	0.06
40	20	13	0.12
40	25	13	0.20
40	30	13	0.27
40	35	13	0.36
40	40	13	0.47
40	45	13	0.54
40	50	13	0.65
40	55	13	0.74
40	60	13	0.84
40	65	13	0.91
40	70	13	0.99
40	75	13	1.00
40	80	13	1.00
40	85	13	1.00
40	90	13	0.97
40	95	13	0.93
40	100	13	0.89
40	105	13	0.85
40	110	13	0.81
40	115	13	0.75
40	120	13	0.70
40	125	13	0.64
40	130	13	0.59
40	135	13	0.53
40	140	13	0.46
40	145	13	0.37
40	150	13	0.29
40	155	13	0.20
40	160	13	0.13
40	165	13	0.08
40	170	13	0.04
40	175	13	0.01
40	180	13	0.00
40	0	14	0.00
40	5	14	0.01
40	10	14	0.03
40	15	14	0.06
40	20	14	0.12
40	25	14	0.20
40	30	14	0.25
40	35	14	0.35
40	40	14	0.46
40	45	14	0.56
40	50	14	0.67
40	55	14	0.77
40	60	14	0.86
40	65	14	0.93
40	70	14	1.00
40	75	14	1.00
40	80	14	1.00
40	85	14	1.00
40	90	14	0.98
40	95	14	0.94
40	100	14	0.90
40	105	14	0.85
40	110	14	0.81
40	115	14	0.75
40	120	14	0.69
40	125	14	0.64
40	130	14	0.58
40	135	14	0.52
40	140	14	0.46
40	145	14	0.38
40	150	14	0.28
40	155	14	0.20
40	160	14	0.13
40	165	14	0.08
40	170	14	0.03
40	175	14	0.01
40	180	14	0.00
40	0	15	0.00
40	5	15	0.01
40	10	15	0.04
40	15	15	0.07
40	20	15	0.13
40	25	15	0.19
40	30	15	0.26
40	35	15	0.36
40	40	15	0.44
40	45	15	0.54
40	50	15	0.66
40	55	15	0.76
40	60	15	0.86
40	65	15	0.93
40	70	15	1.00
40	75	15	1.00
40	80	15	1.00
40	85	15	1.00
40	90	15	0.99
40	95	15	0.95
40	100	15	0.90
40	105	15	0.85
40	110	15	0.81
40	115	15	0.75
40	120	15	0.69
40	125	15	0.63
40	130	15	0.57
40	135	15	0.51
40	140	15	0.45
40	145	15	0.37
40	150	15	0.29
40	155	15	0.20
40	160	15	0.13
40	165	15	0.08
40	170	15	0.03
40	175	15	0.01
40	180	15	0.00
40	0	16	0.00
40	5	16	0.01
40	10	16	0.04
40	15	16	0.07
40	20	16	0.11
40	25	16	0.19
40	30	16	0.27
40	35	16	0.35
40	40	16	0.46
40	45	16	0.56
40	50	16	0.65
40	55	16	0.75
40	60	16	0.86
40	65	16	0.93
40	70	16	1.00
40	75	16	1.00
40	80	16	1.00
40	85	16	1.00
40	90	16	1.00
40	95	16	0.96
40	100	16	0.91
40	105	16	0.86
40	110	16	0.80
40	115	16	0.75
40	120	16	0.68
40	125	16	0.63
40	130	16	0.57
40	135	16	0.51
40	140	16	0.44
40	145	16	0.37
40	150	16	0.29
40	155	16	0.21
40	160	16	0.13
40	165	16	0.08
40	170	16	0.04
40	175	16	0.01
40	180	16	0.00
40	0	17	0.00
40	5	17	0.01
40	10	17	0.04
40	15	17	0.07
40	20	17	0.12
40	25	17	0.20
40	30	17	0.26
40	35	17	0.37
40	40	17	0.43
40	45	17	0.55
40	50	17	0.67
40	55	17	0.74
40	60	17	0.85
40	65	17	0.93
40	70	17	1.00
40	75	17	1.00
40	80	17	1.00
40	85	17	1.00
40	90	17	1.00
40	95	17	0.97
40	100	17	0.92
40	105	17	0.86
40	110	17	0.81
40	115	17	0.75
40	120	17	0.68
40	125	17	0.62
40	130	17	0.56
40	135	17	0.50
40	140	17	0.43
40	145	17	0.37
40	150	17	0.29
40	155	17	0.20
40	160	17	0.14
40	165	17	0.08
40	170	17	0.03
40	175	17	0.01
40	180	17	0.00
40	0	18	0.00
40	5	18	0.01
40	10	18	0.04
40	15	18	0.06
40	20	18	0.12
40	25	18	0.18
40	30	18	0.27
40	35	18	0.35
40	40	18	0.45
40	45	18	0.54
40	50	18	0.65
40	55	18	0.76
40	60	18	0.83
40	65	18	0.93
40	70	18	0.99
40	75	18	1.00
40	80	18	1.00
40	85	18	1.00
40	90	18	1.00
40	95	18	0.98
40	100	18	0.92
40	105	18	0.87
40	110	18	0.80
40	115	18	0.75
40	120	18	0.68
40	125	18	0.62
40	130	18	0.55
40	135	18	0.49
40	140	18	0.43
40	145	18	0.36
40	150	18	0.28
40	155	18	0.21
40	160	18	0.13
40	165	18	0.08
40	170	18	0.03
40	175	18	0.01
40	180	18	0.00
40	0	19	0.00
40	5	19	0.01
40	10	19	0.04
40	15	19	0.06
40	20	19	0.13
40	25	19	0.18
40	30	19	0.26
40	35	19	0.36
40	40	19	0.43
40	45	19	0.56
40	50	19	0.63
40	55	19	0.76
40	60	19	0.86
40	65	19	0.93
40	70	19	0.99
40	75	19	1.00
40	80	19	1.00
40	85	19	1.00
40	90	19	1.00
40	95	19	0.99
40	100	19	0.93
40	105	19	0.87
40	110	19	0.81
40	115	19	0.75
40	120	19	0.68
40	125	19	0.61
40	130	19	0.55
40	135	19	0.48
40	140	19	0.42
40	145	19	0.36
40	150	19	0.28
40	155	19	0.20
40	160	19	0.13
40	165	19	0.08
40	170	19	0.03
40	175	19	0.01
40	180	19	0.00
40	0	20	0.00
40	5	20	0.02
40	10	20	0.04
40	15	20	0.06
40	20	20	0.11
40	25	20	0.19
40	30	20	0.27
40	35	20	0.34
40	40	20	0.45
40	45	20	0.55
40	50	20	0.65
40	55	20	0.75
40	60	20	0.84
40	65	20	0.92
40	70	20	0.99
40	75	20	1.00
40	80	20	1.00
40	85	20	1.00
40	90	20	1.00
40	95	20	0.99
40	100	20	0.94
40	105	20	0.88
40	110	20	0.81
40	115	20	0.75
40	120	20	0.68
40	125	20	0.61
40	130	20	0.54
40	135	20	0.48
40	140	20	0.41
40	145	20	0.35
40	150	20	0.28
40	155	20	0.20
40	160	20	0.13
40	165	20	0.07
40	170	20	0.03
40	175	20	0.01
40	180	20	0.00
41	0	5	0.00
41	5	5	0.01
41	10	5	0.04
41	15	5	0.07
41	20	5	0.13
41	25	5	0.19
41	30	5	0.28
41	35	5	0.37
41	40	5	0.49
41	45	5	0.58
41	50	5	0.70
41	55	5	0.80
41	60	5	0.88
41	65	5	0.93
41	70	5	0.96
41	75	5	0.97
41	80	5	0.98
41	85	5	0.97
41	90	5	0.96
41	95	5	0.95
41	100	5	0.93
41	105	5	0.90
41	110	5	0.87
41	115	5	0.84
41	120	5	0.80
41	125	5	0.75
41	130	5	0.69
41	135	5	0.59
41	140	5	0.50
41	145	5	0.39
41	150	5	0.30
41	155	5	0.21
41	160	5	0.14
41	165	5	0.08
41	170	5	0.03
41	175	5	0.01
41	180	5	0.00
41	0	6	0.00
41	5	6	0.01
41	10	6	0.04
41	15	6	0.07
41	20	6	0.12
41	25	6	0.20
41	30	6	0.28
41	35	6	0.39
41	40	6	0.48
41	45	6	0.60
41	50	6	0.70
41	55	6	0.80
41	60	6	0.88
41	65	6	0.94
41	70	6	0.97
41	75	6	0.98
41	80	6	0.99
41	85	6	0.98
41	90	6	0.97
41	95	6	0.95
41	100	6	0.93
41	105	6	0.89
41	110	6	0.87
41	115	6	0.83
41	120	6	0.79
41	125	6	0.74
41	130	6	0.68
41	135	6	0.60
41	140	6	0.50
41	145	6	0.39
41	150	6	0.30
41	155	6	0.21
41	160	6	0.13
41	165	6	0.08
41	170	6	0.03
41	175	6	0.01
41	180	6	0.00
41	0	7	0.00
41	5	7	0.01
41	10	7	0.04
41	15	7	0.07
41	20	7	0.13
41	25	7	0.19
41	30	7	0.29
41	35	7	0.38
41	40	7	0.47
41	45	7	0.59
41	50	7	0.69
41	55	7	0.80
41	60	7	0.88
41	65	7	0.96
41	70	7	0.98
41	75	7	1.00
41	80	7	1.00
41	85	7	0.99
41	90	7	0.97
41	95	7	0.95
41	100	7	0.93
41	105	7	0.90
41	110	7	0.86
41	115	7	0.82
41	120	7	0.78
41	125	7	0.73
41	130	7	0.67
41	135	7	0.59
41	140	7	0.49
41	145	7	0.39
41	150	7	0.30
41	155	7	0.21
41	160	7	0.14
41	165	7	0.08
41	170	7	0.03
41	175	7	0.01
41	180	7	0.00
41	0	8	0.00
41	5	8	0.01
41	10	8	0.03
41	15	8	0.08
41	20	8	0.13
41	25	8	0.20
41	30	8	0.28
41	35	8	0.37
41	40	8	0.48
41	45	8	0.59
41	50	8	0.68
41	55	8	0.80
41	60	8	0.88
41	65	8	0.96
41	70	8	0.99
41	75	8	1.00
41	80	8	1.00
41	85	8	1.00
41	90	8	0.98
41	95	8	0.95
41	100	8	0.93
41	105	8	0.90
41	110	8	0.85
41	115	8	0.82
41	120	8	0.77
41	125	8	0.72
41	130	8	0.66
41	135	8	0.59
41	140	8	0.49
41	145	8	0.40
41	150	8	0.30
41	155	8	0.21
41	160	8	0.14
41	165	8	0.08
41	170	8	0.03
41	175	8	0.01
41	180	8	0.00
41	0	9	0.00
41	5	9	0.01
41	10	9	0.03
41	15	9	0.07
41	20	9	0.12
41	25	9	0.21
41	30	9	0.29
41	35	9	0.38
41	40	9	0.47
41	45	9	0.58
41	50	9	0.70
41	55	9	0.80
41	60	9	0.88
41	65	9	0.97
41	70	9	1.00
41	75	9	1.00
41	80	9	1.00
41	85	9	1.00
41	90	9	0.98
41	95	9	0.95
41	100	9	0.93
41	105	9	0.90
41	110	9	0.85
41	115	9	0.81
41	120	9	0.76
41	125	9	0.72
41	130	9	0.65
41	135	9	0.58
41	140	9	0.50
41	145	9	0.40
41	150	9	0.30
41	155	9	0.22
41	160	9	0.13
41	165	9	0.08
41	170	9	0.03
41	175	9	0.01
41	180	9	0.00
41	0	10	0.00
41	5	10	0.01
41	10	10	0.04
41	15	10	0.07
41	20	10	0.12
41	25	10	0.20
41	30	10	0.28
41	35	10	0.36
41	40	10	0.47
41	45	10	0.60
41	50	10	0.69
41	55	10	0.80
41	60	10	0.87
41	65	10	0.98
41	70	10	1.00
41	75	10	1.00
41	80	10	1.00
41	85	10	1.00
41	90	10	0.99
41	95	10	0.96
41	100	10	0.93
41	105	10	0.90
41	110	10	0.85
41	115	10	0.80
41	120	10	0.76
41	125	10	0.70
41	130	10	0.64
41	135	10	0.58
41	140	10	0.49
41	145	10	0.39
41	150	10	0.31
41	155	10	0.22
41	160	10	0.14
41	165	10	0.08
41	170	10	0.03
41	175	10	0.01
41	180	10	0.00
41	0	11	0.00
41	5	11	0.01
41	10	11	0.04
41	15	11	0.07
41	20	11	0.13
41	25	11	0.21
41	30	11	0.29
41	35	11	0.38
41	40	11	0.48
41	45	11	0.59
41	50	11	0.69
41	55	11	0.80
41	60	11	0.87
41	65	11	0.98
41	70	11	1.00
41	75	11	1.00
41	80	11	1.00
41	85	11	1.00
41	90	11	1.00
41	95	11	0.97
41	100	11	0.93
41	105	11	0.90
41	110	11	0.85
41	115	11	0.80
41	120	11	0.75
41	125	11	0.70
41	130	11	0.64
41	135	11	0.57
41	140	11	0.49
41	145	11	0.39
41	150	11	0.30
41	155	11	0.22
41	160	11	0.14
41	165	11	0.08
41	170	11	0.04
41	175	11	0.01
41	180	11	0.00
41	0	12	0.00
41	5	12	0.01
41	10	12	0.04
41	15	12	0.07
41	20	12	0.13
41	25	12	0.20
41	30	12	0.27
41	35	12	0.36
41	40	12	0.47
41	45	12	0.58
41	50	12	0.68
41	55	12	0.79
41	60	12	0.90
41	65	12	0.98
41	70	12	1.00
41	75	12	1.00
41	80	12	1.00
41	85	12	1.00
41	90	12	1.00
41	95	12	0.97
41	100	12	0.93
41	105	12	0.90
41	110	12	0.85
41	115	12	0.79
41	120	12	0.74
41	125	12	0.69
41	130	12	0.63
41	135	12	0.57
41	140	12	0.49
41	145	12	0.39
41	150	12	0.30
41	155	12	0.22
41	160	12	0.14
41	165	12	0.08
41	170	12	0.03
41	175	12	0.01
41	180	12	0.00
41	0	13	0.00
41	5	13	0.01
41	10	13	0.04
41	15	13	0.06
41	20	13	0.12
41	25	13	0.20
41	30	13	0.28
41	35	13	0.38
41	40	13	0.49
41	45	13	0.60
41	50	13	0.70
41	55	13	0.81
41	60	13	0.90
41	65	13	0.98
41	70	13	1.00
41	75	13	1.00
41	80	13	1.00
41	85	13	1.00
41	90	13	1.00
41	95	13	0.98
41	100	13	0.94
41	105	13	0.90
41	110	13	0.85
41	115	13	0.79
41	120	13	0.74
41	125	13	0.68
41	130	13	0.62
41	135	13	0.56
41	140	13	0.48
41	145	13	0.40
41	150	13	0.30
41	155	13	0.22
41	160	13	0.14
41	165	13	0.08
41	170	13	0.04
41	175	13	0.01
41	180	13	0.00
41	0	14	0.00
41	5	14	0.01
41	10	14	0.04
41	15	14	0.07
41	20	14	0.13
41	25	14	0.21
41	30	14	0.26
41	35	14	0.37
41	40	14	0.48
41	45	14	0.58
41	50	14	0.70
41	55	14	0.80
41	60	14	0.90
41	65	14	0.97
41	70	14	1.00
41	75	14	1.00
41	80	14	1.00
41	85	14	1.00
41	90	14	1.00
41	95	14	0.99
41	100	14	0.94
41	105	14	0.89
41	110	14	0.85
41	115	14	0.79
41	120	14	0.73
41	125	14	0.67
41	130	14	0.62
41	135	14	0.55
41	140	14	0.49
41	145	14	0.39
41	150	14	0.30
41	155	14	0.21
41	160	14	0.14
41	165	14	0.08
41	170	14	0.04
41	175	14	0.01
41	180	14	0.00
41	0	15	0.00
41	5	15	0.01
41	10	15	0.04
41	15	15	0.07
41	20	15	0.13
41	25	15	0.19
41	30	15	0.27
41	35	15	0.38
41	40	15	0.50
41	45	15	0.56
41	50	15	0.69
41	55	15	0.78
41	60	15	0.90
41	65	15	0.97
41	70	15	1.00
41	75	15	1.00
41	80	15	1.00
41	85	15	1.00
41	90	15	1.00
41	95	15	0.99
41	100	15	0.95
41	105	15	0.90
41	110	15	0.85
41	115	15	0.79
41	120	15	0.72
41	125	15	0.67
41	130	15	0.61
41	135	15	0.54
41	140	15	0.47
41	145	15	0.39
41	150	15	0.30
41	155	15	0.21
41	160	15	0.14
41	165	15	0.08
41	170	15	0.04
41	175	15	0.01
41	180	15	0.00
41	0	16	0.00
41	5	16	0.01
41	10	16	0.04
41	15	16	0.07
41	20	16	0.12
41	25	16	0.20
41	30	16	0.28
41	35	16	0.37
41	40	16	0.47
41	45	16	0.58
41	50	16	0.71
41	55	16	0.78
41	60	16	0.89
41	65	16	0.97
41	70	16	1.00
41	75	16	1.00
41	80	16	1.00
41	85	16	1.00
41	90	16	1.00
41	95	16	1.00
41	100	16	0.95
41	105	16	0.90
41	110	16	0.85
41	115	16	0.79
41	120	16	0.72
41	125	16	0.66
41	130	16	0.60
41	135	16	0.53
41	140	16	0.47
41	145	16	0.38
41	150	16	0.30
41	155	16	0.21
41	160	16	0.14
41	165	16	0.08
41	170	16	0.04
41	175	16	0.01
41	180	16	0.00
41	0	17	0.00
41	5	17	0.02
41	10	17	0.04
41	15	17	0.07
41	20	17	0.12
41	25	17	0.21
41	30	17	0.27
41	35	17	0.38
41	40	17	0.49
41	45	17	0.57
41	50	17	0.70
41	55	17	0.80
41	60	17	0.88
41	65	17	0.97
41	70	17	1.00
41	75	17	1.00
41	80	17	1.00
41	85	17	1.00
41	90	17	1.00
41	95	17	1.00
41	100	17	0.96
41	105	17	0.90
41	110	17	0.85
41	115	17	0.79
41	120	17	0.72
41	125	17	0.65
41	130	17	0.59
41	135	17	0.53
41	140	17	0.46
41	145	17	0.39
41	150	17	0.30
41	155	17	0.22
41	160	17	0.14
41	165	17	0.08
41	170	17	0.04
41	175	17	0.01
41	180	17	0.00
41	0	18	0.00
41	5	18	0.01
41	10	18	0.04
41	15	18	0.06
41	20	18	0.13
41	25	18	0.18
41	30	18	0.28
41	35	18	0.39
41	40	18	0.47
41	45	18	0.59
41	50	18	0.68
41	55	18	0.79
41	60	18	0.90
41	65	18	0.96
41	70	18	1.00
41	75	18	1.00
41	80	18	1.00
41	85	18	1.00
41	90	18	1.00
41	95	18	1.00
41	100	18	0.97
41	105	18	0.91
41	110	18	0.85
41	115	18	0.79
41	120	18	0.72
41	125	18	0.65
41	130	18	0.58
41	135	18	0.52
41	140	18	0.45
41	145	18	0.38
41	150	18	0.30
41	155	18	0.21
41	160	18	0.14
41	165	18	0.08
41	170	18	0.04
41	175	18	0.01
41	180	18	0.00
41	0	19	0.00
41	5	19	0.02
41	10	19	0.04
41	15	19	0.06
41	20	19	0.13
41	25	19	0.19
41	30	19	0.29
41	35	19	0.37
41	40	19	0.48
41	45	19	0.58
41	50	19	0.70
41	55	19	0.78
41	60	19	0.89
41	65	19	0.99
41	70	19	1.00
41	75	19	1.00
41	80	19	1.00
41	85	19	1.00
41	90	19	1.00
41	95	19	1.00
41	100	19	0.98
41	105	19	0.92
41	110	19	0.85
41	115	19	0.79
41	120	19	0.72
41	125	19	0.64
41	130	19	0.58
41	135	19	0.51
41	140	19	0.45
41	145	19	0.37
41	150	19	0.30
41	155	19	0.22
41	160	19	0.14
41	165	19	0.08
41	170	19	0.03
41	175	19	0.01
41	180	19	0.00
41	0	20	0.00
41	5	20	0.02
41	10	20	0.04
41	15	20	0.07
41	20	20	0.11
41	25	20	0.20
41	30	20	0.27
41	35	20	0.39
41	40	20	0.46
41	45	20	0.60
41	50	20	0.67
41	55	20	0.81
41	60	20	0.87
41	65	20	0.99
41	70	20	1.00
41	75	20	1.00
41	80	20	1.00
41	85	20	1.00
41	90	20	1.00
41	95	20	1.00
41	100	20	0.98
41	105	20	0.92
41	110	20	0.85
41	115	20	0.79
41	120	20	0.72
41	125	20	0.64
41	130	20	0.57
41	135	20	0.51
41	140	20	0.44
41	145	20	0.37
41	150	20	0.29
41	155	20	0.21
41	160	20	0.14
41	165	20	0.08
41	170	20	0.03
41	175	20	0.01
41	180	20	0.00
42	0	5	0.00
42	5	5	0.01
42	10	5	0.04
42	15	5	0.07
42	20	5	0.14
42	25	5	0.20
42	30	5	0.30
42	35	5	0.39
42	40	5	0.51
42	45	5	0.63
42	50	5	0.73
42	55	5	0.83
42	60	5	0.92
42	65	5	0.98
42	70	5	1.00
42	75	5	1.00
42	80	5	1.00
42	85	5	1.00
42	90	5	1.00
42	95	5	1.00
42	100	5	0.98
42	105	5	0.94
42	110	5	0.92
42	115	5	0.88
42	120	5	0.84
42	125	5	0.79
42	130	5	0.73
42	135	5	0.62
42	140	5	0.52
42	145	5	0.41
42	150	5	0.32
42	155	5	0.22
42	160	5	0.15
42	165	5	0.08
42	170	5	0.03
42	175	5	0.01
42	180	5	0.00
42	0	6	0.00
42	5	6	0.01
42	10	6	0.04
42	15	6	0.07
42	20	6	0.14
42	25	6	0.21
42	30	6	0.29
42	35	6	0.41
42	40	6	0.50
42	45	6	0.62
42	50	6	0.73
42	55	6	0.83
42	60	6	0.92
42	65	6	0.99
42	70	6	1.00
42	75	6	1.00
42	80	6	1.00
42	85	6	1.00
42	90	6	1.00
42	95	6	1.00
42	100	6	0.98
42	105	6	0.94
42	110	6	0.91
42	115	6	0.87
42	120	6	0.83
42	125	6	0.78
42	130	6	0.72
42	135	6	0.62
42	140	6	0.52
42	145	6	0.41
42	150	6	0.32
42	155	6	0.22
42	160	6	0.14
42	165	6	0.08
42	170	6	0.04
42	175	6	0.01
42	180	6	0.00
42	0	7	0.00
42	5	7	0.01
42	10	7	0.04
42	15	7	0.08
42	20	7	0.13
42	25	7	0.20
42	30	7	0.30
42	35	7	0.40
42	40	7	0.52
42	45	7	0.62
42	50	7	0.72
42	55	7	0.83
42	60	7	0.92
42	65	7	1.00
42	70	7	1.00
42	75	7	1.00
42	80	7	1.00
42	85	7	1.00
42	90	7	1.00
42	95	7	1.00
42	100	7	0.98
42	105	7	0.94
42	110	7	0.90
42	115	7	0.86
42	120	7	0.82
42	125	7	0.77
42	130	7	0.70
42	135	7	0.63
42	140	7	0.52
42	145	7	0.41
42	150	7	0.32
42	155	7	0.22
42	160	7	0.14
42	165	7	0.08
42	170	7	0.03
42	175	7	0.01
42	180	7	0.00
42	0	8	0.00
42	5	8	0.01
42	10	8	0.03
42	15	8	0.08
42	20	8	0.14
42	25	8	0.21
42	30	8	0.29
42	35	8	0.41
42	40	8	0.50
42	45	8	0.61
42	50	8	0.74
42	55	8	0.84
42	60	8	0.92
42	65	8	1.00
42	70	8	1.00
42	75	8	1.00
42	80	8	1.00
42	85	8	1.00
42	90	8	1.00
42	95	8	1.00
42	100	8	0.98
42	105	8	0.94
42	110	8	0.90
42	115	8	0.86
42	120	8	0.81
42	125	8	0.76
42	130	8	0.70
42	135	8	0.62
42	140	8	0.52
42	145	8	0.41
42	150	8	0.32
42	155	8	0.23
42	160	8	0.15
42	165	8	0.08
42	170	8	0.03
42	175	8	0.01
42	180	8	0.00
42	0	9	0.00
42	5	9	0.01
42	10	9	0.04
42	15	9	0.07
42	20	9	0.14
42	25	9	0.21
42	30	9	0.30
42	35	9	0.40
42	40	9	0.49
42	45	9	0.63
42	50	9	0.73
42	55	9	0.84
42	60	9	0.91
42	65	9	1.00
42	70	9	1.00
42	75	9	1.00
42	80	9	1.00
42	85	9	1.00
42	90	9	1.00
42	95	9	1.00
42	100	9	0.98
42	105	9	0.94
42	110	9	0.89
42	115	9	0.85
42	120	9	0.81
42	125	9	0.75
42	130	9	0.69
42	135	9	0.61
42	140	9	0.52
42	145	9	0.41
42	150	9	0.31
42	155	9	0.22
42	160	9	0.14
42	165	9	0.08
42	170	9	0.04
42	175	9	0.01
42	180	9	0.00
42	0	10	0.00
42	5	10	0.01
42	10	10	0.04
42	15	10	0.07
42	20	10	0.13
42	25	10	0.21
42	30	10	0.29
42	35	10	0.38
42	40	10	0.51
42	45	10	0.63
42	50	10	0.72
42	55	10	0.83
42	60	10	0.94
42	65	10	1.00
42	70	10	1.00
42	75	10	1.00
42	80	10	1.00
42	85	10	1.00
42	90	10	1.00
42	95	10	1.00
42	100	10	0.98
42	105	10	0.94
42	110	10	0.89
42	115	10	0.84
42	120	10	0.79
42	125	10	0.74
42	130	10	0.68
42	135	10	0.61
42	140	10	0.52
42	145	10	0.42
42	150	10	0.32
42	155	10	0.22
42	160	10	0.15
42	165	10	0.09
42	170	10	0.03
42	175	10	0.01
42	180	10	0.00
42	0	11	0.00
42	5	11	0.01
42	10	11	0.04
42	15	11	0.07
42	20	11	0.13
42	25	11	0.21
42	30	11	0.30
42	35	11	0.39
42	40	11	0.50
42	45	11	0.62
42	50	11	0.72
42	55	11	0.83
42	60	11	0.94
42	65	11	1.00
42	70	11	1.00
42	75	11	1.00
42	80	11	1.00
42	85	11	1.00
42	90	11	1.00
42	95	11	1.00
42	100	11	0.98
42	105	11	0.94
42	110	11	0.89
42	115	11	0.84
42	120	11	0.79
42	125	11	0.73
42	130	11	0.67
42	135	11	0.60
42	140	11	0.52
42	145	11	0.42
42	150	11	0.32
42	155	11	0.22
42	160	11	0.15
42	165	11	0.08
42	170	11	0.04
42	175	11	0.01
42	180	11	0.00
42	0	12	0.00
42	5	12	0.01
42	10	12	0.04
42	15	12	0.08
42	20	12	0.14
42	25	12	0.22
42	30	12	0.28
42	35	12	0.38
42	40	12	0.49
42	45	12	0.60
42	50	12	0.74
42	55	12	0.85
42	60	12	0.94
42	65	12	1.00
42	70	12	1.00
42	75	12	1.00
42	80	12	1.00
42	85	12	1.00
42	90	12	1.00
42	95	12	1.00
42	100	12	0.98
42	105	12	0.94
42	110	12	0.89
42	115	12	0.83
42	120	12	0.78
42	125	12	0.73
42	130	12	0.66
42	135	12	0.60
42	140	12	0.51
42	145	12	0.41
42	150	12	0.32
42	155	12	0.22
42	160	12	0.15
42	165	12	0.09
42	170	12	0.04
42	175	12	0.01
42	180	12	0.00
42	0	13	0.00
42	5	13	0.01
42	10	13	0.04
42	15	13	0.07
42	20	13	0.13
42	25	13	0.21
42	30	13	0.29
42	35	13	0.39
42	40	13	0.51
42	45	13	0.62
42	50	13	0.73
42	55	13	0.84
42	60	13	0.94
42	65	13	1.00
42	70	13	1.00
42	75	13	1.00
42	80	13	1.00
42	85	13	1.00
42	90	13	1.00
42	95	13	1.00
42	100	13	0.98
42	105	13	0.94
42	110	13	0.89
42	115	13	0.83
42	120	13	0.77
42	125	13	0.72
42	130	13	0.65
42	135	13	0.59
42	140	13	0.51
42	145	13	0.41
42	150	13	0.32
42	155	13	0.22
42	160	13	0.14
42	165	13	0.09
42	170	13	0.03
42	175	13	0.01
42	180	13	0.00
42	0	14	0.00
42	5	14	0.01
42	10	14	0.04
42	15	14	0.07
42	20	14	0.13
42	25	14	0.22
42	30	14	0.30
42	35	14	0.38
42	40	14	0.50
42	45	14	0.60
42	50	14	0.73
42	55	14	0.83
42	60	14	0.93
42	65	14	1.00
42	70	14	1.00
42	75	14	1.00
42	80	14	1.00
42	85	14	1.00
42	90	14	1.00
42	95	14	1.00
42	100	14	0.99
42	105	14	0.94
42	110	14	0.89
42	115	14	0.83
42	120	14	0.77
42	125	14	0.71
42	130	14	0.65
42	135	14	0.58
42	140	14	0.51
42	145	14	0.42
42	150	14	0.31
42	155	14	0.22
42	160	14	0.14
42	165	14	0.08
42	170	14	0.04
42	175	14	0.01
42	180	14	0.00
42	0	15	0.00
42	5	15	0.01
42	10	15	0.04
42	15	15	0.07
42	20	15	0.14
42	25	15	0.20
42	30	15	0.28
42	35	15	0.39
42	40	15	0.51
42	45	15	0.62
42	50	15	0.72
42	55	15	0.82
42	60	15	0.93
42	65	15	1.00
42	70	15	1.00
42	75	15	1.00
42	80	15	1.00
42	85	15	1.00
42	90	15	1.00
42	95	15	1.00
42	100	15	0.99
42	105	15	0.94
42	110	15	0.89
42	115	15	0.83
42	120	15	0.76
42	125	15	0.70
42	130	15	0.64
42	135	15	0.57
42	140	15	0.50
42	145	15	0.41
42	150	15	0.31
42	155	15	0.23
42	160	15	0.14
42	165	15	0.08
42	170	15	0.04
42	175	15	0.01
42	180	15	0.00
42	0	16	0.00
42	5	16	0.02
42	10	16	0.04
42	15	16	0.07
42	20	16	0.14
42	25	16	0.21
42	30	16	0.29
42	35	16	0.41
42	40	16	0.49
42	45	16	0.60
42	50	16	0.74
42	55	16	0.84
42	60	16	0.96
42	65	16	1.00
42	70	16	1.00
42	75	16	1.00
42	80	16	1.00
42	85	16	1.00
42	90	16	1.00
42	95	16	1.00
42	100	16	1.00
42	105	16	0.94
42	110	16	0.89
42	115	16	0.83
42	120	16	0.76
42	125	16	0.69
42	130	16	0.63
42	135	16	0.56
42	140	16	0.49
42	145	16	0.41
42	150	16	0.32
42	155	16	0.23
42	160	16	0.14
42	165	16	0.08
42	170	16	0.04
42	175	16	0.01
42	180	16	0.00
42	0	17	0.00
42	5	17	0.02
42	10	17	0.04
42	15	17	0.08
42	20	17	0.13
42	25	17	0.21
42	30	17	0.28
42	35	17	0.39
42	40	17	0.51
42	45	17	0.59
42	50	17	0.72
42	55	17	0.83
42	60	17	0.95
42	65	17	1.00
42	70	17	1.00
42	75	17	1.00
42	80	17	1.00
42	85	17	1.00
42	90	17	1.00
42	95	17	1.00
42	100	17	1.00
42	105	17	0.95
42	110	17	0.89
42	115	17	0.83
42	120	17	0.75
42	125	17	0.69
42	130	17	0.62
42	135	17	0.56
42	140	17	0.49
42	145	17	0.40
42	150	17	0.31
42	155	17	0.23
42	160	17	0.15
42	165	17	0.08
42	170	17	0.04
42	175	17	0.01
42	180	17	0.00
42	0	18	0.00
42	5	18	0.02
42	10	18	0.04
42	15	18	0.08
42	20	18	0.13
42	25	18	0.22
42	30	18	0.29
42	35	18	0.41
42	40	18	0.48
42	45	18	0.61
42	50	18	0.74
42	55	18	0.82
42	60	18	0.94
42	65	18	1.00
42	70	18	1.00
42	75	18	1.00
42	80	18	1.00
42	85	18	1.00
42	90	18	1.00
42	95	18	1.00
42	100	18	1.00
42	105	18	0.95
42	110	18	0.89
42	115	18	0.83
42	120	18	0.75
42	125	18	0.68
42	130	18	0.62
42	135	18	0.55
42	140	18	0.48
42	145	18	0.41
42	150	18	0.32
42	155	18	0.22
42	160	18	0.15
42	165	18	0.09
42	170	18	0.04
42	175	18	0.01
42	180	18	0.00
42	0	19	0.00
42	5	19	0.02
42	10	19	0.04
42	15	19	0.07
42	20	19	0.13
42	25	19	0.20
42	30	19	0.30
42	35	19	0.39
42	40	19	0.50
42	45	19	0.60
42	50	19	0.72
42	55	19	0.85
42	60	19	0.92
42	65	19	1.00
42	70	19	1.00
42	75	19	1.00
42	80	19	1.00
42	85	19	1.00
42	90	19	1.00
42	95	19	1.00
42	100	19	1.00
42	105	19	0.96
42	110	19	0.89
42	115	19	0.83
42	120	19	0.75
42	125	19	0.68
42	130	19	0.61
42	135	19	0.54
42	140	19	0.47
42	145	19	0.40
42	150	19	0.31
42	155	19	0.23
42	160	19	0.15
42	165	19	0.09
42	170	19	0.04
42	175	19	0.01
42	180	19	0.00
42	0	20	0.00
42	5	20	0.02
42	10	20	0.05
42	15	20	0.07
42	20	20	0.14
42	25	20	0.20
42	30	20	0.28
42	35	20	0.40
42	40	20	0.48
42	45	20	0.62
42	50	20	0.70
42	55	20	0.84
42	60	20	0.95
42	65	20	1.00
42	70	20	1.00
42	75	20	1.00
42	80	20	1.00
42	85	20	1.00
42	90	20	1.00
42	95	20	1.00
42	100	20	1.00
42	105	20	0.96
42	110	20	0.89
42	115	20	0.83
42	120	20	0.75
42	125	20	0.67
42	130	20	0.60
42	135	20	0.53
42	140	20	0.46
42	145	20	0.39
42	150	20	0.31
42	155	20	0.22
42	160	20	0.14
42	165	20	0.08
42	170	20	0.04
42	175	20	0.01
42	180	20	0.00
43	0	5	0.00
43	5	5	0.01
43	10	5	0.04
43	15	5	0.07
43	20	5	0.14
43	25	5	0.21
43	30	5	0.31
43	35	5	0.43
43	40	5	0.54
43	45	5	0.65
43	50	5	0.76
43	55	5	0.87
43	60	5	0.98
43	65	5	1.00
43	70	5	1.00
43	75	5	1.00
43	80	5	1.00
43	85	5	1.00
43	90	5	1.00
43	95	5	1.00
43	100	5	1.00
43	105	5	0.99
43	110	5	0.96
43	115	5	0.93
43	120	5	0.88
43	125	5	0.83
43	130	5	0.75
43	135	5	0.66
43	140	5	0.55
43	145	5	0.43
43	150	5	0.34
43	155	5	0.23
43	160	5	0.16
43	165	5	0.09
43	170	5	0.03
43	175	5	0.01
43	180	5	0.00
43	0	6	0.00
43	5	6	0.01
43	10	6	0.04
43	15	6	0.08
43	20	6	0.15
43	25	6	0.22
43	30	6	0.30
43	35	6	0.42
43	40	6	0.52
43	45	6	0.65
43	50	6	0.76
43	55	6	0.87
43	60	6	0.98
43	65	6	1.00
43	70	6	1.00
43	75	6	1.00
43	80	6	1.00
43	85	6	1.00
43	90	6	1.00
43	95	6	1.00
43	100	6	1.00
43	105	6	0.99
43	110	6	0.96
43	115	6	0.92
43	120	6	0.87
43	125	6	0.82
43	130	6	0.76
43	135	6	0.65
43	140	6	0.55
43	145	6	0.44
43	150	6	0.34
43	155	6	0.23
43	160	6	0.15
43	165	6	0.08
43	170	6	0.04
43	175	6	0.01
43	180	6	0.00
43	0	7	0.00
43	5	7	0.01
43	10	7	0.04
43	15	7	0.08
43	20	7	0.14
43	25	7	0.22
43	30	7	0.31
43	35	7	0.42
43	40	7	0.54
43	45	7	0.65
43	50	7	0.78
43	55	7	0.87
43	60	7	0.99
43	65	7	1.00
43	70	7	1.00
43	75	7	1.00
43	80	7	1.00
43	85	7	1.00
43	90	7	1.00
43	95	7	1.00
43	100	7	1.00
43	105	7	0.98
43	110	7	0.95
43	115	7	0.91
43	120	7	0.87
43	125	7	0.80
43	130	7	0.74
43	135	7	0.65
43	140	7	0.55
43	145	7	0.44
43	150	7	0.32
43	155	7	0.23
43	160	7	0.15
43	165	7	0.09
43	170	7	0.04
43	175	7	0.01
43	180	7	0.00
43	0	8	0.00
43	5	8	0.01
43	10	8	0.04
43	15	8	0.08
43	20	8	0.14
43	25	8	0.22
43	30	8	0.31
43	35	8	0.43
43	40	8	0.52
43	45	8	0.64
43	50	8	0.77
43	55	8	0.87
43	60	8	0.98
43	65	8	1.00
43	70	8	1.00
43	75	8	1.00
43	80	8	1.00
43	85	8	1.00
43	90	8	1.00
43	95	8	1.00
43	100	8	1.00
43	105	8	0.99
43	110	8	0.94
43	115	8	0.90
43	120	8	0.86
43	125	8	0.80
43	130	8	0.73
43	135	8	0.65
43	140	8	0.55
43	145	8	0.43
43	150	8	0.32
43	155	8	0.22
43	160	8	0.14
43	165	8	0.08
43	170	8	0.03
43	175	8	0.01
43	180	8	0.00
43	0	9	0.00
43	5	9	0.01
43	10	9	0.04
43	15	9	0.07
43	20	9	0.15
43	25	9	0.22
43	30	9	0.32
43	35	9	0.41
43	40	9	0.51
43	45	9	0.66
43	50	9	0.76
43	55	9	0.87
43	60	9	0.98
43	65	9	1.00
43	70	9	1.00
43	75	9	1.00
43	80	9	1.00
43	85	9	1.00
43	90	9	1.00
43	95	9	1.00
43	100	9	1.00
43	105	9	0.99
43	110	9	0.94
43	115	9	0.89
43	120	9	0.84
43	125	9	0.79
43	130	9	0.72
43	135	9	0.65
43	140	9	0.55
43	145	9	0.43
43	150	9	0.32
43	155	9	0.23
43	160	9	0.15
43	165	9	0.09
43	170	9	0.04
43	175	9	0.01
43	180	9	0.00
43	0	10	0.00
43	5	10	0.01
43	10	10	0.04
43	15	10	0.07
43	20	10	0.13
43	25	10	0.21
43	30	10	0.30
43	35	10	0.43
43	40	10	0.53
43	45	10	0.65
43	50	10	0.75
43	55	10	0.87
43	60	10	0.98
43	65	10	1.00
43	70	10	1.00
43	75	10	1.00
43	80	10	1.00
43	85	10	1.00
43	90	10	1.00
43	95	10	1.00
43	100	10	1.00
43	105	10	0.99
43	110	10	0.93
43	115	10	0.89
43	120	10	0.84
43	125	10	0.78
43	130	10	0.72
43	135	10	0.64
43	140	10	0.54
43	145	10	0.43
43	150	10	0.33
43	155	10	0.23
43	160	10	0.15
43	165	10	0.08
43	170	10	0.04
43	175	10	0.01
43	180	10	0.00
43	0	11	0.00
43	5	11	0.01
43	10	11	0.04
43	15	11	0.08
43	20	11	0.14
43	25	11	0.22
43	30	11	0.31
43	35	11	0.41
43	40	11	0.52
43	45	11	0.64
43	50	11	0.75
43	55	11	0.89
43	60	11	0.98
43	65	11	1.00
43	70	11	1.00
43	75	11	1.00
43	80	11	1.00
43	85	11	1.00
43	90	11	1.00
43	95	11	1.00
43	100	11	1.00
43	105	11	0.99
43	110	11	0.93
43	115	11	0.88
43	120	11	0.83
43	125	11	0.77
43	130	11	0.70
43	135	11	0.63
43	140	11	0.55
43	145	11	0.44
43	150	11	0.33
43	155	11	0.24
43	160	11	0.16
43	165	11	0.09
43	170	11	0.03
43	175	11	0.01
43	180	11	0.00
43	0	12	0.00
43	5	12	0.01
43	10	12	0.04
43	15	12	0.08
43	20	12	0.14
43	25	12	0.23
43	30	12	0.33
43	35	12	0.42
43	40	12	0.54
43	45	12	0.66
43	50	12	0.77
43	55	12	0.89
43	60	12	0.98
43	65	12	1.00
43	70	12	1.00
43	75	12	1.00
43	80	12	1.00
43	85	12	1.00
43	90	12	1.00
43	95	12	1.00
43	100	12	1.00
43	105	12	0.99
43	110	12	0.93
43	115	12	0.87
43	120	12	0.82
43	125	12	0.76
43	130	12	0.70
43	135	12	0.63
43	140	12	0.54
43	145	12	0.44
43	150	12	0.33
43	155	12	0.24
43	160	12	0.15
43	165	12	0.09
43	170	12	0.04
43	175	12	0.01
43	180	12	0.00
43	0	13	0.00
43	5	13	0.01
43	10	13	0.04
43	15	13	0.08
43	20	13	0.13
43	25	13	0.22
43	30	13	0.30
43	35	13	0.41
43	40	13	0.53
43	45	13	0.64
43	50	13	0.76
43	55	13	0.88
43	60	13	0.97
43	65	13	1.00
43	70	13	1.00
43	75	13	1.00
43	80	13	1.00
43	85	13	1.00
43	90	13	1.00
43	95	13	1.00
43	100	13	1.00
43	105	13	0.98
43	110	13	0.93
43	115	13	0.87
43	120	13	0.81
43	125	13	0.76
43	130	13	0.69
43	135	13	0.62
43	140	13	0.53
43	145	13	0.44
43	150	13	0.34
43	155	13	0.23
43	160	13	0.15
43	165	13	0.09
43	170	13	0.04
43	175	13	0.01
43	180	13	0.00
43	0	14	0.00
43	5	14	0.01
43	10	14	0.04
43	15	14	0.07
43	20	14	0.14
43	25	14	0.23
43	30	14	0.32
43	35	14	0.42
43	40	14	0.52
43	45	14	0.62
43	50	14	0.75
43	55	14	0.86
43	60	14	0.97
43	65	14	1.00
43	70	14	1.00
43	75	14	1.00
43	80	14	1.00
43	85	14	1.00
43	90	14	1.00
43	95	14	1.00
43	100	14	1.00
43	105	14	0.99
43	110	14	0.93
43	115	14	0.87
43	120	14	0.81
43	125	14	0.75
43	130	14	0.68
43	135	14	0.61
43	140	14	0.54
43	145	14	0.43
43	150	14	0.33
43	155	14	0.23
43	160	14	0.15
43	165	14	0.09
43	170	14	0.04
43	175	14	0.01
43	180	14	0.00
43	0	15	0.00
43	5	15	0.02
43	10	15	0.04
43	15	15	0.07
43	20	15	0.14
43	25	15	0.23
43	30	15	0.29
43	35	15	0.41
43	40	15	0.53
43	45	15	0.64
43	50	15	0.78
43	55	15	0.89
43	60	15	1.00
43	65	15	1.00
43	70	15	1.00
43	75	15	1.00
43	80	15	1.00
43	85	15	1.00
43	90	15	1.00
43	95	15	1.00
43	100	15	1.00
43	105	15	0.99
43	110	15	0.93
43	115	15	0.87
43	120	15	0.80
43	125	15	0.74
43	130	15	0.67
43	135	15	0.60
43	140	15	0.53
43	145	15	0.43
43	150	15	0.33
43	155	15	0.23
43	160	15	0.15
43	165	15	0.09
43	170	15	0.04
43	175	15	0.01
43	180	15	0.00
43	0	16	0.00
43	5	16	0.02
43	10	16	0.04
43	15	16	0.08
43	20	16	0.15
43	25	16	0.21
43	30	16	0.30
43	35	16	0.42
43	40	16	0.51
43	45	16	0.63
43	50	16	0.77
43	55	16	0.87
43	60	16	0.99
43	65	16	1.00
43	70	16	1.00
43	75	16	1.00
43	80	16	1.00
43	85	16	1.00
43	90	16	1.00
43	95	16	1.00
43	100	16	1.00
43	105	16	0.98
43	110	16	0.93
43	115	16	0.87
43	120	16	0.80
43	125	16	0.73
43	130	16	0.67
43	135	16	0.59
43	140	16	0.52
43	145	16	0.43
43	150	16	0.32
43	155	16	0.23
43	160	16	0.15
43	165	16	0.09
43	170	16	0.04
43	175	16	0.01
43	180	16	0.00
43	0	17	0.00
43	5	17	0.02
43	10	17	0.04
43	15	17	0.08
43	20	17	0.13
43	25	17	0.22
43	30	17	0.31
43	35	17	0.41
43	40	17	0.52
43	45	17	0.65
43	50	17	0.75
43	55	17	0.86
43	60	17	0.99
43	65	17	1.00
43	70	17	1.00
43	75	17	1.00
43	80	17	1.00
43	85	17	1.00
43	90	17	1.00
43	95	17	1.00
43	100	17	1.00
43	105	17	0.99
43	110	17	0.93
43	115	17	0.87
43	120	17	0.79
43	125	17	0.73
43	130	17	0.66
43	135	17	0.58
43	140	17	0.51
43	145	17	0.43
43	150	17	0.33
43	155	17	0.24
43	160	17	0.15
43	165	17	0.08
43	170	17	0.04
43	175	17	0.01
43	180	17	0.00
43	0	18	0.00
43	5	18	0.02
43	10	18	0.04
43	15	18	0.08
43	20	18	0.13
43	25	18	0.23
43	30	18	0.30
43	35	18	0.42
43	40	18	0.50
43	45	18	0.63
43	50	18	0.77
43	55	18	0.89
43	60	18	0.97
43	65	18	1.00
43	70	18	1.00
43	75	18	1.00
43	80	18	1.00
43	85	18	1.00
43	90	18	1.00
43	95	18	1.00
43	100	18	1.00
43	105	18	1.00
43	110	18	0.93
43	115	18	0.87
43	120	18	0.79
43	125	18	0.72
43	130	18	0.65
43	135	18	0.58
43	140	18	0.51
43	145	18	0.42
43	150	18	0.33
43	155	18	0.24
43	160	18	0.15
43	165	18	0.08
43	170	18	0.04
43	175	18	0.01
43	180	18	0.00
43	0	19	0.00
43	5	19	0.02
43	10	19	0.05
43	15	19	0.07
43	20	19	0.14
43	25	19	0.20
43	30	19	0.31
43	35	19	0.40
43	40	19	0.51
43	45	19	0.65
43	50	19	0.75
43	55	19	0.88
43	60	19	1.00
43	65	19	1.00
43	70	19	1.00
43	75	19	1.00
43	80	19	1.00
43	85	19	1.00
43	90	19	1.00
43	95	19	1.00
43	100	19	1.00
43	105	19	1.00
43	110	19	0.93
43	115	19	0.87
43	120	19	0.79
43	125	19	0.71
43	130	19	0.64
43	135	19	0.57
43	140	19	0.49
43	145	19	0.42
43	150	19	0.33
43	155	19	0.23
43	160	19	0.15
43	165	19	0.09
43	170	19	0.04
43	175	19	0.01
43	180	19	0.00
43	0	20	0.00
43	5	20	0.02
43	10	20	0.05
43	15	20	0.07
43	20	20	0.14
43	25	20	0.21
43	30	20	0.32
43	35	20	0.41
43	40	20	0.53
43	45	20	0.64
43	50	20	0.77
43	55	20	0.86
43	60	20	0.98
43	65	20	1.00
43	70	20	1.00
43	75	20	1.00
43	80	20	1.00
43	85	20	1.00
43	90	20	1.00
43	95	20	1.00
43	100	20	1.00
43	105	20	1.00
43	110	20	0.93
43	115	20	0.87
43	120	20	0.79
43	125	20	0.71
43	130	20	0.64
43	135	20	0.56
43	140	20	0.49
43	145	20	0.41
43	150	20	0.32
43	155	20	0.24
43	160	20	0.15
43	165	20	0.09
43	170	20	0.04
43	175	20	0.01
43	180	20	0.00
44	0	5	0.00
44	5	5	0.01
44	10	5	0.04
44	15	5	0.08
44	20	5	0.15
44	25	5	0.24
44	30	5	0.32
44	35	5	0.45
44	40	5	0.56
44	45	5	0.68
44	50	5	0.80
44	55	5	0.91
44	60	5	1.00
44	65	5	1.00
44	70	5	1.00
44	75	5	1.00
44	80	5	1.00
44	85	5	1.00
44	90	5	1.00
44	95	5	1.00
44	100	5	1.00
44	105	5	1.00
44	110	5	1.00
44	115	5	0.97
44	120	5	0.92
44	125	5	0.87
44	130	5	0.79
44	135	5	0.69
44	140	5	0.58
44	145	5	0.46
44	150	5	0.35
44	155	5	0.24
44	160	5	0.15
44	165	5	0.09
44	170	5	0.04
44	175	5	0.01
44	180	5	0.00
44	0	6	0.00
44	5	6	0.01
44	10	6	0.04
44	15	6	0.08
44	20	6	0.16
44	25	6	0.22
44	30	6	0.34
44	35	6	0.44
44	40	6	0.54
44	45	6	0.68
44	50	6	0.82
44	55	6	0.91
44	60	6	1.00
44	65	6	1.00
44	70	6	1.00
44	75	6	1.00
44	80	6	1.00
44	85	6	1.00
44	90	6	1.00
44	95	6	1.00
44	100	6	1.00
44	105	6	1.00
44	110	6	1.00
44	115	6	0.96
44	120	6	0.91
44	125	6	0.86
44	130	6	0.80
44	135	6	0.69
44	140	6	0.58
44	145	6	0.46
44	150	6	0.34
44	155	6	0.25
44	160	6	0.16
44	165	6	0.09
44	170	6	0.04
44	175	6	0.01
44	180	6	0.00
44	0	7	0.00
44	5	7	0.01
44	10	7	0.04
44	15	7	0.08
44	20	7	0.14
44	25	7	0.23
44	30	7	0.33
44	35	7	0.43
44	40	7	0.56
44	45	7	0.67
44	50	7	0.82
44	55	7	0.91
44	60	7	1.00
44	65	7	1.00
44	70	7	1.00
44	75	7	1.00
44	80	7	1.00
44	85	7	1.00
44	90	7	1.00
44	95	7	1.00
44	100	7	1.00
44	105	7	1.00
44	110	7	0.99
44	115	7	0.95
44	120	7	0.91
44	125	7	0.84
44	130	7	0.78
44	135	7	0.68
44	140	7	0.58
44	145	7	0.46
44	150	7	0.34
44	155	7	0.23
44	160	7	0.16
44	165	7	0.09
44	170	7	0.04
44	175	7	0.01
44	180	7	0.00
44	0	8	0.00
44	5	8	0.01
44	10	8	0.04
44	15	8	0.08
44	20	8	0.15
44	25	8	0.22
44	30	8	0.34
44	35	8	0.45
44	40	8	0.55
44	45	8	0.69
44	50	8	0.81
44	55	8	0.91
44	60	8	1.00
44	65	8	1.00
44	70	8	1.00
44	75	8	1.00
44	80	8	1.00
44	85	8	1.00
44	90	8	1.00
44	95	8	1.00
44	100	8	1.00
44	105	8	1.00
44	110	8	0.99
44	115	8	0.94
44	120	8	0.90
44	125	8	0.84
44	130	8	0.77
44	135	8	0.67
44	140	8	0.58
44	145	8	0.46
44	150	8	0.34
44	155	8	0.24
44	160	8	0.15
44	165	8	0.09
44	170	8	0.04
44	175	8	0.01
44	180	8	0.00
44	0	9	0.00
44	5	9	0.01
44	10	9	0.04
44	15	9	0.07
44	20	9	0.15
44	25	9	0.23
44	30	9	0.33
44	35	9	0.43
44	40	9	0.56
44	45	9	0.69
44	50	9	0.80
44	55	9	0.91
44	60	9	1.00
44	65	9	1.00
44	70	9	1.00
44	75	9	1.00
44	80	9	1.00
44	85	9	1.00
44	90	9	1.00
44	95	9	1.00
44	100	9	1.00
44	105	9	1.00
44	110	9	0.98
44	115	9	0.94
44	120	9	0.89
44	125	9	0.83
44	130	9	0.76
44	135	9	0.68
44	140	9	0.58
44	145	9	0.45
44	150	9	0.34
44	155	9	0.24
44	160	9	0.16
44	165	9	0.09
44	170	9	0.04
44	175	9	0.01
44	180	9	0.00
44	0	10	0.00
44	5	10	0.01
44	10	10	0.04
44	15	10	0.08
44	20	10	0.14
44	25	10	0.22
44	30	10	0.34
44	35	10	0.44
44	40	10	0.55
44	45	10	0.68
44	50	10	0.78
44	55	10	0.93
44	60	10	1.00
44	65	10	1.00
44	70	10	1.00
44	75	10	1.00
44	80	10	1.00
44	85	10	1.00
44	90	10	1.00
44	95	10	1.00
44	100	10	1.00
44	105	10	1.00
44	110	10	0.98
44	115	10	0.93
44	120	10	0.88
44	125	10	0.82
44	130	10	0.75
44	135	10	0.68
44	140	10	0.57
44	145	10	0.45
44	150	10	0.34
44	155	10	0.25
44	160	10	0.16
44	165	10	0.09
44	170	10	0.04
44	175	10	0.01
44	180	10	0.00
44	0	11	0.00
44	5	11	0.01
44	10	11	0.04
44	15	11	0.08
44	20	11	0.14
44	25	11	0.23
44	30	11	0.33
44	35	11	0.42
44	40	11	0.54
44	45	11	0.67
44	50	11	0.81
44	55	11	0.93
44	60	11	1.00
44	65	11	1.00
44	70	11	1.00
44	75	11	1.00
44	80	11	1.00
44	85	11	1.00
44	90	11	1.00
44	95	11	1.00
44	100	11	1.00
44	105	11	1.00
44	110	11	0.97
44	115	11	0.92
44	120	11	0.87
44	125	11	0.81
44	130	11	0.74
44	135	11	0.67
44	140	11	0.56
44	145	11	0.45
44	150	11	0.35
44	155	11	0.25
44	160	11	0.16
44	165	11	0.09
44	170	11	0.04
44	175	11	0.01
44	180	11	0.00
44	0	12	0.00
44	5	12	0.01
44	10	12	0.04
44	15	12	0.08
44	20	12	0.15
44	25	12	0.24
44	30	12	0.34
44	35	12	0.44
44	40	12	0.56
44	45	12	0.69
44	50	12	0.80
44	55	12	0.92
44	60	12	1.00
44	65	12	1.00
44	70	12	1.00
44	75	12	1.00
44	80	12	1.00
44	85	12	1.00
44	90	12	1.00
44	95	12	1.00
44	100	12	1.00
44	105	12	1.00
44	110	12	0.98
44	115	12	0.92
44	120	12	0.86
44	125	12	0.80
44	130	12	0.73
44	135	12	0.65
44	140	12	0.56
44	145	12	0.45
44	150	12	0.35
44	155	12	0.25
44	160	12	0.16
44	165	12	0.09
44	170	12	0.04
44	175	12	0.01
44	180	12	0.00
44	0	13	0.00
44	5	13	0.01
44	10	13	0.04
44	15	13	0.09
44	20	13	0.14
44	25	13	0.23
44	30	13	0.32
44	35	13	0.42
44	40	13	0.55
44	45	13	0.67
44	50	13	0.79
44	55	13	0.91
44	60	13	1.00
44	65	13	1.00
44	70	13	1.00
44	75	13	1.00
44	80	13	1.00
44	85	13	1.00
44	90	13	1.00
44	95	13	1.00
44	100	13	1.00
44	105	13	1.00
44	110	13	0.98
44	115	13	0.91
44	120	13	0.85
44	125	13	0.79
44	130	13	0.73
44	135	13	0.65
44	140	13	0.56
44	145	13	0.46
44	150	13	0.35
44	155	13	0.25
44	160	13	0.16
44	165	13	0.09
44	170	13	0.04
44	175	13	0.01
44	180	13	0.00
44	0	14	0.00
44	5	14	0.02
44	10	14	0.05
44	15	14	0.07
44	20	14	0.14
44	25	14	0.23
44	30	14	0.33
44	35	14	0.43
44	40	14	0.57
44	45	14	0.69
44	50	14	0.81
44	55	14	0.94
44	60	14	1.00
44	65	14	1.00
44	70	14	1.00
44	75	14	1.00
44	80	14	1.00
44	85	14	1.00
44	90	14	1.00
44	95	14	1.00
44	100	14	1.00
44	105	14	1.00
44	110	14	0.98
44	115	14	0.91
44	120	14	0.85
44	125	14	0.78
44	130	14	0.72
44	135	14	0.64
44	140	14	0.56
44	145	14	0.46
44	150	14	0.34
44	155	14	0.25
44	160	14	0.16
44	165	14	0.09
44	170	14	0.04
44	175	14	0.01
44	180	14	0.00
44	0	15	0.00
44	5	15	0.02
44	10	15	0.04
44	15	15	0.08
44	20	15	0.15
44	25	15	0.24
44	30	15	0.34
44	35	15	0.42
44	40	15	0.55
44	45	15	0.67
44	50	15	0.80
44	55	15	0.92
44	60	15	1.00
44	65	15	1.00
44	70	15	1.00
44	75	15	1.00
44	80	15	1.00
44	85	15	1.00
44	90	15	1.00
44	95	15	1.00
44	100	15	1.00
44	105	15	1.00
44	110	15	0.98
44	115	15	0.91
44	120	15	0.84
44	125	15	0.78
44	130	15	0.70
44	135	15	0.63
44	140	15	0.56
44	145	15	0.45
44	150	15	0.35
44	155	15	0.25
44	160	15	0.16
44	165	15	0.09
44	170	15	0.04
44	175	15	0.01
44	180	15	0.00
44	0	16	0.00
44	5	16	0.02
44	10	16	0.04
44	15	16	0.08
44	20	16	0.15
44	25	16	0.22
44	30	16	0.31
44	35	16	0.43
44	40	16	0.57
44	45	16	0.65
44	50	16	0.79
44	55	16	0.90
44	60	16	1.00
44	65	16	1.00
44	70	16	1.00
44	75	16	1.00
44	80	16	1.00
44	85	16	1.00
44	90	16	1.00
44	95	16	1.00
44	100	16	1.00
44	105	16	1.00
44	110	16	0.98
44	115	16	0.91
44	120	16	0.84
44	125	16	0.77
44	130	16	0.70
44	135	16	0.62
44	140	16	0.55
44	145	16	0.45
44	150	16	0.35
44	155	16	0.25
44	160	16	0.16
44	165	16	0.09
44	170	16	0.04
44	175	16	0.01
44	180	16	0.00
44	0	17	0.00
44	5	17	0.02
44	10	17	0.04
44	15	17	0.08
44	20	17	0.13
44	25	17	0.23
44	30	17	0.32
44	35	17	0.42
44	40	17	0.54
44	45	17	0.67
44	50	17	0.82
44	55	17	0.89
44	60	17	1.00
44	65	17	1.00
44	70	17	1.00
44	75	17	1.00
44	80	17	1.00
44	85	17	1.00
44	90	17	1.00
44	95	17	1.00
44	100	17	1.00
44	105	17	1.00
44	110	17	0.98
44	115	17	0.91
44	120	17	0.83
44	125	17	0.76
44	130	17	0.69
44	135	17	0.62
44	140	17	0.54
44	145	17	0.45
44	150	17	0.34
44	155	17	0.25
44	160	17	0.16
44	165	17	0.09
44	170	17	0.04
44	175	17	0.01
44	180	17	0.00
44	0	18	0.00
44	5	18	0.02
44	10	18	0.05
44	15	18	0.08
44	20	18	0.14
44	25	18	0.23
44	30	18	0.31
44	35	18	0.43
44	40	18	0.56
44	45	18	0.65
44	50	18	0.80
44	55	18	0.92
44	60	18	1.00
44	65	18	1.00
44	70	18	1.00
44	75	18	1.00
44	80	18	1.00
44	85	18	1.00
44	90	18	1.00
44	95	18	1.00
44	100	18	1.00
44	105	18	1.00
44	110	18	0.98
44	115	18	0.91
44	120	18	0.83
44	125	18	0.75
44	130	18	0.68
44	135	18	0.61
44	140	18	0.53
44	145	18	0.44
44	150	18	0.35
44	155	18	0.25
44	160	18	0.16
44	165	18	0.09
44	170	18	0.04
44	175	18	0.01
44	180	18	0.00
44	0	19	0.00
44	5	19	0.02
44	10	19	0.05
44	15	19	0.07
44	20	19	0.14
44	25	19	0.24
44	30	19	0.32
44	35	19	0.45
44	40	19	0.53
44	45	19	0.67
44	50	19	0.77
44	55	19	0.91
44	60	19	1.00
44	65	19	1.00
44	70	19	1.00
44	75	19	1.00
44	80	19	1.00
44	85	19	1.00
44	90	19	1.00
44	95	19	1.00
44	100	19	1.00
44	105	19	1.00
44	110	19	0.98
44	115	19	0.91
44	120	19	0.83
44	125	19	0.75
44	130	19	0.68
44	135	19	0.60
44	140	19	0.52
44	145	19	0.44
44	150	19	0.35
44	155	19	0.25
44	160	19	0.16
44	165	19	0.09
44	170	19	0.04
44	175	19	0.01
44	180	19	0.00
44	0	20	0.00
44	5	20	0.02
44	10	20	0.05
44	15	20	0.07
44	20	20	0.15
44	25	20	0.22
44	30	20	0.33
44	35	20	0.43
44	40	20	0.55
44	45	20	0.66
44	50	20	0.80
44	55	20	0.93
44	60	20	1.00
44	65	20	1.00
44	70	20	1.00
44	75	20	1.00
44	80	20	1.00
44	85	20	1.00
44	90	20	1.00
44	95	20	1.00
44	100	20	1.00
44	105	20	1.00
44	110	20	0.98
44	115	20	0.91
44	120	20	0.83
44	125	20	0.74
44	130	20	0.67
44	135	20	0.59
44	140	20	0.52
44	145	20	0.44
44	150	20	0.35
44	155	20	0.25
44	160	20	0.16
44	165	20	0.09
44	170	20	0.04
44	175	20	0.01
44	180	20	0.00
45	0	5	0.00
45	5	5	0.01
45	10	5	0.04
45	15	5	0.09
45	20	5	0.16
45	25	5	0.25
45	30	5	0.34
45	35	5	0.47
45	40	5	0.58
45	45	5	0.71
45	50	5	0.83
45	55	5	0.95
45	60	5	1.00
45	65	5	1.00
45	70	5	1.00
45	75	5	1.00
45	80	5	1.00
45	85	5	1.00
45	90	5	1.00
45	95	5	1.00
45	100	5	1.00
45	105	5	1.00
45	110	5	1.00
45	115	5	1.00
45	120	5	0.97
45	125	5	0.91
45	130	5	0.83
45	135	5	0.73
45	140	5	0.59
45	145	5	0.48
45	150	5	0.37
45	155	5	0.26
45	160	5	0.16
45	165	5	0.10
45	170	5	0.04
45	175	5	0.02
45	180	5	0.00
45	0	6	0.00
45	5	6	0.01
45	10	6	0.04
45	15	6	0.08
45	20	6	0.16
45	25	6	0.23
45	30	6	0.35
45	35	6	0.46
45	40	6	0.60
45	45	6	0.71
45	50	6	0.86
45	55	6	0.95
45	60	6	1.00
45	65	6	1.00
45	70	6	1.00
45	75	6	1.00
45	80	6	1.00
45	85	6	1.00
45	90	6	1.00
45	95	6	1.00
45	100	6	1.00
45	105	6	1.00
45	110	6	1.00
45	115	6	1.00
45	120	6	0.96
45	125	6	0.90
45	130	6	0.82
45	135	6	0.72
45	140	6	0.59
45	145	6	0.48
45	150	6	0.36
45	155	6	0.26
45	160	6	0.16
45	165	6	0.09
45	170	6	0.04
45	175	6	0.01
45	180	6	0.00
45	0	7	0.00
45	5	7	0.01
45	10	7	0.05
45	15	7	0.08
45	20	7	0.15
45	25	7	0.24
45	30	7	0.34
45	35	7	0.45
45	40	7	0.59
45	45	7	0.70
45	50	7	0.85
45	55	7	0.95
45	60	7	1.00
45	65	7	1.00
45	70	7	1.00
45	75	7	1.00
45	80	7	1.00
45	85	7	1.00
45	90	7	1.00
45	95	7	1.00
45	100	7	1.00
45	105	7	1.00
45	110	7	1.00
45	115	7	1.00
45	120	7	0.95
45	125	7	0.89
45	130	7	0.82
45	135	7	0.71
45	140	7	0.59
45	145	7	0.48
45	150	7	0.36
45	155	7	0.25
45	160	7	0.17
45	165	7	0.10
45	170	7	0.04
45	175	7	0.01
45	180	7	0.00
45	0	8	0.00
45	5	8	0.01
45	10	8	0.04
45	15	8	0.09
45	20	8	0.15
45	25	8	0.23
45	30	8	0.35
45	35	8	0.47
45	40	8	0.57
45	45	8	0.72
45	50	8	0.84
45	55	8	0.95
45	60	8	1.00
45	65	8	1.00
45	70	8	1.00
45	75	8	1.00
45	80	8	1.00
45	85	8	1.00
45	90	8	1.00
45	95	8	1.00
45	100	8	1.00
45	105	8	1.00
45	110	8	1.00
45	115	8	0.99
45	120	8	0.94
45	125	8	0.88
45	130	8	0.81
45	135	8	0.71
45	140	8	0.61
45	145	8	0.48
45	150	8	0.36
45	155	8	0.25
45	160	8	0.16
45	165	8	0.09
45	170	8	0.04
45	175	8	0.01
45	180	8	0.00
45	0	9	0.00
45	5	9	0.01
45	10	9	0.04
45	15	9	0.09
45	20	9	0.16
45	25	9	0.24
45	30	9	0.34
45	35	9	0.45
45	40	9	0.59
45	45	9	0.72
45	50	9	0.83
45	55	9	0.97
45	60	9	1.00
45	65	9	1.00
45	70	9	1.00
45	75	9	1.00
45	80	9	1.00
45	85	9	1.00
45	90	9	1.00
45	95	9	1.00
45	100	9	1.00
45	105	9	1.00
45	110	9	1.00
45	115	9	0.98
45	120	9	0.93
45	125	9	0.86
45	130	9	0.80
45	135	9	0.70
45	140	9	0.61
45	145	9	0.48
45	150	9	0.36
45	155	9	0.26
45	160	9	0.17
45	165	9	0.10
45	170	9	0.04
45	175	9	0.01
45	180	9	0.00
45	0	10	0.00
45	5	10	0.01
45	10	10	0.04
45	15	10	0.08
45	20	10	0.14
45	25	10	0.25
45	30	10	0.35
45	35	10	0.46
45	40	10	0.57
45	45	10	0.71
45	50	10	0.85
45	55	10	0.97
45	60	10	1.00
45	65	10	1.00
45	70	10	1.00
45	75	10	1.00
45	80	10	1.00
45	85	10	1.00
45	90	10	1.00
45	95	10	1.00
45	100	10	1.00
45	105	10	1.00
45	110	10	1.00
45	115	10	0.98
45	120	10	0.92
45	125	10	0.86
45	130	10	0.78
45	135	10	0.71
45	140	10	0.60
45	145	10	0.48
45	150	10	0.36
45	155	10	0.26
45	160	10	0.16
45	165	10	0.09
45	170	10	0.04
45	175	10	0.01
45	180	10	0.00
45	0	11	0.00
45	5	11	0.01
45	10	11	0.04
45	15	11	0.08
45	20	11	0.15
45	25	11	0.24
45	30	11	0.34
45	35	11	0.44
45	40	11	0.56
45	45	11	0.73
45	50	11	0.84
45	55	11	0.97
45	60	11	1.00
45	65	11	1.00
45	70	11	1.00
45	75	11	1.00
45	80	11	1.00
45	85	11	1.00
45	90	11	1.00
45	95	11	1.00
45	100	11	1.00
45	105	11	1.00
45	110	11	1.00
45	115	11	0.97
45	120	11	0.91
45	125	11	0.85
45	130	11	0.78
45	135	11	0.70
45	140	11	0.59
45	145	11	0.48
45	150	11	0.37
45	155	11	0.27
45	160	11	0.17
45	165	11	0.10
45	170	11	0.04
45	175	11	0.01
45	180	11	0.00
45	0	12	0.00
45	5	12	0.01
45	10	12	0.04
45	15	12	0.09
45	20	12	0.15
45	25	12	0.25
45	30	12	0.35
45	35	12	0.45
45	40	12	0.58
45	45	12	0.71
45	50	12	0.83
45	55	12	0.96
45	60	12	1.00
45	65	12	1.00
45	70	12	1.00
45	75	12	1.00
45	80	12	1.00
45	85	12	1.00
45	90	12	1.00
45	95	12	1.00
45	100	12	1.00
45	105	12	1.00
45	110	12	1.00
45	115	12	0.96
45	120	12	0.90
45	125	12	0.84
45	130	12	0.77
45	135	12	0.69
45	140	12	0.59
45	145	12	0.48
45	150	12	0.37
45	155	12	0.25
45	160	12	0.17
45	165	12	0.09
45	170	12	0.04
45	175	12	0.01
45	180	12	0.00
45	0	13	0.00
45	5	13	0.02
45	10	13	0.05
45	15	13	0.09
45	20	13	0.16
45	25	13	0.23
45	30	13	0.33
45	35	13	0.44
45	40	13	0.57
45	45	13	0.69
45	50	13	0.82
45	55	13	0.99
45	60	13	1.00
45	65	13	1.00
45	70	13	1.00
45	75	13	1.00
45	80	13	1.00
45	85	13	1.00
45	90	13	1.00
45	95	13	1.00
45	100	13	1.00
45	105	13	1.00
45	110	13	1.00
45	115	13	0.96
45	120	13	0.89
45	125	13	0.83
45	130	13	0.76
45	135	13	0.68
45	140	13	0.58
45	145	13	0.47
45	150	13	0.37
45	155	13	0.25
45	160	13	0.17
45	165	13	0.10
45	170	13	0.04
45	175	13	0.01
45	180	13	0.00
45	0	14	0.00
45	5	14	0.02
45	10	14	0.05
45	15	14	0.08
45	20	14	0.15
45	25	14	0.24
45	30	14	0.34
45	35	14	0.45
45	40	14	0.59
45	45	14	0.71
45	50	14	0.84
45	55	14	0.97
45	60	14	1.00
45	65	14	1.00
45	70	14	1.00
45	75	14	1.00
45	80	14	1.00
45	85	14	1.00
45	90	14	1.00
45	95	14	1.00
45	100	14	1.00
45	105	14	1.00
45	110	14	1.00
45	115	14	0.95
45	120	14	0.89
45	125	14	0.82
45	130	14	0.75
45	135	14	0.67
45	140	14	0.59
45	145	14	0.47
45	150	14	0.36
45	155	14	0.25
45	160	14	0.17
45	165	14	0.10
45	170	14	0.04
45	175	14	0.01
45	180	14	0.00
45	0	15	0.00
45	5	15	0.02
45	10	15	0.05
45	15	15	0.08
45	20	15	0.15
45	25	15	0.25
45	30	15	0.35
45	35	15	0.44
45	40	15	0.57
45	45	15	0.69
45	50	15	0.83
45	55	15	0.95
45	60	15	1.00
45	65	15	1.00
45	70	15	1.00
45	75	15	1.00
45	80	15	1.00
45	85	15	1.00
45	90	15	1.00
45	95	15	1.00
45	100	15	1.00
45	105	15	1.00
45	110	15	1.00
45	115	15	0.95
45	120	15	0.88
45	125	15	0.82
45	130	15	0.74
45	135	15	0.66
45	140	15	0.58
45	145	15	0.48
45	150	15	0.36
45	155	15	0.25
45	160	15	0.16
45	165	15	0.09
45	170	15	0.04
45	175	15	0.01
45	180	15	0.00
45	0	16	0.00
45	5	16	0.02
45	10	16	0.04
45	15	16	0.08
45	20	16	0.16
45	25	16	0.26
45	30	16	0.32
45	35	16	0.45
45	40	16	0.59
45	45	16	0.71
45	50	16	0.82
45	55	16	0.94
45	60	16	1.00
45	65	16	1.00
45	70	16	1.00
45	75	16	1.00
45	80	16	1.00
45	85	16	1.00
45	90	16	1.00
45	95	16	1.00
45	100	16	1.00
45	105	16	1.00
45	110	16	1.00
45	115	16	0.95
45	120	16	0.88
45	125	16	0.81
45	130	16	0.73
45	135	16	0.66
45	140	16	0.57
45	145	16	0.47
45	150	16	0.35
45	155	16	0.26
45	160	16	0.16
45	165	16	0.09
45	170	16	0.04
45	175	16	0.01
45	180	16	0.00
45	0	17	0.00
45	5	17	0.02
45	10	17	0.05
45	15	17	0.08
45	20	17	0.16
45	25	17	0.24
45	30	17	0.33
45	35	17	0.46
45	40	17	0.56
45	45	17	0.69
45	50	17	0.85
45	55	17	0.96
45	60	17	1.00
45	65	17	1.00
45	70	17	1.00
45	75	17	1.00
45	80	17	1.00
45	85	17	1.00
45	90	17	1.00
45	95	17	1.00
45	100	17	1.00
45	105	17	1.00
45	110	17	1.00
45	115	17	0.95
45	120	17	0.87
45	125	17	0.80
45	130	17	0.73
45	135	17	0.65
45	140	17	0.57
45	145	17	0.46
45	150	17	0.37
45	155	17	0.26
45	160	17	0.16
45	165	17	0.09
45	170	17	0.04
45	175	17	0.01
45	180	17	0.00
45	0	18	0.00
45	5	18	0.02
45	10	18	0.05
45	15	18	0.09
45	20	18	0.14
45	25	18	0.24
45	30	18	0.34
45	35	18	0.45
45	40	18	0.58
45	45	18	0.71
45	50	18	0.83
45	55	18	0.95
45	60	18	1.00
45	65	18	1.00
45	70	18	1.00
45	75	18	1.00
45	80	18	1.00
45	85	18	1.00
45	90	18	1.00
45	95	18	1.00
45	100	18	1.00
45	105	18	1.00
45	110	18	1.00
45	115	18	0.95
45	120	18	0.86
45	125	18	0.79
45	130	18	0.72
45	135	18	0.64
45	140	18	0.56
45	145	18	0.47
45	150	18	0.36
45	155	18	0.26
45	160	18	0.17
45	165	18	0.10
45	170	18	0.05
45	175	18	0.01
45	180	18	0.00
45	0	19	0.00
45	5	19	0.02
45	10	19	0.05
45	15	19	0.09
45	20	19	0.15
45	25	19	0.25
45	30	19	0.33
45	35	19	0.46
45	40	19	0.55
45	45	19	0.70
45	50	19	0.85
45	55	19	0.94
45	60	19	1.00
45	65	19	1.00
45	70	19	1.00
45	75	19	1.00
45	80	19	1.00
45	85	19	1.00
45	90	19	1.00
45	95	19	1.00
45	100	19	1.00
45	105	19	1.00
45	110	19	1.00
45	115	19	0.95
45	120	19	0.87
45	125	19	0.79
45	130	19	0.71
45	135	19	0.63
45	140	19	0.55
45	145	19	0.46
45	150	19	0.36
45	155	19	0.26
45	160	19	0.17
45	165	19	0.09
45	170	19	0.04
45	175	19	0.01
45	180	19	0.00
45	0	20	0.00
45	5	20	0.02
45	10	20	0.05
45	15	20	0.08
45	20	20	0.15
45	25	20	0.22
45	30	20	0.34
45	35	20	0.44
45	40	20	0.56
45	45	20	0.72
45	50	20	0.82
45	55	20	0.96
45	60	20	1.00
45	65	20	1.00
45	70	20	1.00
45	75	20	1.00
45	80	20	1.00
45	85	20	1.00
45	90	20	1.00
45	95	20	1.00
45	100	20	1.00
45	105	20	1.00
45	110	20	1.00
45	115	20	0.95
45	120	20	0.87
45	125	20	0.78
45	130	20	0.70
45	135	20	0.63
45	140	20	0.54
45	145	20	0.46
45	150	20	0.36
45	155	20	0.25
45	160	20	0.17
45	165	20	0.09
45	170	20	0.04
45	175	20	0.01
45	180	20	0.00
46	0	5	0.00
46	5	5	0.02
46	10	5	0.04
46	15	5	0.10
46	20	5	0.16
46	25	5	0.26
46	30	5	0.35
46	35	5	0.49
46	40	5	0.61
46	45	5	0.74
46	50	5	0.89
46	55	5	0.99
46	60	5	1.00
46	65	5	1.00
46	70	5	1.00
46	75	5	1.00
46	80	5	1.00
46	85	5	1.00
46	90	5	1.00
46	95	5	1.00
46	100	5	1.00
46	105	5	1.00
46	110	5	1.00
46	115	5	1.00
46	120	5	1.00
46	125	5	0.95
46	130	5	0.87
46	135	5	0.76
46	140	5	0.62
46	145	5	0.50
46	150	5	0.37
46	155	5	0.27
46	160	5	0.17
46	165	5	0.10
46	170	5	0.04
46	175	5	0.02
46	180	5	0.00
46	0	6	0.00
46	5	6	0.01
46	10	6	0.05
46	15	6	0.08
46	20	6	0.17
46	25	6	0.24
46	30	6	0.36
46	35	6	0.48
46	40	6	0.63
46	45	6	0.73
46	50	6	0.89
46	55	6	0.99
46	60	6	1.00
46	65	6	1.00
46	70	6	1.00
46	75	6	1.00
46	80	6	1.00
46	85	6	1.00
46	90	6	1.00
46	95	6	1.00
46	100	6	1.00
46	105	6	1.00
46	110	6	1.00
46	115	6	1.00
46	120	6	1.00
46	125	6	0.94
46	130	6	0.86
46	135	6	0.76
46	140	6	0.62
46	145	6	0.51
46	150	6	0.37
46	155	6	0.27
46	160	6	0.17
46	165	6	0.10
46	170	6	0.04
46	175	6	0.02
46	180	6	0.00
46	0	7	0.00
46	5	7	0.01
46	10	7	0.05
46	15	7	0.09
46	20	7	0.15
46	25	7	0.25
46	30	7	0.35
46	35	7	0.49
46	40	7	0.61
46	45	7	0.73
46	50	7	0.89
46	55	7	0.99
46	60	7	1.00
46	65	7	1.00
46	70	7	1.00
46	75	7	1.00
46	80	7	1.00
46	85	7	1.00
46	90	7	1.00
46	95	7	1.00
46	100	7	1.00
46	105	7	1.00
46	110	7	1.00
46	115	7	1.00
46	120	7	0.99
46	125	7	0.93
46	130	7	0.85
46	135	7	0.75
46	140	7	0.62
46	145	7	0.51
46	150	7	0.38
46	155	7	0.26
46	160	7	0.17
46	165	7	0.10
46	170	7	0.04
46	175	7	0.01
46	180	7	0.00
46	0	8	0.00
46	5	8	0.01
46	10	8	0.05
46	15	8	0.09
46	20	8	0.16
46	25	8	0.24
46	30	8	0.37
46	35	8	0.48
46	40	8	0.59
46	45	8	0.75
46	50	8	0.87
46	55	8	1.00
46	60	8	1.00
46	65	8	1.00
46	70	8	1.00
46	75	8	1.00
46	80	8	1.00
46	85	8	1.00
46	90	8	1.00
46	95	8	1.00
46	100	8	1.00
46	105	8	1.00
46	110	8	1.00
46	115	8	1.00
46	120	8	0.98
46	125	8	0.92
46	130	8	0.85
46	135	8	0.74
46	140	8	0.62
46	145	8	0.51
46	150	8	0.38
46	155	8	0.26
46	160	8	0.17
46	165	8	0.10
46	170	8	0.04
46	175	8	0.01
46	180	8	0.00
46	0	9	0.00
46	5	9	0.01
46	10	9	0.04
46	15	9	0.09
46	20	9	0.16
46	25	9	0.25
46	30	9	0.35
46	35	9	0.46
46	40	9	0.61
46	45	9	0.74
46	50	9	0.86
46	55	9	1.00
46	60	9	1.00
46	65	9	1.00
46	70	9	1.00
46	75	9	1.00
46	80	9	1.00
46	85	9	1.00
46	90	9	1.00
46	95	9	1.00
46	100	9	1.00
46	105	9	1.00
46	110	9	1.00
46	115	9	1.00
46	120	9	0.98
46	125	9	0.91
46	130	9	0.84
46	135	9	0.74
46	140	9	0.62
46	145	9	0.51
46	150	9	0.38
46	155	9	0.27
46	160	9	0.18
46	165	9	0.10
46	170	9	0.04
46	175	9	0.01
46	180	9	0.00
46	0	10	0.00
46	5	10	0.01
46	10	10	0.04
46	15	10	0.08
46	20	10	0.15
46	25	10	0.26
46	30	10	0.37
46	35	10	0.48
46	40	10	0.59
46	45	10	0.73
46	50	10	0.88
46	55	10	1.00
46	60	10	1.00
46	65	10	1.00
46	70	10	1.00
46	75	10	1.00
46	80	10	1.00
46	85	10	1.00
46	90	10	1.00
46	95	10	1.00
46	100	10	1.00
46	105	10	1.00
46	110	10	1.00
46	115	10	1.00
46	120	10	0.97
46	125	10	0.90
46	130	10	0.82
46	135	10	0.73
46	140	10	0.63
46	145	10	0.50
46	150	10	0.38
46	155	10	0.28
46	160	10	0.17
46	165	10	0.10
46	170	10	0.04
46	175	10	0.01
46	180	10	0.00
46	0	11	0.00
46	5	11	0.01
46	10	11	0.04
46	15	11	0.09
46	20	11	0.15
46	25	11	0.25
46	30	11	0.35
46	35	11	0.45
46	40	11	0.61
46	45	11	0.76
46	50	11	0.87
46	55	11	1.00
46	60	11	1.00
46	65	11	1.00
46	70	11	1.00
46	75	11	1.00
46	80	11	1.00
46	85	11	1.00
46	90	11	1.00
46	95	11	1.00
46	100	11	1.00
46	105	11	1.00
46	110	11	1.00
46	115	11	1.00
46	120	11	0.95
46	125	11	0.89
46	130	11	0.81
46	135	11	0.74
46	140	11	0.63
46	145	11	0.50
46	150	11	0.39
46	155	11	0.26
46	160	11	0.17
46	165	11	0.10
46	170	11	0.04
46	175	11	0.02
46	180	11	0.00
46	0	12	0.00
46	5	12	0.02
46	10	12	0.05
46	15	12	0.09
46	20	12	0.16
46	25	12	0.26
46	30	12	0.36
46	35	12	0.47
46	40	12	0.60
46	45	12	0.74
46	50	12	0.86
46	55	12	1.00
46	60	12	1.00
46	65	12	1.00
46	70	12	1.00
46	75	12	1.00
46	80	12	1.00
46	85	12	1.00
46	90	12	1.00
46	95	12	1.00
46	100	12	1.00
46	105	12	1.00
46	110	12	1.00
46	115	12	1.00
46	120	12	0.95
46	125	12	0.88
46	130	12	0.81
46	135	12	0.73
46	140	12	0.62
46	145	12	0.50
46	150	12	0.39
46	155	12	0.27
46	160	12	0.18
46	165	12	0.10
46	170	12	0.04
46	175	12	0.01
46	180	12	0.00
46	0	13	0.00
46	5	13	0.02
46	10	13	0.05
46	15	13	0.09
46	20	13	0.17
46	25	13	0.26
46	30	13	0.38
46	35	13	0.48
46	40	13	0.62
46	45	13	0.76
46	50	13	0.88
46	55	13	1.00
46	60	13	1.00
46	65	13	1.00
46	70	13	1.00
46	75	13	1.00
46	80	13	1.00
46	85	13	1.00
46	90	13	1.00
46	95	13	1.00
46	100	13	1.00
46	105	13	1.00
46	110	13	1.00
46	115	13	1.00
46	120	13	0.94
46	125	13	0.87
46	130	13	0.80
46	135	13	0.72
46	140	13	0.61
46	145	13	0.50
46	150	13	0.39
46	155	13	0.27
46	160	13	0.17
46	165	13	0.10
46	170	13	0.04
46	175	13	0.01
46	180	13	0.00
46	0	14	0.00
46	5	14	0.02
46	10	14	0.05
46	15	14	0.10
46	20	14	0.15
46	25	14	0.25
46	30	14	0.35
46	35	14	0.47
46	40	14	0.61
46	45	14	0.74
46	50	14	0.87
46	55	14	1.00
46	60	14	1.00
46	65	14	1.00
46	70	14	1.00
46	75	14	1.00
46	80	14	1.00
46	85	14	1.00
46	90	14	1.00
46	95	14	1.00
46	100	14	1.00
46	105	14	1.00
46	110	14	1.00
46	115	14	0.99
46	120	14	0.93
46	125	14	0.86
46	130	14	0.79
46	135	14	0.70
46	140	14	0.61
46	145	14	0.50
46	150	14	0.38
46	155	14	0.27
46	160	14	0.17
46	165	14	0.10
46	170	14	0.04
46	175	14	0.01
46	180	14	0.00
46	0	15	0.00
46	5	15	0.02
46	10	15	0.05
46	15	15	0.08
46	20	15	0.16
46	25	15	0.26
46	30	15	0.36
46	35	15	0.48
46	40	15	0.59
46	45	15	0.71
46	50	15	0.86
46	55	15	0.99
46	60	15	1.00
46	65	15	1.00
46	70	15	1.00
46	75	15	1.00
46	80	15	1.00
46	85	15	1.00
46	90	15	1.00
46	95	15	1.00
46	100	15	1.00
46	105	15	1.00
46	110	15	1.00
46	115	15	0.99
46	120	15	0.92
46	125	15	0.85
46	130	15	0.78
46	135	15	0.70
46	140	15	0.61
46	145	15	0.49
46	150	15	0.38
46	155	15	0.27
46	160	15	0.17
46	165	15	0.10
46	170	15	0.05
46	175	15	0.01
46	180	15	0.00
46	0	16	0.00
46	5	16	0.02
46	10	16	0.05
46	15	16	0.08
46	20	16	0.16
46	25	16	0.27
46	30	16	0.33
46	35	16	0.46
46	40	16	0.61
46	45	16	0.73
46	50	16	0.89
46	55	16	1.00
46	60	16	1.00
46	65	16	1.00
46	70	16	1.00
46	75	16	1.00
46	80	16	1.00
46	85	16	1.00
46	90	16	1.00
46	95	16	1.00
46	100	16	1.00
46	105	16	1.00
46	110	16	1.00
46	115	16	0.99
46	120	16	0.92
46	125	16	0.85
46	130	16	0.77
46	135	16	0.69
46	140	16	0.61
46	145	16	0.50
46	150	16	0.38
46	155	16	0.27
46	160	16	0.17
46	165	16	0.10
46	170	16	0.04
46	175	16	0.01
46	180	16	0.00
46	0	17	0.00
46	5	17	0.02
46	10	17	0.05
46	15	17	0.09
46	20	17	0.17
46	25	17	0.24
46	30	17	0.35
46	35	17	0.48
46	40	17	0.63
46	45	17	0.72
46	50	17	0.87
46	55	17	0.99
46	60	17	1.00
46	65	17	1.00
46	70	17	1.00
46	75	17	1.00
46	80	17	1.00
46	85	17	1.00
46	90	17	1.00
46	95	17	1.00
46	100	17	1.00
46	105	17	1.00
46	110	17	1.00
46	115	17	0.99
46	120	17	0.91
46	125	17	0.84
46	130	17	0.76
46	135	17	0.68
46	140	17	0.59
46	145	17	0.49
46	150	17	0.37
46	155	17	0.27
46	160	17	0.17
46	165	17	0.09
46	170	17	0.05
46	175	17	0.01
46	180	17	0.00
46	0	18	0.00
46	5	18	0.02
46	10	18	0.05
46	15	18	0.09
46	20	18	0.15
46	25	18	0.25
46	30	18	0.36
46	35	18	0.46
46	40	18	0.60
46	45	18	0.74
46	50	18	0.90
46	55	18	0.98
46	60	18	1.00
46	65	18	1.00
46	70	18	1.00
46	75	18	1.00
46	80	18	1.00
46	85	18	1.00
46	90	18	1.00
46	95	18	1.00
46	100	18	1.00
46	105	18	1.00
46	110	18	1.00
46	115	18	0.99
46	120	18	0.91
46	125	18	0.83
46	130	18	0.75
46	135	18	0.67
46	140	18	0.59
46	145	18	0.48
46	150	18	0.37
46	155	18	0.27
46	160	18	0.18
46	165	18	0.10
46	170	18	0.04
46	175	18	0.01
46	180	18	0.00
46	0	19	0.00
46	5	19	0.02
46	10	19	0.05
46	15	19	0.09
46	20	19	0.15
46	25	19	0.26
46	30	19	0.34
46	35	19	0.48
46	40	19	0.62
46	45	19	0.72
46	50	19	0.88
46	55	19	1.00
46	60	19	1.00
46	65	19	1.00
46	70	19	1.00
46	75	19	1.00
46	80	19	1.00
46	85	19	1.00
46	90	19	1.00
46	95	19	1.00
46	100	19	1.00
46	105	19	1.00
46	110	19	1.00
46	115	19	0.99
46	120	19	0.90
46	125	19	0.82
46	130	19	0.74
46	135	19	0.66
46	140	19	0.58
46	145	19	0.49
46	150	19	0.38
46	155	19	0.28
46	160	19	0.18
46	165	19	0.10
46	170	19	0.05
46	175	19	0.01
46	180	19	0.00
46	0	20	0.00
46	5	20	0.02
46	10	20	0.05
46	15	20	0.08
46	20	20	0.16
46	25	20	0.23
46	30	20	0.35
46	35	20	0.49
46	40	20	0.58
46	45	20	0.74
46	50	20	0.85
46	55	20	1.00
46	60	20	1.00
46	65	20	1.00
46	70	20	1.00
46	75	20	1.00
46	80	20	1.00
46	85	20	1.00
46	90	20	1.00
46	95	20	1.00
46	100	20	1.00
46	105	20	1.00
46	110	20	1.00
46	115	20	0.99
46	120	20	0.91
46	125	20	0.82
46	130	20	0.74
46	135	20	0.66
46	140	20	0.57
46	145	20	0.48
46	150	20	0.38
46	155	20	0.27
46	160	20	0.18
46	165	20	0.10
46	170	20	0.05
46	175	20	0.01
46	180	20	0.00
47	0	5	0.00
47	5	5	0.02
47	10	5	0.05
47	15	5	0.10
47	20	5	0.17
47	25	5	0.27
47	30	5	0.36
47	35	5	0.51
47	40	5	0.63
47	45	5	0.77
47	50	5	0.93
47	55	5	1.00
47	60	5	1.00
47	65	5	1.00
47	70	5	1.00
47	75	5	1.00
47	80	5	1.00
47	85	5	1.00
47	90	5	1.00
47	95	5	1.00
47	100	5	1.00
47	105	5	1.00
47	110	5	1.00
47	115	5	1.00
47	120	5	1.00
47	125	5	0.99
47	130	5	0.91
47	135	5	0.80
47	140	5	0.64
47	145	5	0.53
47	150	5	0.39
47	155	5	0.28
47	160	5	0.18
47	165	5	0.11
47	170	5	0.04
47	175	5	0.02
47	180	5	0.00
47	0	6	0.00
47	5	6	0.01
47	10	6	0.05
47	15	6	0.09
47	20	6	0.18
47	25	6	0.25
47	30	6	0.38
47	35	6	0.50
47	40	6	0.65
47	45	6	0.76
47	50	6	0.93
47	55	6	1.00
47	60	6	1.00
47	65	6	1.00
47	70	6	1.00
47	75	6	1.00
47	80	6	1.00
47	85	6	1.00
47	90	6	1.00
47	95	6	1.00
47	100	6	1.00
47	105	6	1.00
47	110	6	1.00
47	115	6	1.00
47	120	6	1.00
47	125	6	0.98
47	130	6	0.90
47	135	6	0.79
47	140	6	0.65
47	145	6	0.53
47	150	6	0.39
47	155	6	0.27
47	160	6	0.18
47	165	6	0.10
47	170	6	0.04
47	175	6	0.02
47	180	6	0.00
47	0	7	0.00
47	5	7	0.01
47	10	7	0.05
47	15	7	0.09
47	20	7	0.16
47	25	7	0.26
47	30	7	0.37
47	35	7	0.51
47	40	7	0.63
47	45	7	0.79
47	50	7	0.92
47	55	7	1.00
47	60	7	1.00
47	65	7	1.00
47	70	7	1.00
47	75	7	1.00
47	80	7	1.00
47	85	7	1.00
47	90	7	1.00
47	95	7	1.00
47	100	7	1.00
47	105	7	1.00
47	110	7	1.00
47	115	7	1.00
47	120	7	1.00
47	125	7	0.97
47	130	7	0.90
47	135	7	0.79
47	140	7	0.65
47	145	7	0.53
47	150	7	0.40
47	155	7	0.27
47	160	7	0.17
47	165	7	0.11
47	170	7	0.04
47	175	7	0.02
47	180	7	0.00
47	0	8	0.00
47	5	8	0.01
47	10	8	0.05
47	15	8	0.09
47	20	8	0.16
47	25	8	0.25
47	30	8	0.38
47	35	8	0.50
47	40	8	0.61
47	45	8	0.78
47	50	8	0.91
47	55	8	1.00
47	60	8	1.00
47	65	8	1.00
47	70	8	1.00
47	75	8	1.00
47	80	8	1.00
47	85	8	1.00
47	90	8	1.00
47	95	8	1.00
47	100	8	1.00
47	105	8	1.00
47	110	8	1.00
47	115	8	1.00
47	120	8	1.00
47	125	8	0.97
47	130	8	0.88
47	135	8	0.78
47	140	8	0.65
47	145	8	0.51
47	150	8	0.40
47	155	8	0.28
47	160	8	0.18
47	165	8	0.10
47	170	8	0.04
47	175	8	0.01
47	180	8	0.00
47	0	9	0.00
47	5	9	0.01
47	10	9	0.04
47	15	9	0.10
47	20	9	0.17
47	25	9	0.26
47	30	9	0.37
47	35	9	0.52
47	40	9	0.63
47	45	9	0.77
47	50	9	0.93
47	55	9	1.00
47	60	9	1.00
47	65	9	1.00
47	70	9	1.00
47	75	9	1.00
47	80	9	1.00
47	85	9	1.00
47	90	9	1.00
47	95	9	1.00
47	100	9	1.00
47	105	9	1.00
47	110	9	1.00
47	115	9	1.00
47	120	9	1.00
47	125	9	0.95
47	130	9	0.87
47	135	9	0.78
47	140	9	0.65
47	145	9	0.51
47	150	9	0.40
47	155	9	0.28
47	160	9	0.19
47	165	9	0.10
47	170	9	0.04
47	175	9	0.01
47	180	9	0.00
47	0	10	0.00
47	5	10	0.01
47	10	10	0.04
47	15	10	0.09
47	20	10	0.18
47	25	10	0.27
47	30	10	0.38
47	35	10	0.50
47	40	10	0.62
47	45	10	0.79
47	50	10	0.92
47	55	10	1.00
47	60	10	1.00
47	65	10	1.00
47	70	10	1.00
47	75	10	1.00
47	80	10	1.00
47	85	10	1.00
47	90	10	1.00
47	95	10	1.00
47	100	10	1.00
47	105	10	1.00
47	110	10	1.00
47	115	10	1.00
47	120	10	1.00
47	125	10	0.94
47	130	10	0.87
47	135	10	0.77
47	140	10	0.65
47	145	10	0.51
47	150	10	0.38
47	155	10	0.27
47	160	10	0.18
47	165	10	0.10
47	170	10	0.05
47	175	10	0.01
47	180	10	0.00
47	0	11	0.00
47	5	11	0.02
47	10	11	0.05
47	15	11	0.09
47	20	11	0.16
47	25	11	0.26
47	30	11	0.36
47	35	11	0.51
47	40	11	0.64
47	45	11	0.78
47	50	11	0.90
47	55	11	1.00
47	60	11	1.00
47	65	11	1.00
47	70	11	1.00
47	75	11	1.00
47	80	11	1.00
47	85	11	1.00
47	90	11	1.00
47	95	11	1.00
47	100	11	1.00
47	105	11	1.00
47	110	11	1.00
47	115	11	1.00
47	120	11	1.00
47	125	11	0.93
47	130	11	0.86
47	135	11	0.77
47	140	11	0.64
47	145	11	0.51
47	150	11	0.39
47	155	11	0.28
47	160	11	0.18
47	165	11	0.10
47	170	11	0.04
47	175	11	0.02
47	180	11	0.00
47	0	12	0.00
47	5	12	0.02
47	10	12	0.05
47	15	12	0.09
47	20	12	0.17
47	25	12	0.26
47	30	12	0.38
47	35	12	0.49
47	40	12	0.62
47	45	12	0.77
47	50	12	0.89
47	55	12	1.00
47	60	12	1.00
47	65	12	1.00
47	70	12	1.00
47	75	12	1.00
47	80	12	1.00
47	85	12	1.00
47	90	12	1.00
47	95	12	1.00
47	100	12	1.00
47	105	12	1.00
47	110	12	1.00
47	115	12	1.00
47	120	12	0.99
47	125	12	0.93
47	130	12	0.84
47	135	12	0.76
47	140	12	0.65
47	145	12	0.51
47	150	12	0.39
47	155	12	0.28
47	160	12	0.19
47	165	12	0.10
47	170	12	0.04
47	175	12	0.02
47	180	12	0.00
47	0	13	0.00
47	5	13	0.02
47	10	13	0.05
47	15	13	0.10
47	20	13	0.17
47	25	13	0.27
47	30	13	0.39
47	35	13	0.50
47	40	13	0.64
47	45	13	0.79
47	50	13	0.92
47	55	13	1.00
47	60	13	1.00
47	65	13	1.00
47	70	13	1.00
47	75	13	1.00
47	80	13	1.00
47	85	13	1.00
47	90	13	1.00
47	95	13	1.00
47	100	13	1.00
47	105	13	1.00
47	110	13	1.00
47	115	13	1.00
47	120	13	0.98
47	125	13	0.91
47	130	13	0.83
47	135	13	0.75
47	140	13	0.65
47	145	13	0.53
47	150	13	0.39
47	155	13	0.28
47	160	13	0.18
47	165	13	0.11
47	170	13	0.05
47	175	13	0.01
47	180	13	0.00
47	0	14	0.00
47	5	14	0.02
47	10	14	0.05
47	15	14	0.10
47	20	14	0.16
47	25	14	0.26
47	30	14	0.36
47	35	14	0.48
47	40	14	0.63
47	45	14	0.76
47	50	14	0.91
47	55	14	1.00
47	60	14	1.00
47	65	14	1.00
47	70	14	1.00
47	75	14	1.00
47	80	14	1.00
47	85	14	1.00
47	90	14	1.00
47	95	14	1.00
47	100	14	1.00
47	105	14	1.00
47	110	14	1.00
47	115	14	1.00
47	120	14	0.97
47	125	14	0.90
47	130	14	0.83
47	135	14	0.74
47	140	14	0.64
47	145	14	0.53
47	150	14	0.39
47	155	14	0.28
47	160	14	0.18
47	165	14	0.10
47	170	14	0.04
47	175	14	0.01
47	180	14	0.00
47	0	15	0.00
47	5	15	0.02
47	10	15	0.05
47	15	15	0.08
47	20	15	0.16
47	25	15	0.27
47	30	15	0.37
47	35	15	0.50
47	40	15	0.65
47	45	15	0.79
47	50	15	0.93
47	55	15	1.00
47	60	15	1.00
47	65	15	1.00
47	70	15	1.00
47	75	15	1.00
47	80	15	1.00
47	85	15	1.00
47	90	15	1.00
47	95	15	1.00
47	100	15	1.00
47	105	15	1.00
47	110	15	1.00
47	115	15	1.00
47	120	15	0.97
47	125	15	0.90
47	130	15	0.82
47	135	15	0.73
47	140	15	0.63
47	145	15	0.52
47	150	15	0.39
47	155	15	0.28
47	160	15	0.18
47	165	15	0.11
47	170	15	0.05
47	175	15	0.01
47	180	15	0.00
47	0	16	0.00
47	5	16	0.02
47	10	16	0.05
47	15	16	0.09
47	20	16	0.17
47	25	16	0.28
47	30	16	0.38
47	35	16	0.48
47	40	16	0.63
47	45	16	0.76
47	50	16	0.92
47	55	16	1.00
47	60	16	1.00
47	65	16	1.00
47	70	16	1.00
47	75	16	1.00
47	80	16	1.00
47	85	16	1.00
47	90	16	1.00
47	95	16	1.00
47	100	16	1.00
47	105	16	1.00
47	110	16	1.00
47	115	16	1.00
47	120	16	0.96
47	125	16	0.89
47	130	16	0.81
47	135	16	0.72
47	140	16	0.63
47	145	16	0.52
47	150	16	0.40
47	155	16	0.28
47	160	16	0.18
47	165	16	0.10
47	170	16	0.05
47	175	16	0.01
47	180	16	0.00
47	0	17	0.00
47	5	17	0.02
47	10	17	0.05
47	15	17	0.09
47	20	17	0.17
47	25	17	0.25
47	30	17	0.36
47	35	17	0.49
47	40	17	0.65
47	45	17	0.74
47	50	17	0.90
47	55	17	1.00
47	60	17	1.00
47	65	17	1.00
47	70	17	1.00
47	75	17	1.00
47	80	17	1.00
47	85	17	1.00
47	90	17	1.00
47	95	17	1.00
47	100	17	1.00
47	105	17	1.00
47	110	17	1.00
47	115	17	1.00
47	120	17	0.95
47	125	17	0.88
47	130	17	0.80
47	135	17	0.72
47	140	17	0.63
47	145	17	0.51
47	150	17	0.40
47	155	17	0.28
47	160	17	0.19
47	165	17	0.10
47	170	17	0.05
47	175	17	0.01
47	180	17	0.00
47	0	18	0.00
47	5	18	0.02
47	10	18	0.05
47	15	18	0.09
47	20	18	0.15
47	25	18	0.26
47	30	18	0.37
47	35	18	0.51
47	40	18	0.62
47	45	18	0.76
47	50	18	0.93
47	55	18	1.00
47	60	18	1.00
47	65	18	1.00
47	70	18	1.00
47	75	18	1.00
47	80	18	1.00
47	85	18	1.00
47	90	18	1.00
47	95	18	1.00
47	100	18	1.00
47	105	18	1.00
47	110	18	1.00
47	115	18	1.00
47	120	18	0.95
47	125	18	0.87
47	130	18	0.79
47	135	18	0.70
47	140	18	0.62
47	145	18	0.51
47	150	18	0.39
47	155	18	0.28
47	160	18	0.19
47	165	18	0.10
47	170	18	0.05
47	175	18	0.01
47	180	18	0.00
47	0	19	0.00
47	5	19	0.02
47	10	19	0.05
47	15	19	0.10
47	20	19	0.16
47	25	19	0.27
47	30	19	0.35
47	35	19	0.49
47	40	19	0.63
47	45	19	0.74
47	50	19	0.91
47	55	19	1.00
47	60	19	1.00
47	65	19	1.00
47	70	19	1.00
47	75	19	1.00
47	80	19	1.00
47	85	19	1.00
47	90	19	1.00
47	95	19	1.00
47	100	19	1.00
47	105	19	1.00
47	110	19	1.00
47	115	19	1.00
47	120	19	0.95
47	125	19	0.86
47	130	19	0.78
47	135	19	0.70
47	140	19	0.61
47	145	19	0.51
47	150	19	0.39
47	155	19	0.28
47	160	19	0.19
47	165	19	0.10
47	170	19	0.05
47	175	19	0.01
47	180	19	0.00
47	0	20	0.00
47	5	20	0.02
47	10	20	0.05
47	15	20	0.10
47	20	20	0.16
47	25	20	0.27
47	30	20	0.36
47	35	20	0.51
47	40	20	0.60
47	45	20	0.76
47	50	20	0.93
47	55	20	1.00
47	60	20	1.00
47	65	20	1.00
47	70	20	1.00
47	75	20	1.00
47	80	20	1.00
47	85	20	1.00
47	90	20	1.00
47	95	20	1.00
47	100	20	1.00
47	105	20	1.00
47	110	20	1.00
47	115	20	1.00
47	120	20	0.95
47	125	20	0.86
47	130	20	0.77
47	135	20	0.69
47	140	20	0.60
47	145	20	0.51
47	150	20	0.40
47	155	20	0.28
47	160	20	0.19
47	165	20	0.11
47	170	20	0.05
47	175	20	0.01
47	180	20	0.00
48	0	5	0.00
48	5	5	0.02
48	10	5	0.05
48	15	5	0.10
48	20	5	0.18
48	25	5	0.28
48	30	5	0.38
48	35	5	0.53
48	40	5	0.66
48	45	5	0.80
48	50	5	0.97
48	55	5	1.00
48	60	5	1.00
48	65	5	1.00
48	70	5	1.00
48	75	5	1.00
48	80	5	1.00
48	85	5	1.00
48	90	5	1.00
48	95	5	1.00
48	100	5	1.00
48	105	5	1.00
48	110	5	1.00
48	115	5	1.00
48	120	5	1.00
48	125	5	1.00
48	130	5	0.95
48	135	5	0.83
48	140	5	0.67
48	145	5	0.55
48	150	5	0.41
48	155	5	0.29
48	160	5	0.19
48	165	5	0.11
48	170	5	0.04
48	175	5	0.02
48	180	5	0.00
48	0	6	0.00
48	5	6	0.01
48	10	6	0.05
48	15	6	0.09
48	20	6	0.18
48	25	6	0.26
48	30	6	0.39
48	35	6	0.52
48	40	6	0.68
48	45	6	0.79
48	50	6	0.97
48	55	6	1.00
48	60	6	1.00
48	65	6	1.00
48	70	6	1.00
48	75	6	1.00
48	80	6	1.00
48	85	6	1.00
48	90	6	1.00
48	95	6	1.00
48	100	6	1.00
48	105	6	1.00
48	110	6	1.00
48	115	6	1.00
48	120	6	1.00
48	125	6	1.00
48	130	6	0.95
48	135	6	0.83
48	140	6	0.68
48	145	6	0.56
48	150	6	0.41
48	155	6	0.28
48	160	6	0.19
48	165	6	0.11
48	170	6	0.04
48	175	6	0.02
48	180	6	0.00
48	0	7	0.00
48	5	7	0.01
48	10	7	0.05
48	15	7	0.09
48	20	7	0.16
48	25	7	0.27
48	30	7	0.38
48	35	7	0.53
48	40	7	0.66
48	45	7	0.82
48	50	7	0.96
48	55	7	1.00
48	60	7	1.00
48	65	7	1.00
48	70	7	1.00
48	75	7	1.00
48	80	7	1.00
48	85	7	1.00
48	90	7	1.00
48	95	7	1.00
48	100	7	1.00
48	105	7	1.00
48	110	7	1.00
48	115	7	1.00
48	120	7	1.00
48	125	7	1.00
48	130	7	0.94
48	135	7	0.82
48	140	7	0.68
48	145	7	0.54
48	150	7	0.41
48	155	7	0.29
48	160	7	0.18
48	165	7	0.11
48	170	7	0.05
48	175	7	0.02
48	180	7	0.00
48	0	8	0.00
48	5	8	0.01
48	10	8	0.05
48	15	8	0.10
48	20	8	0.17
48	25	8	0.26
48	30	8	0.39
48	35	8	0.52
48	40	8	0.68
48	45	8	0.81
48	50	8	0.94
48	55	8	1.00
48	60	8	1.00
48	65	8	1.00
48	70	8	1.00
48	75	8	1.00
48	80	8	1.00
48	85	8	1.00
48	90	8	1.00
48	95	8	1.00
48	100	8	1.00
48	105	8	1.00
48	110	8	1.00
48	115	8	1.00
48	120	8	1.00
48	125	8	1.00
48	130	8	0.92
48	135	8	0.82
48	140	8	0.68
48	145	8	0.54
48	150	8	0.42
48	155	8	0.29
48	160	8	0.19
48	165	8	0.11
48	170	8	0.04
48	175	8	0.02
48	180	8	0.00
48	0	9	0.00
48	5	9	0.01
48	10	9	0.04
48	15	9	0.10
48	20	9	0.18
48	25	9	0.27
48	30	9	0.38
48	35	9	0.54
48	40	9	0.66
48	45	9	0.80
48	50	9	0.97
48	55	9	1.00
48	60	9	1.00
48	65	9	1.00
48	70	9	1.00
48	75	9	1.00
48	80	9	1.00
48	85	9	1.00
48	90	9	1.00
48	95	9	1.00
48	100	9	1.00
48	105	9	1.00
48	110	9	1.00
48	115	9	1.00
48	120	9	1.00
48	125	9	1.00
48	130	9	0.91
48	135	9	0.81
48	140	9	0.68
48	145	9	0.54
48	150	9	0.40
48	155	9	0.28
48	160	9	0.18
48	165	9	0.10
48	170	9	0.04
48	175	9	0.01
48	180	9	0.00
48	0	10	0.00
48	5	10	0.02
48	10	10	0.05
48	15	10	0.09
48	20	10	0.18
48	25	10	0.28
48	30	10	0.39
48	35	10	0.51
48	40	10	0.64
48	45	10	0.82
48	50	10	0.95
48	55	10	1.00
48	60	10	1.00
48	65	10	1.00
48	70	10	1.00
48	75	10	1.00
48	80	10	1.00
48	85	10	1.00
48	90	10	1.00
48	95	10	1.00
48	100	10	1.00
48	105	10	1.00
48	110	10	1.00
48	115	10	1.00
48	120	10	1.00
48	125	10	0.98
48	130	10	0.90
48	135	10	0.81
48	140	10	0.68
48	145	10	0.54
48	150	10	0.40
48	155	10	0.29
48	160	10	0.19
48	165	10	0.11
48	170	10	0.05
48	175	10	0.01
48	180	10	0.00
48	0	11	0.00
48	5	11	0.02
48	10	11	0.05
48	15	11	0.09
48	20	11	0.17
48	25	11	0.27
48	30	11	0.41
48	35	11	0.53
48	40	11	0.66
48	45	11	0.81
48	50	11	0.93
48	55	11	1.00
48	60	11	1.00
48	65	11	1.00
48	70	11	1.00
48	75	11	1.00
48	80	11	1.00
48	85	11	1.00
48	90	11	1.00
48	95	11	1.00
48	100	11	1.00
48	105	11	1.00
48	110	11	1.00
48	115	11	1.00
48	120	11	1.00
48	125	11	0.98
48	130	11	0.90
48	135	11	0.81
48	140	11	0.68
48	145	11	0.54
48	150	11	0.41
48	155	11	0.29
48	160	11	0.19
48	165	11	0.10
48	170	11	0.05
48	175	11	0.01
48	180	11	0.00
48	0	12	0.00
48	5	12	0.02
48	10	12	0.05
48	15	12	0.10
48	20	12	0.17
48	25	12	0.27
48	30	12	0.39
48	35	12	0.50
48	40	12	0.65
48	45	12	0.79
48	50	12	0.96
48	55	12	1.00
48	60	12	1.00
48	65	12	1.00
48	70	12	1.00
48	75	12	1.00
48	80	12	1.00
48	85	12	1.00
48	90	12	1.00
48	95	12	1.00
48	100	12	1.00
48	105	12	1.00
48	110	12	1.00
48	115	12	1.00
48	120	12	1.00
48	125	12	0.96
48	130	12	0.88
48	135	12	0.80
48	140	12	0.67
48	145	12	0.54
48	150	12	0.41
48	155	12	0.30
48	160	12	0.19
48	165	12	0.11
48	170	12	0.04
48	175	12	0.02
48	180	12	0.00
48	0	13	0.00
48	5	13	0.02
48	10	13	0.05
48	15	13	0.10
48	20	13	0.18
48	25	13	0.28
48	30	13	0.40
48	35	13	0.52
48	40	13	0.66
48	45	13	0.82
48	50	13	0.95
48	55	13	1.00
48	60	13	1.00
48	65	13	1.00
48	70	13	1.00
48	75	13	1.00
48	80	13	1.00
48	85	13	1.00
48	90	13	1.00
48	95	13	1.00
48	100	13	1.00
48	105	13	1.00
48	110	13	1.00
48	115	13	1.00
48	120	13	1.00
48	125	13	0.96
48	130	13	0.87
48	135	13	0.78
48	140	13	0.66
48	145	13	0.54
48	150	13	0.42
48	155	13	0.30
48	160	13	0.19
48	165	13	0.10
48	170	13	0.05
48	175	13	0.02
48	180	13	0.00
48	0	14	0.00
48	5	14	0.02
48	10	14	0.05
48	15	14	0.10
48	20	14	0.18
48	25	14	0.27
48	30	14	0.37
48	35	14	0.50
48	40	14	0.65
48	45	14	0.79
48	50	14	0.94
48	55	14	1.00
48	60	14	1.00
48	65	14	1.00
48	70	14	1.00
48	75	14	1.00
48	80	14	1.00
48	85	14	1.00
48	90	14	1.00
48	95	14	1.00
48	100	14	1.00
48	105	14	1.00
48	110	14	1.00
48	115	14	1.00
48	120	14	1.00
48	125	14	0.95
48	130	14	0.86
48	135	14	0.78
48	140	14	0.67
48	145	14	0.54
48	150	14	0.41
48	155	14	0.30
48	160	14	0.19
48	165	14	0.11
48	170	14	0.05
48	175	14	0.01
48	180	14	0.00
48	0	15	0.00
48	5	15	0.02
48	10	15	0.05
48	15	15	0.09
48	20	15	0.17
48	25	15	0.28
48	30	15	0.39
48	35	15	0.51
48	40	15	0.67
48	45	15	0.81
48	50	15	0.96
48	55	15	1.00
48	60	15	1.00
48	65	15	1.00
48	70	15	1.00
48	75	15	1.00
48	80	15	1.00
48	85	15	1.00
48	90	15	1.00
48	95	15	1.00
48	100	15	1.00
48	105	15	1.00
48	110	15	1.00
48	115	15	1.00
48	120	15	1.00
48	125	15	0.94
48	130	15	0.86
48	135	15	0.77
48	140	15	0.67
48	145	15	0.55
48	150	15	0.41
48	155	15	0.29
48	160	15	0.19
48	165	15	0.11
48	170	15	0.04
48	175	15	0.01
48	180	15	0.00
48	0	16	0.00
48	5	16	0.02
48	10	16	0.06
48	15	16	0.09
48	20	16	0.17
48	25	16	0.29
48	30	16	0.40
48	35	16	0.50
48	40	16	0.65
48	45	16	0.78
48	50	16	0.95
48	55	16	1.00
48	60	16	1.00
48	65	16	1.00
48	70	16	1.00
48	75	16	1.00
48	80	16	1.00
48	85	16	1.00
48	90	16	1.00
48	95	16	1.00
48	100	16	1.00
48	105	16	1.00
48	110	16	1.00
48	115	16	1.00
48	120	16	1.00
48	125	16	0.93
48	130	16	0.85
48	135	16	0.76
48	140	16	0.66
48	145	16	0.54
48	150	16	0.41
48	155	16	0.29
48	160	16	0.18
48	165	16	0.11
48	170	16	0.05
48	175	16	0.01
48	180	16	0.00
48	0	17	0.00
48	5	17	0.02
48	10	17	0.05
48	15	17	0.09
48	20	17	0.18
48	25	17	0.29
48	30	17	0.37
48	35	17	0.51
48	40	17	0.67
48	45	17	0.81
48	50	17	0.97
48	55	17	1.00
48	60	17	1.00
48	65	17	1.00
48	70	17	1.00
48	75	17	1.00
48	80	17	1.00
48	85	17	1.00
48	90	17	1.00
48	95	17	1.00
48	100	17	1.00
48	105	17	1.00
48	110	17	1.00
48	115	17	1.00
48	120	17	1.00
48	125	17	0.92
48	130	17	0.84
48	135	17	0.74
48	140	17	0.65
48	145	17	0.54
48	150	17	0.40
48	155	17	0.29
48	160	17	0.18
48	165	17	0.11
48	170	17	0.05
48	175	17	0.01
48	180	17	0.00
48	0	18	0.00
48	5	18	0.02
48	10	18	0.05
48	15	18	0.10
48	20	18	0.18
48	25	18	0.27
48	30	18	0.38
48	35	18	0.53
48	40	18	0.64
48	45	18	0.79
48	50	18	0.96
48	55	18	1.00
48	60	18	1.00
48	65	18	1.00
48	70	18	1.00
48	75	18	1.00
48	80	18	1.00
48	85	18	1.00
48	90	18	1.00
48	95	18	1.00
48	100	18	1.00
48	105	18	1.00
48	110	18	1.00
48	115	18	1.00
48	120	18	0.99
48	125	18	0.91
48	130	18	0.83
48	135	18	0.74
48	140	18	0.65
48	145	18	0.53
48	150	18	0.42
48	155	18	0.29
48	160	18	0.19
48	165	18	0.11
48	170	18	0.05
48	175	18	0.01
48	180	18	0.00
48	0	19	0.00
48	5	19	0.02
48	10	19	0.05
48	15	19	0.10
48	20	19	0.16
48	25	19	0.27
48	30	19	0.39
48	35	19	0.51
48	40	19	0.66
48	45	19	0.81
48	50	19	0.94
48	55	19	1.00
48	60	19	1.00
48	65	19	1.00
48	70	19	1.00
48	75	19	1.00
48	80	19	1.00
48	85	19	1.00
48	90	19	1.00
48	95	19	1.00
48	100	19	1.00
48	105	19	1.00
48	110	19	1.00
48	115	19	1.00
48	120	19	0.99
48	125	19	0.90
48	130	19	0.82
48	135	19	0.73
48	140	19	0.64
48	145	19	0.54
48	150	19	0.42
48	155	19	0.30
48	160	19	0.19
48	165	19	0.10
48	170	19	0.05
48	175	19	0.01
48	180	19	0.00
48	0	20	0.00
48	5	20	0.02
48	10	20	0.05
48	15	20	0.10
48	20	20	0.17
48	25	20	0.28
48	30	20	0.37
48	35	20	0.52
48	40	20	0.67
48	45	20	0.79
48	50	20	0.96
48	55	20	1.00
48	60	20	1.00
48	65	20	1.00
48	70	20	1.00
48	75	20	1.00
48	80	20	1.00
48	85	20	1.00
48	90	20	1.00
48	95	20	1.00
48	100	20	1.00
48	105	20	1.00
48	110	20	1.00
48	115	20	1.00
48	120	20	0.99
48	125	20	0.90
48	130	20	0.81
48	135	20	0.72
48	140	20	0.62
48	145	20	0.53
48	150	20	0.41
48	155	20	0.30
48	160	20	0.19
48	165	20	0.11
48	170	20	0.05
48	175	20	0.01
48	180	20	0.00
49	0	5	0.00
49	5	5	0.02
49	10	5	0.05
49	15	5	0.11
49	20	5	0.18
49	25	5	0.29
49	30	5	0.39
49	35	5	0.55
49	40	5	0.72
49	45	5	0.83
49	50	5	1.00
49	55	5	1.00
49	60	5	1.00
49	65	5	1.00
49	70	5	1.00
49	75	5	1.00
49	80	5	1.00
49	85	5	1.00
49	90	5	1.00
49	95	5	1.00
49	100	5	1.00
49	105	5	1.00
49	110	5	1.00
49	115	5	1.00
49	120	5	1.00
49	125	5	1.00
49	130	5	0.99
49	135	5	0.85
49	140	5	0.71
49	145	5	0.58
49	150	5	0.43
49	155	5	0.31
49	160	5	0.19
49	165	5	0.12
49	170	5	0.04
49	175	5	0.02
49	180	5	0.00
49	0	6	0.00
49	5	6	0.01
49	10	6	0.05
49	15	6	0.10
49	20	6	0.19
49	25	6	0.27
49	30	6	0.41
49	35	6	0.54
49	40	6	0.70
49	45	6	0.83
49	50	6	1.00
49	55	6	1.00
49	60	6	1.00
49	65	6	1.00
49	70	6	1.00
49	75	6	1.00
49	80	6	1.00
49	85	6	1.00
49	90	6	1.00
49	95	6	1.00
49	100	6	1.00
49	105	6	1.00
49	110	6	1.00
49	115	6	1.00
49	120	6	1.00
49	125	6	1.00
49	130	6	0.99
49	135	6	0.85
49	140	6	0.71
49	145	6	0.56
49	150	6	0.43
49	155	6	0.30
49	160	6	0.20
49	165	6	0.11
49	170	6	0.04
49	175	6	0.02
49	180	6	0.00
49	0	7	0.00
49	5	7	0.01
49	10	7	0.05
49	15	7	0.10
49	20	7	0.20
49	25	7	0.28
49	30	7	0.40
49	35	7	0.55
49	40	7	0.68
49	45	7	0.85
49	50	7	0.99
49	55	7	1.00
49	60	7	1.00
49	65	7	1.00
49	70	7	1.00
49	75	7	1.00
49	80	7	1.00
49	85	7	1.00
49	90	7	1.00
49	95	7	1.00
49	100	7	1.00
49	105	7	1.00
49	110	7	1.00
49	115	7	1.00
49	120	7	1.00
49	125	7	1.00
49	130	7	0.98
49	135	7	0.84
49	140	7	0.71
49	145	7	0.57
49	150	7	0.43
49	155	7	0.30
49	160	7	0.19
49	165	7	0.11
49	170	7	0.05
49	175	7	0.02
49	180	7	0.00
49	0	8	0.00
49	5	8	0.01
49	10	8	0.05
49	15	8	0.10
49	20	8	0.18
49	25	8	0.29
49	30	8	0.41
49	35	8	0.54
49	40	8	0.70
49	45	8	0.84
49	50	8	1.00
49	55	8	1.00
49	60	8	1.00
49	65	8	1.00
49	70	8	1.00
49	75	8	1.00
49	80	8	1.00
49	85	8	1.00
49	90	8	1.00
49	95	8	1.00
49	100	8	1.00
49	105	8	1.00
49	110	8	1.00
49	115	8	1.00
49	120	8	1.00
49	125	8	1.00
49	130	8	0.97
49	135	8	0.84
49	140	8	0.72
49	145	8	0.57
49	150	8	0.42
49	155	8	0.30
49	160	8	0.20
49	165	8	0.11
49	170	8	0.05
49	175	8	0.02
49	180	8	0.00
49	0	9	0.00
49	5	9	0.02
49	10	9	0.05
49	15	9	0.11
49	20	9	0.18
49	25	9	0.28
49	30	9	0.40
49	35	9	0.56
49	40	9	0.68
49	45	9	0.83
49	50	9	1.00
49	55	9	1.00
49	60	9	1.00
49	65	9	1.00
49	70	9	1.00
49	75	9	1.00
49	80	9	1.00
49	85	9	1.00
49	90	9	1.00
49	95	9	1.00
49	100	9	1.00
49	105	9	1.00
49	110	9	1.00
49	115	9	1.00
49	120	9	1.00
49	125	9	1.00
49	130	9	0.96
49	135	9	0.83
49	140	9	0.72
49	145	9	0.57
49	150	9	0.42
49	155	9	0.29
49	160	9	0.19
49	165	9	0.11
49	170	9	0.04
49	175	9	0.02
49	180	9	0.00
49	0	10	0.00
49	5	10	0.02
49	10	10	0.05
49	15	10	0.09
49	20	10	0.19
49	25	10	0.29
49	30	10	0.41
49	35	10	0.53
49	40	10	0.70
49	45	10	0.85
49	50	10	0.99
49	55	10	1.00
49	60	10	1.00
49	65	10	1.00
49	70	10	1.00
49	75	10	1.00
49	80	10	1.00
49	85	10	1.00
49	90	10	1.00
49	95	10	1.00
49	100	10	1.00
49	105	10	1.00
49	110	10	1.00
49	115	10	1.00
49	120	10	1.00
49	125	10	1.00
49	130	10	0.94
49	135	10	0.85
49	140	10	0.72
49	145	10	0.57
49	150	10	0.42
49	155	10	0.30
49	160	10	0.20
49	165	10	0.11
49	170	10	0.05
49	175	10	0.01
49	180	10	0.00
49	0	11	0.00
49	5	11	0.02
49	10	11	0.05
49	15	11	0.10
49	20	11	0.17
49	25	11	0.27
49	30	11	0.42
49	35	11	0.55
49	40	11	0.68
49	45	11	0.84
49	50	11	0.97
49	55	11	1.00
49	60	11	1.00
49	65	11	1.00
49	70	11	1.00
49	75	11	1.00
49	80	11	1.00
49	85	11	1.00
49	90	11	1.00
49	95	11	1.00
49	100	11	1.00
49	105	11	1.00
49	110	11	1.00
49	115	11	1.00
49	120	11	1.00
49	125	11	1.00
49	130	11	0.93
49	135	11	0.84
49	140	11	0.71
49	145	11	0.56
49	150	11	0.43
49	155	11	0.31
49	160	11	0.20
49	165	11	0.11
49	170	11	0.05
49	175	11	0.01
49	180	11	0.00
49	0	12	0.00
49	5	12	0.02
49	10	12	0.05
49	15	12	0.10
49	20	12	0.18
49	25	12	0.28
49	30	12	0.40
49	35	12	0.52
49	40	12	0.67
49	45	12	0.87
49	50	12	0.99
49	55	12	1.00
49	60	12	1.00
49	65	12	1.00
49	70	12	1.00
49	75	12	1.00
49	80	12	1.00
49	85	12	1.00
49	90	12	1.00
49	95	12	1.00
49	100	12	1.00
49	105	12	1.00
49	110	12	1.00
49	115	12	1.00
49	120	12	1.00
49	125	12	1.00
49	130	12	0.93
49	135	12	0.84
49	140	12	0.70
49	145	12	0.56
49	150	12	0.44
49	155	12	0.32
49	160	12	0.20
49	165	12	0.12
49	170	12	0.05
49	175	12	0.02
49	180	12	0.00
49	0	13	0.00
49	5	13	0.02
49	10	13	0.05
49	15	13	0.10
49	20	13	0.18
49	25	13	0.29
49	30	13	0.42
49	35	13	0.54
49	40	13	0.69
49	45	13	0.85
49	50	13	0.98
49	55	13	1.00
49	60	13	1.00
49	65	13	1.00
49	70	13	1.00
49	75	13	1.00
49	80	13	1.00
49	85	13	1.00
49	90	13	1.00
49	95	13	1.00
49	100	13	1.00
49	105	13	1.00
49	110	13	1.00
49	115	13	1.00
49	120	13	1.00
49	125	13	1.00
49	130	13	0.92
49	135	13	0.82
49	140	13	0.70
49	145	13	0.57
49	150	13	0.44
49	155	13	0.30
49	160	13	0.20
49	165	13	0.11
49	170	13	0.05
49	175	13	0.02
49	180	13	0.00
49	0	14	0.00
49	5	14	0.02
49	10	14	0.05
49	15	14	0.11
49	20	14	0.19
49	25	14	0.30
49	30	14	0.39
49	35	14	0.51
49	40	14	0.67
49	45	14	0.82
49	50	14	1.00
49	55	14	1.00
49	60	14	1.00
49	65	14	1.00
49	70	14	1.00
49	75	14	1.00
49	80	14	1.00
49	85	14	1.00
49	90	14	1.00
49	95	14	1.00
49	100	14	1.00
49	105	14	1.00
49	110	14	1.00
49	115	14	1.00
49	120	14	1.00
49	125	14	0.99
49	130	14	0.90
49	135	14	0.81
49	140	14	0.69
49	145	14	0.57
49	150	14	0.44
49	155	14	0.30
49	160	14	0.20
49	165	14	0.12
49	170	14	0.05
49	175	14	0.02
49	180	14	0.00
49	0	15	0.00
49	5	15	0.02
49	10	15	0.06
49	15	15	0.11
49	20	15	0.17
49	25	15	0.29
49	30	15	0.40
49	35	15	0.53
49	40	15	0.69
49	45	15	0.84
49	50	15	1.00
49	55	15	1.00
49	60	15	1.00
49	65	15	1.00
49	70	15	1.00
49	75	15	1.00
49	80	15	1.00
49	85	15	1.00
49	90	15	1.00
49	95	15	1.00
49	100	15	1.00
49	105	15	1.00
49	110	15	1.00
49	115	15	1.00
49	120	15	1.00
49	125	15	0.98
49	130	15	0.89
49	135	15	0.80
49	140	15	0.69
49	145	15	0.56
49	150	15	0.43
49	155	15	0.30
49	160	15	0.19
49	165	15	0.11
49	170	15	0.05
49	175	15	0.01
49	180	15	0.00
49	0	16	0.00
49	5	16	0.02
49	10	16	0.06
49	15	16	0.09
49	20	16	0.18
49	25	16	0.29
49	30	16	0.41
49	35	16	0.55
49	40	16	0.67
49	45	16	0.81
49	50	16	0.98
49	55	16	1.00
49	60	16	1.00
49	65	16	1.00
49	70	16	1.00
49	75	16	1.00
49	80	16	1.00
49	85	16	1.00
49	90	16	1.00
49	95	16	1.00
49	100	16	1.00
49	105	16	1.00
49	110	16	1.00
49	115	16	1.00
49	120	16	1.00
49	125	16	0.97
49	130	16	0.89
49	135	16	0.80
49	140	16	0.70
49	145	16	0.56
49	150	16	0.43
49	155	16	0.30
49	160	16	0.19
49	165	16	0.11
49	170	16	0.05
49	175	16	0.01
49	180	16	0.00
49	0	17	0.00
49	5	17	0.02
49	10	17	0.05
49	15	17	0.10
49	20	17	0.18
49	25	17	0.30
49	30	17	0.38
49	35	17	0.53
49	40	17	0.69
49	45	17	0.83
49	50	17	1.00
49	55	17	1.00
49	60	17	1.00
49	65	17	1.00
49	70	17	1.00
49	75	17	1.00
49	80	17	1.00
49	85	17	1.00
49	90	17	1.00
49	95	17	1.00
49	100	17	1.00
49	105	17	1.00
49	110	17	1.00
49	115	17	1.00
49	120	17	1.00
49	125	17	0.96
49	130	17	0.88
49	135	17	0.78
49	140	17	0.69
49	145	17	0.57
49	150	17	0.43
49	155	17	0.30
49	160	17	0.20
49	165	17	0.11
49	170	17	0.05
49	175	17	0.02
49	180	17	0.00
49	0	18	0.00
49	5	18	0.02
49	10	18	0.05
49	15	18	0.10
49	20	18	0.19
49	25	18	0.27
49	30	18	0.39
49	35	18	0.54
49	40	18	0.71
49	45	18	0.81
49	50	18	0.99
49	55	18	1.00
49	60	18	1.00
49	65	18	1.00
49	70	18	1.00
49	75	18	1.00
49	80	18	1.00
49	85	18	1.00
49	90	18	1.00
49	95	18	1.00
49	100	18	1.00
49	105	18	1.00
49	110	18	1.00
49	115	18	1.00
49	120	18	1.00
49	125	18	0.95
49	130	18	0.87
49	135	18	0.77
49	140	18	0.67
49	145	18	0.56
49	150	18	0.43
49	155	18	0.30
49	160	18	0.20
49	165	18	0.11
49	170	18	0.05
49	175	18	0.01
49	180	18	0.00
49	0	19	0.00
49	5	19	0.02
49	10	19	0.05
49	15	19	0.10
49	20	19	0.17
49	25	19	0.28
49	30	19	0.40
49	35	19	0.52
49	40	19	0.68
49	45	19	0.83
49	50	19	1.00
49	55	19	1.00
49	60	19	1.00
49	65	19	1.00
49	70	19	1.00
49	75	19	1.00
49	80	19	1.00
49	85	19	1.00
49	90	19	1.00
49	95	19	1.00
49	100	19	1.00
49	105	19	1.00
49	110	19	1.00
49	115	19	1.00
49	120	19	1.00
49	125	19	0.94
49	130	19	0.86
49	135	19	0.77
49	140	19	0.67
49	145	19	0.55
49	150	19	0.42
49	155	19	0.31
49	160	19	0.20
49	165	19	0.11
49	170	19	0.05
49	175	19	0.01
49	180	19	0.00
49	0	20	0.00
49	5	20	0.02
49	10	20	0.06
49	15	20	0.10
49	20	20	0.17
49	25	20	0.29
49	30	20	0.38
49	35	20	0.54
49	40	20	0.69
49	45	20	0.81
49	50	20	0.99
49	55	20	1.00
49	60	20	1.00
49	65	20	1.00
49	70	20	1.00
49	75	20	1.00
49	80	20	1.00
49	85	20	1.00
49	90	20	1.00
49	95	20	1.00
49	100	20	1.00
49	105	20	1.00
49	110	20	1.00
49	115	20	1.00
49	120	20	1.00
49	125	20	0.94
49	130	20	0.85
49	135	20	0.76
49	140	20	0.66
49	145	20	0.55
49	150	20	0.44
49	155	20	0.31
49	160	20	0.20
49	165	20	0.11
49	170	20	0.05
49	175	20	0.01
49	180	20	0.00
50	0	5	0.00
50	5	5	0.02
50	10	5	0.05
50	15	5	0.11
50	20	5	0.19
50	25	5	0.30
50	30	5	0.41
50	35	5	0.57
50	40	5	0.74
50	45	5	0.87
50	50	5	1.00
50	55	5	1.00
50	60	5	1.00
50	65	5	1.00
50	70	5	1.00
50	75	5	1.00
50	80	5	1.00
50	85	5	1.00
50	90	5	1.00
50	95	5	1.00
50	100	5	1.00
50	105	5	1.00
50	110	5	1.00
50	115	5	1.00
50	120	5	1.00
50	125	5	1.00
50	130	5	1.00
50	135	5	0.89
50	140	5	0.74
50	145	5	0.60
50	150	5	0.45
50	155	5	0.32
50	160	5	0.20
50	165	5	0.12
50	170	5	0.05
50	175	5	0.02
50	180	5	0.00
50	0	6	0.00
50	5	6	0.01
50	10	6	0.05
50	15	6	0.10
50	20	6	0.20
50	25	6	0.28
50	30	6	0.42
50	35	6	0.56
50	40	6	0.73
50	45	6	0.89
50	50	6	1.00
50	55	6	1.00
50	60	6	1.00
50	65	6	1.00
50	70	6	1.00
50	75	6	1.00
50	80	6	1.00
50	85	6	1.00
50	90	6	1.00
50	95	6	1.00
50	100	6	1.00
50	105	6	1.00
50	110	6	1.00
50	115	6	1.00
50	120	6	1.00
50	125	6	1.00
50	130	6	1.00
50	135	6	0.89
50	140	6	0.74
50	145	6	0.58
50	150	6	0.45
50	155	6	0.31
50	160	6	0.21
50	165	6	0.12
50	170	6	0.04
50	175	6	0.02
50	180	6	0.00
50	0	7	0.00
50	5	7	0.01
50	10	7	0.05
50	15	7	0.10
50	20	7	0.20
50	25	7	0.29
50	30	7	0.41
50	35	7	0.57
50	40	7	0.71
50	45	7	0.88
50	50	7	1.00
50	55	7	1.00
50	60	7	1.00
50	65	7	1.00
50	70	7	1.00
50	75	7	1.00
50	80	7	1.00
50	85	7	1.00
50	90	7	1.00
50	95	7	1.00
50	100	7	1.00
50	105	7	1.00
50	110	7	1.00
50	115	7	1.00
50	120	7	1.00
50	125	7	1.00
50	130	7	1.00
50	135	7	0.88
50	140	7	0.75
50	145	7	0.59
50	150	7	0.45
50	155	7	0.32
50	160	7	0.20
50	165	7	0.11
50	170	7	0.05
50	175	7	0.02
50	180	7	0.00
50	0	8	0.00
50	5	8	0.02
50	10	8	0.06
50	15	8	0.11
50	20	8	0.18
50	25	8	0.30
50	30	8	0.42
50	35	8	0.56
50	40	8	0.73
50	45	8	0.87
50	50	8	1.00
50	55	8	1.00
50	60	8	1.00
50	65	8	1.00
50	70	8	1.00
50	75	8	1.00
50	80	8	1.00
50	85	8	1.00
50	90	8	1.00
50	95	8	1.00
50	100	8	1.00
50	105	8	1.00
50	110	8	1.00
50	115	8	1.00
50	120	8	1.00
50	125	8	1.00
50	130	8	1.00
50	135	8	0.88
50	140	8	0.75
50	145	8	0.59
50	150	8	0.44
50	155	8	0.32
50	160	8	0.21
50	165	8	0.12
50	170	8	0.05
50	175	8	0.02
50	180	8	0.00
50	0	9	0.00
50	5	9	0.02
50	10	9	0.05
50	15	9	0.11
50	20	9	0.19
50	25	9	0.29
50	30	9	0.44
50	35	9	0.58
50	40	9	0.70
50	45	9	0.90
50	50	9	1.00
50	55	9	1.00
50	60	9	1.00
50	65	9	1.00
50	70	9	1.00
50	75	9	1.00
50	80	9	1.00
50	85	9	1.00
50	90	9	1.00
50	95	9	1.00
50	100	9	1.00
50	105	9	1.00
50	110	9	1.00
50	115	9	1.00
50	120	9	1.00
50	125	9	1.00
50	130	9	1.00
50	135	9	0.87
50	140	9	0.75
50	145	9	0.59
50	150	9	0.44
50	155	9	0.31
50	160	9	0.20
50	165	9	0.11
50	170	9	0.05
50	175	9	0.02
50	180	9	0.00
50	0	10	0.00
50	5	10	0.02
50	10	10	0.05
50	15	10	0.11
50	20	10	0.20
50	25	10	0.30
50	30	10	0.42
50	35	10	0.55
50	40	10	0.72
50	45	10	0.88
50	50	10	1.00
50	55	10	1.00
50	60	10	1.00
50	65	10	1.00
50	70	10	1.00
50	75	10	1.00
50	80	10	1.00
50	85	10	1.00
50	90	10	1.00
50	95	10	1.00
50	100	10	1.00
50	105	10	1.00
50	110	10	1.00
50	115	10	1.00
50	120	10	1.00
50	125	10	1.00
50	130	10	0.99
50	135	10	0.87
50	140	10	0.75
50	145	10	0.59
50	150	10	0.45
50	155	10	0.32
50	160	10	0.21
50	165	10	0.12
50	170	10	0.04
50	175	10	0.02
50	180	10	0.00
50	0	11	0.00
50	5	11	0.02
50	10	11	0.05
50	15	11	0.10
50	20	11	0.18
50	25	11	0.31
50	30	11	0.44
50	35	11	0.57
50	40	11	0.71
50	45	11	0.87
50	50	11	1.00
50	55	11	1.00
50	60	11	1.00
50	65	11	1.00
50	70	11	1.00
50	75	11	1.00
50	80	11	1.00
50	85	11	1.00
50	90	11	1.00
50	95	11	1.00
50	100	11	1.00
50	105	11	1.00
50	110	11	1.00
50	115	11	1.00
50	120	11	1.00
50	125	11	1.00
50	130	11	0.97
50	135	11	0.87
50	140	11	0.74
50	145	11	0.59
50	150	11	0.45
50	155	11	0.33
50	160	11	0.20
50	165	11	0.11
50	170	11	0.05
50	175	11	0.01
50	180	11	0.00
50	0	12	0.00
50	5	12	0.02
50	10	12	0.05
50	15	12	0.10
50	20	12	0.18
50	25	12	0.29
50	30	12	0.42
50	35	12	0.54
50	40	12	0.73
50	45	12	0.90
50	50	12	1.00
50	55	12	1.00
50	60	12	1.00
50	65	12	1.00
50	70	12	1.00
50	75	12	1.00
50	80	12	1.00
50	85	12	1.00
50	90	12	1.00
50	95	12	1.00
50	100	12	1.00
50	105	12	1.00
50	110	12	1.00
50	115	12	1.00
50	120	12	1.00
50	125	12	1.00
50	130	12	0.96
50	135	12	0.88
50	140	12	0.74
50	145	12	0.59
50	150	12	0.46
50	155	12	0.31
50	160	12	0.21
50	165	12	0.12
50	170	12	0.05
50	175	12	0.02
50	180	12	0.00
50	0	13	0.00
50	5	13	0.02
50	10	13	0.05
50	15	13	0.11
50	20	13	0.19
50	25	13	0.30
50	30	13	0.43
50	35	13	0.55
50	40	13	0.71
50	45	13	0.87
50	50	13	1.00
50	55	13	1.00
50	60	13	1.00
50	65	13	1.00
50	70	13	1.00
50	75	13	1.00
50	80	13	1.00
50	85	13	1.00
50	90	13	1.00
50	95	13	1.00
50	100	13	1.00
50	105	13	1.00
50	110	13	1.00
50	115	13	1.00
50	120	13	1.00
50	125	13	1.00
50	130	13	0.95
50	135	13	0.86
50	140	13	0.73
50	145	13	0.59
50	150	13	0.46
50	155	13	0.32
50	160	13	0.21
50	165	13	0.12
50	170	13	0.05
50	175	13	0.02
50	180	13	0.00
50	0	14	0.00
50	5	14	0.02
50	10	14	0.06
50	15	14	0.11
50	20	14	0.19
50	25	14	0.31
50	30	14	0.44
50	35	14	0.57
50	40	14	0.73
50	45	14	0.90
50	50	14	1.00
50	55	14	1.00
50	60	14	1.00
50	65	14	1.00
50	70	14	1.00
50	75	14	1.00
50	80	14	1.00
50	85	14	1.00
50	90	14	1.00
50	95	14	1.00
50	100	14	1.00
50	105	14	1.00
50	110	14	1.00
50	115	14	1.00
50	120	14	1.00
50	125	14	1.00
50	130	14	0.95
50	135	14	0.85
50	140	14	0.73
50	145	14	0.59
50	150	14	0.44
50	155	14	0.32
50	160	14	0.20
50	165	14	0.12
50	170	14	0.05
50	175	14	0.02
50	180	14	0.00
50	0	15	0.00
50	5	15	0.02
50	10	15	0.06
50	15	15	0.11
50	20	15	0.18
50	25	15	0.29
50	30	15	0.41
50	35	15	0.55
50	40	15	0.71
50	45	15	0.87
50	50	15	1.00
50	55	15	1.00
50	60	15	1.00
50	65	15	1.00
50	70	15	1.00
50	75	15	1.00
50	80	15	1.00
50	85	15	1.00
50	90	15	1.00
50	95	15	1.00
50	100	15	1.00
50	105	15	1.00
50	110	15	1.00
50	115	15	1.00
50	120	15	1.00
50	125	15	1.00
50	130	15	0.93
50	135	15	0.84
50	140	15	0.72
50	145	15	0.59
50	150	15	0.44
50	155	15	0.32
50	160	15	0.20
50	165	15	0.12
50	170	15	0.05
50	175	15	0.02
50	180	15	0.00
50	0	16	0.00
50	5	16	0.02
50	10	16	0.06
50	15	16	0.10
50	20	16	0.18
50	25	16	0.30
50	30	16	0.42
50	35	16	0.56
50	40	16	0.73
50	45	16	0.89
50	50	16	1.00
50	55	16	1.00
50	60	16	1.00
50	65	16	1.00
50	70	16	1.00
50	75	16	1.00
50	80	16	1.00
50	85	16	1.00
50	90	16	1.00
50	95	16	1.00
50	100	16	1.00
50	105	16	1.00
50	110	16	1.00
50	115	16	1.00
50	120	16	1.00
50	125	16	1.00
50	130	16	0.93
50	135	16	0.82
50	140	16	0.72
50	145	16	0.59
50	150	16	0.44
50	155	16	0.32
50	160	16	0.21
50	165	16	0.12
50	170	16	0.06
50	175	16	0.01
50	180	16	0.00
50	0	17	0.00
50	5	17	0.02
50	10	17	0.05
50	15	17	0.10
50	20	17	0.19
50	25	17	0.31
50	30	17	0.44
50	35	17	0.54
50	40	17	0.71
50	45	17	0.86
50	50	17	1.00
50	55	17	1.00
50	60	17	1.00
50	65	17	1.00
50	70	17	1.00
50	75	17	1.00
50	80	17	1.00
50	85	17	1.00
50	90	17	1.00
50	95	17	1.00
50	100	17	1.00
50	105	17	1.00
50	110	17	1.00
50	115	17	1.00
50	120	17	1.00
50	125	17	1.00
50	130	17	0.91
50	135	17	0.82
50	140	17	0.71
50	145	17	0.58
50	150	17	0.45
50	155	17	0.32
50	160	17	0.21
50	165	17	0.11
50	170	17	0.05
50	175	17	0.02
50	180	17	0.00
50	0	18	0.00
50	5	18	0.02
50	10	18	0.05
50	15	18	0.10
50	20	18	0.19
50	25	18	0.28
50	30	18	0.40
50	35	18	0.56
50	40	18	0.73
50	45	18	0.88
50	50	18	1.00
50	55	18	1.00
50	60	18	1.00
50	65	18	1.00
50	70	18	1.00
50	75	18	1.00
50	80	18	1.00
50	85	18	1.00
50	90	18	1.00
50	95	18	1.00
50	100	18	1.00
50	105	18	1.00
50	110	18	1.00
50	115	18	1.00
50	120	18	1.00
50	125	18	0.99
50	130	18	0.91
50	135	18	0.81
50	140	18	0.71
50	145	18	0.58
50	150	18	0.45
50	155	18	0.32
50	160	18	0.21
50	165	18	0.12
50	170	18	0.06
50	175	18	0.02
50	180	18	0.00
50	0	19	0.00
50	5	19	0.02
50	10	19	0.06
50	15	19	0.10
50	20	19	0.20
50	25	19	0.29
50	30	19	0.41
50	35	19	0.57
50	40	19	0.70
50	45	19	0.86
50	50	19	1.00
50	55	19	1.00
50	60	19	1.00
50	65	19	1.00
50	70	19	1.00
50	75	19	1.00
50	80	19	1.00
50	85	19	1.00
50	90	19	1.00
50	95	19	1.00
50	100	19	1.00
50	105	19	1.00
50	110	19	1.00
50	115	19	1.00
50	120	19	1.00
50	125	19	0.99
50	130	19	0.90
50	135	19	0.80
50	140	19	0.70
50	145	19	0.58
50	150	19	0.45
50	155	19	0.32
50	160	19	0.20
50	165	19	0.12
50	170	19	0.05
50	175	19	0.01
50	180	19	0.00
50	0	20	0.00
50	5	20	0.02
50	10	20	0.06
50	15	20	0.11
50	20	20	0.18
50	25	20	0.30
50	30	20	0.43
50	35	20	0.55
50	40	20	0.72
50	45	20	0.88
50	50	20	1.00
50	55	20	1.00
50	60	20	1.00
50	65	20	1.00
50	70	20	1.00
50	75	20	1.00
50	80	20	1.00
50	85	20	1.00
50	90	20	1.00
50	95	20	1.00
50	100	20	1.00
50	105	20	1.00
50	110	20	1.00
50	115	20	1.00
50	120	20	1.00
50	125	20	0.98
50	130	20	0.89
50	135	20	0.79
50	140	20	0.69
50	145	20	0.58
50	150	20	0.45
50	155	20	0.32
50	160	20	0.20
50	165	20	0.12
50	170	20	0.06
50	175	20	0.01
50	180	20	0.00
51	0	5	0.00
51	5	5	0.02
51	10	5	0.05
51	15	5	0.12
51	20	5	0.20
51	25	5	0.32
51	30	5	0.42
51	35	5	0.59
51	40	5	0.77
51	45	5	0.90
51	50	5	1.00
51	55	5	1.00
51	60	5	1.00
51	65	5	1.00
51	70	5	1.00
51	75	5	1.00
51	80	5	1.00
51	85	5	1.00
51	90	5	1.00
51	95	5	1.00
51	100	5	1.00
51	105	5	1.00
51	110	5	1.00
51	115	5	1.00
51	120	5	1.00
51	125	5	1.00
51	130	5	1.00
51	135	5	0.93
51	140	5	0.77
51	145	5	0.60
51	150	5	0.47
51	155	5	0.34
51	160	5	0.21
51	165	5	0.13
51	170	5	0.05
51	175	5	0.02
51	180	5	0.00
51	0	6	0.00
51	5	6	0.01
51	10	6	0.05
51	15	6	0.10
51	20	6	0.20
51	25	6	0.29
51	30	6	0.44
51	35	6	0.58
51	40	6	0.76
51	45	6	0.92
51	50	6	1.00
51	55	6	1.00
51	60	6	1.00
51	65	6	1.00
51	70	6	1.00
51	75	6	1.00
51	80	6	1.00
51	85	6	1.00
51	90	6	1.00
51	95	6	1.00
51	100	6	1.00
51	105	6	1.00
51	110	6	1.00
51	115	6	1.00
51	120	6	1.00
51	125	6	1.00
51	130	6	1.00
51	135	6	0.92
51	140	6	0.77
51	145	6	0.61
51	150	6	0.47
51	155	6	0.32
51	160	6	0.22
51	165	6	0.12
51	170	6	0.05
51	175	6	0.02
51	180	6	0.00
51	0	7	0.00
51	5	7	0.02
51	10	7	0.06
51	15	7	0.11
51	20	7	0.21
51	25	7	0.30
51	30	7	0.42
51	35	7	0.59
51	40	7	0.73
51	45	7	0.91
51	50	7	1.00
51	55	7	1.00
51	60	7	1.00
51	65	7	1.00
51	70	7	1.00
51	75	7	1.00
51	80	7	1.00
51	85	7	1.00
51	90	7	1.00
51	95	7	1.00
51	100	7	1.00
51	105	7	1.00
51	110	7	1.00
51	115	7	1.00
51	120	7	1.00
51	125	7	1.00
51	130	7	1.00
51	135	7	0.92
51	140	7	0.78
51	145	7	0.62
51	150	7	0.45
51	155	7	0.33
51	160	7	0.21
51	165	7	0.12
51	170	7	0.05
51	175	7	0.02
51	180	7	0.00
51	0	8	0.00
51	5	8	0.02
51	10	8	0.06
51	15	8	0.11
51	20	8	0.19
51	25	8	0.31
51	30	8	0.44
51	35	8	0.58
51	40	8	0.75
51	45	8	0.90
51	50	8	1.00
51	55	8	1.00
51	60	8	1.00
51	65	8	1.00
51	70	8	1.00
51	75	8	1.00
51	80	8	1.00
51	85	8	1.00
51	90	8	1.00
51	95	8	1.00
51	100	8	1.00
51	105	8	1.00
51	110	8	1.00
51	115	8	1.00
51	120	8	1.00
51	125	8	1.00
51	130	8	1.00
51	135	8	0.92
51	140	8	0.78
51	145	8	0.62
51	150	8	0.46
51	155	8	0.32
51	160	8	0.22
51	165	8	0.12
51	170	8	0.05
51	175	8	0.02
51	180	8	0.00
51	0	9	0.00
51	5	9	0.02
51	10	9	0.06
51	15	9	0.11
51	20	9	0.20
51	25	9	0.30
51	30	9	0.45
51	35	9	0.60
51	40	9	0.73
51	45	9	0.93
51	50	9	1.00
51	55	9	1.00
51	60	9	1.00
51	65	9	1.00
51	70	9	1.00
51	75	9	1.00
51	80	9	1.00
51	85	9	1.00
51	90	9	1.00
51	95	9	1.00
51	100	9	1.00
51	105	9	1.00
51	110	9	1.00
51	115	9	1.00
51	120	9	1.00
51	125	9	1.00
51	130	9	1.00
51	135	9	0.91
51	140	9	0.76
51	145	9	0.62
51	150	9	0.46
51	155	9	0.32
51	160	9	0.21
51	165	9	0.12
51	170	9	0.05
51	175	9	0.02
51	180	9	0.00
51	0	10	0.00
51	5	10	0.02
51	10	10	0.05
51	15	10	0.12
51	20	10	0.20
51	25	10	0.31
51	30	10	0.44
51	35	10	0.57
51	40	10	0.75
51	45	10	0.92
51	50	10	1.00
51	55	10	1.00
51	60	10	1.00
51	65	10	1.00
51	70	10	1.00
51	75	10	1.00
51	80	10	1.00
51	85	10	1.00
51	90	10	1.00
51	95	10	1.00
51	100	10	1.00
51	105	10	1.00
51	110	10	1.00
51	115	10	1.00
51	120	10	1.00
51	125	10	1.00
51	130	10	1.00
51	135	10	0.91
51	140	10	0.76
51	145	10	0.62
51	150	10	0.47
51	155	10	0.33
51	160	10	0.22
51	165	10	0.12
51	170	10	0.05
51	175	10	0.02
51	180	10	0.00
51	0	11	0.00
51	5	11	0.02
51	10	11	0.05
51	15	11	0.10
51	20	11	0.18
51	25	11	0.32
51	30	11	0.45
51	35	11	0.59
51	40	11	0.73
51	45	11	0.90
51	50	11	1.00
51	55	11	1.00
51	60	11	1.00
51	65	11	1.00
51	70	11	1.00
51	75	11	1.00
51	80	11	1.00
51	85	11	1.00
51	90	11	1.00
51	95	11	1.00
51	100	11	1.00
51	105	11	1.00
51	110	11	1.00
51	115	11	1.00
51	120	11	1.00
51	125	11	1.00
51	130	11	1.00
51	135	11	0.91
51	140	11	0.76
51	145	11	0.62
51	150	11	0.47
51	155	11	0.32
51	160	11	0.21
51	165	11	0.12
51	170	11	0.05
51	175	11	0.02
51	180	11	0.00
51	0	12	0.00
51	5	12	0.02
51	10	12	0.05
51	15	12	0.11
51	20	12	0.19
51	25	12	0.30
51	30	12	0.43
51	35	12	0.60
51	40	12	0.75
51	45	12	0.93
51	50	12	1.00
51	55	12	1.00
51	60	12	1.00
51	65	12	1.00
51	70	12	1.00
51	75	12	1.00
51	80	12	1.00
51	85	12	1.00
51	90	12	1.00
51	95	12	1.00
51	100	12	1.00
51	105	12	1.00
51	110	12	1.00
51	115	12	1.00
51	120	12	1.00
51	125	12	1.00
51	130	12	1.00
51	135	12	0.90
51	140	12	0.76
51	145	12	0.60
51	150	12	0.46
51	155	12	0.33
51	160	12	0.22
51	165	12	0.13
51	170	12	0.05
51	175	12	0.02
51	180	12	0.00
51	0	13	0.00
51	5	13	0.02
51	10	13	0.06
51	15	13	0.11
51	20	13	0.20
51	25	13	0.31
51	30	13	0.44
51	35	13	0.57
51	40	13	0.73
51	45	13	0.90
51	50	13	1.00
51	55	13	1.00
51	60	13	1.00
51	65	13	1.00
51	70	13	1.00
51	75	13	1.00
51	80	13	1.00
51	85	13	1.00
51	90	13	1.00
51	95	13	1.00
51	100	13	1.00
51	105	13	1.00
51	110	13	1.00
51	115	13	1.00
51	120	13	1.00
51	125	13	1.00
51	130	13	0.99
51	135	13	0.89
51	140	13	0.77
51	145	13	0.60
51	150	13	0.46
51	155	13	0.33
51	160	13	0.22
51	165	13	0.12
51	170	13	0.05
51	175	13	0.02
51	180	13	0.00
51	0	14	0.00
51	5	14	0.02
51	10	14	0.06
51	15	14	0.11
51	20	14	0.20
51	25	14	0.32
51	30	14	0.46
51	35	14	0.59
51	40	14	0.75
51	45	14	0.93
51	50	14	1.00
51	55	14	1.00
51	60	14	1.00
51	65	14	1.00
51	70	14	1.00
51	75	14	1.00
51	80	14	1.00
51	85	14	1.00
51	90	14	1.00
51	95	14	1.00
51	100	14	1.00
51	105	14	1.00
51	110	14	1.00
51	115	14	1.00
51	120	14	1.00
51	125	14	1.00
51	130	14	0.98
51	135	14	0.89
51	140	14	0.76
51	145	14	0.60
51	150	14	0.47
51	155	14	0.34
51	160	14	0.21
51	165	14	0.13
51	170	14	0.06
51	175	14	0.02
51	180	14	0.00
51	0	15	0.00
51	5	15	0.02
51	10	15	0.06
51	15	15	0.12
51	20	15	0.18
51	25	15	0.30
51	30	15	0.42
51	35	15	0.56
51	40	15	0.74
51	45	15	0.90
51	50	15	1.00
51	55	15	1.00
51	60	15	1.00
51	65	15	1.00
51	70	15	1.00
51	75	15	1.00
51	80	15	1.00
51	85	15	1.00
51	90	15	1.00
51	95	15	1.00
51	100	15	1.00
51	105	15	1.00
51	110	15	1.00
51	115	15	1.00
51	120	15	1.00
51	125	15	1.00
51	130	15	0.98
51	135	15	0.88
51	140	15	0.76
51	145	15	0.62
51	150	15	0.47
51	155	15	0.34
51	160	15	0.22
51	165	15	0.12
51	170	15	0.05
51	175	15	0.02
51	180	15	0.00
51	0	16	0.00
51	5	16	0.02
51	10	16	0.06
51	15	16	0.10
51	20	16	0.19
51	25	16	0.31
51	30	16	0.44
51	35	16	0.58
51	40	16	0.76
51	45	16	0.92
51	50	16	1.00
51	55	16	1.00
51	60	16	1.00
51	65	16	1.00
51	70	16	1.00
51	75	16	1.00
51	80	16	1.00
51	85	16	1.00
51	90	16	1.00
51	95	16	1.00
51	100	16	1.00
51	105	16	1.00
51	110	16	1.00
51	115	16	1.00
51	120	16	1.00
51	125	16	1.00
51	130	16	0.97
51	135	16	0.86
51	140	16	0.75
51	145	16	0.62
51	150	16	0.46
51	155	16	0.32
51	160	16	0.22
51	165	16	0.13
51	170	16	0.06
51	175	16	0.02
51	180	16	0.00
51	0	17	0.00
51	5	17	0.02
51	10	17	0.06
51	15	17	0.10
51	20	17	0.19
51	25	17	0.32
51	30	17	0.45
51	35	17	0.56
51	40	17	0.74
51	45	17	0.89
51	50	17	1.00
51	55	17	1.00
51	60	17	1.00
51	65	17	1.00
51	70	17	1.00
51	75	17	1.00
51	80	17	1.00
51	85	17	1.00
51	90	17	1.00
51	95	17	1.00
51	100	17	1.00
51	105	17	1.00
51	110	17	1.00
51	115	17	1.00
51	120	17	1.00
51	125	17	1.00
51	130	17	0.96
51	135	17	0.85
51	140	17	0.75
51	145	17	0.61
51	150	17	0.46
51	155	17	0.32
51	160	17	0.21
51	165	17	0.12
51	170	17	0.06
51	175	17	0.01
51	180	17	0.00
51	0	18	0.00
51	5	18	0.02
51	10	18	0.06
51	15	18	0.10
51	20	18	0.20
51	25	18	0.33
51	30	18	0.41
51	35	18	0.58
51	40	18	0.76
51	45	18	0.91
51	50	18	1.00
51	55	18	1.00
51	60	18	1.00
51	65	18	1.00
51	70	18	1.00
51	75	18	1.00
51	80	18	1.00
51	85	18	1.00
51	90	18	1.00
51	95	18	1.00
51	100	18	1.00
51	105	18	1.00
51	110	18	1.00
51	115	18	1.00
51	120	18	1.00
51	125	18	1.00
51	130	18	0.95
51	135	18	0.84
51	140	18	0.74
51	145	18	0.61
51	150	18	0.46
51	155	18	0.32
51	160	18	0.21
51	165	18	0.12
51	170	18	0.05
51	175	18	0.02
51	180	18	0.00
51	0	19	0.00
51	5	19	0.02
51	10	19	0.06
51	15	19	0.11
51	20	19	0.20
51	25	19	0.30
51	30	19	0.43
51	35	19	0.59
51	40	19	0.72
51	45	19	0.88
51	50	19	1.00
51	55	19	1.00
51	60	19	1.00
51	65	19	1.00
51	70	19	1.00
51	75	19	1.00
51	80	19	1.00
51	85	19	1.00
51	90	19	1.00
51	95	19	1.00
51	100	19	1.00
51	105	19	1.00
51	110	19	1.00
51	115	19	1.00
51	120	19	1.00
51	125	19	1.00
51	130	19	0.94
51	135	19	0.84
51	140	19	0.74
51	145	19	0.60
51	150	19	0.46
51	155	19	0.33
51	160	19	0.21
51	165	19	0.12
51	170	19	0.06
51	175	19	0.02
51	180	19	0.00
51	0	20	0.00
51	5	20	0.02
51	10	20	0.06
51	15	20	0.11
51	20	20	0.18
51	25	20	0.31
51	30	20	0.44
51	35	20	0.57
51	40	20	0.74
51	45	20	0.91
51	50	20	1.00
51	55	20	1.00
51	60	20	1.00
51	65	20	1.00
51	70	20	1.00
51	75	20	1.00
51	80	20	1.00
51	85	20	1.00
51	90	20	1.00
51	95	20	1.00
51	100	20	1.00
51	105	20	1.00
51	110	20	1.00
51	115	20	1.00
51	120	20	1.00
51	125	20	1.00
51	130	20	0.93
51	135	20	0.83
51	140	20	0.72
51	145	20	0.60
51	150	20	0.47
51	155	20	0.33
51	160	20	0.22
51	165	20	0.12
51	170	20	0.05
51	175	20	0.01
51	180	20	0.00
52	0	5	0.00
52	5	5	0.02
52	10	5	0.05
52	15	5	0.12
52	20	5	0.20
52	25	5	0.33
52	30	5	0.44
52	35	5	0.61
52	40	5	0.80
52	45	5	0.93
52	50	5	1.00
52	55	5	1.00
52	60	5	1.00
52	65	5	1.00
52	70	5	1.00
52	75	5	1.00
52	80	5	1.00
52	85	5	1.00
52	90	5	1.00
52	95	5	1.00
52	100	5	1.00
52	105	5	1.00
52	110	5	1.00
52	115	5	1.00
52	120	5	1.00
52	125	5	1.00
52	130	5	1.00
52	135	5	0.97
52	140	5	0.80
52	145	5	0.63
52	150	5	0.49
52	155	5	0.35
52	160	5	0.22
52	165	5	0.13
52	170	5	0.05
52	175	5	0.02
52	180	5	0.00
52	0	6	0.00
52	5	6	0.02
52	10	6	0.06
52	15	6	0.11
52	20	6	0.21
52	25	6	0.30
52	30	6	0.45
52	35	6	0.63
52	40	6	0.78
52	45	6	0.96
52	50	6	1.00
52	55	6	1.00
52	60	6	1.00
52	65	6	1.00
52	70	6	1.00
52	75	6	1.00
52	80	6	1.00
52	85	6	1.00
52	90	6	1.00
52	95	6	1.00
52	100	6	1.00
52	105	6	1.00
52	110	6	1.00
52	115	6	1.00
52	120	6	1.00
52	125	6	1.00
52	130	6	1.00
52	135	6	0.96
52	140	6	0.81
52	145	6	0.64
52	150	6	0.49
52	155	6	0.34
52	160	6	0.23
52	165	6	0.13
52	170	6	0.05
52	175	6	0.02
52	180	6	0.00
52	0	7	0.00
52	5	7	0.02
52	10	7	0.06
52	15	7	0.11
52	20	7	0.22
52	25	7	0.31
52	30	7	0.47
52	35	7	0.62
52	40	7	0.81
52	45	7	0.95
52	50	7	1.00
52	55	7	1.00
52	60	7	1.00
52	65	7	1.00
52	70	7	1.00
52	75	7	1.00
52	80	7	1.00
52	85	7	1.00
52	90	7	1.00
52	95	7	1.00
52	100	7	1.00
52	105	7	1.00
52	110	7	1.00
52	115	7	1.00
52	120	7	1.00
52	125	7	1.00
52	130	7	1.00
52	135	7	0.96
52	140	7	0.81
52	145	7	0.65
52	150	7	0.47
52	155	7	0.34
52	160	7	0.22
52	165	7	0.12
52	170	7	0.06
52	175	7	0.02
52	180	7	0.00
52	0	8	0.00
52	5	8	0.02
52	10	8	0.06
52	15	8	0.11
52	20	8	0.20
52	25	8	0.32
52	30	8	0.45
52	35	8	0.63
52	40	8	0.78
52	45	8	0.93
52	50	8	1.00
52	55	8	1.00
52	60	8	1.00
52	65	8	1.00
52	70	8	1.00
52	75	8	1.00
52	80	8	1.00
52	85	8	1.00
52	90	8	1.00
52	95	8	1.00
52	100	8	1.00
52	105	8	1.00
52	110	8	1.00
52	115	8	1.00
52	120	8	1.00
52	125	8	1.00
52	130	8	1.00
52	135	8	0.96
52	140	8	0.79
52	145	8	0.65
52	150	8	0.48
52	155	8	0.33
52	160	8	0.23
52	165	8	0.13
52	170	8	0.05
52	175	8	0.02
52	180	8	0.00
52	0	9	0.00
52	5	9	0.02
52	10	9	0.06
52	15	9	0.12
52	20	9	0.20
52	25	9	0.31
52	30	9	0.47
52	35	9	0.62
52	40	9	0.75
52	45	9	0.96
52	50	9	1.00
52	55	9	1.00
52	60	9	1.00
52	65	9	1.00
52	70	9	1.00
52	75	9	1.00
52	80	9	1.00
52	85	9	1.00
52	90	9	1.00
52	95	9	1.00
52	100	9	1.00
52	105	9	1.00
52	110	9	1.00
52	115	9	1.00
52	120	9	1.00
52	125	9	1.00
52	130	9	1.00
52	135	9	0.95
52	140	9	0.80
52	145	9	0.65
52	150	9	0.48
52	155	9	0.34
52	160	9	0.22
52	165	9	0.12
52	170	9	0.05
52	175	9	0.02
52	180	9	0.00
52	0	10	0.00
52	5	10	0.02
52	10	10	0.05
52	15	10	0.12
52	20	10	0.21
52	25	10	0.32
52	30	10	0.45
52	35	10	0.64
52	40	10	0.78
52	45	10	0.95
52	50	10	1.00
52	55	10	1.00
52	60	10	1.00
52	65	10	1.00
52	70	10	1.00
52	75	10	1.00
52	80	10	1.00
52	85	10	1.00
52	90	10	1.00
52	95	10	1.00
52	100	10	1.00
52	105	10	1.00
52	110	10	1.00
52	115	10	1.00
52	120	10	1.00
52	125	10	1.00
52	130	10	1.00
52	135	10	0.95
52	140	10	0.80
52	145	10	0.63
52	150	10	0.49
52	155	10	0.35
52	160	10	0.23
52	165	10	0.12
52	170	10	0.05
52	175	10	0.02
52	180	10	0.00
52	0	11	0.00
52	5	11	0.02
52	10	11	0.05
52	15	11	0.11
52	20	11	0.22
52	25	11	0.33
52	30	11	0.46
52	35	11	0.61
52	40	11	0.75
52	45	11	0.97
52	50	11	1.00
52	55	11	1.00
52	60	11	1.00
52	65	11	1.00
52	70	11	1.00
52	75	11	1.00
52	80	11	1.00
52	85	11	1.00
52	90	11	1.00
52	95	11	1.00
52	100	11	1.00
52	105	11	1.00
52	110	11	1.00
52	115	11	1.00
52	120	11	1.00
52	125	11	1.00
52	130	11	1.00
52	135	11	0.95
52	140	11	0.80
52	145	11	0.63
52	150	11	0.47
52	155	11	0.33
52	160	11	0.22
52	165	11	0.12
52	170	11	0.06
52	175	11	0.02
52	180	11	0.00
52	0	12	0.00
52	5	12	0.02
52	10	12	0.06
52	15	12	0.11
52	20	12	0.20
52	25	12	0.31
52	30	12	0.48
52	35	12	0.62
52	40	12	0.78
52	45	12	0.96
52	50	12	1.00
52	55	12	1.00
52	60	12	1.00
52	65	12	1.00
52	70	12	1.00
52	75	12	1.00
52	80	12	1.00
52	85	12	1.00
52	90	12	1.00
52	95	12	1.00
52	100	12	1.00
52	105	12	1.00
52	110	12	1.00
52	115	12	1.00
52	120	12	1.00
52	125	12	1.00
52	130	12	1.00
52	135	12	0.94
52	140	12	0.79
52	145	12	0.63
52	150	12	0.48
52	155	12	0.34
52	160	12	0.23
52	165	12	0.12
52	170	12	0.05
52	175	12	0.02
52	180	12	0.00
52	0	13	0.00
52	5	13	0.02
52	10	13	0.06
52	15	13	0.11
52	20	13	0.20
52	25	13	0.32
52	30	13	0.46
52	35	13	0.59
52	40	13	0.76
52	45	13	0.93
52	50	13	1.00
52	55	13	1.00
52	60	13	1.00
52	65	13	1.00
52	70	13	1.00
52	75	13	1.00
52	80	13	1.00
52	85	13	1.00
52	90	13	1.00
52	95	13	1.00
52	100	13	1.00
52	105	13	1.00
52	110	13	1.00
52	115	13	1.00
52	120	13	1.00
52	125	13	1.00
52	130	13	1.00
52	135	13	0.94
52	140	13	0.79
52	145	13	0.63
52	150	13	0.49
52	155	13	0.35
52	160	13	0.22
52	165	13	0.13
52	170	13	0.05
52	175	13	0.02
52	180	13	0.00
52	0	14	0.00
52	5	14	0.02
52	10	14	0.06
52	15	14	0.12
52	20	14	0.21
52	25	14	0.33
52	30	14	0.47
52	35	14	0.61
52	40	14	0.78
52	45	14	0.96
52	50	14	1.00
52	55	14	1.00
52	60	14	1.00
52	65	14	1.00
52	70	14	1.00
52	75	14	1.00
52	80	14	1.00
52	85	14	1.00
52	90	14	1.00
52	95	14	1.00
52	100	14	1.00
52	105	14	1.00
52	110	14	1.00
52	115	14	1.00
52	120	14	1.00
52	125	14	1.00
52	130	14	1.00
52	135	14	0.92
52	140	14	0.78
52	145	14	0.63
52	150	14	0.49
52	155	14	0.35
52	160	14	0.22
52	165	14	0.12
52	170	14	0.06
52	175	14	0.02
52	180	14	0.00
52	0	15	0.00
52	5	15	0.02
52	10	15	0.06
52	15	15	0.12
52	20	15	0.21
52	25	15	0.31
52	30	15	0.44
52	35	15	0.58
52	40	15	0.76
52	45	15	0.93
52	50	15	1.00
52	55	15	1.00
52	60	15	1.00
52	65	15	1.00
52	70	15	1.00
52	75	15	1.00
52	80	15	1.00
52	85	15	1.00
52	90	15	1.00
52	95	15	1.00
52	100	15	1.00
52	105	15	1.00
52	110	15	1.00
52	115	15	1.00
52	120	15	1.00
52	125	15	1.00
52	130	15	1.00
52	135	15	0.91
52	140	15	0.78
52	145	15	0.63
52	150	15	0.49
52	155	15	0.34
52	160	15	0.23
52	165	15	0.13
52	170	15	0.06
52	175	15	0.02
52	180	15	0.00
52	0	16	0.00
52	5	16	0.02
52	10	16	0.06
52	15	16	0.10
52	20	16	0.19
52	25	16	0.32
52	30	16	0.45
52	35	16	0.60
52	40	16	0.78
52	45	16	0.95
52	50	16	1.00
52	55	16	1.00
52	60	16	1.00
52	65	16	1.00
52	70	16	1.00
52	75	16	1.00
52	80	16	1.00
52	85	16	1.00
52	90	16	1.00
52	95	16	1.00
52	100	16	1.00
52	105	16	1.00
52	110	16	1.00
52	115	16	1.00
52	120	16	1.00
52	125	16	1.00
52	130	16	1.00
52	135	16	0.91
52	140	16	0.79
52	145	16	0.63
52	150	16	0.49
52	155	16	0.34
52	160	16	0.22
52	165	16	0.12
52	170	16	0.05
52	175	16	0.02
52	180	16	0.00
52	0	17	0.00
52	5	17	0.02
52	10	17	0.07
52	15	17	0.10
52	20	17	0.20
52	25	17	0.33
52	30	17	0.46
52	35	17	0.62
52	40	17	0.76
52	45	17	0.91
52	50	17	1.00
52	55	17	1.00
52	60	17	1.00
52	65	17	1.00
52	70	17	1.00
52	75	17	1.00
52	80	17	1.00
52	85	17	1.00
52	90	17	1.00
52	95	17	1.00
52	100	17	1.00
52	105	17	1.00
52	110	17	1.00
52	115	17	1.00
52	120	17	1.00
52	125	17	1.00
52	130	17	1.00
52	135	17	0.90
52	140	17	0.79
52	145	17	0.63
52	150	17	0.49
52	155	17	0.34
52	160	17	0.22
52	165	17	0.13
52	170	17	0.06
52	175	17	0.02
52	180	17	0.00
52	0	18	0.00
52	5	18	0.02
52	10	18	0.06
52	15	18	0.11
52	20	18	0.20
52	25	18	0.34
52	30	18	0.43
52	35	18	0.59
52	40	18	0.78
52	45	18	0.94
52	50	18	1.00
52	55	18	1.00
52	60	18	1.00
52	65	18	1.00
52	70	18	1.00
52	75	18	1.00
52	80	18	1.00
52	85	18	1.00
52	90	18	1.00
52	95	18	1.00
52	100	18	1.00
52	105	18	1.00
52	110	18	1.00
52	115	18	1.00
52	120	18	1.00
52	125	18	1.00
52	130	18	0.99
52	135	18	0.88
52	140	18	0.78
52	145	18	0.63
52	150	18	0.48
52	155	18	0.34
52	160	18	0.22
52	165	18	0.13
52	170	18	0.06
52	175	18	0.02
52	180	18	0.00
52	0	19	0.00
52	5	19	0.02
52	10	19	0.06
52	15	19	0.11
52	20	19	0.21
52	25	19	0.31
52	30	19	0.44
52	35	19	0.61
52	40	19	0.80
52	45	19	0.91
52	50	19	1.00
52	55	19	1.00
52	60	19	1.00
52	65	19	1.00
52	70	19	1.00
52	75	19	1.00
52	80	19	1.00
52	85	19	1.00
52	90	19	1.00
52	95	19	1.00
52	100	19	1.00
52	105	19	1.00
52	110	19	1.00
52	115	19	1.00
52	120	19	1.00
52	125	19	1.00
52	130	19	0.98
52	135	19	0.87
52	140	19	0.76
52	145	19	0.63
52	150	19	0.48
52	155	19	0.34
52	160	19	0.23
52	165	19	0.12
52	170	19	0.06
52	175	19	0.02
52	180	19	0.00
52	0	20	0.00
52	5	20	0.02
52	10	20	0.06
52	15	20	0.11
52	20	20	0.19
52	25	20	0.32
52	30	20	0.45
52	35	20	0.59
52	40	20	0.76
52	45	20	0.93
52	50	20	1.00
52	55	20	1.00
52	60	20	1.00
52	65	20	1.00
52	70	20	1.00
52	75	20	1.00
52	80	20	1.00
52	85	20	1.00
52	90	20	1.00
52	95	20	1.00
52	100	20	1.00
52	105	20	1.00
52	110	20	1.00
52	115	20	1.00
52	120	20	1.00
52	125	20	1.00
52	130	20	0.97
52	135	20	0.86
52	140	20	0.75
52	145	20	0.63
52	150	20	0.48
52	155	20	0.35
52	160	20	0.23
52	165	20	0.12
52	170	20	0.06
52	175	20	0.02
52	180	20	0.00
53	0	5	0.00
53	5	5	0.02
53	10	5	0.06
53	15	5	0.12
53	20	5	0.21
53	25	5	0.34
53	30	5	0.49
53	35	5	0.63
53	40	5	0.83
53	45	5	0.97
53	50	5	1.00
53	55	5	1.00
53	60	5	1.00
53	65	5	1.00
53	70	5	1.00
53	75	5	1.00
53	80	5	1.00
53	85	5	1.00
53	90	5	1.00
53	95	5	1.00
53	100	5	1.00
53	105	5	1.00
53	110	5	1.00
53	115	5	1.00
53	120	5	1.00
53	125	5	1.00
53	130	5	1.00
53	135	5	1.00
53	140	5	0.84
53	145	5	0.65
53	150	5	0.51
53	155	5	0.35
53	160	5	0.23
53	165	5	0.14
53	170	5	0.05
53	175	5	0.02
53	180	5	0.00
53	0	6	0.00
53	5	6	0.02
53	10	6	0.06
53	15	6	0.11
53	20	6	0.22
53	25	6	0.35
53	30	6	0.47
53	35	6	0.65
53	40	6	0.81
53	45	6	0.99
53	50	6	1.00
53	55	6	1.00
53	60	6	1.00
53	65	6	1.00
53	70	6	1.00
53	75	6	1.00
53	80	6	1.00
53	85	6	1.00
53	90	6	1.00
53	95	6	1.00
53	100	6	1.00
53	105	6	1.00
53	110	6	1.00
53	115	6	1.00
53	120	6	1.00
53	125	6	1.00
53	130	6	1.00
53	135	6	1.00
53	140	6	0.84
53	145	6	0.66
53	150	6	0.51
53	155	6	0.35
53	160	6	0.22
53	165	6	0.13
53	170	6	0.05
53	175	6	0.02
53	180	6	0.00
53	0	7	0.00
53	5	7	0.02
53	10	7	0.06
53	15	7	0.11
53	20	7	0.23
53	25	7	0.32
53	30	7	0.48
53	35	7	0.64
53	40	7	0.83
53	45	7	0.98
53	50	7	1.00
53	55	7	1.00
53	60	7	1.00
53	65	7	1.00
53	70	7	1.00
53	75	7	1.00
53	80	7	1.00
53	85	7	1.00
53	90	7	1.00
53	95	7	1.00
53	100	7	1.00
53	105	7	1.00
53	110	7	1.00
53	115	7	1.00
53	120	7	1.00
53	125	7	1.00
53	130	7	1.00
53	135	7	1.00
53	140	7	0.82
53	145	7	0.67
53	150	7	0.50
53	155	7	0.36
53	160	7	0.23
53	165	7	0.13
53	170	7	0.06
53	175	7	0.02
53	180	7	0.00
53	0	8	0.00
53	5	8	0.02
53	10	8	0.06
53	15	8	0.12
53	20	8	0.20
53	25	8	0.33
53	30	8	0.47
53	35	8	0.66
53	40	8	0.81
53	45	8	0.97
53	50	8	1.00
53	55	8	1.00
53	60	8	1.00
53	65	8	1.00
53	70	8	1.00
53	75	8	1.00
53	80	8	1.00
53	85	8	1.00
53	90	8	1.00
53	95	8	1.00
53	100	8	1.00
53	105	8	1.00
53	110	8	1.00
53	115	8	1.00
53	120	8	1.00
53	125	8	1.00
53	130	8	1.00
53	135	8	1.00
53	140	8	0.83
53	145	8	0.68
53	150	8	0.50
53	155	8	0.35
53	160	8	0.22
53	165	8	0.14
53	170	8	0.06
53	175	8	0.02
53	180	8	0.00
53	0	9	0.00
53	5	9	0.02
53	10	9	0.06
53	15	9	0.12
53	20	9	0.21
53	25	9	0.32
53	30	9	0.48
53	35	9	0.64
53	40	9	0.78
53	45	9	0.99
53	50	9	1.00
53	55	9	1.00
53	60	9	1.00
53	65	9	1.00
53	70	9	1.00
53	75	9	1.00
53	80	9	1.00
53	85	9	1.00
53	90	9	1.00
53	95	9	1.00
53	100	9	1.00
53	105	9	1.00
53	110	9	1.00
53	115	9	1.00
53	120	9	1.00
53	125	9	1.00
53	130	9	1.00
53	135	9	1.00
53	140	9	0.83
53	145	9	0.66
53	150	9	0.51
53	155	9	0.35
53	160	9	0.23
53	165	9	0.13
53	170	9	0.05
53	175	9	0.02
53	180	9	0.00
53	0	10	0.00
53	5	10	0.02
53	10	10	0.05
53	15	10	0.12
53	20	10	0.22
53	25	10	0.33
53	30	10	0.47
53	35	10	0.66
53	40	10	0.80
53	45	10	0.98
53	50	10	1.00
53	55	10	1.00
53	60	10	1.00
53	65	10	1.00
53	70	10	1.00
53	75	10	1.00
53	80	10	1.00
53	85	10	1.00
53	90	10	1.00
53	95	10	1.00
53	100	10	1.00
53	105	10	1.00
53	110	10	1.00
53	115	10	1.00
53	120	10	1.00
53	125	10	1.00
53	130	10	1.00
53	135	10	0.99
53	140	10	0.83
53	145	10	0.66
53	150	10	0.49
53	155	10	0.34
53	160	10	0.22
53	165	10	0.12
53	170	10	0.05
53	175	10	0.02
53	180	10	0.00
53	0	11	0.00
53	5	11	0.02
53	10	11	0.06
53	15	11	0.11
53	20	11	0.22
53	25	11	0.34
53	30	11	0.48
53	35	11	0.63
53	40	11	0.78
53	45	11	1.00
53	50	11	1.00
53	55	11	1.00
53	60	11	1.00
53	65	11	1.00
53	70	11	1.00
53	75	11	1.00
53	80	11	1.00
53	85	11	1.00
53	90	11	1.00
53	95	11	1.00
53	100	11	1.00
53	105	11	1.00
53	110	11	1.00
53	115	11	1.00
53	120	11	1.00
53	125	11	1.00
53	130	11	1.00
53	135	11	0.99
53	140	11	0.83
53	145	11	0.66
53	150	11	0.49
53	155	11	0.35
53	160	11	0.23
53	165	11	0.13
53	170	11	0.06
53	175	11	0.02
53	180	11	0.00
53	0	12	0.00
53	5	12	0.02
53	10	12	0.06
53	15	12	0.11
53	20	12	0.20
53	25	12	0.32
53	30	12	0.49
53	35	12	0.64
53	40	12	0.80
53	45	12	0.99
53	50	12	1.00
53	55	12	1.00
53	60	12	1.00
53	65	12	1.00
53	70	12	1.00
53	75	12	1.00
53	80	12	1.00
53	85	12	1.00
53	90	12	1.00
53	95	12	1.00
53	100	12	1.00
53	105	12	1.00
53	110	12	1.00
53	115	12	1.00
53	120	12	1.00
53	125	12	1.00
53	130	12	1.00
53	135	12	0.99
53	140	12	0.83
53	145	12	0.66
53	150	12	0.50
53	155	12	0.36
53	160	12	0.24
53	165	12	0.12
53	170	12	0.06
53	175	12	0.02
53	180	12	0.00
53	0	13	0.00
53	5	13	0.02
53	10	13	0.06
53	15	13	0.12
53	20	13	0.21
53	25	13	0.33
53	30	13	0.47
53	35	13	0.61
53	40	13	0.78
53	45	13	1.00
53	50	13	1.00
53	55	13	1.00
53	60	13	1.00
53	65	13	1.00
53	70	13	1.00
53	75	13	1.00
53	80	13	1.00
53	85	13	1.00
53	90	13	1.00
53	95	13	1.00
53	100	13	1.00
53	105	13	1.00
53	110	13	1.00
53	115	13	1.00
53	120	13	1.00
53	125	13	1.00
53	130	13	1.00
53	135	13	0.98
53	140	13	0.83
53	145	13	0.66
53	150	13	0.51
53	155	13	0.37
53	160	13	0.23
53	165	13	0.13
53	170	13	0.05
53	175	13	0.02
53	180	13	0.00
53	0	14	0.00
53	5	14	0.02
53	10	14	0.06
53	15	14	0.12
53	20	14	0.21
53	25	14	0.34
53	30	14	0.49
53	35	14	0.63
53	40	14	0.80
53	45	14	0.99
53	50	14	1.00
53	55	14	1.00
53	60	14	1.00
53	65	14	1.00
53	70	14	1.00
53	75	14	1.00
53	80	14	1.00
53	85	14	1.00
53	90	14	1.00
53	95	14	1.00
53	100	14	1.00
53	105	14	1.00
53	110	14	1.00
53	115	14	1.00
53	120	14	1.00
53	125	14	1.00
53	130	14	1.00
53	135	14	0.96
53	140	14	0.82
53	145	14	0.66
53	150	14	0.51
53	155	14	0.35
53	160	14	0.24
53	165	14	0.13
53	170	14	0.06
53	175	14	0.02
53	180	14	0.00
53	0	15	0.00
53	5	15	0.02
53	10	15	0.06
53	15	15	0.12
53	20	15	0.22
53	25	15	0.35
53	30	15	0.50
53	35	15	0.60
53	40	15	0.78
53	45	15	1.00
53	50	15	1.00
53	55	15	1.00
53	60	15	1.00
53	65	15	1.00
53	70	15	1.00
53	75	15	1.00
53	80	15	1.00
53	85	15	1.00
53	90	15	1.00
53	95	15	1.00
53	100	15	1.00
53	105	15	1.00
53	110	15	1.00
53	115	15	1.00
53	120	15	1.00
53	125	15	1.00
53	130	15	1.00
53	135	15	0.95
53	140	15	0.81
53	145	15	0.67
53	150	15	0.51
53	155	15	0.36
53	160	15	0.24
53	165	15	0.14
53	170	15	0.06
53	175	15	0.02
53	180	15	0.00
53	0	16	0.00
53	5	16	0.02
53	10	16	0.07
53	15	16	0.13
53	20	16	0.20
53	25	16	0.33
53	30	16	0.46
53	35	16	0.62
53	40	16	0.80
53	45	16	0.98
53	50	16	1.00
53	55	16	1.00
53	60	16	1.00
53	65	16	1.00
53	70	16	1.00
53	75	16	1.00
53	80	16	1.00
53	85	16	1.00
53	90	16	1.00
53	95	16	1.00
53	100	16	1.00
53	105	16	1.00
53	110	16	1.00
53	115	16	1.00
53	120	16	1.00
53	125	16	1.00
53	130	16	1.00
53	135	16	0.94
53	140	16	0.81
53	145	16	0.67
53	150	16	0.51
53	155	16	0.36
53	160	16	0.23
53	165	16	0.13
53	170	16	0.06
53	175	16	0.02
53	180	16	0.00
53	0	17	0.00
53	5	17	0.02
53	10	17	0.07
53	15	17	0.11
53	20	17	0.20
53	25	17	0.34
53	30	17	0.48
53	35	17	0.63
53	40	17	0.83
53	45	17	1.00
53	50	17	1.00
53	55	17	1.00
53	60	17	1.00
53	65	17	1.00
53	70	17	1.00
53	75	17	1.00
53	80	17	1.00
53	85	17	1.00
53	90	17	1.00
53	95	17	1.00
53	100	17	1.00
53	105	17	1.00
53	110	17	1.00
53	115	17	1.00
53	120	17	1.00
53	125	17	1.00
53	130	17	1.00
53	135	17	0.93
53	140	17	0.81
53	145	17	0.66
53	150	17	0.51
53	155	17	0.36
53	160	17	0.23
53	165	17	0.13
53	170	17	0.06
53	175	17	0.02
53	180	17	0.00
53	0	18	0.00
53	5	18	0.02
53	10	18	0.06
53	15	18	0.11
53	20	18	0.21
53	25	18	0.35
53	30	18	0.49
53	35	18	0.61
53	40	18	0.80
53	45	18	0.97
53	50	18	1.00
53	55	18	1.00
53	60	18	1.00
53	65	18	1.00
53	70	18	1.00
53	75	18	1.00
53	80	18	1.00
53	85	18	1.00
53	90	18	1.00
53	95	18	1.00
53	100	18	1.00
53	105	18	1.00
53	110	18	1.00
53	115	18	1.00
53	120	18	1.00
53	125	18	1.00
53	130	18	1.00
53	135	18	0.92
53	140	18	0.80
53	145	18	0.66
53	150	18	0.51
53	155	18	0.36
53	160	18	0.23
53	165	18	0.13
53	170	18	0.06
53	175	18	0.02
53	180	18	0.00
53	0	19	0.00
53	5	19	0.02
53	10	19	0.06
53	15	19	0.11
53	20	19	0.22
53	25	19	0.32
53	30	19	0.45
53	35	19	0.63
53	40	19	0.82
53	45	19	0.99
53	50	19	1.00
53	55	19	1.00
53	60	19	1.00
53	65	19	1.00
53	70	19	1.00
53	75	19	1.00
53	80	19	1.00
53	85	19	1.00
53	90	19	1.00
53	95	19	1.00
53	100	19	1.00
53	105	19	1.00
53	110	19	1.00
53	115	19	1.00
53	120	19	1.00
53	125	19	1.00
53	130	19	1.00
53	135	19	0.91
53	140	19	0.80
53	145	19	0.65
53	150	19	0.51
53	155	19	0.36
53	160	19	0.22
53	165	19	0.13
53	170	19	0.06
53	175	19	0.02
53	180	19	0.00
53	0	20	0.00
53	5	20	0.02
53	10	20	0.06
53	15	20	0.12
53	20	20	0.22
53	25	20	0.33
53	30	20	0.46
53	35	20	0.64
53	40	20	0.78
53	45	20	0.96
53	50	20	1.00
53	55	20	1.00
53	60	20	1.00
53	65	20	1.00
53	70	20	1.00
53	75	20	1.00
53	80	20	1.00
53	85	20	1.00
53	90	20	1.00
53	95	20	1.00
53	100	20	1.00
53	105	20	1.00
53	110	20	1.00
53	115	20	1.00
53	120	20	1.00
53	125	20	1.00
53	130	20	1.00
53	135	20	0.90
53	140	20	0.79
53	145	20	0.65
53	150	20	0.51
53	155	20	0.37
53	160	20	0.23
53	165	20	0.13
53	170	20	0.06
53	175	20	0.02
53	180	20	0.00
54	0	5	0.00
54	5	5	0.02
54	10	5	0.06
54	15	5	0.13
54	20	5	0.22
54	25	5	0.35
54	30	5	0.51
54	35	5	0.66
54	40	5	0.86
54	45	5	1.00
54	50	5	1.00
54	55	5	1.00
54	60	5	1.00
54	65	5	1.00
54	70	5	1.00
54	75	5	1.00
54	80	5	1.00
54	85	5	1.00
54	90	5	1.00
54	95	5	1.00
54	100	5	1.00
54	105	5	1.00
54	110	5	1.00
54	115	5	1.00
54	120	5	1.00
54	125	5	1.00
54	130	5	1.00
54	135	5	1.00
54	140	5	0.87
54	145	5	0.68
54	150	5	0.53
54	155	5	0.36
54	160	5	0.24
54	165	5	0.15
54	170	5	0.06
54	175	5	0.02
54	180	5	0.00
54	0	6	0.00
54	5	6	0.02
54	10	6	0.06
54	15	6	0.13
54	20	6	0.23
54	25	6	0.36
54	30	6	0.49
54	35	6	0.67
54	40	6	0.84
54	45	6	1.00
54	50	6	1.00
54	55	6	1.00
54	60	6	1.00
54	65	6	1.00
54	70	6	1.00
54	75	6	1.00
54	80	6	1.00
54	85	6	1.00
54	90	6	1.00
54	95	6	1.00
54	100	6	1.00
54	105	6	1.00
54	110	6	1.00
54	115	6	1.00
54	120	6	1.00
54	125	6	1.00
54	130	6	1.00
54	135	6	1.00
54	140	6	0.85
54	145	6	0.69
54	150	6	0.54
54	155	6	0.37
54	160	6	0.23
54	165	6	0.14
54	170	6	0.05
54	175	6	0.02
54	180	6	0.00
54	0	7	0.00
54	5	7	0.02
54	10	7	0.06
54	15	7	0.12
54	20	7	0.23
54	25	7	0.33
54	30	7	0.50
54	35	7	0.66
54	40	7	0.86
54	45	7	1.00
54	50	7	1.00
54	55	7	1.00
54	60	7	1.00
54	65	7	1.00
54	70	7	1.00
54	75	7	1.00
54	80	7	1.00
54	85	7	1.00
54	90	7	1.00
54	95	7	1.00
54	100	7	1.00
54	105	7	1.00
54	110	7	1.00
54	115	7	1.00
54	120	7	1.00
54	125	7	1.00
54	130	7	1.00
54	135	7	1.00
54	140	7	0.85
54	145	7	0.70
54	150	7	0.52
54	155	7	0.38
54	160	7	0.24
54	165	7	0.13
54	170	7	0.05
54	175	7	0.02
54	180	7	0.00
54	0	8	0.00
54	5	8	0.02
54	10	8	0.06
54	15	8	0.12
54	20	8	0.21
54	25	8	0.35
54	30	8	0.48
54	35	8	0.68
54	40	8	0.84
54	45	8	1.00
54	50	8	1.00
54	55	8	1.00
54	60	8	1.00
54	65	8	1.00
54	70	8	1.00
54	75	8	1.00
54	80	8	1.00
54	85	8	1.00
54	90	8	1.00
54	95	8	1.00
54	100	8	1.00
54	105	8	1.00
54	110	8	1.00
54	115	8	1.00
54	120	8	1.00
54	125	8	1.00
54	130	8	1.00
54	135	8	1.00
54	140	8	0.86
54	145	8	0.71
54	150	8	0.52
54	155	8	0.36
54	160	8	0.23
54	165	8	0.14
54	170	8	0.06
54	175	8	0.02
54	180	8	0.00
54	0	9	0.00
54	5	9	0.02
54	10	9	0.07
54	15	9	0.12
54	20	9	0.22
54	25	9	0.33
54	30	9	0.50
54	35	9	0.66
54	40	9	0.86
54	45	9	1.00
54	50	9	1.00
54	55	9	1.00
54	60	9	1.00
54	65	9	1.00
54	70	9	1.00
54	75	9	1.00
54	80	9	1.00
54	85	9	1.00
54	90	9	1.00
54	95	9	1.00
54	100	9	1.00
54	105	9	1.00
54	110	9	1.00
54	115	9	1.00
54	120	9	1.00
54	125	9	1.00
54	130	9	1.00
54	135	9	1.00
54	140	9	0.87
54	145	9	0.68
54	150	9	0.53
54	155	9	0.37
54	160	9	0.24
54	165	9	0.14
54	170	9	0.06
54	175	9	0.02
54	180	9	0.00
54	0	10	0.00
54	5	10	0.02
54	10	10	0.06
54	15	10	0.13
54	20	10	0.22
54	25	10	0.34
54	30	10	0.48
54	35	10	0.68
54	40	10	0.83
54	45	10	1.00
54	50	10	1.00
54	55	10	1.00
54	60	10	1.00
54	65	10	1.00
54	70	10	1.00
54	75	10	1.00
54	80	10	1.00
54	85	10	1.00
54	90	10	1.00
54	95	10	1.00
54	100	10	1.00
54	105	10	1.00
54	110	10	1.00
54	115	10	1.00
54	120	10	1.00
54	125	10	1.00
54	130	10	1.00
54	135	10	1.00
54	140	10	0.87
54	145	10	0.69
54	150	10	0.51
54	155	10	0.35
54	160	10	0.23
54	165	10	0.13
54	170	10	0.05
54	175	10	0.02
54	180	10	0.00
54	0	11	0.00
54	5	11	0.02
54	10	11	0.06
54	15	11	0.11
54	20	11	0.23
54	25	11	0.35
54	30	11	0.50
54	35	11	0.65
54	40	11	0.85
54	45	11	1.00
54	50	11	1.00
54	55	11	1.00
54	60	11	1.00
54	65	11	1.00
54	70	11	1.00
54	75	11	1.00
54	80	11	1.00
54	85	11	1.00
54	90	11	1.00
54	95	11	1.00
54	100	11	1.00
54	105	11	1.00
54	110	11	1.00
54	115	11	1.00
54	120	11	1.00
54	125	11	1.00
54	130	11	1.00
54	135	11	1.00
54	140	11	0.87
54	145	11	0.69
54	150	11	0.52
54	155	11	0.37
54	160	11	0.24
54	165	11	0.14
54	170	11	0.06
54	175	11	0.02
54	180	11	0.00
54	0	12	0.00
54	5	12	0.02
54	10	12	0.06
54	15	12	0.12
54	20	12	0.21
54	25	12	0.36
54	30	12	0.51
54	35	12	0.66
54	40	12	0.83
54	45	12	1.00
54	50	12	1.00
54	55	12	1.00
54	60	12	1.00
54	65	12	1.00
54	70	12	1.00
54	75	12	1.00
54	80	12	1.00
54	85	12	1.00
54	90	12	1.00
54	95	12	1.00
54	100	12	1.00
54	105	12	1.00
54	110	12	1.00
54	115	12	1.00
54	120	12	1.00
54	125	12	1.00
54	130	12	1.00
54	135	12	1.00
54	140	12	0.87
54	145	12	0.69
54	150	12	0.53
54	155	12	0.38
54	160	12	0.23
54	165	12	0.13
54	170	12	0.06
54	175	12	0.02
54	180	12	0.00
54	0	13	0.00
54	5	13	0.02
54	10	13	0.06
54	15	13	0.12
54	20	13	0.21
54	25	13	0.34
54	30	13	0.49
54	35	13	0.63
54	40	13	0.85
54	45	13	1.00
54	50	13	1.00
54	55	13	1.00
54	60	13	1.00
54	65	13	1.00
54	70	13	1.00
54	75	13	1.00
54	80	13	1.00
54	85	13	1.00
54	90	13	1.00
54	95	13	1.00
54	100	13	1.00
54	105	13	1.00
54	110	13	1.00
54	115	13	1.00
54	120	13	1.00
54	125	13	1.00
54	130	13	1.00
54	135	13	1.00
54	140	13	0.86
54	145	13	0.69
54	150	13	0.53
54	155	13	0.36
54	160	13	0.24
54	165	13	0.14
54	170	13	0.06
54	175	13	0.02
54	180	13	0.00
54	0	14	0.00
54	5	14	0.02
54	10	14	0.06
54	15	14	0.12
54	20	14	0.22
54	25	14	0.35
54	30	14	0.50
54	35	14	0.65
54	40	14	0.83
54	45	14	1.00
54	50	14	1.00
54	55	14	1.00
54	60	14	1.00
54	65	14	1.00
54	70	14	1.00
54	75	14	1.00
54	80	14	1.00
54	85	14	1.00
54	90	14	1.00
54	95	14	1.00
54	100	14	1.00
54	105	14	1.00
54	110	14	1.00
54	115	14	1.00
54	120	14	1.00
54	125	14	1.00
54	130	14	1.00
54	135	14	1.00
54	140	14	0.86
54	145	14	0.69
54	150	14	0.51
54	155	14	0.37
54	160	14	0.25
54	165	14	0.13
54	170	14	0.05
54	175	14	0.02
54	180	14	0.00
54	0	15	0.00
54	5	15	0.02
54	10	15	0.07
54	15	15	0.13
54	20	15	0.23
54	25	15	0.36
54	30	15	0.51
54	35	15	0.66
54	40	15	0.85
54	45	15	1.00
54	50	15	1.00
54	55	15	1.00
54	60	15	1.00
54	65	15	1.00
54	70	15	1.00
54	75	15	1.00
54	80	15	1.00
54	85	15	1.00
54	90	15	1.00
54	95	15	1.00
54	100	15	1.00
54	105	15	1.00
54	110	15	1.00
54	115	15	1.00
54	120	15	1.00
54	125	15	1.00
54	130	15	1.00
54	135	15	1.00
54	140	15	0.85
54	145	15	0.70
54	150	15	0.52
54	155	15	0.37
54	160	15	0.24
54	165	15	0.14
54	170	15	0.06
54	175	15	0.02
54	180	15	0.00
54	0	16	0.00
54	5	16	0.02
54	10	16	0.07
54	15	16	0.13
54	20	16	0.20
54	25	16	0.34
54	30	16	0.48
54	35	16	0.64
54	40	16	0.83
54	45	16	1.00
54	50	16	1.00
54	55	16	1.00
54	60	16	1.00
54	65	16	1.00
54	70	16	1.00
54	75	16	1.00
54	80	16	1.00
54	85	16	1.00
54	90	16	1.00
54	95	16	1.00
54	100	16	1.00
54	105	16	1.00
54	110	16	1.00
54	115	16	1.00
54	120	16	1.00
54	125	16	1.00
54	130	16	1.00
54	135	16	0.98
54	140	16	0.85
54	145	16	0.70
54	150	16	0.52
54	155	16	0.38
54	160	16	0.24
54	165	16	0.14
54	170	16	0.06
54	175	16	0.02
54	180	16	0.00
54	0	17	0.00
54	5	17	0.02
54	10	17	0.07
54	15	17	0.11
54	20	17	0.21
54	25	17	0.35
54	30	17	0.49
54	35	17	0.65
54	40	17	0.85
54	45	17	1.00
54	50	17	1.00
54	55	17	1.00
54	60	17	1.00
54	65	17	1.00
54	70	17	1.00
54	75	17	1.00
54	80	17	1.00
54	85	17	1.00
54	90	17	1.00
54	95	17	1.00
54	100	17	1.00
54	105	17	1.00
54	110	17	1.00
54	115	17	1.00
54	120	17	1.00
54	125	17	1.00
54	130	17	1.00
54	135	17	0.97
54	140	17	0.84
54	145	17	0.69
54	150	17	0.52
54	155	17	0.38
54	160	17	0.24
54	165	17	0.14
54	170	17	0.07
54	175	17	0.02
54	180	17	0.00
54	0	18	0.00
54	5	18	0.02
54	10	18	0.07
54	15	18	0.11
54	20	18	0.22
54	25	18	0.36
54	30	18	0.50
54	35	18	0.63
54	40	18	0.83
54	45	18	1.00
54	50	18	1.00
54	55	18	1.00
54	60	18	1.00
54	65	18	1.00
54	70	18	1.00
54	75	18	1.00
54	80	18	1.00
54	85	18	1.00
54	90	18	1.00
54	95	18	1.00
54	100	18	1.00
54	105	18	1.00
54	110	18	1.00
54	115	18	1.00
54	120	18	1.00
54	125	18	1.00
54	130	18	1.00
54	135	18	0.96
54	140	18	0.84
54	145	18	0.69
54	150	18	0.52
54	155	18	0.36
54	160	18	0.23
54	165	18	0.13
54	170	18	0.06
54	175	18	0.02
54	180	18	0.00
54	0	19	0.00
54	5	19	0.02
54	10	19	0.06
54	15	19	0.12
54	20	19	0.22
54	25	19	0.37
54	30	19	0.46
54	35	19	0.65
54	40	19	0.85
54	45	19	1.00
54	50	19	1.00
54	55	19	1.00
54	60	19	1.00
54	65	19	1.00
54	70	19	1.00
54	75	19	1.00
54	80	19	1.00
54	85	19	1.00
54	90	19	1.00
54	95	19	1.00
54	100	19	1.00
54	105	19	1.00
54	110	19	1.00
54	115	19	1.00
54	120	19	1.00
54	125	19	1.00
54	130	19	1.00
54	135	19	0.95
54	140	19	0.83
54	145	19	0.68
54	150	19	0.52
54	155	19	0.36
54	160	19	0.23
54	165	19	0.14
54	170	19	0.06
54	175	19	0.02
54	180	19	0.00
54	0	20	0.00
54	5	20	0.02
54	10	20	0.06
54	15	20	0.12
54	20	20	0.23
54	25	20	0.34
54	30	20	0.48
54	35	20	0.66
54	40	20	0.80
54	45	20	0.99
54	50	20	1.00
54	55	20	1.00
54	60	20	1.00
54	65	20	1.00
54	70	20	1.00
54	75	20	1.00
54	80	20	1.00
54	85	20	1.00
54	90	20	1.00
54	95	20	1.00
54	100	20	1.00
54	105	20	1.00
54	110	20	1.00
54	115	20	1.00
54	120	20	1.00
54	125	20	1.00
54	130	20	1.00
54	135	20	0.94
54	140	20	0.82
54	145	20	0.68
54	150	20	0.51
54	155	20	0.37
54	160	20	0.24
54	165	20	0.13
54	170	20	0.06
54	175	20	0.02
54	180	20	0.00
55	0	5	0.00
55	5	5	0.02
55	10	5	0.06
55	15	5	0.13
55	20	5	0.23
55	25	5	0.36
55	30	5	0.52
55	35	5	0.68
55	40	5	0.89
55	45	5	1.00
55	50	5	1.00
55	55	5	1.00
55	60	5	1.00
55	65	5	1.00
55	70	5	1.00
55	75	5	1.00
55	80	5	1.00
55	85	5	1.00
55	90	5	1.00
55	95	5	1.00
55	100	5	1.00
55	105	5	1.00
55	110	5	1.00
55	115	5	1.00
55	120	5	1.00
55	125	5	1.00
55	130	5	1.00
55	135	5	1.00
55	140	5	0.91
55	145	5	0.71
55	150	5	0.55
55	155	5	0.37
55	160	5	0.25
55	165	5	0.14
55	170	5	0.06
55	175	5	0.02
55	180	5	0.00
55	0	6	0.00
55	5	6	0.02
55	10	6	0.06
55	15	6	0.14
55	20	6	0.23
55	25	6	0.37
55	30	6	0.50
55	35	6	0.70
55	40	6	0.87
55	45	6	1.00
55	50	6	1.00
55	55	6	1.00
55	60	6	1.00
55	65	6	1.00
55	70	6	1.00
55	75	6	1.00
55	80	6	1.00
55	85	6	1.00
55	90	6	1.00
55	95	6	1.00
55	100	6	1.00
55	105	6	1.00
55	110	6	1.00
55	115	6	1.00
55	120	6	1.00
55	125	6	1.00
55	130	6	1.00
55	135	6	1.00
55	140	6	0.88
55	145	6	0.72
55	150	6	0.53
55	155	6	0.38
55	160	6	0.24
55	165	6	0.15
55	170	6	0.06
55	175	6	0.02
55	180	6	0.00
55	0	7	0.00
55	5	7	0.02
55	10	7	0.06
55	15	7	0.12
55	20	7	0.24
55	25	7	0.35
55	30	7	0.52
55	35	7	0.68
55	40	7	0.89
55	45	7	1.00
55	50	7	1.00
55	55	7	1.00
55	60	7	1.00
55	65	7	1.00
55	70	7	1.00
55	75	7	1.00
55	80	7	1.00
55	85	7	1.00
55	90	7	1.00
55	95	7	1.00
55	100	7	1.00
55	105	7	1.00
55	110	7	1.00
55	115	7	1.00
55	120	7	1.00
55	125	7	1.00
55	130	7	1.00
55	135	7	1.00
55	140	7	0.89
55	145	7	0.73
55	150	7	0.54
55	155	7	0.37
55	160	7	0.25
55	165	7	0.14
55	170	7	0.05
55	175	7	0.02
55	180	7	0.00
55	0	8	0.00
55	5	8	0.02
55	10	8	0.07
55	15	8	0.12
55	20	8	0.22
55	25	8	0.36
55	30	8	0.50
55	35	8	0.70
55	40	8	0.86
55	45	8	1.00
55	50	8	1.00
55	55	8	1.00
55	60	8	1.00
55	65	8	1.00
55	70	8	1.00
55	75	8	1.00
55	80	8	1.00
55	85	8	1.00
55	90	8	1.00
55	95	8	1.00
55	100	8	1.00
55	105	8	1.00
55	110	8	1.00
55	115	8	1.00
55	120	8	1.00
55	125	8	1.00
55	130	8	1.00
55	135	8	1.00
55	140	8	0.90
55	145	8	0.71
55	150	8	0.55
55	155	8	0.38
55	160	8	0.24
55	165	8	0.15
55	170	8	0.06
55	175	8	0.02
55	180	8	0.00
55	0	9	0.00
55	5	9	0.02
55	10	9	0.07
55	15	9	0.13
55	20	9	0.22
55	25	9	0.37
55	30	9	0.52
55	35	9	0.68
55	40	9	0.89
55	45	9	1.00
55	50	9	1.00
55	55	9	1.00
55	60	9	1.00
55	65	9	1.00
55	70	9	1.00
55	75	9	1.00
55	80	9	1.00
55	85	9	1.00
55	90	9	1.00
55	95	9	1.00
55	100	9	1.00
55	105	9	1.00
55	110	9	1.00
55	115	9	1.00
55	120	9	1.00
55	125	9	1.00
55	130	9	1.00
55	135	9	1.00
55	140	9	0.90
55	145	9	0.71
55	150	9	0.53
55	155	9	0.38
55	160	9	0.25
55	165	9	0.14
55	170	9	0.06
55	175	9	0.02
55	180	9	0.00
55	0	10	0.00
55	5	10	0.02
55	10	10	0.06
55	15	10	0.13
55	20	10	0.23
55	25	10	0.35
55	30	10	0.53
55	35	10	0.70
55	40	10	0.85
55	45	10	1.00
55	50	10	1.00
55	55	10	1.00
55	60	10	1.00
55	65	10	1.00
55	70	10	1.00
55	75	10	1.00
55	80	10	1.00
55	85	10	1.00
55	90	10	1.00
55	95	10	1.00
55	100	10	1.00
55	105	10	1.00
55	110	10	1.00
55	115	10	1.00
55	120	10	1.00
55	125	10	1.00
55	130	10	1.00
55	135	10	1.00
55	140	10	0.91
55	145	10	0.72
55	150	10	0.53
55	155	10	0.37
55	160	10	0.24
55	165	10	0.14
55	170	10	0.06
55	175	10	0.02
55	180	10	0.00
55	0	11	0.00
55	5	11	0.02
55	10	11	0.06
55	15	11	0.14
55	20	11	0.24
55	25	11	0.36
55	30	11	0.51
55	35	11	0.67
55	40	11	0.88
55	45	11	1.00
55	50	11	1.00
55	55	11	1.00
55	60	11	1.00
55	65	11	1.00
55	70	11	1.00
55	75	11	1.00
55	80	11	1.00
55	85	11	1.00
55	90	11	1.00
55	95	11	1.00
55	100	11	1.00
55	105	11	1.00
55	110	11	1.00
55	115	11	1.00
55	120	11	1.00
55	125	11	1.00
55	130	11	1.00
55	135	11	1.00
55	140	11	0.91
55	145	11	0.72
55	150	11	0.54
55	155	11	0.38
55	160	11	0.25
55	165	11	0.14
55	170	11	0.05
55	175	11	0.02
55	180	11	0.00
55	0	12	0.00
55	5	12	0.02
55	10	12	0.06
55	15	12	0.12
55	20	12	0.21
55	25	12	0.37
55	30	12	0.53
55	35	12	0.69
55	40	12	0.85
55	45	12	1.00
55	50	12	1.00
55	55	12	1.00
55	60	12	1.00
55	65	12	1.00
55	70	12	1.00
55	75	12	1.00
55	80	12	1.00
55	85	12	1.00
55	90	12	1.00
55	95	12	1.00
55	100	12	1.00
55	105	12	1.00
55	110	12	1.00
55	115	12	1.00
55	120	12	1.00
55	125	12	1.00
55	130	12	1.00
55	135	12	1.00
55	140	12	0.91
55	145	12	0.72
55	150	12	0.55
55	155	12	0.40
55	160	12	0.24
55	165	12	0.14
55	170	12	0.06
55	175	12	0.02
55	180	12	0.00
55	0	13	0.00
55	5	13	0.02
55	10	13	0.06
55	15	13	0.12
55	20	13	0.22
55	25	13	0.35
55	30	13	0.50
55	35	13	0.70
55	40	13	0.88
55	45	13	1.00
55	50	13	1.00
55	55	13	1.00
55	60	13	1.00
55	65	13	1.00
55	70	13	1.00
55	75	13	1.00
55	80	13	1.00
55	85	13	1.00
55	90	13	1.00
55	95	13	1.00
55	100	13	1.00
55	105	13	1.00
55	110	13	1.00
55	115	13	1.00
55	120	13	1.00
55	125	13	1.00
55	130	13	1.00
55	135	13	1.00
55	140	13	0.90
55	145	13	0.72
55	150	13	0.53
55	155	13	0.38
55	160	13	0.25
55	165	13	0.15
55	170	13	0.06
55	175	13	0.02
55	180	13	0.00
55	0	14	0.00
55	5	14	0.02
55	10	14	0.07
55	15	14	0.13
55	20	14	0.23
55	25	14	0.36
55	30	14	0.52
55	35	14	0.67
55	40	14	0.85
55	45	14	1.00
55	50	14	1.00
55	55	14	1.00
55	60	14	1.00
55	65	14	1.00
55	70	14	1.00
55	75	14	1.00
55	80	14	1.00
55	85	14	1.00
55	90	14	1.00
55	95	14	1.00
55	100	14	1.00
55	105	14	1.00
55	110	14	1.00
55	115	14	1.00
55	120	14	1.00
55	125	14	1.00
55	130	14	1.00
55	135	14	1.00
55	140	14	0.88
55	145	14	0.70
55	150	14	0.54
55	155	14	0.39
55	160	14	0.26
55	165	14	0.14
55	170	14	0.06
55	175	14	0.02
55	180	14	0.00
55	0	15	0.00
55	5	15	0.02
55	10	15	0.07
55	15	15	0.13
55	20	15	0.23
55	25	15	0.37
55	30	15	0.53
55	35	15	0.68
55	40	15	0.88
55	45	15	1.00
55	50	15	1.00
55	55	15	1.00
55	60	15	1.00
55	65	15	1.00
55	70	15	1.00
55	75	15	1.00
55	80	15	1.00
55	85	15	1.00
55	90	15	1.00
55	95	15	1.00
55	100	15	1.00
55	105	15	1.00
55	110	15	1.00
55	115	15	1.00
55	120	15	1.00
55	125	15	1.00
55	130	15	1.00
55	135	15	1.00
55	140	15	0.87
55	145	15	0.70
55	150	15	0.55
55	155	15	0.39
55	160	15	0.25
55	165	15	0.14
55	170	15	0.07
55	175	15	0.02
55	180	15	0.00
55	0	16	0.00
55	5	16	0.02
55	10	16	0.07
55	15	16	0.13
55	20	16	0.24
55	25	16	0.35
55	30	16	0.49
55	35	16	0.65
55	40	16	0.85
55	45	16	1.00
55	50	16	1.00
55	55	16	1.00
55	60	16	1.00
55	65	16	1.00
55	70	16	1.00
55	75	16	1.00
55	80	16	1.00
55	85	16	1.00
55	90	16	1.00
55	95	16	1.00
55	100	16	1.00
55	105	16	1.00
55	110	16	1.00
55	115	16	1.00
55	120	16	1.00
55	125	16	1.00
55	130	16	1.00
55	135	16	1.00
55	140	16	0.89
55	145	16	0.71
55	150	16	0.55
55	155	16	0.38
55	160	16	0.25
55	165	16	0.14
55	170	16	0.06
55	175	16	0.02
55	180	16	0.00
55	0	17	0.00
55	5	17	0.02
55	10	17	0.07
55	15	17	0.11
55	20	17	0.22
55	25	17	0.36
55	30	17	0.50
55	35	17	0.67
55	40	17	0.88
55	45	17	1.00
55	50	17	1.00
55	55	17	1.00
55	60	17	1.00
55	65	17	1.00
55	70	17	1.00
55	75	17	1.00
55	80	17	1.00
55	85	17	1.00
55	90	17	1.00
55	95	17	1.00
55	100	17	1.00
55	105	17	1.00
55	110	17	1.00
55	115	17	1.00
55	120	17	1.00
55	125	17	1.00
55	130	17	1.00
55	135	17	1.00
55	140	17	0.88
55	145	17	0.71
55	150	17	0.54
55	155	17	0.38
55	160	17	0.24
55	165	17	0.15
55	170	17	0.06
55	175	17	0.02
55	180	17	0.00
55	0	18	0.00
55	5	18	0.02
55	10	18	0.07
55	15	18	0.12
55	20	18	0.22
55	25	18	0.37
55	30	18	0.52
55	35	18	0.69
55	40	18	0.85
55	45	18	1.00
55	50	18	1.00
55	55	18	1.00
55	60	18	1.00
55	65	18	1.00
55	70	18	1.00
55	75	18	1.00
55	80	18	1.00
55	85	18	1.00
55	90	18	1.00
55	95	18	1.00
55	100	18	1.00
55	105	18	1.00
55	110	18	1.00
55	115	18	1.00
55	120	18	1.00
55	125	18	1.00
55	130	18	1.00
55	135	18	1.00
55	140	18	0.88
55	145	18	0.71
55	150	18	0.54
55	155	18	0.38
55	160	18	0.24
55	165	18	0.14
55	170	18	0.07
55	175	18	0.02
55	180	18	0.00
55	0	19	0.00
55	5	19	0.03
55	10	19	0.06
55	15	19	0.12
55	20	19	0.23
55	25	19	0.38
55	30	19	0.48
55	35	19	0.66
55	40	19	0.87
55	45	19	1.00
55	50	19	1.00
55	55	19	1.00
55	60	19	1.00
55	65	19	1.00
55	70	19	1.00
55	75	19	1.00
55	80	19	1.00
55	85	19	1.00
55	90	19	1.00
55	95	19	1.00
55	100	19	1.00
55	105	19	1.00
55	110	19	1.00
55	115	19	1.00
55	120	19	1.00
55	125	19	1.00
55	130	19	1.00
55	135	19	0.99
55	140	19	0.87
55	145	19	0.70
55	150	19	0.54
55	155	19	0.38
55	160	19	0.25
55	165	19	0.14
55	170	19	0.06
55	175	19	0.02
55	180	19	0.00
55	0	20	0.00
55	5	20	0.03
55	10	20	0.07
55	15	20	0.12
55	20	20	0.23
55	25	20	0.34
55	30	20	0.49
55	35	20	0.68
55	40	20	0.89
55	45	20	1.00
55	50	20	1.00
55	55	20	1.00
55	60	20	1.00
55	65	20	1.00
55	70	20	1.00
55	75	20	1.00
55	80	20	1.00
55	85	20	1.00
55	90	20	1.00
55	95	20	1.00
55	100	20	1.00
55	105	20	1.00
55	110	20	1.00
55	115	20	1.00
55	120	20	1.00
55	125	20	1.00
55	130	20	1.00
55	135	20	0.98
55	140	20	0.86
55	145	20	0.71
55	150	20	0.54
55	155	20	0.39
55	160	20	0.25
55	165	20	0.14
55	170	20	0.07
55	175	20	0.02
55	180	20	0.00
56	0	5	0.00
56	5	5	0.02
56	10	5	0.06
56	15	5	0.14
56	20	5	0.23
56	25	5	0.37
56	30	5	0.54
56	35	5	0.70
56	40	5	0.92
56	45	5	1.00
56	50	5	1.00
56	55	5	1.00
56	60	5	1.00
56	65	5	1.00
56	70	5	1.00
56	75	5	1.00
56	80	5	1.00
56	85	5	1.00
56	90	5	1.00
56	95	5	1.00
56	100	5	1.00
56	105	5	1.00
56	110	5	1.00
56	115	5	1.00
56	120	5	1.00
56	125	5	1.00
56	130	5	1.00
56	135	5	1.00
56	140	5	0.94
56	145	5	0.73
56	150	5	0.57
56	155	5	0.39
56	160	5	0.26
56	165	5	0.14
56	170	5	0.06
56	175	5	0.02
56	180	5	0.01
56	0	6	0.00
56	5	6	0.02
56	10	6	0.06
56	15	6	0.14
56	20	6	0.24
56	25	6	0.39
56	30	6	0.52
56	35	6	0.72
56	40	6	0.90
56	45	6	1.00
56	50	6	1.00
56	55	6	1.00
56	60	6	1.00
56	65	6	1.00
56	70	6	1.00
56	75	6	1.00
56	80	6	1.00
56	85	6	1.00
56	90	6	1.00
56	95	6	1.00
56	100	6	1.00
56	105	6	1.00
56	110	6	1.00
56	115	6	1.00
56	120	6	1.00
56	125	6	1.00
56	130	6	1.00
56	135	6	1.00
56	140	6	0.92
56	145	6	0.75
56	150	6	0.55
56	155	6	0.40
56	160	6	0.25
56	165	6	0.15
56	170	6	0.06
56	175	6	0.02
56	180	6	0.00
56	0	7	0.00
56	5	7	0.02
56	10	7	0.07
56	15	7	0.12
56	20	7	0.25
56	25	7	0.36
56	30	7	0.53
56	35	7	0.70
56	40	7	0.92
56	45	7	1.00
56	50	7	1.00
56	55	7	1.00
56	60	7	1.00
56	65	7	1.00
56	70	7	1.00
56	75	7	1.00
56	80	7	1.00
56	85	7	1.00
56	90	7	1.00
56	95	7	1.00
56	100	7	1.00
56	105	7	1.00
56	110	7	1.00
56	115	7	1.00
56	120	7	1.00
56	125	7	1.00
56	130	7	1.00
56	135	7	1.00
56	140	7	0.92
56	145	7	0.76
56	150	7	0.56
56	155	7	0.38
56	160	7	0.26
56	165	7	0.15
56	170	7	0.06
56	175	7	0.02
56	180	7	0.00
56	0	8	0.00
56	5	8	0.02
56	10	8	0.07
56	15	8	0.13
56	20	8	0.26
56	25	8	0.37
56	30	8	0.52
56	35	8	0.72
56	40	8	0.89
56	45	8	1.00
56	50	8	1.00
56	55	8	1.00
56	60	8	1.00
56	65	8	1.00
56	70	8	1.00
56	75	8	1.00
56	80	8	1.00
56	85	8	1.00
56	90	8	1.00
56	95	8	1.00
56	100	8	1.00
56	105	8	1.00
56	110	8	1.00
56	115	8	1.00
56	120	8	1.00
56	125	8	1.00
56	130	8	1.00
56	135	8	1.00
56	140	8	0.93
56	145	8	0.74
56	150	8	0.57
56	155	8	0.39
56	160	8	0.25
56	165	8	0.14
56	170	8	0.06
56	175	8	0.02
56	180	8	0.00
56	0	9	0.00
56	5	9	0.02
56	10	9	0.07
56	15	9	0.13
56	20	9	0.23
56	25	9	0.38
56	30	9	0.53
56	35	9	0.70
56	40	9	0.92
56	45	9	1.00
56	50	9	1.00
56	55	9	1.00
56	60	9	1.00
56	65	9	1.00
56	70	9	1.00
56	75	9	1.00
56	80	9	1.00
56	85	9	1.00
56	90	9	1.00
56	95	9	1.00
56	100	9	1.00
56	105	9	1.00
56	110	9	1.00
56	115	9	1.00
56	120	9	1.00
56	125	9	1.00
56	130	9	1.00
56	135	9	1.00
56	140	9	0.94
56	145	9	0.74
56	150	9	0.55
56	155	9	0.40
56	160	9	0.26
56	165	9	0.15
56	170	9	0.06
56	175	9	0.02
56	180	9	0.00
56	0	10	0.00
56	5	10	0.02
56	10	10	0.06
56	15	10	0.14
56	20	10	0.24
56	25	10	0.36
56	30	10	0.55
56	35	10	0.72
56	40	10	0.88
56	45	10	1.00
56	50	10	1.00
56	55	10	1.00
56	60	10	1.00
56	65	10	1.00
56	70	10	1.00
56	75	10	1.00
56	80	10	1.00
56	85	10	1.00
56	90	10	1.00
56	95	10	1.00
56	100	10	1.00
56	105	10	1.00
56	110	10	1.00
56	115	10	1.00
56	120	10	1.00
56	125	10	1.00
56	130	10	1.00
56	135	10	1.00
56	140	10	0.95
56	145	10	0.75
56	150	10	0.56
56	155	10	0.39
56	160	10	0.25
56	165	10	0.14
56	170	10	0.06
56	175	10	0.02
56	180	10	0.00
56	0	11	0.00
56	5	11	0.02
56	10	11	0.06
56	15	11	0.14
56	20	11	0.24
56	25	11	0.37
56	30	11	0.53
56	35	11	0.69
56	40	11	0.91
56	45	11	1.00
56	50	11	1.00
56	55	11	1.00
56	60	11	1.00
56	65	11	1.00
56	70	11	1.00
56	75	11	1.00
56	80	11	1.00
56	85	11	1.00
56	90	11	1.00
56	95	11	1.00
56	100	11	1.00
56	105	11	1.00
56	110	11	1.00
56	115	11	1.00
56	120	11	1.00
56	125	11	1.00
56	130	11	1.00
56	135	11	1.00
56	140	11	0.92
56	145	11	0.75
56	150	11	0.56
56	155	11	0.40
56	160	11	0.26
56	165	11	0.15
56	170	11	0.06
56	175	11	0.02
56	180	11	0.00
56	0	12	0.00
56	5	12	0.02
56	10	12	0.06
56	15	12	0.12
56	20	12	0.25
56	25	12	0.38
56	30	12	0.54
56	35	12	0.71
56	40	12	0.88
56	45	12	1.00
56	50	12	1.00
56	55	12	1.00
56	60	12	1.00
56	65	12	1.00
56	70	12	1.00
56	75	12	1.00
56	80	12	1.00
56	85	12	1.00
56	90	12	1.00
56	95	12	1.00
56	100	12	1.00
56	105	12	1.00
56	110	12	1.00
56	115	12	1.00
56	120	12	1.00
56	125	12	1.00
56	130	12	1.00
56	135	12	1.00
56	140	12	0.92
56	145	12	0.73
56	150	12	0.54
56	155	12	0.39
56	160	12	0.25
56	165	12	0.14
56	170	12	0.07
56	175	12	0.02
56	180	12	0.00
56	0	13	0.00
56	5	13	0.02
56	10	13	0.07
56	15	13	0.13
56	20	13	0.23
56	25	13	0.36
56	30	13	0.52
56	35	13	0.73
56	40	13	0.90
56	45	13	1.00
56	50	13	1.00
56	55	13	1.00
56	60	13	1.00
56	65	13	1.00
56	70	13	1.00
56	75	13	1.00
56	80	13	1.00
56	85	13	1.00
56	90	13	1.00
56	95	13	1.00
56	100	13	1.00
56	105	13	1.00
56	110	13	1.00
56	115	13	1.00
56	120	13	1.00
56	125	13	1.00
56	130	13	1.00
56	135	13	1.00
56	140	13	0.92
56	145	13	0.73
56	150	13	0.55
56	155	13	0.40
56	160	13	0.26
56	165	13	0.14
56	170	13	0.06
56	175	13	0.02
56	180	13	0.00
56	0	14	0.00
56	5	14	0.02
56	10	14	0.07
56	15	14	0.13
56	20	14	0.23
56	25	14	0.37
56	30	14	0.53
56	35	14	0.69
56	40	14	0.88
56	45	14	1.00
56	50	14	1.00
56	55	14	1.00
56	60	14	1.00
56	65	14	1.00
56	70	14	1.00
56	75	14	1.00
56	80	14	1.00
56	85	14	1.00
56	90	14	1.00
56	95	14	1.00
56	100	14	1.00
56	105	14	1.00
56	110	14	1.00
56	115	14	1.00
56	120	14	1.00
56	125	14	1.00
56	130	14	1.00
56	135	14	1.00
56	140	14	0.92
56	145	14	0.73
56	150	14	0.56
56	155	14	0.41
56	160	14	0.25
56	165	14	0.15
56	170	14	0.06
56	175	14	0.02
56	180	14	0.00
56	0	15	0.00
56	5	15	0.02
56	10	15	0.07
56	15	15	0.13
56	20	15	0.24
56	25	15	0.38
56	30	15	0.54
56	35	15	0.70
56	40	15	0.90
56	45	15	1.00
56	50	15	1.00
56	55	15	1.00
56	60	15	1.00
56	65	15	1.00
56	70	15	1.00
56	75	15	1.00
56	80	15	1.00
56	85	15	1.00
56	90	15	1.00
56	95	15	1.00
56	100	15	1.00
56	105	15	1.00
56	110	15	1.00
56	115	15	1.00
56	120	15	1.00
56	125	15	1.00
56	130	15	1.00
56	135	15	1.00
56	140	15	0.91
56	145	15	0.74
56	150	15	0.57
56	155	15	0.41
56	160	15	0.26
56	165	15	0.14
56	170	15	0.07
56	175	15	0.02
56	180	15	0.00
56	0	16	0.00
56	5	16	0.02
56	10	16	0.07
56	15	16	0.14
56	20	16	0.25
56	25	16	0.39
56	30	16	0.51
56	35	16	0.67
56	40	16	0.88
56	45	16	1.00
56	50	16	1.00
56	55	16	1.00
56	60	16	1.00
56	65	16	1.00
56	70	16	1.00
56	75	16	1.00
56	80	16	1.00
56	85	16	1.00
56	90	16	1.00
56	95	16	1.00
56	100	16	1.00
56	105	16	1.00
56	110	16	1.00
56	115	16	1.00
56	120	16	1.00
56	125	16	1.00
56	130	16	1.00
56	135	16	1.00
56	140	16	0.91
56	145	16	0.74
56	150	16	0.57
56	155	16	0.40
56	160	16	0.27
56	165	16	0.15
56	170	16	0.07
56	175	16	0.02
56	180	16	0.00
56	0	17	0.00
56	5	17	0.02
56	10	17	0.07
56	15	17	0.14
56	20	17	0.22
56	25	17	0.37
56	30	17	0.52
56	35	17	0.69
56	40	17	0.90
56	45	17	1.00
56	50	17	1.00
56	55	17	1.00
56	60	17	1.00
56	65	17	1.00
56	70	17	1.00
56	75	17	1.00
56	80	17	1.00
56	85	17	1.00
56	90	17	1.00
56	95	17	1.00
56	100	17	1.00
56	105	17	1.00
56	110	17	1.00
56	115	17	1.00
56	120	17	1.00
56	125	17	1.00
56	130	17	1.00
56	135	17	1.00
56	140	17	0.90
56	145	17	0.74
56	150	17	0.57
56	155	17	0.40
56	160	17	0.25
56	165	17	0.15
56	170	17	0.06
56	175	17	0.02
56	180	17	0.00
56	0	18	0.00
56	5	18	0.03
56	10	18	0.08
56	15	18	0.12
56	20	18	0.23
56	25	18	0.38
56	30	18	0.53
56	35	18	0.71
56	40	18	0.92
56	45	18	1.00
56	50	18	1.00
56	55	18	1.00
56	60	18	1.00
56	65	18	1.00
56	70	18	1.00
56	75	18	1.00
56	80	18	1.00
56	85	18	1.00
56	90	18	1.00
56	95	18	1.00
56	100	18	1.00
56	105	18	1.00
56	110	18	1.00
56	115	18	1.00
56	120	18	1.00
56	125	18	1.00
56	130	18	1.00
56	135	18	1.00
56	140	18	0.90
56	145	18	0.74
56	150	18	0.57
56	155	18	0.40
56	160	18	0.26
56	165	18	0.15
56	170	18	0.07
56	175	18	0.02
56	180	18	0.00
56	0	19	0.00
56	5	19	0.03
56	10	19	0.07
56	15	19	0.12
56	20	19	0.23
56	25	19	0.39
56	30	19	0.55
56	35	19	0.68
56	40	19	0.90
56	45	19	1.00
56	50	19	1.00
56	55	19	1.00
56	60	19	1.00
56	65	19	1.00
56	70	19	1.00
56	75	19	1.00
56	80	19	1.00
56	85	19	1.00
56	90	19	1.00
56	95	19	1.00
56	100	19	1.00
56	105	19	1.00
56	110	19	1.00
56	115	19	1.00
56	120	19	1.00
56	125	19	1.00
56	130	19	1.00
56	135	19	1.00
56	140	19	0.90
56	145	19	0.73
56	150	19	0.57
56	155	19	0.40
56	160	19	0.26
56	165	19	0.14
56	170	19	0.07
56	175	19	0.02
56	180	19	0.00
56	0	20	0.00
56	5	20	0.03
56	10	20	0.07
56	15	20	0.13
56	20	20	0.24
56	25	20	0.35
56	30	20	0.50
56	35	20	0.70
56	40	20	0.92
56	45	20	1.00
56	50	20	1.00
56	55	20	1.00
56	60	20	1.00
56	65	20	1.00
56	70	20	1.00
56	75	20	1.00
56	80	20	1.00
56	85	20	1.00
56	90	20	1.00
56	95	20	1.00
56	100	20	1.00
56	105	20	1.00
56	110	20	1.00
56	115	20	1.00
56	120	20	1.00
56	125	20	1.00
56	130	20	1.00
56	135	20	1.00
56	140	20	0.90
56	145	20	0.73
56	150	20	0.55
56	155	20	0.41
56	160	20	0.25
56	165	20	0.15
56	170	20	0.06
56	175	20	0.02
56	180	20	0.00
57	0	5	0.00
57	5	5	0.02
57	10	5	0.06
57	15	5	0.14
57	20	5	0.24
57	25	5	0.39
57	30	5	0.56
57	35	5	0.73
57	40	5	0.95
57	45	5	1.00
57	50	5	1.00
57	55	5	1.00
57	60	5	1.00
57	65	5	1.00
57	70	5	1.00
57	75	5	1.00
57	80	5	1.00
57	85	5	1.00
57	90	5	1.00
57	95	5	1.00
57	100	5	1.00
57	105	5	1.00
57	110	5	1.00
57	115	5	1.00
57	120	5	1.00
57	125	5	1.00
57	130	5	1.00
57	135	5	1.00
57	140	5	0.95
57	145	5	0.76
57	150	5	0.59
57	155	5	0.40
57	160	5	0.27
57	165	5	0.15
57	170	5	0.06
57	175	5	0.02
57	180	5	0.01
57	0	6	0.00
57	5	6	0.02
57	10	6	0.07
57	15	6	0.15
57	20	6	0.25
57	25	6	0.40
57	30	6	0.54
57	35	6	0.75
57	40	6	0.93
57	45	6	1.00
57	50	6	1.00
57	55	6	1.00
57	60	6	1.00
57	65	6	1.00
57	70	6	1.00
57	75	6	1.00
57	80	6	1.00
57	85	6	1.00
57	90	6	1.00
57	95	6	1.00
57	100	6	1.00
57	105	6	1.00
57	110	6	1.00
57	115	6	1.00
57	120	6	1.00
57	125	6	1.00
57	130	6	1.00
57	135	6	1.00
57	140	6	0.95
57	145	6	0.78
57	150	6	0.58
57	155	6	0.41
57	160	6	0.26
57	165	6	0.16
57	170	6	0.06
57	175	6	0.03
57	180	6	0.01
57	0	7	0.00
57	5	7	0.02
57	10	7	0.07
57	15	7	0.13
57	20	7	0.26
57	25	7	0.37
57	30	7	0.55
57	35	7	0.73
57	40	7	0.95
57	45	7	1.00
57	50	7	1.00
57	55	7	1.00
57	60	7	1.00
57	65	7	1.00
57	70	7	1.00
57	75	7	1.00
57	80	7	1.00
57	85	7	1.00
57	90	7	1.00
57	95	7	1.00
57	100	7	1.00
57	105	7	1.00
57	110	7	1.00
57	115	7	1.00
57	120	7	1.00
57	125	7	1.00
57	130	7	1.00
57	135	7	1.00
57	140	7	0.96
57	145	7	0.76
57	150	7	0.58
57	155	7	0.40
57	160	7	0.27
57	165	7	0.15
57	170	7	0.06
57	175	7	0.02
57	180	7	0.00
57	0	8	0.00
57	5	8	0.02
57	10	8	0.07
57	15	8	0.13
57	20	8	0.27
57	25	8	0.38
57	30	8	0.53
57	35	8	0.75
57	40	8	0.92
57	45	8	1.00
57	50	8	1.00
57	55	8	1.00
57	60	8	1.00
57	65	8	1.00
57	70	8	1.00
57	75	8	1.00
57	80	8	1.00
57	85	8	1.00
57	90	8	1.00
57	95	8	1.00
57	100	8	1.00
57	105	8	1.00
57	110	8	1.00
57	115	8	1.00
57	120	8	1.00
57	125	8	1.00
57	130	8	1.00
57	135	8	1.00
57	140	8	0.97
57	145	8	0.77
57	150	8	0.59
57	155	8	0.41
57	160	8	0.26
57	165	8	0.15
57	170	8	0.07
57	175	8	0.02
57	180	8	0.00
57	0	9	0.00
57	5	9	0.02
57	10	9	0.07
57	15	9	0.14
57	20	9	0.24
57	25	9	0.39
57	30	9	0.55
57	35	9	0.73
57	40	9	0.95
57	45	9	1.00
57	50	9	1.00
57	55	9	1.00
57	60	9	1.00
57	65	9	1.00
57	70	9	1.00
57	75	9	1.00
57	80	9	1.00
57	85	9	1.00
57	90	9	1.00
57	95	9	1.00
57	100	9	1.00
57	105	9	1.00
57	110	9	1.00
57	115	9	1.00
57	120	9	1.00
57	125	9	1.00
57	130	9	1.00
57	135	9	1.00
57	140	9	0.98
57	145	9	0.77
57	150	9	0.57
57	155	9	0.40
57	160	9	0.27
57	165	9	0.15
57	170	9	0.06
57	175	9	0.02
57	180	9	0.00
57	0	10	0.00
57	5	10	0.02
57	10	10	0.07
57	15	10	0.14
57	20	10	0.24
57	25	10	0.37
57	30	10	0.56
57	35	10	0.75
57	40	10	0.91
57	45	10	1.00
57	50	10	1.00
57	55	10	1.00
57	60	10	1.00
57	65	10	1.00
57	70	10	1.00
57	75	10	1.00
57	80	10	1.00
57	85	10	1.00
57	90	10	1.00
57	95	10	1.00
57	100	10	1.00
57	105	10	1.00
57	110	10	1.00
57	115	10	1.00
57	120	10	1.00
57	125	10	1.00
57	130	10	1.00
57	135	10	1.00
57	140	10	0.95
57	145	10	0.78
57	150	10	0.58
57	155	10	0.40
57	160	10	0.26
57	165	10	0.15
57	170	10	0.06
57	175	10	0.02
57	180	10	0.00
57	0	11	0.00
57	5	11	0.02
57	10	11	0.06
57	15	11	0.14
57	20	11	0.25
57	25	11	0.38
57	30	11	0.54
57	35	11	0.77
57	40	11	0.93
57	45	11	1.00
57	50	11	1.00
57	55	11	1.00
57	60	11	1.00
57	65	11	1.00
57	70	11	1.00
57	75	11	1.00
57	80	11	1.00
57	85	11	1.00
57	90	11	1.00
57	95	11	1.00
57	100	11	1.00
57	105	11	1.00
57	110	11	1.00
57	115	11	1.00
57	120	11	1.00
57	125	11	1.00
57	130	11	1.00
57	135	11	1.00
57	140	11	0.96
57	145	11	0.75
57	150	11	0.59
57	155	11	0.42
57	160	11	0.27
57	165	11	0.16
57	170	11	0.06
57	175	11	0.02
57	180	11	0.00
57	0	12	0.00
57	5	12	0.02
57	10	12	0.07
57	15	12	0.13
57	20	12	0.26
57	25	12	0.39
57	30	12	0.56
57	35	12	0.73
57	40	12	0.91
57	45	12	1.00
57	50	12	1.00
57	55	12	1.00
57	60	12	1.00
57	65	12	1.00
57	70	12	1.00
57	75	12	1.00
57	80	12	1.00
57	85	12	1.00
57	90	12	1.00
57	95	12	1.00
57	100	12	1.00
57	105	12	1.00
57	110	12	1.00
57	115	12	1.00
57	120	12	1.00
57	125	12	1.00
57	130	12	1.00
57	135	12	1.00
57	140	12	0.96
57	145	12	0.76
57	150	12	0.57
57	155	12	0.40
57	160	12	0.26
57	165	12	0.15
57	170	12	0.07
57	175	12	0.02
57	180	12	0.00
57	0	13	0.00
57	5	13	0.02
57	10	13	0.07
57	15	13	0.13
57	20	13	0.23
57	25	13	0.37
57	30	13	0.57
57	35	13	0.75
57	40	13	0.93
57	45	13	1.00
57	50	13	1.00
57	55	13	1.00
57	60	13	1.00
57	65	13	1.00
57	70	13	1.00
57	75	13	1.00
57	80	13	1.00
57	85	13	1.00
57	90	13	1.00
57	95	13	1.00
57	100	13	1.00
57	105	13	1.00
57	110	13	1.00
57	115	13	1.00
57	120	13	1.00
57	125	13	1.00
57	130	13	1.00
57	135	13	1.00
57	140	13	0.96
57	145	13	0.76
57	150	13	0.58
57	155	13	0.42
57	160	13	0.28
57	165	13	0.14
57	170	13	0.07
57	175	13	0.02
57	180	13	0.00
57	0	14	0.00
57	5	14	0.02
57	10	14	0.07
57	15	14	0.13
57	20	14	0.24
57	25	14	0.38
57	30	14	0.55
57	35	14	0.71
57	40	14	0.91
57	45	14	1.00
57	50	14	1.00
57	55	14	1.00
57	60	14	1.00
57	65	14	1.00
57	70	14	1.00
57	75	14	1.00
57	80	14	1.00
57	85	14	1.00
57	90	14	1.00
57	95	14	1.00
57	100	14	1.00
57	105	14	1.00
57	110	14	1.00
57	115	14	1.00
57	120	14	1.00
57	125	14	1.00
57	130	14	1.00
57	135	14	1.00
57	140	14	0.95
57	145	14	0.76
57	150	14	0.59
57	155	14	0.43
57	160	14	0.26
57	165	14	0.16
57	170	14	0.06
57	175	14	0.02
57	180	14	0.00
57	0	15	0.00
57	5	15	0.02
57	10	15	0.07
57	15	15	0.14
57	20	15	0.25
57	25	15	0.39
57	30	15	0.56
57	35	15	0.73
57	40	15	0.93
57	45	15	1.00
57	50	15	1.00
57	55	15	1.00
57	60	15	1.00
57	65	15	1.00
57	70	15	1.00
57	75	15	1.00
57	80	15	1.00
57	85	15	1.00
57	90	15	1.00
57	95	15	1.00
57	100	15	1.00
57	105	15	1.00
57	110	15	1.00
57	115	15	1.00
57	120	15	1.00
57	125	15	1.00
57	130	15	1.00
57	135	15	1.00
57	140	15	0.95
57	145	15	0.77
57	150	15	0.60
57	155	15	0.41
57	160	15	0.27
57	165	15	0.15
57	170	15	0.07
57	175	15	0.02
57	180	15	0.00
57	0	16	0.00
57	5	16	0.02
57	10	16	0.07
57	15	16	0.14
57	20	16	0.25
57	25	16	0.40
57	30	16	0.58
57	35	16	0.74
57	40	16	0.95
57	45	16	1.00
57	50	16	1.00
57	55	16	1.00
57	60	16	1.00
57	65	16	1.00
57	70	16	1.00
57	75	16	1.00
57	80	16	1.00
57	85	16	1.00
57	90	16	1.00
57	95	16	1.00
57	100	16	1.00
57	105	16	1.00
57	110	16	1.00
57	115	16	1.00
57	120	16	1.00
57	125	16	1.00
57	130	16	1.00
57	135	16	1.00
57	140	16	0.95
57	145	16	0.77
57	150	16	0.60
57	155	16	0.41
57	160	16	0.26
57	165	16	0.16
57	170	16	0.07
57	175	16	0.02
57	180	16	0.00
57	0	17	0.00
57	5	17	0.03
57	10	17	0.08
57	15	17	0.15
57	20	17	0.23
57	25	17	0.38
57	30	17	0.53
57	35	17	0.71
57	40	17	0.93
57	45	17	1.00
57	50	17	1.00
57	55	17	1.00
57	60	17	1.00
57	65	17	1.00
57	70	17	1.00
57	75	17	1.00
57	80	17	1.00
57	85	17	1.00
57	90	17	1.00
57	95	17	1.00
57	100	17	1.00
57	105	17	1.00
57	110	17	1.00
57	115	17	1.00
57	120	17	1.00
57	125	17	1.00
57	130	17	1.00
57	135	17	1.00
57	140	17	0.94
57	145	17	0.78
57	150	17	0.58
57	155	17	0.42
57	160	17	0.27
57	165	17	0.15
57	170	17	0.07
57	175	17	0.02
57	180	17	0.00
57	0	18	0.00
57	5	18	0.03
57	10	18	0.08
57	15	18	0.12
57	20	18	0.24
57	25	18	0.39
57	30	18	0.55
57	35	18	0.73
57	40	18	0.95
57	45	18	1.00
57	50	18	1.00
57	55	18	1.00
57	60	18	1.00
57	65	18	1.00
57	70	18	1.00
57	75	18	1.00
57	80	18	1.00
57	85	18	1.00
57	90	18	1.00
57	95	18	1.00
57	100	18	1.00
57	105	18	1.00
57	110	18	1.00
57	115	18	1.00
57	120	18	1.00
57	125	18	1.00
57	130	18	1.00
57	135	18	1.00
57	140	18	0.94
57	145	18	0.77
57	150	18	0.58
57	155	18	0.42
57	160	18	0.27
57	165	18	0.16
57	170	18	0.07
57	175	18	0.02
57	180	18	0.00
57	0	19	0.00
57	5	19	0.03
57	10	19	0.08
57	15	19	0.13
57	20	19	0.24
57	25	19	0.40
57	30	19	0.56
57	35	19	0.70
57	40	19	0.92
57	45	19	1.00
57	50	19	1.00
57	55	19	1.00
57	60	19	1.00
57	65	19	1.00
57	70	19	1.00
57	75	19	1.00
57	80	19	1.00
57	85	19	1.00
57	90	19	1.00
57	95	19	1.00
57	100	19	1.00
57	105	19	1.00
57	110	19	1.00
57	115	19	1.00
57	120	19	1.00
57	125	19	1.00
57	130	19	1.00
57	135	19	1.00
57	140	19	0.94
57	145	19	0.77
57	150	19	0.58
57	155	19	0.40
57	160	19	0.26
57	165	19	0.15
57	170	19	0.07
57	175	19	0.02
57	180	19	0.00
57	0	20	0.00
57	5	20	0.03
57	10	20	0.07
57	15	20	0.13
57	20	20	0.25
57	25	20	0.41
57	30	20	0.52
57	35	20	0.72
57	40	20	0.94
57	45	20	1.00
57	50	20	1.00
57	55	20	1.00
57	60	20	1.00
57	65	20	1.00
57	70	20	1.00
57	75	20	1.00
57	80	20	1.00
57	85	20	1.00
57	90	20	1.00
57	95	20	1.00
57	100	20	1.00
57	105	20	1.00
57	110	20	1.00
57	115	20	1.00
57	120	20	1.00
57	125	20	1.00
57	130	20	1.00
57	135	20	1.00
57	140	20	0.93
57	145	20	0.76
57	150	20	0.58
57	155	20	0.41
57	160	20	0.26
57	165	20	0.15
57	170	20	0.07
57	175	20	0.02
57	180	20	0.00
58	0	5	0.00
58	5	5	0.02
58	10	5	0.07
58	15	5	0.15
58	20	5	0.25
58	25	5	0.40
58	30	5	0.58
58	35	5	0.75
58	40	5	0.98
58	45	5	1.00
58	50	5	1.00
58	55	5	1.00
58	60	5	1.00
58	65	5	1.00
58	70	5	1.00
58	75	5	1.00
58	80	5	1.00
58	85	5	1.00
58	90	5	1.00
58	95	5	1.00
58	100	5	1.00
58	105	5	1.00
58	110	5	1.00
58	115	5	1.00
58	120	5	1.00
58	125	5	1.00
58	130	5	1.00
58	135	5	1.00
58	140	5	0.98
58	145	5	0.79
58	150	5	0.62
58	155	5	0.42
58	160	5	0.28
58	165	5	0.15
58	170	5	0.07
58	175	5	0.02
58	180	5	0.01
58	0	6	0.00
58	5	6	0.02
58	10	6	0.07
58	15	6	0.15
58	20	6	0.26
58	25	6	0.41
58	30	6	0.55
58	35	6	0.77
58	40	6	0.96
58	45	6	1.00
58	50	6	1.00
58	55	6	1.00
58	60	6	1.00
58	65	6	1.00
58	70	6	1.00
58	75	6	1.00
58	80	6	1.00
58	85	6	1.00
58	90	6	1.00
58	95	6	1.00
58	100	6	1.00
58	105	6	1.00
58	110	6	1.00
58	115	6	1.00
58	120	6	1.00
58	125	6	1.00
58	130	6	1.00
58	135	6	1.00
58	140	6	0.99
58	145	6	0.81
58	150	6	0.60
58	155	6	0.43
58	160	6	0.27
58	165	6	0.16
58	170	6	0.06
58	175	6	0.03
58	180	6	0.01
58	0	7	0.00
58	5	7	0.02
58	10	7	0.07
58	15	7	0.13
58	20	7	0.27
58	25	7	0.38
58	30	7	0.57
58	35	7	0.75
58	40	7	0.98
58	45	7	1.00
58	50	7	1.00
58	55	7	1.00
58	60	7	1.00
58	65	7	1.00
58	70	7	1.00
58	75	7	1.00
58	80	7	1.00
58	85	7	1.00
58	90	7	1.00
58	95	7	1.00
58	100	7	1.00
58	105	7	1.00
58	110	7	1.00
58	115	7	1.00
58	120	7	1.00
58	125	7	1.00
58	130	7	1.00
58	135	7	1.00
58	140	7	1.00
58	145	7	0.79
58	150	7	0.61
58	155	7	0.42
58	160	7	0.28
58	165	7	0.16
58	170	7	0.06
58	175	7	0.03
58	180	7	0.01
58	0	8	0.00
58	5	8	0.02
58	10	8	0.07
58	15	8	0.14
58	20	8	0.27
58	25	8	0.39
58	30	8	0.55
58	35	8	0.77
58	40	8	0.95
58	45	8	1.00
58	50	8	1.00
58	55	8	1.00
58	60	8	1.00
58	65	8	1.00
58	70	8	1.00
58	75	8	1.00
58	80	8	1.00
58	85	8	1.00
58	90	8	1.00
58	95	8	1.00
58	100	8	1.00
58	105	8	1.00
58	110	8	1.00
58	115	8	1.00
58	120	8	1.00
58	125	8	1.00
58	130	8	1.00
58	135	8	1.00
58	140	8	1.00
58	145	8	0.80
58	150	8	0.59
58	155	8	0.43
58	160	8	0.27
58	165	8	0.15
58	170	8	0.07
58	175	8	0.02
58	180	8	0.00
58	0	9	0.00
58	5	9	0.02
58	10	9	0.07
58	15	9	0.14
58	20	9	0.24
58	25	9	0.40
58	30	9	0.57
58	35	9	0.75
58	40	9	0.98
58	45	9	1.00
58	50	9	1.00
58	55	9	1.00
58	60	9	1.00
58	65	9	1.00
58	70	9	1.00
58	75	9	1.00
58	80	9	1.00
58	85	9	1.00
58	90	9	1.00
58	95	9	1.00
58	100	9	1.00
58	105	9	1.00
58	110	9	1.00
58	115	9	1.00
58	120	9	1.00
58	125	9	1.00
58	130	9	1.00
58	135	9	1.00
58	140	9	0.98
58	145	9	0.81
58	150	9	0.60
58	155	9	0.41
58	160	9	0.28
58	165	9	0.16
58	170	9	0.07
58	175	9	0.02
58	180	9	0.00
58	0	10	0.00
58	5	10	0.02
58	10	10	0.08
58	15	10	0.15
58	20	10	0.25
58	25	10	0.38
58	30	10	0.58
58	35	10	0.77
58	40	10	0.94
58	45	10	1.00
58	50	10	1.00
58	55	10	1.00
58	60	10	1.00
58	65	10	1.00
58	70	10	1.00
58	75	10	1.00
58	80	10	1.00
58	85	10	1.00
58	90	10	1.00
58	95	10	1.00
58	100	10	1.00
58	105	10	1.00
58	110	10	1.00
58	115	10	1.00
58	120	10	1.00
58	125	10	1.00
58	130	10	1.00
58	135	10	1.00
58	140	10	0.99
58	145	10	0.81
58	150	10	0.60
58	155	10	0.42
58	160	10	0.27
58	165	10	0.15
58	170	10	0.06
58	175	10	0.02
58	180	10	0.00
58	0	11	0.00
58	5	11	0.02
58	10	11	0.07
58	15	11	0.15
58	20	11	0.26
58	25	11	0.39
58	30	11	0.56
58	35	11	0.79
58	40	11	0.96
58	45	11	1.00
58	50	11	1.00
58	55	11	1.00
58	60	11	1.00
58	65	11	1.00
58	70	11	1.00
58	75	11	1.00
58	80	11	1.00
58	85	11	1.00
58	90	11	1.00
58	95	11	1.00
58	100	11	1.00
58	105	11	1.00
58	110	11	1.00
58	115	11	1.00
58	120	11	1.00
58	125	11	1.00
58	130	11	1.00
58	135	11	1.00
58	140	11	1.00
58	145	11	0.79
58	150	11	0.58
58	155	11	0.44
58	160	11	0.28
58	165	11	0.15
58	170	11	0.06
58	175	11	0.02
58	180	11	0.00
58	0	12	0.00
58	5	12	0.02
58	10	12	0.07
58	15	12	0.13
58	20	12	0.27
58	25	12	0.41
58	30	12	0.58
58	35	12	0.75
58	40	12	0.93
58	45	12	1.00
58	50	12	1.00
58	55	12	1.00
58	60	12	1.00
58	65	12	1.00
58	70	12	1.00
58	75	12	1.00
58	80	12	1.00
58	85	12	1.00
58	90	12	1.00
58	95	12	1.00
58	100	12	1.00
58	105	12	1.00
58	110	12	1.00
58	115	12	1.00
58	120	12	1.00
58	125	12	1.00
58	130	12	1.00
58	135	12	1.00
58	140	12	1.00
58	145	12	0.79
58	150	12	0.59
58	155	12	0.42
58	160	12	0.27
58	165	12	0.16
58	170	12	0.07
58	175	12	0.02
58	180	12	0.00
58	0	13	0.00
58	5	13	0.02
58	10	13	0.07
58	15	13	0.13
58	20	13	0.24
58	25	13	0.38
58	30	13	0.59
58	35	13	0.77
58	40	13	0.96
58	45	13	1.00
58	50	13	1.00
58	55	13	1.00
58	60	13	1.00
58	65	13	1.00
58	70	13	1.00
58	75	13	1.00
58	80	13	1.00
58	85	13	1.00
58	90	13	1.00
58	95	13	1.00
58	100	13	1.00
58	105	13	1.00
58	110	13	1.00
58	115	13	1.00
58	120	13	1.00
58	125	13	1.00
58	130	13	1.00
58	135	13	1.00
58	140	13	1.00
58	145	13	0.79
58	150	13	0.60
58	155	13	0.43
58	160	13	0.29
58	165	13	0.15
58	170	13	0.07
58	175	13	0.02
58	180	13	0.00
58	0	14	0.00
58	5	14	0.02
58	10	14	0.07
58	15	14	0.14
58	20	14	0.25
58	25	14	0.39
58	30	14	0.56
58	35	14	0.73
58	40	14	0.98
58	45	14	1.00
58	50	14	1.00
58	55	14	1.00
58	60	14	1.00
58	65	14	1.00
58	70	14	1.00
58	75	14	1.00
58	80	14	1.00
58	85	14	1.00
58	90	14	1.00
58	95	14	1.00
58	100	14	1.00
58	105	14	1.00
58	110	14	1.00
58	115	14	1.00
58	120	14	1.00
58	125	14	1.00
58	130	14	1.00
58	135	14	1.00
58	140	14	1.00
58	145	14	0.80
58	150	14	0.62
58	155	14	0.42
58	160	14	0.28
58	165	14	0.16
58	170	14	0.07
58	175	14	0.02
58	180	14	0.00
58	0	15	0.00
58	5	15	0.02
58	10	15	0.07
58	15	15	0.14
58	20	15	0.25
58	25	15	0.41
58	30	15	0.58
58	35	15	0.75
58	40	15	0.96
58	45	15	1.00
58	50	15	1.00
58	55	15	1.00
58	60	15	1.00
58	65	15	1.00
58	70	15	1.00
58	75	15	1.00
58	80	15	1.00
58	85	15	1.00
58	90	15	1.00
58	95	15	1.00
58	100	15	1.00
58	105	15	1.00
58	110	15	1.00
58	115	15	1.00
58	120	15	1.00
58	125	15	1.00
58	130	15	1.00
58	135	15	1.00
58	140	15	0.99
58	145	15	0.80
58	150	15	0.59
58	155	15	0.43
58	160	15	0.29
58	165	15	0.16
58	170	15	0.06
58	175	15	0.02
58	180	15	0.00
58	0	16	0.00
58	5	16	0.03
58	10	16	0.08
58	15	16	0.15
58	20	16	0.26
58	25	16	0.42
58	30	16	0.59
58	35	16	0.76
58	40	16	0.98
58	45	16	1.00
58	50	16	1.00
58	55	16	1.00
58	60	16	1.00
58	65	16	1.00
58	70	16	1.00
58	75	16	1.00
58	80	16	1.00
58	85	16	1.00
58	90	16	1.00
58	95	16	1.00
58	100	16	1.00
58	105	16	1.00
58	110	16	1.00
58	115	16	1.00
58	120	16	1.00
58	125	16	1.00
58	130	16	1.00
58	135	16	1.00
58	140	16	0.99
58	145	16	0.81
58	150	16	0.60
58	155	16	0.43
58	160	16	0.28
58	165	16	0.17
58	170	16	0.07
58	175	16	0.02
58	180	16	0.00
58	0	17	0.00
58	5	17	0.03
58	10	17	0.08
58	15	17	0.15
58	20	17	0.27
58	25	17	0.39
58	30	17	0.55
58	35	17	0.73
58	40	17	0.95
58	45	17	1.00
58	50	17	1.00
58	55	17	1.00
58	60	17	1.00
58	65	17	1.00
58	70	17	1.00
58	75	17	1.00
58	80	17	1.00
58	85	17	1.00
58	90	17	1.00
58	95	17	1.00
58	100	17	1.00
58	105	17	1.00
58	110	17	1.00
58	115	17	1.00
58	120	17	1.00
58	125	17	1.00
58	130	17	1.00
58	135	17	1.00
58	140	17	0.98
58	145	17	0.78
58	150	17	0.60
58	155	17	0.44
58	160	17	0.28
58	165	17	0.16
58	170	17	0.07
58	175	17	0.02
58	180	17	0.00
58	0	18	0.00
58	5	18	0.03
58	10	18	0.08
58	15	18	0.13
58	20	18	0.24
58	25	18	0.40
58	30	18	0.56
58	35	18	0.75
58	40	18	0.98
58	45	18	1.00
58	50	18	1.00
58	55	18	1.00
58	60	18	1.00
58	65	18	1.00
58	70	18	1.00
58	75	18	1.00
58	80	18	1.00
58	85	18	1.00
58	90	18	1.00
58	95	18	1.00
58	100	18	1.00
58	105	18	1.00
58	110	18	1.00
58	115	18	1.00
58	120	18	1.00
58	125	18	1.00
58	130	18	1.00
58	135	18	1.00
58	140	18	0.98
58	145	18	0.79
58	150	18	0.60
58	155	18	0.42
58	160	18	0.28
58	165	18	0.16
58	170	18	0.07
58	175	18	0.02
58	180	18	0.00
58	0	19	0.00
58	5	19	0.03
58	10	19	0.08
58	15	19	0.13
58	20	19	0.25
58	25	19	0.41
58	30	19	0.58
58	35	19	0.77
58	40	19	0.95
58	45	19	1.00
58	50	19	1.00
58	55	19	1.00
58	60	19	1.00
58	65	19	1.00
58	70	19	1.00
58	75	19	1.00
58	80	19	1.00
58	85	19	1.00
58	90	19	1.00
58	95	19	1.00
58	100	19	1.00
58	105	19	1.00
58	110	19	1.00
58	115	19	1.00
58	120	19	1.00
58	125	19	1.00
58	130	19	1.00
58	135	19	1.00
58	140	19	0.98
58	145	19	0.78
58	150	19	0.60
58	155	19	0.42
58	160	19	0.27
58	165	19	0.16
58	170	19	0.07
58	175	19	0.02
58	180	19	0.00
58	0	20	0.00
58	5	20	0.03
58	10	20	0.07
58	15	20	0.13
58	20	20	0.25
58	25	20	0.42
58	30	20	0.53
58	35	20	0.74
58	40	20	0.97
58	45	20	1.00
58	50	20	1.00
58	55	20	1.00
58	60	20	1.00
58	65	20	1.00
58	70	20	1.00
58	75	20	1.00
58	80	20	1.00
58	85	20	1.00
58	90	20	1.00
58	95	20	1.00
58	100	20	1.00
58	105	20	1.00
58	110	20	1.00
58	115	20	1.00
58	120	20	1.00
58	125	20	1.00
58	130	20	1.00
58	135	20	1.00
58	140	20	0.97
58	145	20	0.78
58	150	20	0.60
58	155	20	0.43
58	160	20	0.28
58	165	20	0.16
58	170	20	0.07
58	175	20	0.02
58	180	20	0.00
59	0	5	0.00
59	5	5	0.02
59	10	5	0.07
59	15	5	0.15
59	20	5	0.26
59	25	5	0.41
59	30	5	0.60
59	35	5	0.77
59	40	5	1.00
59	45	5	1.00
59	50	5	1.00
59	55	5	1.00
59	60	5	1.00
59	65	5	1.00
59	70	5	1.00
59	75	5	1.00
59	80	5	1.00
59	85	5	1.00
59	90	5	1.00
59	95	5	1.00
59	100	5	1.00
59	105	5	1.00
59	110	5	1.00
59	115	5	1.00
59	120	5	1.00
59	125	5	1.00
59	130	5	1.00
59	135	5	1.00
59	140	5	1.00
59	145	5	0.82
59	150	5	0.64
59	155	5	0.44
59	160	5	0.29
59	165	5	0.16
59	170	5	0.07
59	175	5	0.02
59	180	5	0.01
59	0	6	0.00
59	5	6	0.02
59	10	6	0.07
59	15	6	0.16
59	20	6	0.27
59	25	6	0.42
59	30	6	0.57
59	35	6	0.79
59	40	6	1.00
59	45	6	1.00
59	50	6	1.00
59	55	6	1.00
59	60	6	1.00
59	65	6	1.00
59	70	6	1.00
59	75	6	1.00
59	80	6	1.00
59	85	6	1.00
59	90	6	1.00
59	95	6	1.00
59	100	6	1.00
59	105	6	1.00
59	110	6	1.00
59	115	6	1.00
59	120	6	1.00
59	125	6	1.00
59	130	6	1.00
59	135	6	1.00
59	140	6	1.00
59	145	6	0.84
59	150	6	0.62
59	155	6	0.45
59	160	6	0.28
59	165	6	0.17
59	170	6	0.07
59	175	6	0.03
59	180	6	0.01
59	0	7	0.00
59	5	7	0.02
59	10	7	0.07
59	15	7	0.14
59	20	7	0.27
59	25	7	0.39
59	30	7	0.59
59	35	7	0.77
59	40	7	1.00
59	45	7	1.00
59	50	7	1.00
59	55	7	1.00
59	60	7	1.00
59	65	7	1.00
59	70	7	1.00
59	75	7	1.00
59	80	7	1.00
59	85	7	1.00
59	90	7	1.00
59	95	7	1.00
59	100	7	1.00
59	105	7	1.00
59	110	7	1.00
59	115	7	1.00
59	120	7	1.00
59	125	7	1.00
59	130	7	1.00
59	135	7	1.00
59	140	7	1.00
59	145	7	0.82
59	150	7	0.63
59	155	7	0.43
59	160	7	0.29
59	165	7	0.16
59	170	7	0.06
59	175	7	0.03
59	180	7	0.01
59	0	8	0.00
59	5	8	0.02
59	10	8	0.07
59	15	8	0.14
59	20	8	0.28
59	25	8	0.40
59	30	8	0.60
59	35	8	0.80
59	40	8	0.98
59	45	8	1.00
59	50	8	1.00
59	55	8	1.00
59	60	8	1.00
59	65	8	1.00
59	70	8	1.00
59	75	8	1.00
59	80	8	1.00
59	85	8	1.00
59	90	8	1.00
59	95	8	1.00
59	100	8	1.00
59	105	8	1.00
59	110	8	1.00
59	115	8	1.00
59	120	8	1.00
59	125	8	1.00
59	130	8	1.00
59	135	8	1.00
59	140	8	1.00
59	145	8	0.83
59	150	8	0.61
59	155	8	0.44
59	160	8	0.28
59	165	8	0.16
59	170	8	0.07
59	175	8	0.03
59	180	8	0.01
59	0	9	0.00
59	5	9	0.02
59	10	9	0.08
59	15	9	0.15
59	20	9	0.25
59	25	9	0.42
59	30	9	0.58
59	35	9	0.82
59	40	9	1.00
59	45	9	1.00
59	50	9	1.00
59	55	9	1.00
59	60	9	1.00
59	65	9	1.00
59	70	9	1.00
59	75	9	1.00
59	80	9	1.00
59	85	9	1.00
59	90	9	1.00
59	95	9	1.00
59	100	9	1.00
59	105	9	1.00
59	110	9	1.00
59	115	9	1.00
59	120	9	1.00
59	125	9	1.00
59	130	9	1.00
59	135	9	1.00
59	140	9	1.00
59	145	9	0.84
59	150	9	0.62
59	155	9	0.43
59	160	9	0.27
59	165	9	0.17
59	170	9	0.07
59	175	9	0.02
59	180	9	0.00
59	0	10	0.00
59	5	10	0.02
59	10	10	0.08
59	15	10	0.15
59	20	10	0.26
59	25	10	0.40
59	30	10	0.60
59	35	10	0.79
59	40	10	0.97
59	45	10	1.00
59	50	10	1.00
59	55	10	1.00
59	60	10	1.00
59	65	10	1.00
59	70	10	1.00
59	75	10	1.00
59	80	10	1.00
59	85	10	1.00
59	90	10	1.00
59	95	10	1.00
59	100	10	1.00
59	105	10	1.00
59	110	10	1.00
59	115	10	1.00
59	120	10	1.00
59	125	10	1.00
59	130	10	1.00
59	135	10	1.00
59	140	10	1.00
59	145	10	0.81
59	150	10	0.63
59	155	10	0.44
59	160	10	0.28
59	165	10	0.16
59	170	10	0.07
59	175	10	0.02
59	180	10	0.00
59	0	11	0.00
59	5	11	0.02
59	10	11	0.07
59	15	11	0.15
59	20	11	0.27
59	25	11	0.41
59	30	11	0.58
59	35	11	0.81
59	40	11	0.99
59	45	11	1.00
59	50	11	1.00
59	55	11	1.00
59	60	11	1.00
59	65	11	1.00
59	70	11	1.00
59	75	11	1.00
59	80	11	1.00
59	85	11	1.00
59	90	11	1.00
59	95	11	1.00
59	100	11	1.00
59	105	11	1.00
59	110	11	1.00
59	115	11	1.00
59	120	11	1.00
59	125	11	1.00
59	130	11	1.00
59	135	11	1.00
59	140	11	1.00
59	145	11	0.82
59	150	11	0.61
59	155	11	0.42
59	160	11	0.27
59	165	11	0.16
59	170	11	0.06
59	175	11	0.02
59	180	11	0.00
59	0	12	0.00
59	5	12	0.02
59	10	12	0.07
59	15	12	0.13
59	20	12	0.27
59	25	12	0.42
59	30	12	0.59
59	35	12	0.77
59	40	12	1.00
59	45	12	1.00
59	50	12	1.00
59	55	12	1.00
59	60	12	1.00
59	65	12	1.00
59	70	12	1.00
59	75	12	1.00
59	80	12	1.00
59	85	12	1.00
59	90	12	1.00
59	95	12	1.00
59	100	12	1.00
59	105	12	1.00
59	110	12	1.00
59	115	12	1.00
59	120	12	1.00
59	125	12	1.00
59	130	12	1.00
59	135	12	1.00
59	140	12	1.00
59	145	12	0.82
59	150	12	0.62
59	155	12	0.44
59	160	12	0.28
59	165	12	0.16
59	170	12	0.08
59	175	12	0.02
59	180	12	0.00
59	0	13	0.00
59	5	13	0.02
59	10	13	0.07
59	15	13	0.14
59	20	13	0.25
59	25	13	0.43
59	30	13	0.61
59	35	13	0.79
59	40	13	0.99
59	45	13	1.00
59	50	13	1.00
59	55	13	1.00
59	60	13	1.00
59	65	13	1.00
59	70	13	1.00
59	75	13	1.00
59	80	13	1.00
59	85	13	1.00
59	90	13	1.00
59	95	13	1.00
59	100	13	1.00
59	105	13	1.00
59	110	13	1.00
59	115	13	1.00
59	120	13	1.00
59	125	13	1.00
59	130	13	1.00
59	135	13	1.00
59	140	13	1.00
59	145	13	0.82
59	150	13	0.63
59	155	13	0.45
59	160	13	0.27
59	165	13	0.16
59	170	13	0.07
59	175	13	0.02
59	180	13	0.00
59	0	14	0.00
59	5	14	0.02
59	10	14	0.07
59	15	14	0.14
59	20	14	0.25
59	25	14	0.41
59	30	14	0.58
59	35	14	0.75
59	40	14	1.00
59	45	14	1.00
59	50	14	1.00
59	55	14	1.00
59	60	14	1.00
59	65	14	1.00
59	70	14	1.00
59	75	14	1.00
59	80	14	1.00
59	85	14	1.00
59	90	14	1.00
59	95	14	1.00
59	100	14	1.00
59	105	14	1.00
59	110	14	1.00
59	115	14	1.00
59	120	14	1.00
59	125	14	1.00
59	130	14	1.00
59	135	14	1.00
59	140	14	1.00
59	145	14	0.83
59	150	14	0.61
59	155	14	0.44
59	160	14	0.29
59	165	14	0.17
59	170	14	0.07
59	175	14	0.03
59	180	14	0.00
59	0	15	0.00
59	5	15	0.03
59	10	15	0.08
59	15	15	0.15
59	20	15	0.26
59	25	15	0.42
59	30	15	0.59
59	35	15	0.77
59	40	15	0.98
59	45	15	1.00
59	50	15	1.00
59	55	15	1.00
59	60	15	1.00
59	65	15	1.00
59	70	15	1.00
59	75	15	1.00
59	80	15	1.00
59	85	15	1.00
59	90	15	1.00
59	95	15	1.00
59	100	15	1.00
59	105	15	1.00
59	110	15	1.00
59	115	15	1.00
59	120	15	1.00
59	125	15	1.00
59	130	15	1.00
59	135	15	1.00
59	140	15	1.00
59	145	15	0.81
59	150	15	0.62
59	155	15	0.45
59	160	15	0.30
59	165	15	0.16
59	170	15	0.07
59	175	15	0.02
59	180	15	0.00
59	0	16	0.00
59	5	16	0.03
59	10	16	0.08
59	15	16	0.15
59	20	16	0.27
59	25	16	0.43
59	30	16	0.61
59	35	16	0.79
59	40	16	1.00
59	45	16	1.00
59	50	16	1.00
59	55	16	1.00
59	60	16	1.00
59	65	16	1.00
59	70	16	1.00
59	75	16	1.00
59	80	16	1.00
59	85	16	1.00
59	90	16	1.00
59	95	16	1.00
59	100	16	1.00
59	105	16	1.00
59	110	16	1.00
59	115	16	1.00
59	120	16	1.00
59	125	16	1.00
59	130	16	1.00
59	135	16	1.00
59	140	16	1.00
59	145	16	0.81
59	150	16	0.63
59	155	16	0.45
59	160	16	0.29
59	165	16	0.16
59	170	16	0.08
59	175	16	0.02
59	180	16	0.00
59	0	17	0.00
59	5	17	0.03
59	10	17	0.08
59	15	17	0.15
59	20	17	0.27
59	25	17	0.40
59	30	17	0.56
59	35	17	0.75
59	40	17	0.98
59	45	17	1.00
59	50	17	1.00
59	55	17	1.00
59	60	17	1.00
59	65	17	1.00
59	70	17	1.00
59	75	17	1.00
59	80	17	1.00
59	85	17	1.00
59	90	17	1.00
59	95	17	1.00
59	100	17	1.00
59	105	17	1.00
59	110	17	1.00
59	115	17	1.00
59	120	17	1.00
59	125	17	1.00
59	130	17	1.00
59	135	17	1.00
59	140	17	1.00
59	145	17	0.82
59	150	17	0.63
59	155	17	0.44
59	160	17	0.29
59	165	17	0.17
59	170	17	0.07
59	175	17	0.02
59	180	17	0.00
59	0	18	0.00
59	5	18	0.03
59	10	18	0.08
59	15	18	0.16
59	20	18	0.25
59	25	18	0.41
59	30	18	0.58
59	35	18	0.77
59	40	18	1.00
59	45	18	1.00
59	50	18	1.00
59	55	18	1.00
59	60	18	1.00
59	65	18	1.00
59	70	18	1.00
59	75	18	1.00
59	80	18	1.00
59	85	18	1.00
59	90	18	1.00
59	95	18	1.00
59	100	18	1.00
59	105	18	1.00
59	110	18	1.00
59	115	18	1.00
59	120	18	1.00
59	125	18	1.00
59	130	18	1.00
59	135	18	1.00
59	140	18	1.00
59	145	18	0.82
59	150	18	0.63
59	155	18	0.44
59	160	18	0.28
59	165	18	0.16
59	170	18	0.07
59	175	18	0.02
59	180	18	0.00
59	0	19	0.00
59	5	19	0.03
59	10	19	0.08
59	15	19	0.13
59	20	19	0.25
59	25	19	0.42
59	30	19	0.59
59	35	19	0.79
59	40	19	1.00
59	45	19	1.00
59	50	19	1.00
59	55	19	1.00
59	60	19	1.00
59	65	19	1.00
59	70	19	1.00
59	75	19	1.00
59	80	19	1.00
59	85	19	1.00
59	90	19	1.00
59	95	19	1.00
59	100	19	1.00
59	105	19	1.00
59	110	19	1.00
59	115	19	1.00
59	120	19	1.00
59	125	19	1.00
59	130	19	1.00
59	135	19	1.00
59	140	19	1.00
59	145	19	0.82
59	150	19	0.63
59	155	19	0.44
59	160	19	0.29
59	165	19	0.17
59	170	19	0.08
59	175	19	0.02
59	180	19	0.00
59	0	20	0.00
59	5	20	0.03
59	10	20	0.07
59	15	20	0.14
59	20	20	0.26
59	25	20	0.43
59	30	20	0.61
59	35	20	0.76
59	40	20	0.99
59	45	20	1.00
59	50	20	1.00
59	55	20	1.00
59	60	20	1.00
59	65	20	1.00
59	70	20	1.00
59	75	20	1.00
59	80	20	1.00
59	85	20	1.00
59	90	20	1.00
59	95	20	1.00
59	100	20	1.00
59	105	20	1.00
59	110	20	1.00
59	115	20	1.00
59	120	20	1.00
59	125	20	1.00
59	130	20	1.00
59	135	20	1.00
59	140	20	1.00
59	145	20	0.82
59	150	20	0.61
59	155	20	0.45
59	160	20	0.29
59	165	20	0.16
59	170	20	0.07
59	175	20	0.02
59	180	20	0.00
60	0	5	0.00
60	5	5	0.02
60	10	5	0.07
60	15	5	0.16
60	20	5	0.27
60	25	5	0.43
60	30	5	0.62
60	35	5	0.80
60	40	5	1.00
60	45	5	1.00
60	50	5	1.00
60	55	5	1.00
60	60	5	1.00
60	65	5	1.00
60	70	5	1.00
60	75	5	1.00
60	80	5	1.00
60	85	5	1.00
60	90	5	1.00
60	95	5	1.00
60	100	5	1.00
60	105	5	1.00
60	110	5	1.00
60	115	5	1.00
60	120	5	1.00
60	125	5	1.00
60	130	5	1.00
60	135	5	1.00
60	140	5	1.00
60	145	5	0.85
60	150	5	0.66
60	155	5	0.45
60	160	5	0.30
60	165	5	0.17
60	170	5	0.07
60	175	5	0.02
60	180	5	0.01
60	0	6	0.00
60	5	6	0.03
60	10	6	0.07
60	15	6	0.16
60	20	6	0.27
60	25	6	0.44
60	30	6	0.59
60	35	6	0.82
60	40	6	1.00
60	45	6	1.00
60	50	6	1.00
60	55	6	1.00
60	60	6	1.00
60	65	6	1.00
60	70	6	1.00
60	75	6	1.00
60	80	6	1.00
60	85	6	1.00
60	90	6	1.00
60	95	6	1.00
60	100	6	1.00
60	105	6	1.00
60	110	6	1.00
60	115	6	1.00
60	120	6	1.00
60	125	6	1.00
60	130	6	1.00
60	135	6	1.00
60	140	6	1.00
60	145	6	0.87
60	150	6	0.64
60	155	6	0.46
60	160	6	0.29
60	165	6	0.18
60	170	6	0.07
60	175	6	0.03
60	180	6	0.01
60	0	7	0.00
60	5	7	0.02
60	10	7	0.07
60	15	7	0.14
60	20	7	0.28
60	25	7	0.41
60	30	7	0.61
60	35	7	0.84
60	40	7	1.00
60	45	7	1.00
60	50	7	1.00
60	55	7	1.00
60	60	7	1.00
60	65	7	1.00
60	70	7	1.00
60	75	7	1.00
60	80	7	1.00
60	85	7	1.00
60	90	7	1.00
60	95	7	1.00
60	100	7	1.00
60	105	7	1.00
60	110	7	1.00
60	115	7	1.00
60	120	7	1.00
60	125	7	1.00
60	130	7	1.00
60	135	7	1.00
60	140	7	1.00
60	145	7	0.85
60	150	7	0.65
60	155	7	0.45
60	160	7	0.30
60	165	7	0.17
60	170	7	0.07
60	175	7	0.03
60	180	7	0.01
60	0	8	0.00
60	5	8	0.02
60	10	8	0.08
60	15	8	0.15
60	20	8	0.29
60	25	8	0.42
60	30	8	0.62
60	35	8	0.82
60	40	8	1.00
60	45	8	1.00
60	50	8	1.00
60	55	8	1.00
60	60	8	1.00
60	65	8	1.00
60	70	8	1.00
60	75	8	1.00
60	80	8	1.00
60	85	8	1.00
60	90	8	1.00
60	95	8	1.00
60	100	8	1.00
60	105	8	1.00
60	110	8	1.00
60	115	8	1.00
60	120	8	1.00
60	125	8	1.00
60	130	8	1.00
60	135	8	1.00
60	140	8	1.00
60	145	8	0.86
60	150	8	0.63
60	155	8	0.46
60	160	8	0.29
60	165	8	0.16
60	170	8	0.08
60	175	8	0.03
60	180	8	0.01
60	0	9	0.00
60	5	9	0.02
60	10	9	0.08
60	15	9	0.15
60	20	9	0.26
60	25	9	0.43
60	30	9	0.60
60	35	9	0.84
60	40	9	1.00
60	45	9	1.00
60	50	9	1.00
60	55	9	1.00
60	60	9	1.00
60	65	9	1.00
60	70	9	1.00
60	75	9	1.00
60	80	9	1.00
60	85	9	1.00
60	90	9	1.00
60	95	9	1.00
60	100	9	1.00
60	105	9	1.00
60	110	9	1.00
60	115	9	1.00
60	120	9	1.00
60	125	9	1.00
60	130	9	1.00
60	135	9	1.00
60	140	9	1.00
60	145	9	0.87
60	150	9	0.64
60	155	9	0.45
60	160	9	0.28
60	165	9	0.17
60	170	9	0.07
60	175	9	0.03
60	180	9	0.01
60	0	10	0.00
60	5	10	0.02
60	10	10	0.08
60	15	10	0.15
60	20	10	0.27
60	25	10	0.41
60	30	10	0.62
60	35	10	0.82
60	40	10	1.00
60	45	10	1.00
60	50	10	1.00
60	55	10	1.00
60	60	10	1.00
60	65	10	1.00
60	70	10	1.00
60	75	10	1.00
60	80	10	1.00
60	85	10	1.00
60	90	10	1.00
60	95	10	1.00
60	100	10	1.00
60	105	10	1.00
60	110	10	1.00
60	115	10	1.00
60	120	10	1.00
60	125	10	1.00
60	130	10	1.00
60	135	10	1.00
60	140	10	1.00
60	145	10	0.85
60	150	10	0.65
60	155	10	0.45
60	160	10	0.29
60	165	10	0.17
60	170	10	0.07
60	175	10	0.02
60	180	10	0.00
60	0	11	0.00
60	5	11	0.02
60	10	11	0.07
60	15	11	0.16
60	20	11	0.27
60	25	11	0.42
60	30	11	0.59
60	35	11	0.84
60	40	11	1.00
60	45	11	1.00
60	50	11	1.00
60	55	11	1.00
60	60	11	1.00
60	65	11	1.00
60	70	11	1.00
60	75	11	1.00
60	80	11	1.00
60	85	11	1.00
60	90	11	1.00
60	95	11	1.00
60	100	11	1.00
60	105	11	1.00
60	110	11	1.00
60	115	11	1.00
60	120	11	1.00
60	125	11	1.00
60	130	11	1.00
60	135	11	1.00
60	140	11	1.00
60	145	11	0.85
60	150	11	0.63
60	155	11	0.44
60	160	11	0.28
60	165	11	0.16
60	170	11	0.07
60	175	11	0.02
60	180	11	0.00
60	0	12	0.00
60	5	12	0.02
60	10	12	0.07
60	15	12	0.16
60	20	12	0.28
60	25	12	0.43
60	30	12	0.61
60	35	12	0.80
60	40	12	1.00
60	45	12	1.00
60	50	12	1.00
60	55	12	1.00
60	60	12	1.00
60	65	12	1.00
60	70	12	1.00
60	75	12	1.00
60	80	12	1.00
60	85	12	1.00
60	90	12	1.00
60	95	12	1.00
60	100	12	1.00
60	105	12	1.00
60	110	12	1.00
60	115	12	1.00
60	120	12	1.00
60	125	12	1.00
60	130	12	1.00
60	135	12	1.00
60	140	12	1.00
60	145	12	0.86
60	150	12	0.64
60	155	12	0.46
60	160	12	0.30
60	165	12	0.17
60	170	12	0.06
60	175	12	0.02
60	180	12	0.00
60	0	13	0.00
60	5	13	0.02
60	10	13	0.07
60	15	13	0.14
60	20	13	0.25
60	25	13	0.44
60	30	13	0.62
60	35	13	0.82
60	40	13	1.00
60	45	13	1.00
60	50	13	1.00
60	55	13	1.00
60	60	13	1.00
60	65	13	1.00
60	70	13	1.00
60	75	13	1.00
60	80	13	1.00
60	85	13	1.00
60	90	13	1.00
60	95	13	1.00
60	100	13	1.00
60	105	13	1.00
60	110	13	1.00
60	115	13	1.00
60	120	13	1.00
60	125	13	1.00
60	130	13	1.00
60	135	13	1.00
60	140	13	1.00
60	145	13	0.86
60	150	13	0.66
60	155	13	0.47
60	160	13	0.29
60	165	13	0.16
60	170	13	0.08
60	175	13	0.02
60	180	13	0.00
60	0	14	0.00
60	5	14	0.03
60	10	14	0.08
60	15	14	0.15
60	20	14	0.26
60	25	14	0.42
60	30	14	0.59
60	35	14	0.84
60	40	14	1.00
60	45	14	1.00
60	50	14	1.00
60	55	14	1.00
60	60	14	1.00
60	65	14	1.00
60	70	14	1.00
60	75	14	1.00
60	80	14	1.00
60	85	14	1.00
60	90	14	1.00
60	95	14	1.00
60	100	14	1.00
60	105	14	1.00
60	110	14	1.00
60	115	14	1.00
60	120	14	1.00
60	125	14	1.00
60	130	14	1.00
60	135	14	1.00
60	140	14	1.00
60	145	14	0.83
60	150	14	0.64
60	155	14	0.46
60	160	14	0.30
60	165	14	0.16
60	170	14	0.07
60	175	14	0.03
60	180	14	0.00
60	0	15	0.00
60	5	15	0.03
60	10	15	0.08
60	15	15	0.15
60	20	15	0.27
60	25	15	0.43
60	30	15	0.61
60	35	15	0.79
60	40	15	1.00
60	45	15	1.00
60	50	15	1.00
60	55	15	1.00
60	60	15	1.00
60	65	15	1.00
60	70	15	1.00
60	75	15	1.00
60	80	15	1.00
60	85	15	1.00
60	90	15	1.00
60	95	15	1.00
60	100	15	1.00
60	105	15	1.00
60	110	15	1.00
60	115	15	1.00
60	120	15	1.00
60	125	15	1.00
60	130	15	1.00
60	135	15	1.00
60	140	15	1.00
60	145	15	0.84
60	150	15	0.65
60	155	15	0.47
60	160	15	0.29
60	165	15	0.17
60	170	15	0.07
60	175	15	0.03
60	180	15	0.00
60	0	16	0.00
60	5	16	0.03
60	10	16	0.08
60	15	16	0.15
60	20	16	0.28
60	25	16	0.44
60	30	16	0.62
60	35	16	0.81
60	40	16	1.00
60	45	16	1.00
60	50	16	1.00
60	55	16	1.00
60	60	16	1.00
60	65	16	1.00
60	70	16	1.00
60	75	16	1.00
60	80	16	1.00
60	85	16	1.00
60	90	16	1.00
60	95	16	1.00
60	100	16	1.00
60	105	16	1.00
60	110	16	1.00
60	115	16	1.00
60	120	16	1.00
60	125	16	1.00
60	130	16	1.00
60	135	16	1.00
60	140	16	1.00
60	145	16	0.85
60	150	16	0.66
60	155	16	0.45
60	160	16	0.30
60	165	16	0.16
60	170	16	0.08
60	175	16	0.02
60	180	16	0.00
60	0	17	0.00
60	5	17	0.03
60	10	17	0.08
60	15	17	0.16
60	20	17	0.28
60	25	17	0.45
60	30	17	0.64
60	35	17	0.77
60	40	17	1.00
60	45	17	1.00
60	50	17	1.00
60	55	17	1.00
60	60	17	1.00
60	65	17	1.00
60	70	17	1.00
60	75	17	1.00
60	80	17	1.00
60	85	17	1.00
60	90	17	1.00
60	95	17	1.00
60	100	17	1.00
60	105	17	1.00
60	110	17	1.00
60	115	17	1.00
60	120	17	1.00
60	125	17	1.00
60	130	17	1.00
60	135	17	1.00
60	140	17	1.00
60	145	17	0.85
60	150	17	0.66
60	155	17	0.46
60	160	17	0.31
60	165	17	0.18
60	170	17	0.08
60	175	17	0.02
60	180	17	0.00
60	0	18	0.00
60	5	18	0.03
60	10	18	0.08
60	15	18	0.16
60	20	18	0.25
60	25	18	0.42
60	30	18	0.59
60	35	18	0.79
60	40	18	1.00
60	45	18	1.00
60	50	18	1.00
60	55	18	1.00
60	60	18	1.00
60	65	18	1.00
60	70	18	1.00
60	75	18	1.00
60	80	18	1.00
60	85	18	1.00
60	90	18	1.00
60	95	18	1.00
60	100	18	1.00
60	105	18	1.00
60	110	18	1.00
60	115	18	1.00
60	120	18	1.00
60	125	18	1.00
60	130	18	1.00
60	135	18	1.00
60	140	18	1.00
60	145	18	0.86
60	150	18	0.64
60	155	18	0.46
60	160	18	0.29
60	165	18	0.17
60	170	18	0.07
60	175	18	0.02
60	180	18	0.00
60	0	19	0.00
60	5	19	0.03
60	10	19	0.09
60	15	19	0.14
60	20	19	0.26
60	25	19	0.44
60	30	19	0.61
60	35	19	0.81
60	40	19	1.00
60	45	19	1.00
60	50	19	1.00
60	55	19	1.00
60	60	19	1.00
60	65	19	1.00
60	70	19	1.00
60	75	19	1.00
60	80	19	1.00
60	85	19	1.00
60	90	19	1.00
60	95	19	1.00
60	100	19	1.00
60	105	19	1.00
60	110	19	1.00
60	115	19	1.00
60	120	19	1.00
60	125	19	1.00
60	130	19	1.00
60	135	19	1.00
60	140	19	1.00
60	145	19	0.86
60	150	19	0.64
60	155	19	0.46
60	160	19	0.30
60	165	19	0.17
60	170	19	0.08
60	175	19	0.02
60	180	19	0.00
60	0	20	0.00
60	5	20	0.03
60	10	20	0.09
60	15	20	0.14
60	20	20	0.27
60	25	20	0.45
60	30	20	0.62
60	35	20	0.78
60	40	20	1.00
60	45	20	1.00
60	50	20	1.00
60	55	20	1.00
60	60	20	1.00
60	65	20	1.00
60	70	20	1.00
60	75	20	1.00
60	80	20	1.00
60	85	20	1.00
60	90	20	1.00
60	95	20	1.00
60	100	20	1.00
60	105	20	1.00
60	110	20	1.00
60	115	20	1.00
60	120	20	1.00
60	125	20	1.00
60	130	20	1.00
60	135	20	1.00
60	140	20	1.00
60	145	20	0.85
60	150	20	0.64
60	155	20	0.45
60	160	20	0.29
60	165	20	0.17
60	170	20	0.08
60	175	20	0.02
60	180	20	0.00
