{
"type": "FeatureCollection",
"crs": { "type": "name", "properties": { "name": "urn:ogc:def:crs:OGC:1.3:CRS84" } },
"features": [
  {"type":"Feature", "properties":{"level1":0, "nodPos1":0},
    "geometry":{"type": "Point", "coordinates":[-69.7667,37.0833]}}
,   {"type":"Feature", "properties":{"level1":1, "nodPos1":14},
    "geometry":{"type": "Point", "coordinates":[-69.8453,43.4846]}}
,   {"type":"Feature", "properties":{"level1":1, "nodPos1":15},
    "geometry":{"type": "Point", "coordinates":[-69.7837,43.3125]}}
,   {"type":"Feature", "properties":{"level1":1, "nodPos1":16},
    "geometry":{"type": "Point", "coordinates":[-69.7157,43.1210]}}
,   {"type":"Feature", "properties":{"level1":1, "nodPos1":17},
    "geometry":{"type": "Point", "coordinates":[-69.6480,42.9294]}}
,   {"type":"Feature", "properties":{"level1":1, "nodPos1":18},
    "geometry":{"type": "Point", "coordinates":[-69.5808,42.7378]}}
,   {"type":"Feature", "properties":{"level1":1, "nodPos1":19},
    "geometry":{"type": "Point", "coordinates":[-69.5139,42.5462]}}
,   {"type":"Feature", "properties":{"level1":1, "nodPos1":20},
    "geometry":{"type": "Point", "coordinates":[-69.4475,42.3545]}}
,   {"type":"Feature", "properties":{"level1":1, "nodPos1":21},
    "geometry":{"type": "Point", "coordinates":[-69.3815,42.1628]}}
,   {"type":"Feature", "properties":{"level1":1, "nodPos1":22},
    "geometry":{"type": "Point", "coordinates":[-69.3159,41.9710]}}
,   {"type":"Feature", "properties":{"level1":1, "nodPos1":23},
    "geometry":{"type": "Point", "coordinates":[-69.2507,41.7792]}}
,   {"type":"Feature", "properties":{"level1":1, "nodPos1":24},
    "geometry":{"type": "Point", "coordinates":[-69.1858,41.5874]}}
,   {"type":"Feature", "properties":{"level1":1, "nodPos1":25},
    "geometry":{"type": "Point", "coordinates":[-69.1214,41.3955]}}
,   {"type":"Feature", "properties":{"level1":1, "nodPos1":26},
    "geometry":{"type": "Point", "coordinates":[-69.0573,41.2036]}}
,   {"type":"Feature", "properties":{"level1":1, "nodPos1":27},
    "geometry":{"type": "Point", "coordinates":[-68.9936,41.0116]}}
,   {"type":"Feature", "properties":{"level1":1, "nodPos1":28},
    "geometry":{"type": "Point", "coordinates":[-68.9303,40.8197]}}
,   {"type":"Feature", "properties":{"level1":1, "nodPos1":29},
    "geometry":{"type": "Point", "coordinates":[-68.8673,40.6277]}}
,   {"type":"Feature", "properties":{"level1":1, "nodPos1":30},
    "geometry":{"type": "Point", "coordinates":[-68.8047,40.4356]}}
,   {"type":"Feature", "properties":{"level1":1, "nodPos1":31},
    "geometry":{"type": "Point", "coordinates":[-68.7425,40.2435]}}
,   {"type":"Feature", "properties":{"level1":1, "nodPos1":32},
    "geometry":{"type": "Point", "coordinates":[-68.6806,40.0514]}}
,   {"type":"Feature", "properties":{"level1":1, "nodPos1":33},
    "geometry":{"type": "Point", "coordinates":[-68.6191,39.8593]}}
,   {"type":"Feature", "properties":{"level1":1, "nodPos1":34},
    "geometry":{"type": "Point", "coordinates":[-68.5579,39.6671]}}
,   {"type":"Feature", "properties":{"level1":1, "nodPos1":35},
    "geometry":{"type": "Point", "coordinates":[-68.4970,39.4749]}}
,   {"type":"Feature", "properties":{"level1":1, "nodPos1":36},
    "geometry":{"type": "Point", "coordinates":[-68.4365,39.2826]}}
,   {"type":"Feature", "properties":{"level1":1, "nodPos1":37},
    "geometry":{"type": "Point", "coordinates":[-68.3763,39.0904]}}
,   {"type":"Feature", "properties":{"level1":1, "nodPos1":38},
    "geometry":{"type": "Point", "coordinates":[-68.3165,38.8981]}}
,   {"type":"Feature", "properties":{"level1":1, "nodPos1":39},
    "geometry":{"type": "Point", "coordinates":[-68.2569,38.7057]}}
,   {"type":"Feature", "properties":{"level1":1, "nodPos1":40},
    "geometry":{"type": "Point", "coordinates":[-68.1977,38.5134]}}
,   {"type":"Feature", "properties":{"level1":1, "nodPos1":41},
    "geometry":{"type": "Point", "coordinates":[-68.1388,38.3210]}}
,   {"type":"Feature", "properties":{"level1":1, "nodPos1":42},
    "geometry":{"type": "Point", "coordinates":[-68.0802,38.1286]}}
,   {"type":"Feature", "properties":{"level1":1, "nodPos1":43},
    "geometry":{"type": "Point", "coordinates":[-68.0219,37.9361]}}
,   {"type":"Feature", "properties":{"level1":1, "nodPos1":44},
    "geometry":{"type": "Point", "coordinates":[-67.9639,37.7436]}}
,   {"type":"Feature", "properties":{"level1":1, "nodPos1":45},
    "geometry":{"type": "Point", "coordinates":[-67.9063,37.5511]}}
,   {"type":"Feature", "properties":{"level1":1, "nodPos1":46},
    "geometry":{"type": "Point", "coordinates":[-67.8489,37.3586]}}
,   {"type":"Feature", "properties":{"level1":1, "nodPos1":47},
    "geometry":{"type": "Point", "coordinates":[-67.7918,37.1660]}}
,   {"type":"Feature", "properties":{"level1":1, "nodPos1":48},
    "geometry":{"type": "Point", "coordinates":[-67.7350,36.9734]}}
,   {"type":"Feature", "properties":{"level1":1, "nodPos1":49},
    "geometry":{"type": "Point", "coordinates":[-67.6785,36.7808]}}
,   {"type":"Feature", "properties":{"level1":1, "nodPos1":50},
    "geometry":{"type": "Point", "coordinates":[-67.6222,36.5882]}}
,   {"type":"Feature", "properties":{"level1":1, "nodPos1":51},
    "geometry":{"type": "Point", "coordinates":[-67.5663,36.3955]}}
,   {"type":"Feature", "properties":{"level1":1, "nodPos1":52},
    "geometry":{"type": "Point", "coordinates":[-67.5106,36.2028]}}
,   {"type":"Feature", "properties":{"level1":1, "nodPos1":53},
    "geometry":{"type": "Point", "coordinates":[-67.4552,36.0101]}}
,   {"type":"Feature", "properties":{"level1":1, "nodPos1":54},
    "geometry":{"type": "Point", "coordinates":[-67.4001,35.8173]}}
,   {"type":"Feature", "properties":{"level1":1, "nodPos1":55},
    "geometry":{"type": "Point", "coordinates":[-67.3452,35.6246]}}
,   {"type":"Feature", "properties":{"level1":1, "nodPos1":56},
    "geometry":{"type": "Point", "coordinates":[-67.2906,35.4318]}}
,   {"type":"Feature", "properties":{"level1":1, "nodPos1":57},
    "geometry":{"type": "Point", "coordinates":[-67.2363,35.2389]}}
,   {"type":"Feature", "properties":{"level1":1, "nodPos1":58},
    "geometry":{"type": "Point", "coordinates":[-67.1822,35.0461]}}
,   {"type":"Feature", "properties":{"level1":1, "nodPos1":59},
    "geometry":{"type": "Point", "coordinates":[-67.1284,34.8532]}}
,   {"type":"Feature", "properties":{"level1":1, "nodPos1":60},
    "geometry":{"type": "Point", "coordinates":[-67.0748,34.6603]}}
,   {"type":"Feature", "properties":{"level1":1, "nodPos1":61},
    "geometry":{"type": "Point", "coordinates":[-67.0215,34.4674]}}
,   {"type":"Feature", "properties":{"level1":1, "nodPos1":62},
    "geometry":{"type": "Point", "coordinates":[-66.9684,34.2745]}}
,   {"type":"Feature", "properties":{"level1":1, "nodPos1":63},
    "geometry":{"type": "Point", "coordinates":[-66.9156,34.0815]}}
,   {"type":"Feature", "properties":{"level1":1, "nodPos1":64},
    "geometry":{"type": "Point", "coordinates":[-66.8630,33.8885]}}
,   {"type":"Feature", "properties":{"level1":1, "nodPos1":65},
    "geometry":{"type": "Point", "coordinates":[-66.8107,33.6955]}}
,   {"type":"Feature", "properties":{"level1":1, "nodPos1":66},
    "geometry":{"type": "Point", "coordinates":[-66.7585,33.5025]}}
,   {"type":"Feature", "properties":{"level1":1, "nodPos1":67},
    "geometry":{"type": "Point", "coordinates":[-66.7066,33.3094]}}
,   {"type":"Feature", "properties":{"level1":1, "nodPos1":68},
    "geometry":{"type": "Point", "coordinates":[-66.6550,33.1164]}}
,   {"type":"Feature", "properties":{"level1":1, "nodPos1":69},
    "geometry":{"type": "Point", "coordinates":[-66.6036,32.9233]}}
,   {"type":"Feature", "properties":{"level1":1, "nodPos1":70},
    "geometry":{"type": "Point", "coordinates":[-66.5523,32.7302]}}
,   {"type":"Feature", "properties":{"level1":1, "nodPos1":71},
    "geometry":{"type": "Point", "coordinates":[-66.5014,32.5370]}}
,   {"type":"Feature", "properties":{"level1":1, "nodPos1":72},
    "geometry":{"type": "Point", "coordinates":[-66.4506,32.3439]}}
,   {"type":"Feature", "properties":{"level1":1, "nodPos1":73},
    "geometry":{"type": "Point", "coordinates":[-66.4000,32.1507]}}
,   {"type":"Feature", "properties":{"level1":1, "nodPos1":74},
    "geometry":{"type": "Point", "coordinates":[-66.3497,31.9575]}}
,   {"type":"Feature", "properties":{"level1":1, "nodPos1":75},
    "geometry":{"type": "Point", "coordinates":[-66.2996,31.7643]}}
,   {"type":"Feature", "properties":{"level1":1, "nodPos1":76},
    "geometry":{"type": "Point", "coordinates":[-66.2496,31.5711]}}
,   {"type":"Feature", "properties":{"level1":1, "nodPos1":77},
    "geometry":{"type": "Point", "coordinates":[-66.1999,31.3778]}}
,   {"type":"Feature", "properties":{"level1":1, "nodPos1":78},
    "geometry":{"type": "Point", "coordinates":[-66.1504,31.1845]}}
,   {"type":"Feature", "properties":{"level1":1, "nodPos1":79},
    "geometry":{"type": "Point", "coordinates":[-66.1011,30.9912]}}
,   {"type":"Feature", "properties":{"level1":1, "nodPos1":80},
    "geometry":{"type": "Point", "coordinates":[-66.0520,30.7979]}}
,   {"type":"Feature", "properties":{"level1":1, "nodPos1":81},
    "geometry":{"type": "Point", "coordinates":[-66.0031,30.6046]}}
,   {"type":"Feature", "properties":{"level1":1, "nodPos1":82},
    "geometry":{"type": "Point", "coordinates":[-65.9544,30.4112]}}
,   {"type":"Feature", "properties":{"level1":1, "nodPos1":83},
    "geometry":{"type": "Point", "coordinates":[-65.9059,30.2179]}}
,   {"type":"Feature", "properties":{"level1":1, "nodPos1":84},
    "geometry":{"type": "Point", "coordinates":[-65.8575,30.0245]}}
,   {"type":"Feature", "properties":{"level1":1, "nodPos1":85},
    "geometry":{"type": "Point", "coordinates":[-65.8094,29.8311]}}
,   {"type":"Feature", "properties":{"level1":1, "nodPos1":86},
    "geometry":{"type": "Point", "coordinates":[-65.7614,29.6377]}}
,   {"type":"Feature", "properties":{"level1":1, "nodPos1":87},
    "geometry":{"type": "Point", "coordinates":[-65.7137,29.4442]}}
,   {"type":"Feature", "properties":{"level1":1, "nodPos1":88},
    "geometry":{"type": "Point", "coordinates":[-65.6661,29.2508]}}
,   {"type":"Feature", "properties":{"level1":1, "nodPos1":89},
    "geometry":{"type": "Point", "coordinates":[-65.6187,29.0573]}}
,   {"type":"Feature", "properties":{"level1":1, "nodPos1":90},
    "geometry":{"type": "Point", "coordinates":[-65.5714,28.8638]}}
,   {"type":"Feature", "properties":{"level1":2, "nodPos1":13},
    "geometry":{"type": "Point", "coordinates":[-67.9752,44.1280]}}
,   {"type":"Feature", "properties":{"level1":2, "nodPos1":14},
    "geometry":{"type": "Point", "coordinates":[-67.9146,43.9547]}}
,   {"type":"Feature", "properties":{"level1":2, "nodPos1":15},
    "geometry":{"type": "Point", "coordinates":[-67.8479,43.7627]}}
,   {"type":"Feature", "properties":{"level1":2, "nodPos1":16},
    "geometry":{"type": "Point", "coordinates":[-67.7816,43.5708]}}
,   {"type":"Feature", "properties":{"level1":2, "nodPos1":17},
    "geometry":{"type": "Point", "coordinates":[-67.7157,43.3788]}}
,   {"type":"Feature", "properties":{"level1":2, "nodPos1":18},
    "geometry":{"type": "Point", "coordinates":[-67.6503,43.1868]}}
,   {"type":"Feature", "properties":{"level1":2, "nodPos1":19},
    "geometry":{"type": "Point", "coordinates":[-67.5853,42.9947]}}
,   {"type":"Feature", "properties":{"level1":2, "nodPos1":20},
    "geometry":{"type": "Point", "coordinates":[-67.5207,42.8026]}}
,   {"type":"Feature", "properties":{"level1":2, "nodPos1":21},
    "geometry":{"type": "Point", "coordinates":[-67.4564,42.6105]}}
,   {"type":"Feature", "properties":{"level1":2, "nodPos1":22},
    "geometry":{"type": "Point", "coordinates":[-67.3926,42.4183]}}
,   {"type":"Feature", "properties":{"level1":2, "nodPos1":23},
    "geometry":{"type": "Point", "coordinates":[-67.3292,42.2261]}}
,   {"type":"Feature", "properties":{"level1":2, "nodPos1":24},
    "geometry":{"type": "Point", "coordinates":[-67.2661,42.0338]}}
,   {"type":"Feature", "properties":{"level1":2, "nodPos1":25},
    "geometry":{"type": "Point", "coordinates":[-67.2035,41.8415]}}
,   {"type":"Feature", "properties":{"level1":2, "nodPos1":26},
    "geometry":{"type": "Point", "coordinates":[-67.1412,41.6492]}}
,   {"type":"Feature", "properties":{"level1":2, "nodPos1":27},
    "geometry":{"type": "Point", "coordinates":[-67.0792,41.4569]}}
,   {"type":"Feature", "properties":{"level1":2, "nodPos1":28},
    "geometry":{"type": "Point", "coordinates":[-67.0177,41.2645]}}
,   {"type":"Feature", "properties":{"level1":2, "nodPos1":29},
    "geometry":{"type": "Point", "coordinates":[-66.9565,41.0721]}}
,   {"type":"Feature", "properties":{"level1":2, "nodPos1":30},
    "geometry":{"type": "Point", "coordinates":[-66.8957,40.8796]}}
,   {"type":"Feature", "properties":{"level1":2, "nodPos1":31},
    "geometry":{"type": "Point", "coordinates":[-66.8352,40.6872]}}
,   {"type":"Feature", "properties":{"level1":2, "nodPos1":32},
    "geometry":{"type": "Point", "coordinates":[-66.7750,40.4947]}}
,   {"type":"Feature", "properties":{"level1":2, "nodPos1":33},
    "geometry":{"type": "Point", "coordinates":[-66.7152,40.3021]}}
,   {"type":"Feature", "properties":{"level1":2, "nodPos1":34},
    "geometry":{"type": "Point", "coordinates":[-66.6558,40.1096]}}
,   {"type":"Feature", "properties":{"level1":2, "nodPos1":35},
    "geometry":{"type": "Point", "coordinates":[-66.5967,39.9170]}}
,   {"type":"Feature", "properties":{"level1":2, "nodPos1":36},
    "geometry":{"type": "Point", "coordinates":[-66.5379,39.7243]}}
,   {"type":"Feature", "properties":{"level1":2, "nodPos1":37},
    "geometry":{"type": "Point", "coordinates":[-66.4794,39.5317]}}
,   {"type":"Feature", "properties":{"level1":2, "nodPos1":38},
    "geometry":{"type": "Point", "coordinates":[-66.4213,39.3390]}}
,   {"type":"Feature", "properties":{"level1":2, "nodPos1":39},
    "geometry":{"type": "Point", "coordinates":[-66.3635,39.1463]}}
,   {"type":"Feature", "properties":{"level1":2, "nodPos1":40},
    "geometry":{"type": "Point", "coordinates":[-66.3060,38.9535]}}
,   {"type":"Feature", "properties":{"level1":2, "nodPos1":41},
    "geometry":{"type": "Point", "coordinates":[-66.2488,38.7607]}}
,   {"type":"Feature", "properties":{"level1":2, "nodPos1":42},
    "geometry":{"type": "Point", "coordinates":[-66.1919,38.5679]}}
,   {"type":"Feature", "properties":{"level1":2, "nodPos1":43},
    "geometry":{"type": "Point", "coordinates":[-66.1353,38.3751]}}
,   {"type":"Feature", "properties":{"level1":2, "nodPos1":44},
    "geometry":{"type": "Point", "coordinates":[-66.0791,38.1822]}}
,   {"type":"Feature", "properties":{"level1":2, "nodPos1":45},
    "geometry":{"type": "Point", "coordinates":[-66.0231,37.9894]}}
,   {"type":"Feature", "properties":{"level1":2, "nodPos1":46},
    "geometry":{"type": "Point", "coordinates":[-65.9674,37.7965]}}
,   {"type":"Feature", "properties":{"level1":2, "nodPos1":47},
    "geometry":{"type": "Point", "coordinates":[-65.9120,37.6035]}}
,   {"type":"Feature", "properties":{"level1":2, "nodPos1":48},
    "geometry":{"type": "Point", "coordinates":[-65.8569,37.4106]}}
,   {"type":"Feature", "properties":{"level1":2, "nodPos1":49},
    "geometry":{"type": "Point", "coordinates":[-65.8021,37.2176]}}
,   {"type":"Feature", "properties":{"level1":2, "nodPos1":50},
    "geometry":{"type": "Point", "coordinates":[-65.7475,37.0246]}}
,   {"type":"Feature", "properties":{"level1":2, "nodPos1":51},
    "geometry":{"type": "Point", "coordinates":[-65.6933,36.8315]}}
,   {"type":"Feature", "properties":{"level1":2, "nodPos1":52},
    "geometry":{"type": "Point", "coordinates":[-65.6393,36.6385]}}
,   {"type":"Feature", "properties":{"level1":2, "nodPos1":53},
    "geometry":{"type": "Point", "coordinates":[-65.5856,36.4454]}}
,   {"type":"Feature", "properties":{"level1":2, "nodPos1":54},
    "geometry":{"type": "Point", "coordinates":[-65.5321,36.2523]}}
,   {"type":"Feature", "properties":{"level1":2, "nodPos1":55},
    "geometry":{"type": "Point", "coordinates":[-65.4789,36.0591]}}
,   {"type":"Feature", "properties":{"level1":2, "nodPos1":56},
    "geometry":{"type": "Point", "coordinates":[-65.4260,35.8660]}}
,   {"type":"Feature", "properties":{"level1":2, "nodPos1":57},
    "geometry":{"type": "Point", "coordinates":[-65.3733,35.6728]}}
,   {"type":"Feature", "properties":{"level1":2, "nodPos1":58},
    "geometry":{"type": "Point", "coordinates":[-65.3209,35.4796]}}
,   {"type":"Feature", "properties":{"level1":2, "nodPos1":59},
    "geometry":{"type": "Point", "coordinates":[-65.2687,35.2864]}}
,   {"type":"Feature", "properties":{"level1":2, "nodPos1":60},
    "geometry":{"type": "Point", "coordinates":[-65.2168,35.0931]}}
,   {"type":"Feature", "properties":{"level1":2, "nodPos1":61},
    "geometry":{"type": "Point", "coordinates":[-65.1651,34.8999]}}
,   {"type":"Feature", "properties":{"level1":2, "nodPos1":62},
    "geometry":{"type": "Point", "coordinates":[-65.1137,34.7066]}}
,   {"type":"Feature", "properties":{"level1":2, "nodPos1":63},
    "geometry":{"type": "Point", "coordinates":[-65.0625,34.5133]}}
,   {"type":"Feature", "properties":{"level1":2, "nodPos1":64},
    "geometry":{"type": "Point", "coordinates":[-65.0115,34.3199]}}
,   {"type":"Feature", "properties":{"level1":2, "nodPos1":65},
    "geometry":{"type": "Point", "coordinates":[-64.9608,34.1266]}}
,   {"type":"Feature", "properties":{"level1":2, "nodPos1":66},
    "geometry":{"type": "Point", "coordinates":[-64.9103,33.9332]}}
,   {"type":"Feature", "properties":{"level1":2, "nodPos1":67},
    "geometry":{"type": "Point", "coordinates":[-64.8600,33.7398]}}
,   {"type":"Feature", "properties":{"level1":2, "nodPos1":68},
    "geometry":{"type": "Point", "coordinates":[-64.8100,33.5464]}}
,   {"type":"Feature", "properties":{"level1":2, "nodPos1":69},
    "geometry":{"type": "Point", "coordinates":[-64.7602,33.3529]}}
,   {"type":"Feature", "properties":{"level1":2, "nodPos1":70},
    "geometry":{"type": "Point", "coordinates":[-64.7106,33.1595]}}
,   {"type":"Feature", "properties":{"level1":2, "nodPos1":71},
    "geometry":{"type": "Point", "coordinates":[-64.6612,32.9660]}}
,   {"type":"Feature", "properties":{"level1":2, "nodPos1":72},
    "geometry":{"type": "Point", "coordinates":[-64.6121,32.7725]}}
,   {"type":"Feature", "properties":{"level1":2, "nodPos1":73},
    "geometry":{"type": "Point", "coordinates":[-64.5631,32.5790]}}
,   {"type":"Feature", "properties":{"level1":2, "nodPos1":74},
    "geometry":{"type": "Point", "coordinates":[-64.4752,32.2292]}}
,   {"type":"Feature", "properties":{"level1":2, "nodPos1":75},
    "geometry":{"type": "Point", "coordinates":[-64.4659,32.1919]}}
,   {"type":"Feature", "properties":{"level1":2, "nodPos1":76},
    "geometry":{"type": "Point", "coordinates":[-64.4176,31.9983]}}
,   {"type":"Feature", "properties":{"level1":2, "nodPos1":77},
    "geometry":{"type": "Point", "coordinates":[-64.3694,31.8048]}}
,   {"type":"Feature", "properties":{"level1":2, "nodPos1":78},
    "geometry":{"type": "Point", "coordinates":[-64.3215,31.6112]}}
,   {"type":"Feature", "properties":{"level1":2, "nodPos1":79},
    "geometry":{"type": "Point", "coordinates":[-64.2738,31.4175]}}
,   {"type":"Feature", "properties":{"level1":2, "nodPos1":80},
    "geometry":{"type": "Point", "coordinates":[-64.2263,31.2239]}}
,   {"type":"Feature", "properties":{"level1":2, "nodPos1":81},
    "geometry":{"type": "Point", "coordinates":[-64.1790,31.0302]}}
,   {"type":"Feature", "properties":{"level1":2, "nodPos1":82},
    "geometry":{"type": "Point", "coordinates":[-64.1318,30.8366]}}
,   {"type":"Feature", "properties":{"level1":2, "nodPos1":83},
    "geometry":{"type": "Point", "coordinates":[-64.0849,30.6429]}}
,   {"type":"Feature", "properties":{"level1":2, "nodPos1":84},
    "geometry":{"type": "Point", "coordinates":[-64.0381,30.4492]}}
,   {"type":"Feature", "properties":{"level1":2, "nodPos1":85},
    "geometry":{"type": "Point", "coordinates":[-63.9916,30.2554]}}
,   {"type":"Feature", "properties":{"level1":2, "nodPos1":86},
    "geometry":{"type": "Point", "coordinates":[-63.9452,30.0617]}}
,   {"type":"Feature", "properties":{"level1":2, "nodPos1":87},
    "geometry":{"type": "Point", "coordinates":[-63.8990,29.8679]}}
,   {"type":"Feature", "properties":{"level1":2, "nodPos1":88},
    "geometry":{"type": "Point", "coordinates":[-63.8530,29.6741]}}
,   {"type":"Feature", "properties":{"level1":2, "nodPos1":89},
    "geometry":{"type": "Point", "coordinates":[-63.8071,29.4804]}}
,   {"type":"Feature", "properties":{"level1":2, "nodPos1":90},
    "geometry":{"type": "Point", "coordinates":[-63.7614,29.2865]}}
,   {"type":"Feature", "properties":{"level1":3, "nodPos1":11},
    "geometry":{"type": "Point", "coordinates":[-66.2752,44.9257]}}
,   {"type":"Feature", "properties":{"level1":3, "nodPos1":12},
    "geometry":{"type": "Point", "coordinates":[-66.2188,44.7716]}}
,   {"type":"Feature", "properties":{"level1":3, "nodPos1":13},
    "geometry":{"type": "Point", "coordinates":[-66.1932,44.7013]}}
,   {"type":"Feature", "properties":{"level1":3, "nodPos1":20},
    "geometry":{"type": "Point", "coordinates":[-65.6636,43.2096]}}
,   {"type":"Feature", "properties":{"level1":3, "nodPos1":21},
    "geometry":{"type": "Point", "coordinates":[-65.6073,43.0463]}}
,   {"type":"Feature", "properties":{"level1":3, "nodPos1":22},
    "geometry":{"type": "Point", "coordinates":[-65.5415,42.8544]}}
,   {"type":"Feature", "properties":{"level1":3, "nodPos1":23},
    "geometry":{"type": "Point", "coordinates":[-65.4761,42.6625]}}
,   {"type":"Feature", "properties":{"level1":3, "nodPos1":24},
    "geometry":{"type": "Point", "coordinates":[-65.4111,42.4705]}}
,   {"type":"Feature", "properties":{"level1":3, "nodPos1":25},
    "geometry":{"type": "Point", "coordinates":[-65.3465,42.2785]}}
,   {"type":"Feature", "properties":{"level1":3, "nodPos1":26},
    "geometry":{"type": "Point", "coordinates":[-65.2823,42.0865]}}
,   {"type":"Feature", "properties":{"level1":3, "nodPos1":27},
    "geometry":{"type": "Point", "coordinates":[-65.2184,41.8944]}}
,   {"type":"Feature", "properties":{"level1":3, "nodPos1":28},
    "geometry":{"type": "Point", "coordinates":[-65.1550,41.7023]}}
,   {"type":"Feature", "properties":{"level1":3, "nodPos1":29},
    "geometry":{"type": "Point", "coordinates":[-65.0920,41.5101]}}
,   {"type":"Feature", "properties":{"level1":3, "nodPos1":30},
    "geometry":{"type": "Point", "coordinates":[-65.0293,41.3179]}}
,   {"type":"Feature", "properties":{"level1":3, "nodPos1":31},
    "geometry":{"type": "Point", "coordinates":[-64.9670,41.1257]}}
,   {"type":"Feature", "properties":{"level1":3, "nodPos1":32},
    "geometry":{"type": "Point", "coordinates":[-64.9050,40.9334]}}
,   {"type":"Feature", "properties":{"level1":3, "nodPos1":33},
    "geometry":{"type": "Point", "coordinates":[-64.8434,40.7412]}}
,   {"type":"Feature", "properties":{"level1":3, "nodPos1":34},
    "geometry":{"type": "Point", "coordinates":[-64.7822,40.5488]}}
,   {"type":"Feature", "properties":{"level1":3, "nodPos1":35},
    "geometry":{"type": "Point", "coordinates":[-64.7213,40.3565]}}
,   {"type":"Feature", "properties":{"level1":3, "nodPos1":36},
    "geometry":{"type": "Point", "coordinates":[-64.6607,40.1641]}}
,   {"type":"Feature", "properties":{"level1":3, "nodPos1":37},
    "geometry":{"type": "Point", "coordinates":[-64.6005,39.9717]}}
,   {"type":"Feature", "properties":{"level1":3, "nodPos1":38},
    "geometry":{"type": "Point", "coordinates":[-64.5407,39.7793]}}
,   {"type":"Feature", "properties":{"level1":3, "nodPos1":39},
    "geometry":{"type": "Point", "coordinates":[-64.4812,39.5868]}}
,   {"type":"Feature", "properties":{"level1":3, "nodPos1":40},
    "geometry":{"type": "Point", "coordinates":[-64.4220,39.3943]}}
,   {"type":"Feature", "properties":{"level1":3, "nodPos1":41},
    "geometry":{"type": "Point", "coordinates":[-64.3631,39.2017]}}
,   {"type":"Feature", "properties":{"level1":3, "nodPos1":42},
    "geometry":{"type": "Point", "coordinates":[-64.3045,39.0092]}}
,   {"type":"Feature", "properties":{"level1":3, "nodPos1":43},
    "geometry":{"type": "Point", "coordinates":[-64.2463,38.8166]}}
,   {"type":"Feature", "properties":{"level1":3, "nodPos1":44},
    "geometry":{"type": "Point", "coordinates":[-64.1884,38.6240]}}
,   {"type":"Feature", "properties":{"level1":3, "nodPos1":45},
    "geometry":{"type": "Point", "coordinates":[-64.1308,38.4313]}}
,   {"type":"Feature", "properties":{"level1":3, "nodPos1":46},
    "geometry":{"type": "Point", "coordinates":[-64.0735,38.2386]}}
,   {"type":"Feature", "properties":{"level1":3, "nodPos1":47},
    "geometry":{"type": "Point", "coordinates":[-64.0165,38.0459]}}
,   {"type":"Feature", "properties":{"level1":3, "nodPos1":48},
    "geometry":{"type": "Point", "coordinates":[-63.9598,37.8532]}}
,   {"type":"Feature", "properties":{"level1":3, "nodPos1":49},
    "geometry":{"type": "Point", "coordinates":[-63.9034,37.6604]}}
,   {"type":"Feature", "properties":{"level1":3, "nodPos1":50},
    "geometry":{"type": "Point", "coordinates":[-63.8473,37.4677]}}
,   {"type":"Feature", "properties":{"level1":3, "nodPos1":51},
    "geometry":{"type": "Point", "coordinates":[-63.7915,37.2748]}}
,   {"type":"Feature", "properties":{"level1":3, "nodPos1":52},
    "geometry":{"type": "Point", "coordinates":[-63.7359,37.0820]}}
,   {"type":"Feature", "properties":{"level1":3, "nodPos1":53},
    "geometry":{"type": "Point", "coordinates":[-63.6807,36.8891]}}
,   {"type":"Feature", "properties":{"level1":3, "nodPos1":54},
    "geometry":{"type": "Point", "coordinates":[-63.6257,36.6962]}}
,   {"type":"Feature", "properties":{"level1":3, "nodPos1":55},
    "geometry":{"type": "Point", "coordinates":[-63.5710,36.5033]}}
,   {"type":"Feature", "properties":{"level1":3, "nodPos1":56},
    "geometry":{"type": "Point", "coordinates":[-63.5166,36.3104]}}
,   {"type":"Feature", "properties":{"level1":3, "nodPos1":57},
    "geometry":{"type": "Point", "coordinates":[-63.4624,36.1174]}}
,   {"type":"Feature", "properties":{"level1":3, "nodPos1":58},
    "geometry":{"type": "Point", "coordinates":[-63.4085,35.9244]}}
,   {"type":"Feature", "properties":{"level1":3, "nodPos1":59},
    "geometry":{"type": "Point", "coordinates":[-63.3549,35.7314]}}
,   {"type":"Feature", "properties":{"level1":3, "nodPos1":60},
    "geometry":{"type": "Point", "coordinates":[-63.3015,35.5384]}}
,   {"type":"Feature", "properties":{"level1":3, "nodPos1":61},
    "geometry":{"type": "Point", "coordinates":[-63.2484,35.3453]}}
,   {"type":"Feature", "properties":{"level1":3, "nodPos1":62},
    "geometry":{"type": "Point", "coordinates":[-63.1955,35.1522]}}
,   {"type":"Feature", "properties":{"level1":3, "nodPos1":63},
    "geometry":{"type": "Point", "coordinates":[-63.1429,34.9591]}}
,   {"type":"Feature", "properties":{"level1":3, "nodPos1":64},
    "geometry":{"type": "Point", "coordinates":[-63.0906,34.7660]}}
,   {"type":"Feature", "properties":{"level1":3, "nodPos1":65},
    "geometry":{"type": "Point", "coordinates":[-63.0385,34.5729]}}
,   {"type":"Feature", "properties":{"level1":3, "nodPos1":66},
    "geometry":{"type": "Point", "coordinates":[-62.9866,34.3797]}}
,   {"type":"Feature", "properties":{"level1":3, "nodPos1":67},
    "geometry":{"type": "Point", "coordinates":[-62.9349,34.1865]}}
,   {"type":"Feature", "properties":{"level1":3, "nodPos1":68},
    "geometry":{"type": "Point", "coordinates":[-62.8835,33.9933]}}
,   {"type":"Feature", "properties":{"level1":3, "nodPos1":69},
    "geometry":{"type": "Point", "coordinates":[-62.8324,33.8000]}}
,   {"type":"Feature", "properties":{"level1":3, "nodPos1":70},
    "geometry":{"type": "Point", "coordinates":[-62.7814,33.6068]}}
,   {"type":"Feature", "properties":{"level1":3, "nodPos1":71},
    "geometry":{"type": "Point", "coordinates":[-62.7307,33.4135]}}
,   {"type":"Feature", "properties":{"level1":3, "nodPos1":72},
    "geometry":{"type": "Point", "coordinates":[-62.6802,33.2202]}}
,   {"type":"Feature", "properties":{"level1":3, "nodPos1":73},
    "geometry":{"type": "Point", "coordinates":[-62.6300,33.0269]}}
,   {"type":"Feature", "properties":{"level1":3, "nodPos1":74},
    "geometry":{"type": "Point", "coordinates":[-62.5799,32.8335]}}
,   {"type":"Feature", "properties":{"level1":3, "nodPos1":75},
    "geometry":{"type": "Point", "coordinates":[-62.5301,32.6402]}}
,   {"type":"Feature", "properties":{"level1":3, "nodPos1":76},
    "geometry":{"type": "Point", "coordinates":[-62.4805,32.4468]}}
,   {"type":"Feature", "properties":{"level1":3, "nodPos1":77},
    "geometry":{"type": "Point", "coordinates":[-62.4311,32.2534]}}
,   {"type":"Feature", "properties":{"level1":3, "nodPos1":78},
    "geometry":{"type": "Point", "coordinates":[-62.3819,32.0600]}}
,   {"type":"Feature", "properties":{"level1":3, "nodPos1":79},
    "geometry":{"type": "Point", "coordinates":[-62.3329,31.8665]}}
,   {"type":"Feature", "properties":{"level1":3, "nodPos1":80},
    "geometry":{"type": "Point", "coordinates":[-62.2841,31.6731]}}
,   {"type":"Feature", "properties":{"level1":3, "nodPos1":81},
    "geometry":{"type": "Point", "coordinates":[-62.2356,31.4796]}}
,   {"type":"Feature", "properties":{"level1":3, "nodPos1":82},
    "geometry":{"type": "Point", "coordinates":[-62.1872,31.2861]}}
,   {"type":"Feature", "properties":{"level1":3, "nodPos1":83},
    "geometry":{"type": "Point", "coordinates":[-62.1390,31.0926]}}
,   {"type":"Feature", "properties":{"level1":3, "nodPos1":84},
    "geometry":{"type": "Point", "coordinates":[-62.0910,30.8991]}}
,   {"type":"Feature", "properties":{"level1":3, "nodPos1":85},
    "geometry":{"type": "Point", "coordinates":[-62.0432,30.7055]}}
,   {"type":"Feature", "properties":{"level1":3, "nodPos1":86},
    "geometry":{"type": "Point", "coordinates":[-61.9956,30.5120]}}
,   {"type":"Feature", "properties":{"level1":3, "nodPos1":87},
    "geometry":{"type": "Point", "coordinates":[-61.9482,30.3184]}}
,   {"type":"Feature", "properties":{"level1":3, "nodPos1":88},
    "geometry":{"type": "Point", "coordinates":[-61.9010,30.1248]}}
,   {"type":"Feature", "properties":{"level1":3, "nodPos1":89},
    "geometry":{"type": "Point", "coordinates":[-61.8540,29.9312]}}
,   {"type":"Feature", "properties":{"level1":3, "nodPos1":90},
    "geometry":{"type": "Point", "coordinates":[-61.8071,29.7375]}}
,   {"type":"Feature", "properties":{"level1":4, "nodPos1":16},
    "geometry":{"type": "Point", "coordinates":[-63.9632,44.2930]}}
,   {"type":"Feature", "properties":{"level1":4, "nodPos1":17},
    "geometry":{"type": "Point", "coordinates":[-63.9592,44.2816]}}
,   {"type":"Feature", "properties":{"level1":4, "nodPos1":18},
    "geometry":{"type": "Point", "coordinates":[-63.8923,44.0896]}}
,   {"type":"Feature", "properties":{"level1":4, "nodPos1":19},
    "geometry":{"type": "Point", "coordinates":[-63.8259,43.8976]}}
,   {"type":"Feature", "properties":{"level1":4, "nodPos1":20},
    "geometry":{"type": "Point", "coordinates":[-63.7599,43.7056]}}
,   {"type":"Feature", "properties":{"level1":4, "nodPos1":21},
    "geometry":{"type": "Point", "coordinates":[-63.6943,43.5135]}}
,   {"type":"Feature", "properties":{"level1":4, "nodPos1":22},
    "geometry":{"type": "Point", "coordinates":[-63.6291,43.3214]}}
,   {"type":"Feature", "properties":{"level1":4, "nodPos1":23},
    "geometry":{"type": "Point", "coordinates":[-63.5644,43.1293]}}
,   {"type":"Feature", "properties":{"level1":4, "nodPos1":24},
    "geometry":{"type": "Point", "coordinates":[-63.5000,42.9371]}}
,   {"type":"Feature", "properties":{"level1":4, "nodPos1":25},
    "geometry":{"type": "Point", "coordinates":[-63.4361,42.7449]}}
,   {"type":"Feature", "properties":{"level1":4, "nodPos1":26},
    "geometry":{"type": "Point", "coordinates":[-63.3725,42.5527]}}
,   {"type":"Feature", "properties":{"level1":4, "nodPos1":27},
    "geometry":{"type": "Point", "coordinates":[-63.3093,42.3604]}}
,   {"type":"Feature", "properties":{"level1":4, "nodPos1":28},
    "geometry":{"type": "Point", "coordinates":[-63.2466,42.1681]}}
,   {"type":"Feature", "properties":{"level1":4, "nodPos1":29},
    "geometry":{"type": "Point", "coordinates":[-63.1842,41.9757]}}
,   {"type":"Feature", "properties":{"level1":4, "nodPos1":30},
    "geometry":{"type": "Point", "coordinates":[-63.1221,41.7833]}}
,   {"type":"Feature", "properties":{"level1":4, "nodPos1":31},
    "geometry":{"type": "Point", "coordinates":[-63.0605,41.5909]}}
,   {"type":"Feature", "properties":{"level1":4, "nodPos1":32},
    "geometry":{"type": "Point", "coordinates":[-62.9992,41.3985]}}
,   {"type":"Feature", "properties":{"level1":4, "nodPos1":33},
    "geometry":{"type": "Point", "coordinates":[-62.9383,41.2060]}}
,   {"type":"Feature", "properties":{"level1":4, "nodPos1":34},
    "geometry":{"type": "Point", "coordinates":[-62.8777,41.0135]}}
,   {"type":"Feature", "properties":{"level1":4, "nodPos1":35},
    "geometry":{"type": "Point", "coordinates":[-62.8175,40.8209]}}
,   {"type":"Feature", "properties":{"level1":4, "nodPos1":36},
    "geometry":{"type": "Point", "coordinates":[-62.7576,40.6283]}}
,   {"type":"Feature", "properties":{"level1":4, "nodPos1":37},
    "geometry":{"type": "Point", "coordinates":[-62.6981,40.4357]}}
,   {"type":"Feature", "properties":{"level1":4, "nodPos1":38},
    "geometry":{"type": "Point", "coordinates":[-62.6389,40.2431]}}
,   {"type":"Feature", "properties":{"level1":4, "nodPos1":39},
    "geometry":{"type": "Point", "coordinates":[-62.5801,40.0504]}}
,   {"type":"Feature", "properties":{"level1":4, "nodPos1":40},
    "geometry":{"type": "Point", "coordinates":[-62.5215,39.8577]}}
,   {"type":"Feature", "properties":{"level1":4, "nodPos1":41},
    "geometry":{"type": "Point", "coordinates":[-62.4634,39.6650]}}
,   {"type":"Feature", "properties":{"level1":4, "nodPos1":42},
    "geometry":{"type": "Point", "coordinates":[-62.4055,39.4722]}}
,   {"type":"Feature", "properties":{"level1":4, "nodPos1":43},
    "geometry":{"type": "Point", "coordinates":[-62.3479,39.2794]}}
,   {"type":"Feature", "properties":{"level1":4, "nodPos1":44},
    "geometry":{"type": "Point", "coordinates":[-62.2907,39.0866]}}
,   {"type":"Feature", "properties":{"level1":4, "nodPos1":45},
    "geometry":{"type": "Point", "coordinates":[-62.2338,38.8938]}}
,   {"type":"Feature", "properties":{"level1":4, "nodPos1":46},
    "geometry":{"type": "Point", "coordinates":[-62.1772,38.7009]}}
,   {"type":"Feature", "properties":{"level1":4, "nodPos1":47},
    "geometry":{"type": "Point", "coordinates":[-62.1209,38.5080]}}
,   {"type":"Feature", "properties":{"level1":4, "nodPos1":48},
    "geometry":{"type": "Point", "coordinates":[-62.0649,38.3151]}}
,   {"type":"Feature", "properties":{"level1":4, "nodPos1":49},
    "geometry":{"type": "Point", "coordinates":[-62.0092,38.1221]}}
,   {"type":"Feature", "properties":{"level1":4, "nodPos1":50},
    "geometry":{"type": "Point", "coordinates":[-61.9538,37.9292]}}
,   {"type":"Feature", "properties":{"level1":4, "nodPos1":51},
    "geometry":{"type": "Point", "coordinates":[-61.8986,37.7362]}}
,   {"type":"Feature", "properties":{"level1":4, "nodPos1":52},
    "geometry":{"type": "Point", "coordinates":[-61.8438,37.5431]}}
,   {"type":"Feature", "properties":{"level1":4, "nodPos1":53},
    "geometry":{"type": "Point", "coordinates":[-61.7893,37.3501]}}
,   {"type":"Feature", "properties":{"level1":4, "nodPos1":54},
    "geometry":{"type": "Point", "coordinates":[-61.7350,37.1570]}}
,   {"type":"Feature", "properties":{"level1":4, "nodPos1":55},
    "geometry":{"type": "Point", "coordinates":[-61.6810,36.9639]}}
,   {"type":"Feature", "properties":{"level1":4, "nodPos1":56},
    "geometry":{"type": "Point", "coordinates":[-61.6273,36.7708]}}
,   {"type":"Feature", "properties":{"level1":4, "nodPos1":57},
    "geometry":{"type": "Point", "coordinates":[-61.5738,36.5776]}}
,   {"type":"Feature", "properties":{"level1":4, "nodPos1":58},
    "geometry":{"type": "Point", "coordinates":[-61.5206,36.3845]}}
,   {"type":"Feature", "properties":{"level1":4, "nodPos1":59},
    "geometry":{"type": "Point", "coordinates":[-61.4677,36.1913]}}
,   {"type":"Feature", "properties":{"level1":4, "nodPos1":60},
    "geometry":{"type": "Point", "coordinates":[-61.4151,35.9980]}}
,   {"type":"Feature", "properties":{"level1":4, "nodPos1":61},
    "geometry":{"type": "Point", "coordinates":[-61.3627,35.8048]}}
,   {"type":"Feature", "properties":{"level1":4, "nodPos1":62},
    "geometry":{"type": "Point", "coordinates":[-61.3105,35.6115]}}
,   {"type":"Feature", "properties":{"level1":4, "nodPos1":63},
    "geometry":{"type": "Point", "coordinates":[-61.2586,35.4182]}}
,   {"type":"Feature", "properties":{"level1":4, "nodPos1":64},
    "geometry":{"type": "Point", "coordinates":[-61.2070,35.2249]}}
,   {"type":"Feature", "properties":{"level1":4, "nodPos1":65},
    "geometry":{"type": "Point", "coordinates":[-61.1556,35.0316]}}
,   {"type":"Feature", "properties":{"level1":4, "nodPos1":66},
    "geometry":{"type": "Point", "coordinates":[-61.1044,34.8382]}}
,   {"type":"Feature", "properties":{"level1":4, "nodPos1":67},
    "geometry":{"type": "Point", "coordinates":[-61.0535,34.6449]}}
,   {"type":"Feature", "properties":{"level1":4, "nodPos1":68},
    "geometry":{"type": "Point", "coordinates":[-61.0028,34.4515]}}
,   {"type":"Feature", "properties":{"level1":4, "nodPos1":69},
    "geometry":{"type": "Point", "coordinates":[-60.9523,34.2581]}}
,   {"type":"Feature", "properties":{"level1":4, "nodPos1":70},
    "geometry":{"type": "Point", "coordinates":[-60.9021,34.0646]}}
,   {"type":"Feature", "properties":{"level1":4, "nodPos1":71},
    "geometry":{"type": "Point", "coordinates":[-60.8521,33.8712]}}
,   {"type":"Feature", "properties":{"level1":4, "nodPos1":72},
    "geometry":{"type": "Point", "coordinates":[-60.8024,33.6777]}}
,   {"type":"Feature", "properties":{"level1":4, "nodPos1":73},
    "geometry":{"type": "Point", "coordinates":[-60.7528,33.4842]}}
,   {"type":"Feature", "properties":{"level1":4, "nodPos1":74},
    "geometry":{"type": "Point", "coordinates":[-60.7035,33.2907]}}
,   {"type":"Feature", "properties":{"level1":4, "nodPos1":75},
    "geometry":{"type": "Point", "coordinates":[-60.6544,33.0971]}}
,   {"type":"Feature", "properties":{"level1":4, "nodPos1":76},
    "geometry":{"type": "Point", "coordinates":[-60.6055,32.9036]}}
,   {"type":"Feature", "properties":{"level1":4, "nodPos1":77},
    "geometry":{"type": "Point", "coordinates":[-60.5568,32.7100]}}
,   {"type":"Feature", "properties":{"level1":4, "nodPos1":78},
    "geometry":{"type": "Point", "coordinates":[-60.5084,32.5164]}}
,   {"type":"Feature", "properties":{"level1":4, "nodPos1":79},
    "geometry":{"type": "Point", "coordinates":[-60.4601,32.3228]}}
,   {"type":"Feature", "properties":{"level1":4, "nodPos1":80},
    "geometry":{"type": "Point", "coordinates":[-60.4121,32.1292]}}
,   {"type":"Feature", "properties":{"level1":4, "nodPos1":81},
    "geometry":{"type": "Point", "coordinates":[-60.3642,31.9355]}}
,   {"type":"Feature", "properties":{"level1":4, "nodPos1":82},
    "geometry":{"type": "Point", "coordinates":[-60.3166,31.7418]}}
,   {"type":"Feature", "properties":{"level1":4, "nodPos1":83},
    "geometry":{"type": "Point", "coordinates":[-60.2692,31.5482]}}
,   {"type":"Feature", "properties":{"level1":4, "nodPos1":84},
    "geometry":{"type": "Point", "coordinates":[-60.2219,31.3545]}}
,   {"type":"Feature", "properties":{"level1":4, "nodPos1":85},
    "geometry":{"type": "Point", "coordinates":[-60.1749,31.1607]}}
,   {"type":"Feature", "properties":{"level1":4, "nodPos1":86},
    "geometry":{"type": "Point", "coordinates":[-60.1280,30.9670]}}
,   {"type":"Feature", "properties":{"level1":4, "nodPos1":87},
    "geometry":{"type": "Point", "coordinates":[-60.0813,30.7733]}}
,   {"type":"Feature", "properties":{"level1":4, "nodPos1":88},
    "geometry":{"type": "Point", "coordinates":[-60.0348,30.5795]}}
,   {"type":"Feature", "properties":{"level1":4, "nodPos1":89},
    "geometry":{"type": "Point", "coordinates":[-59.9885,30.3857]}}
,   {"type":"Feature", "properties":{"level1":4, "nodPos1":90},
    "geometry":{"type": "Point", "coordinates":[-59.9424,30.1919]}}
,   {"type":"Feature", "properties":{"level1":5, "nodPos1":0},
    "geometry":{"type": "Point", "coordinates":[-63.2897,47.9658]}}
,   {"type":"Feature", "properties":{"level1":5, "nodPos1":1},
    "geometry":{"type": "Point", "coordinates":[-63.2133,47.7748]}}
,   {"type":"Feature", "properties":{"level1":5, "nodPos1":2},
    "geometry":{"type": "Point", "coordinates":[-63.1374,47.5836]}}
,   {"type":"Feature", "properties":{"level1":5, "nodPos1":3},
    "geometry":{"type": "Point", "coordinates":[-63.0621,47.3924]}}
,   {"type":"Feature", "properties":{"level1":5, "nodPos1":4},
    "geometry":{"type": "Point", "coordinates":[-62.9874,47.2012]}}
,   {"type":"Feature", "properties":{"level1":5, "nodPos1":5},
    "geometry":{"type": "Point", "coordinates":[-62.9131,47.0099]}}
,   {"type":"Feature", "properties":{"level1":5, "nodPos1":6},
    "geometry":{"type": "Point", "coordinates":[-62.8394,46.8185]}}
,   {"type":"Feature", "properties":{"level1":5, "nodPos1":7},
    "geometry":{"type": "Point", "coordinates":[-62.7787,46.6597]}}
,   {"type":"Feature", "properties":{"level1":5, "nodPos1":16},
    "geometry":{"type": "Point", "coordinates":[-62.0792,44.7597]}}
,   {"type":"Feature", "properties":{"level1":5, "nodPos1":17},
    "geometry":{"type": "Point", "coordinates":[-62.0618,44.7108]}}
,   {"type":"Feature", "properties":{"level1":5, "nodPos1":18},
    "geometry":{"type": "Point", "coordinates":[-61.9939,44.5190]}}
,   {"type":"Feature", "properties":{"level1":5, "nodPos1":19},
    "geometry":{"type": "Point", "coordinates":[-61.9265,44.3271]}}
,   {"type":"Feature", "properties":{"level1":5, "nodPos1":20},
    "geometry":{"type": "Point", "coordinates":[-61.8595,44.1351]}}
,   {"type":"Feature", "properties":{"level1":5, "nodPos1":21},
    "geometry":{"type": "Point", "coordinates":[-61.7930,43.9432]}}
,   {"type":"Feature", "properties":{"level1":5, "nodPos1":22},
    "geometry":{"type": "Point", "coordinates":[-61.7269,43.7511]}}
,   {"type":"Feature", "properties":{"level1":5, "nodPos1":23},
    "geometry":{"type": "Point", "coordinates":[-61.6612,43.5591]}}
,   {"type":"Feature", "properties":{"level1":5, "nodPos1":24},
    "geometry":{"type": "Point", "coordinates":[-61.6161,43.4263]}}
,   {"type":"Feature", "properties":{"level1":5, "nodPos1":25},
    "geometry":{"type": "Point", "coordinates":[-61.5310,43.1749]}}
,   {"type":"Feature", "properties":{"level1":5, "nodPos1":26},
    "geometry":{"type": "Point", "coordinates":[-61.4666,42.9827]}}
,   {"type":"Feature", "properties":{"level1":5, "nodPos1":27},
    "geometry":{"type": "Point", "coordinates":[-61.4025,42.7905]}}
,   {"type":"Feature", "properties":{"level1":5, "nodPos1":28},
    "geometry":{"type": "Point", "coordinates":[-61.3389,42.5982]}}
,   {"type":"Feature", "properties":{"level1":5, "nodPos1":29},
    "geometry":{"type": "Point", "coordinates":[-61.2756,42.4060]}}
,   {"type":"Feature", "properties":{"level1":5, "nodPos1":30},
    "geometry":{"type": "Point", "coordinates":[-61.2127,42.2137]}}
,   {"type":"Feature", "properties":{"level1":5, "nodPos1":31},
    "geometry":{"type": "Point", "coordinates":[-61.1502,42.0213]}}
,   {"type":"Feature", "properties":{"level1":5, "nodPos1":32},
    "geometry":{"type": "Point", "coordinates":[-61.0881,41.8289]}}
,   {"type":"Feature", "properties":{"level1":5, "nodPos1":33},
    "geometry":{"type": "Point", "coordinates":[-61.0264,41.6365]}}
,   {"type":"Feature", "properties":{"level1":5, "nodPos1":34},
    "geometry":{"type": "Point", "coordinates":[-60.9650,41.4441]}}
,   {"type":"Feature", "properties":{"level1":5, "nodPos1":35},
    "geometry":{"type": "Point", "coordinates":[-60.9040,41.2516]}}
,   {"type":"Feature", "properties":{"level1":5, "nodPos1":36},
    "geometry":{"type": "Point", "coordinates":[-60.8433,41.0591]}}
,   {"type":"Feature", "properties":{"level1":5, "nodPos1":37},
    "geometry":{"type": "Point", "coordinates":[-60.7830,40.8666]}}
,   {"type":"Feature", "properties":{"level1":5, "nodPos1":38},
    "geometry":{"type": "Point", "coordinates":[-60.7230,40.6740]}}
,   {"type":"Feature", "properties":{"level1":5, "nodPos1":39},
    "geometry":{"type": "Point", "coordinates":[-60.6634,40.4814]}}
,   {"type":"Feature", "properties":{"level1":5, "nodPos1":40},
    "geometry":{"type": "Point", "coordinates":[-60.6042,40.2888]}}
,   {"type":"Feature", "properties":{"level1":5, "nodPos1":41},
    "geometry":{"type": "Point", "coordinates":[-60.5452,40.0961]}}
,   {"type":"Feature", "properties":{"level1":5, "nodPos1":42},
    "geometry":{"type": "Point", "coordinates":[-60.4866,39.9034]}}
,   {"type":"Feature", "properties":{"level1":5, "nodPos1":43},
    "geometry":{"type": "Point", "coordinates":[-60.4284,39.7107]}}
,   {"type":"Feature", "properties":{"level1":5, "nodPos1":44},
    "geometry":{"type": "Point", "coordinates":[-60.3704,39.5179]}}
,   {"type":"Feature", "properties":{"level1":5, "nodPos1":45},
    "geometry":{"type": "Point", "coordinates":[-60.3128,39.3252]}}
,   {"type":"Feature", "properties":{"level1":5, "nodPos1":46},
    "geometry":{"type": "Point", "coordinates":[-60.2555,39.1324]}}
,   {"type":"Feature", "properties":{"level1":5, "nodPos1":47},
    "geometry":{"type": "Point", "coordinates":[-60.1985,38.9395]}}
,   {"type":"Feature", "properties":{"level1":5, "nodPos1":48},
    "geometry":{"type": "Point", "coordinates":[-60.1418,38.7467]}}
,   {"type":"Feature", "properties":{"level1":5, "nodPos1":49},
    "geometry":{"type": "Point", "coordinates":[-60.0854,38.5538]}}
,   {"type":"Feature", "properties":{"level1":5, "nodPos1":50},
    "geometry":{"type": "Point", "coordinates":[-60.0293,38.3609]}}
,   {"type":"Feature", "properties":{"level1":5, "nodPos1":51},
    "geometry":{"type": "Point", "coordinates":[-59.9736,38.1679]}}
,   {"type":"Feature", "properties":{"level1":5, "nodPos1":52},
    "geometry":{"type": "Point", "coordinates":[-59.9181,37.9749]}}
,   {"type":"Feature", "properties":{"level1":5, "nodPos1":53},
    "geometry":{"type": "Point", "coordinates":[-59.8629,37.7820]}}
,   {"type":"Feature", "properties":{"level1":5, "nodPos1":54},
    "geometry":{"type": "Point", "coordinates":[-59.8080,37.5889]}}
,   {"type":"Feature", "properties":{"level1":5, "nodPos1":55},
    "geometry":{"type": "Point", "coordinates":[-59.7533,37.3959]}}
,   {"type":"Feature", "properties":{"level1":5, "nodPos1":56},
    "geometry":{"type": "Point", "coordinates":[-59.6990,37.2028]}}
,   {"type":"Feature", "properties":{"level1":5, "nodPos1":57},
    "geometry":{"type": "Point", "coordinates":[-59.6449,37.0097]}}
,   {"type":"Feature", "properties":{"level1":5, "nodPos1":58},
    "geometry":{"type": "Point", "coordinates":[-59.5911,36.8166]}}
,   {"type":"Feature", "properties":{"level1":5, "nodPos1":59},
    "geometry":{"type": "Point", "coordinates":[-59.5376,36.6235]}}
,   {"type":"Feature", "properties":{"level1":5, "nodPos1":60},
    "geometry":{"type": "Point", "coordinates":[-59.4844,36.4303]}}
,   {"type":"Feature", "properties":{"level1":5, "nodPos1":61},
    "geometry":{"type": "Point", "coordinates":[-59.4314,36.2371]}}
,   {"type":"Feature", "properties":{"level1":5, "nodPos1":62},
    "geometry":{"type": "Point", "coordinates":[-59.3787,36.0439]}}
,   {"type":"Feature", "properties":{"level1":5, "nodPos1":63},
    "geometry":{"type": "Point", "coordinates":[-59.3262,35.8506]}}
,   {"type":"Feature", "properties":{"level1":5, "nodPos1":64},
    "geometry":{"type": "Point", "coordinates":[-59.2740,35.6574]}}
,   {"type":"Feature", "properties":{"level1":5, "nodPos1":65},
    "geometry":{"type": "Point", "coordinates":[-59.2220,35.4641]}}
,   {"type":"Feature", "properties":{"level1":5, "nodPos1":66},
    "geometry":{"type": "Point", "coordinates":[-59.1703,35.2708]}}
,   {"type":"Feature", "properties":{"level1":5, "nodPos1":67},
    "geometry":{"type": "Point", "coordinates":[-59.1188,35.0775]}}
,   {"type":"Feature", "properties":{"level1":5, "nodPos1":68},
    "geometry":{"type": "Point", "coordinates":[-59.0676,34.8841]}}
,   {"type":"Feature", "properties":{"level1":5, "nodPos1":69},
    "geometry":{"type": "Point", "coordinates":[-59.0166,34.6908]}}
,   {"type":"Feature", "properties":{"level1":5, "nodPos1":70},
    "geometry":{"type": "Point", "coordinates":[-58.9659,34.4974]}}
,   {"type":"Feature", "properties":{"level1":5, "nodPos1":71},
    "geometry":{"type": "Point", "coordinates":[-58.9154,34.3040]}}
,   {"type":"Feature", "properties":{"level1":5, "nodPos1":72},
    "geometry":{"type": "Point", "coordinates":[-58.8651,34.1105]}}
,   {"type":"Feature", "properties":{"level1":5, "nodPos1":73},
    "geometry":{"type": "Point", "coordinates":[-58.8150,33.9171]}}
,   {"type":"Feature", "properties":{"level1":5, "nodPos1":74},
    "geometry":{"type": "Point", "coordinates":[-58.7652,33.7236]}}
,   {"type":"Feature", "properties":{"level1":5, "nodPos1":75},
    "geometry":{"type": "Point", "coordinates":[-58.7156,33.5301]}}
,   {"type":"Feature", "properties":{"level1":5, "nodPos1":76},
    "geometry":{"type": "Point", "coordinates":[-58.6662,33.3366]}}
,   {"type":"Feature", "properties":{"level1":5, "nodPos1":77},
    "geometry":{"type": "Point", "coordinates":[-58.6171,33.1431]}}
,   {"type":"Feature", "properties":{"level1":5, "nodPos1":78},
    "geometry":{"type": "Point", "coordinates":[-58.5681,32.9495]}}
,   {"type":"Feature", "properties":{"level1":5, "nodPos1":79},
    "geometry":{"type": "Point", "coordinates":[-58.5194,32.7559]}}
,   {"type":"Feature", "properties":{"level1":5, "nodPos1":80},
    "geometry":{"type": "Point", "coordinates":[-58.4709,32.5624]}}
,   {"type":"Feature", "properties":{"level1":5, "nodPos1":81},
    "geometry":{"type": "Point", "coordinates":[-58.4226,32.3687]}}
,   {"type":"Feature", "properties":{"level1":5, "nodPos1":82},
    "geometry":{"type": "Point", "coordinates":[-58.3745,32.1751]}}
,   {"type":"Feature", "properties":{"level1":5, "nodPos1":83},
    "geometry":{"type": "Point", "coordinates":[-58.3266,31.9815]}}
,   {"type":"Feature", "properties":{"level1":5, "nodPos1":84},
    "geometry":{"type": "Point", "coordinates":[-58.2789,31.7878]}}
,   {"type":"Feature", "properties":{"level1":5, "nodPos1":85},
    "geometry":{"type": "Point", "coordinates":[-58.2314,31.5941]}}
,   {"type":"Feature", "properties":{"level1":5, "nodPos1":86},
    "geometry":{"type": "Point", "coordinates":[-58.1841,31.4004]}}
,   {"type":"Feature", "properties":{"level1":5, "nodPos1":87},
    "geometry":{"type": "Point", "coordinates":[-58.1370,31.2067]}}
,   {"type":"Feature", "properties":{"level1":5, "nodPos1":88},
    "geometry":{"type": "Point", "coordinates":[-58.0901,31.0130]}}
,   {"type":"Feature", "properties":{"level1":5, "nodPos1":89},
    "geometry":{"type": "Point", "coordinates":[-58.0434,30.8192]}}
,   {"type":"Feature", "properties":{"level1":5, "nodPos1":90},
    "geometry":{"type": "Point", "coordinates":[-57.9968,30.6255]}}
,   {"type":"Feature", "properties":{"level1":6, "nodPos1":0},
    "geometry":{"type": "Point", "coordinates":[-61.4633,48.4268]}}
,   {"type":"Feature", "properties":{"level1":6, "nodPos1":1},
    "geometry":{"type": "Point", "coordinates":[-61.3844,48.2360]}}
,   {"type":"Feature", "properties":{"level1":6, "nodPos1":2},
    "geometry":{"type": "Point", "coordinates":[-61.3061,48.0452]}}
,   {"type":"Feature", "properties":{"level1":6, "nodPos1":3},
    "geometry":{"type": "Point", "coordinates":[-61.2003,47.7847]}}
,   {"type":"Feature", "properties":{"level1":6, "nodPos1":4},
    "geometry":{"type": "Point", "coordinates":[-61.1512,47.6634]}}
,   {"type":"Feature", "properties":{"level1":6, "nodPos1":5},
    "geometry":{"type": "Point", "coordinates":[-61.0746,47.4724]}}
,   {"type":"Feature", "properties":{"level1":6, "nodPos1":6},
    "geometry":{"type": "Point", "coordinates":[-60.9986,47.2814]}}
,   {"type":"Feature", "properties":{"level1":6, "nodPos1":7},
    "geometry":{"type": "Point", "coordinates":[-60.9231,47.0903]}}
,   {"type":"Feature", "properties":{"level1":6, "nodPos1":8},
    "geometry":{"type": "Point", "coordinates":[-60.8980,47.0264]}}
,   {"type":"Feature", "properties":{"level1":6, "nodPos1":15},
    "geometry":{"type": "Point", "coordinates":[-60.3002,45.4582]}}
,   {"type":"Feature", "properties":{"level1":6, "nodPos1":16},
    "geometry":{"type": "Point", "coordinates":[-60.2670,45.3684]}}
,   {"type":"Feature", "properties":{"level1":6, "nodPos1":17},
    "geometry":{"type": "Point", "coordinates":[-60.1966,45.1769]}}
,   {"type":"Feature", "properties":{"level1":6, "nodPos1":18},
    "geometry":{"type": "Point", "coordinates":[-60.1266,44.9853]}}
,   {"type":"Feature", "properties":{"level1":6, "nodPos1":19},
    "geometry":{"type": "Point", "coordinates":[-60.0572,44.7936]}}
,   {"type":"Feature", "properties":{"level1":6, "nodPos1":20},
    "geometry":{"type": "Point", "coordinates":[-59.9881,44.6020]}}
,   {"type":"Feature", "properties":{"level1":6, "nodPos1":21},
    "geometry":{"type": "Point", "coordinates":[-59.9196,44.4103]}}
,   {"type":"Feature", "properties":{"level1":6, "nodPos1":22},
    "geometry":{"type": "Point", "coordinates":[-59.8515,44.2185]}}
,   {"type":"Feature", "properties":{"level1":6, "nodPos1":23},
    "geometry":{"type": "Point", "coordinates":[-59.8395,44.1847]}}
,   {"type":"Feature", "properties":{"level1":6, "nodPos1":24},
    "geometry":{"type": "Point", "coordinates":[-59.6919,43.7641]}}
,   {"type":"Feature", "properties":{"level1":6, "nodPos1":25},
    "geometry":{"type": "Point", "coordinates":[-59.6497,43.6430]}}
,   {"type":"Feature", "properties":{"level1":6, "nodPos1":26},
    "geometry":{"type": "Point", "coordinates":[-59.5834,43.4511]}}
,   {"type":"Feature", "properties":{"level1":6, "nodPos1":27},
    "geometry":{"type": "Point", "coordinates":[-59.5174,43.2591]}}
,   {"type":"Feature", "properties":{"level1":6, "nodPos1":28},
    "geometry":{"type": "Point", "coordinates":[-59.4519,43.0672]}}
,   {"type":"Feature", "properties":{"level1":6, "nodPos1":29},
    "geometry":{"type": "Point", "coordinates":[-59.3867,42.8751]}}
,   {"type":"Feature", "properties":{"level1":6, "nodPos1":30},
    "geometry":{"type": "Point", "coordinates":[-59.3220,42.6831]}}
,   {"type":"Feature", "properties":{"level1":6, "nodPos1":31},
    "geometry":{"type": "Point", "coordinates":[-59.2577,42.4910]}}
,   {"type":"Feature", "properties":{"level1":6, "nodPos1":32},
    "geometry":{"type": "Point", "coordinates":[-59.1937,42.2988]}}
,   {"type":"Feature", "properties":{"level1":6, "nodPos1":33},
    "geometry":{"type": "Point", "coordinates":[-59.1302,42.1067]}}
,   {"type":"Feature", "properties":{"level1":6, "nodPos1":34},
    "geometry":{"type": "Point", "coordinates":[-59.0670,41.9145]}}
,   {"type":"Feature", "properties":{"level1":6, "nodPos1":35},
    "geometry":{"type": "Point", "coordinates":[-59.0042,41.7222]}}
,   {"type":"Feature", "properties":{"level1":6, "nodPos1":36},
    "geometry":{"type": "Point", "coordinates":[-58.9418,41.5300]}}
,   {"type":"Feature", "properties":{"level1":6, "nodPos1":37},
    "geometry":{"type": "Point", "coordinates":[-58.8798,41.3377]}}
,   {"type":"Feature", "properties":{"level1":6, "nodPos1":38},
    "geometry":{"type": "Point", "coordinates":[-58.8181,41.1453]}}
,   {"type":"Feature", "properties":{"level1":6, "nodPos1":39},
    "geometry":{"type": "Point", "coordinates":[-58.7568,40.9529]}}
,   {"type":"Feature", "properties":{"level1":6, "nodPos1":40},
    "geometry":{"type": "Point", "coordinates":[-58.6958,40.7605]}}
,   {"type":"Feature", "properties":{"level1":6, "nodPos1":41},
    "geometry":{"type": "Point", "coordinates":[-58.6352,40.5681]}}
,   {"type":"Feature", "properties":{"level1":6, "nodPos1":42},
    "geometry":{"type": "Point", "coordinates":[-58.5749,40.3756]}}
,   {"type":"Feature", "properties":{"level1":6, "nodPos1":43},
    "geometry":{"type": "Point", "coordinates":[-58.5150,40.1831]}}
,   {"type":"Feature", "properties":{"level1":6, "nodPos1":44},
    "geometry":{"type": "Point", "coordinates":[-58.4554,39.9906]}}
,   {"type":"Feature", "properties":{"level1":6, "nodPos1":45},
    "geometry":{"type": "Point", "coordinates":[-58.3962,39.7981]}}
,   {"type":"Feature", "properties":{"level1":6, "nodPos1":46},
    "geometry":{"type": "Point", "coordinates":[-58.3373,39.6055]}}
,   {"type":"Feature", "properties":{"level1":6, "nodPos1":47},
    "geometry":{"type": "Point", "coordinates":[-58.2787,39.4128]}}
,   {"type":"Feature", "properties":{"level1":6, "nodPos1":48},
    "geometry":{"type": "Point", "coordinates":[-58.2204,39.2202]}}
,   {"type":"Feature", "properties":{"level1":6, "nodPos1":49},
    "geometry":{"type": "Point", "coordinates":[-58.1625,39.0275]}}
,   {"type":"Feature", "properties":{"level1":6, "nodPos1":50},
    "geometry":{"type": "Point", "coordinates":[-58.1049,38.8348]}}
,   {"type":"Feature", "properties":{"level1":6, "nodPos1":51},
    "geometry":{"type": "Point", "coordinates":[-58.0475,38.6421]}}
,   {"type":"Feature", "properties":{"level1":6, "nodPos1":52},
    "geometry":{"type": "Point", "coordinates":[-57.9905,38.4493]}}
,   {"type":"Feature", "properties":{"level1":6, "nodPos1":53},
    "geometry":{"type": "Point", "coordinates":[-57.9338,38.2565]}}
,   {"type":"Feature", "properties":{"level1":6, "nodPos1":54},
    "geometry":{"type": "Point", "coordinates":[-57.8774,38.0637]}}
,   {"type":"Feature", "properties":{"level1":6, "nodPos1":55},
    "geometry":{"type": "Point", "coordinates":[-57.8213,37.8709]}}
,   {"type":"Feature", "properties":{"level1":6, "nodPos1":56},
    "geometry":{"type": "Point", "coordinates":[-57.7655,37.6780]}}
,   {"type":"Feature", "properties":{"level1":6, "nodPos1":57},
    "geometry":{"type": "Point", "coordinates":[-57.7100,37.4851]}}
,   {"type":"Feature", "properties":{"level1":6, "nodPos1":58},
    "geometry":{"type": "Point", "coordinates":[-57.6547,37.2922]}}
,   {"type":"Feature", "properties":{"level1":6, "nodPos1":59},
    "geometry":{"type": "Point", "coordinates":[-57.5998,37.0992]}}
,   {"type":"Feature", "properties":{"level1":6, "nodPos1":60},
    "geometry":{"type": "Point", "coordinates":[-57.5451,36.9063]}}
,   {"type":"Feature", "properties":{"level1":6, "nodPos1":61},
    "geometry":{"type": "Point", "coordinates":[-57.4907,36.7133]}}
,   {"type":"Feature", "properties":{"level1":6, "nodPos1":62},
    "geometry":{"type": "Point", "coordinates":[-57.4366,36.5203]}}
,   {"type":"Feature", "properties":{"level1":6, "nodPos1":63},
    "geometry":{"type": "Point", "coordinates":[-57.3827,36.3272]}}
,   {"type":"Feature", "properties":{"level1":6, "nodPos1":64},
    "geometry":{"type": "Point", "coordinates":[-57.3291,36.1341]}}
,   {"type":"Feature", "properties":{"level1":6, "nodPos1":65},
    "geometry":{"type": "Point", "coordinates":[-57.2758,35.9410]}}
,   {"type":"Feature", "properties":{"level1":6, "nodPos1":66},
    "geometry":{"type": "Point", "coordinates":[-57.2227,35.7479]}}
,   {"type":"Feature", "properties":{"level1":6, "nodPos1":67},
    "geometry":{"type": "Point", "coordinates":[-57.1699,35.5548]}}
,   {"type":"Feature", "properties":{"level1":6, "nodPos1":68},
    "geometry":{"type": "Point", "coordinates":[-57.1173,35.3616]}}
,   {"type":"Feature", "properties":{"level1":6, "nodPos1":69},
    "geometry":{"type": "Point", "coordinates":[-57.0650,35.1684]}}
,   {"type":"Feature", "properties":{"level1":6, "nodPos1":70},
    "geometry":{"type": "Point", "coordinates":[-57.0129,34.9752]}}
,   {"type":"Feature", "properties":{"level1":6, "nodPos1":71},
    "geometry":{"type": "Point", "coordinates":[-56.9611,34.7820]}}
,   {"type":"Feature", "properties":{"level1":6, "nodPos1":72},
    "geometry":{"type": "Point", "coordinates":[-56.9096,34.5887]}}
,   {"type":"Feature", "properties":{"level1":6, "nodPos1":73},
    "geometry":{"type": "Point", "coordinates":[-56.8582,34.3955]}}
,   {"type":"Feature", "properties":{"level1":6, "nodPos1":74},
    "geometry":{"type": "Point", "coordinates":[-56.8071,34.2022]}}
,   {"type":"Feature", "properties":{"level1":6, "nodPos1":75},
    "geometry":{"type": "Point", "coordinates":[-56.7563,34.0089]}}
,   {"type":"Feature", "properties":{"level1":6, "nodPos1":76},
    "geometry":{"type": "Point", "coordinates":[-56.7056,33.8155]}}
,   {"type":"Feature", "properties":{"level1":6, "nodPos1":77},
    "geometry":{"type": "Point", "coordinates":[-56.6552,33.6222]}}
,   {"type":"Feature", "properties":{"level1":6, "nodPos1":78},
    "geometry":{"type": "Point", "coordinates":[-56.6050,33.4288]}}
,   {"type":"Feature", "properties":{"level1":6, "nodPos1":79},
    "geometry":{"type": "Point", "coordinates":[-56.5551,33.2354]}}
,   {"type":"Feature", "properties":{"level1":6, "nodPos1":80},
    "geometry":{"type": "Point", "coordinates":[-56.5053,33.0420]}}
,   {"type":"Feature", "properties":{"level1":6, "nodPos1":81},
    "geometry":{"type": "Point", "coordinates":[-56.4558,32.8485]}}
,   {"type":"Feature", "properties":{"level1":6, "nodPos1":82},
    "geometry":{"type": "Point", "coordinates":[-56.4065,32.6551]}}
,   {"type":"Feature", "properties":{"level1":6, "nodPos1":83},
    "geometry":{"type": "Point", "coordinates":[-56.3574,32.4616]}}
,   {"type":"Feature", "properties":{"level1":6, "nodPos1":84},
    "geometry":{"type": "Point", "coordinates":[-56.3085,32.2681]}}
,   {"type":"Feature", "properties":{"level1":6, "nodPos1":85},
    "geometry":{"type": "Point", "coordinates":[-56.2599,32.0746]}}
,   {"type":"Feature", "properties":{"level1":6, "nodPos1":86},
    "geometry":{"type": "Point", "coordinates":[-56.2114,31.8811]}}
,   {"type":"Feature", "properties":{"level1":6, "nodPos1":87},
    "geometry":{"type": "Point", "coordinates":[-56.1631,31.6875]}}
,   {"type":"Feature", "properties":{"level1":6, "nodPos1":88},
    "geometry":{"type": "Point", "coordinates":[-56.1151,31.4939]}}
,   {"type":"Feature", "properties":{"level1":6, "nodPos1":89},
    "geometry":{"type": "Point", "coordinates":[-56.0672,31.3004]}}
,   {"type":"Feature", "properties":{"level1":6, "nodPos1":90},
    "geometry":{"type": "Point", "coordinates":[-56.0196,31.1068]}}
,   {"type":"Feature", "properties":{"level1":7, "nodPos1":0},
    "geometry":{"type": "Point", "coordinates":[-59.4575,48.8984]}}
,   {"type":"Feature", "properties":{"level1":7, "nodPos1":1},
    "geometry":{"type": "Point", "coordinates":[-59.3802,48.7073]}}
,   {"type":"Feature", "properties":{"level1":7, "nodPos1":2},
    "geometry":{"type": "Point", "coordinates":[-59.3745,48.6931]}}
,   {"type":"Feature", "properties":{"level1":7, "nodPos1":7},
    "geometry":{"type": "Point", "coordinates":[-58.8613,47.3847]}}
,   {"type":"Feature", "properties":{"level1":7, "nodPos1":8},
    "geometry":{"type": "Point", "coordinates":[-58.8547,47.3676]}}
,   {"type":"Feature", "properties":{"level1":7, "nodPos1":9},
    "geometry":{"type": "Point", "coordinates":[-58.7819,47.1760]}}
,   {"type":"Feature", "properties":{"level1":7, "nodPos1":10},
    "geometry":{"type": "Point", "coordinates":[-58.7095,46.9844]}}
,   {"type":"Feature", "properties":{"level1":7, "nodPos1":11},
    "geometry":{"type": "Point", "coordinates":[-58.6377,46.7928]}}
,   {"type":"Feature", "properties":{"level1":7, "nodPos1":12},
    "geometry":{"type": "Point", "coordinates":[-58.5663,46.6010]}}
,   {"type":"Feature", "properties":{"level1":7, "nodPos1":13},
    "geometry":{"type": "Point", "coordinates":[-58.4955,46.4093]}}
,   {"type":"Feature", "properties":{"level1":7, "nodPos1":14},
    "geometry":{"type": "Point", "coordinates":[-58.4252,46.2175]}}
,   {"type":"Feature", "properties":{"level1":7, "nodPos1":15},
    "geometry":{"type": "Point", "coordinates":[-58.3553,46.0257]}}
,   {"type":"Feature", "properties":{"level1":7, "nodPos1":16},
    "geometry":{"type": "Point", "coordinates":[-58.2860,45.8338]}}
,   {"type":"Feature", "properties":{"level1":7, "nodPos1":17},
    "geometry":{"type": "Point", "coordinates":[-58.2171,45.6419]}}
,   {"type":"Feature", "properties":{"level1":7, "nodPos1":18},
    "geometry":{"type": "Point", "coordinates":[-58.1487,45.4499]}}
,   {"type":"Feature", "properties":{"level1":7, "nodPos1":19},
    "geometry":{"type": "Point", "coordinates":[-58.0808,45.2579]}}
,   {"type":"Feature", "properties":{"level1":7, "nodPos1":20},
    "geometry":{"type": "Point", "coordinates":[-58.0133,45.0659]}}
,   {"type":"Feature", "properties":{"level1":7, "nodPos1":21},
    "geometry":{"type": "Point", "coordinates":[-57.9462,44.8738]}}
,   {"type":"Feature", "properties":{"level1":7, "nodPos1":22},
    "geometry":{"type": "Point", "coordinates":[-57.8796,44.6816]}}
,   {"type":"Feature", "properties":{"level1":7, "nodPos1":23},
    "geometry":{"type": "Point", "coordinates":[-57.8135,44.4895]}}
,   {"type":"Feature", "properties":{"level1":7, "nodPos1":24},
    "geometry":{"type": "Point", "coordinates":[-57.7478,44.2973]}}
,   {"type":"Feature", "properties":{"level1":7, "nodPos1":25},
    "geometry":{"type": "Point", "coordinates":[-57.6825,44.1051]}}
,   {"type":"Feature", "properties":{"level1":7, "nodPos1":26},
    "geometry":{"type": "Point", "coordinates":[-57.6176,43.9128]}}
,   {"type":"Feature", "properties":{"level1":7, "nodPos1":27},
    "geometry":{"type": "Point", "coordinates":[-57.5532,43.7205]}}
,   {"type":"Feature", "properties":{"level1":7, "nodPos1":28},
    "geometry":{"type": "Point", "coordinates":[-57.4892,43.5281]}}
,   {"type":"Feature", "properties":{"level1":7, "nodPos1":29},
    "geometry":{"type": "Point", "coordinates":[-57.4255,43.3357]}}
,   {"type":"Feature", "properties":{"level1":7, "nodPos1":30},
    "geometry":{"type": "Point", "coordinates":[-57.3623,43.1433]}}
,   {"type":"Feature", "properties":{"level1":7, "nodPos1":31},
    "geometry":{"type": "Point", "coordinates":[-57.2995,42.9509]}}
,   {"type":"Feature", "properties":{"level1":7, "nodPos1":32},
    "geometry":{"type": "Point", "coordinates":[-57.2370,42.7584]}}
,   {"type":"Feature", "properties":{"level1":7, "nodPos1":33},
    "geometry":{"type": "Point", "coordinates":[-57.1750,42.5659]}}
,   {"type":"Feature", "properties":{"level1":7, "nodPos1":34},
    "geometry":{"type": "Point", "coordinates":[-57.1133,42.3733]}}
,   {"type":"Feature", "properties":{"level1":7, "nodPos1":35},
    "geometry":{"type": "Point", "coordinates":[-57.0520,42.1807]}}
,   {"type":"Feature", "properties":{"level1":7, "nodPos1":36},
    "geometry":{"type": "Point", "coordinates":[-56.9911,41.9881]}}
,   {"type":"Feature", "properties":{"level1":7, "nodPos1":37},
    "geometry":{"type": "Point", "coordinates":[-56.9306,41.7955]}}
,   {"type":"Feature", "properties":{"level1":7, "nodPos1":38},
    "geometry":{"type": "Point", "coordinates":[-56.8704,41.6028]}}
,   {"type":"Feature", "properties":{"level1":7, "nodPos1":39},
    "geometry":{"type": "Point", "coordinates":[-56.8106,41.4101]}}
,   {"type":"Feature", "properties":{"level1":7, "nodPos1":40},
    "geometry":{"type": "Point", "coordinates":[-56.7511,41.2174]}}
,   {"type":"Feature", "properties":{"level1":7, "nodPos1":41},
    "geometry":{"type": "Point", "coordinates":[-56.6920,41.0246]}}
,   {"type":"Feature", "properties":{"level1":7, "nodPos1":42},
    "geometry":{"type": "Point", "coordinates":[-56.6332,40.8318]}}
,   {"type":"Feature", "properties":{"level1":7, "nodPos1":43},
    "geometry":{"type": "Point", "coordinates":[-56.5747,40.6389]}}
,   {"type":"Feature", "properties":{"level1":7, "nodPos1":44},
    "geometry":{"type": "Point", "coordinates":[-56.5166,40.4461]}}
,   {"type":"Feature", "properties":{"level1":7, "nodPos1":45},
    "geometry":{"type": "Point", "coordinates":[-56.4589,40.2532]}}
,   {"type":"Feature", "properties":{"level1":7, "nodPos1":46},
    "geometry":{"type": "Point", "coordinates":[-56.4014,40.0603]}}
,   {"type":"Feature", "properties":{"level1":7, "nodPos1":47},
    "geometry":{"type": "Point", "coordinates":[-56.3443,39.8673]}}
,   {"type":"Feature", "properties":{"level1":7, "nodPos1":48},
    "geometry":{"type": "Point", "coordinates":[-56.2875,39.6744]}}
,   {"type":"Feature", "properties":{"level1":7, "nodPos1":49},
    "geometry":{"type": "Point", "coordinates":[-56.2310,39.4814]}}
,   {"type":"Feature", "properties":{"level1":7, "nodPos1":50},
    "geometry":{"type": "Point", "coordinates":[-56.1749,39.2883]}}
,   {"type":"Feature", "properties":{"level1":7, "nodPos1":51},
    "geometry":{"type": "Point", "coordinates":[-56.1190,39.0953]}}
,   {"type":"Feature", "properties":{"level1":7, "nodPos1":52},
    "geometry":{"type": "Point", "coordinates":[-56.0635,38.9022]}}
,   {"type":"Feature", "properties":{"level1":7, "nodPos1":53},
    "geometry":{"type": "Point", "coordinates":[-56.0082,38.7091]}}
,   {"type":"Feature", "properties":{"level1":7, "nodPos1":54},
    "geometry":{"type": "Point", "coordinates":[-55.9533,38.5159]}}
,   {"type":"Feature", "properties":{"level1":7, "nodPos1":55},
    "geometry":{"type": "Point", "coordinates":[-55.8986,38.3228]}}
,   {"type":"Feature", "properties":{"level1":7, "nodPos1":56},
    "geometry":{"type": "Point", "coordinates":[-55.8442,38.1296]}}
,   {"type":"Feature", "properties":{"level1":7, "nodPos1":57},
    "geometry":{"type": "Point", "coordinates":[-55.7901,37.9364]}}
,   {"type":"Feature", "properties":{"level1":7, "nodPos1":58},
    "geometry":{"type": "Point", "coordinates":[-55.7363,37.7431]}}
,   {"type":"Feature", "properties":{"level1":7, "nodPos1":59},
    "geometry":{"type": "Point", "coordinates":[-55.6828,37.5499]}}
,   {"type":"Feature", "properties":{"level1":7, "nodPos1":60},
    "geometry":{"type": "Point", "coordinates":[-55.6296,37.3566]}}
,   {"type":"Feature", "properties":{"level1":7, "nodPos1":61},
    "geometry":{"type": "Point", "coordinates":[-55.5766,37.1633]}}
,   {"type":"Feature", "properties":{"level1":7, "nodPos1":62},
    "geometry":{"type": "Point", "coordinates":[-55.5239,36.9700]}}
,   {"type":"Feature", "properties":{"level1":7, "nodPos1":63},
    "geometry":{"type": "Point", "coordinates":[-55.4715,36.7766]}}
,   {"type":"Feature", "properties":{"level1":7, "nodPos1":64},
    "geometry":{"type": "Point", "coordinates":[-55.4193,36.5832]}}
,   {"type":"Feature", "properties":{"level1":7, "nodPos1":65},
    "geometry":{"type": "Point", "coordinates":[-55.3674,36.3898]}}
,   {"type":"Feature", "properties":{"level1":7, "nodPos1":66},
    "geometry":{"type": "Point", "coordinates":[-55.3158,36.1964]}}
,   {"type":"Feature", "properties":{"level1":7, "nodPos1":67},
    "geometry":{"type": "Point", "coordinates":[-55.2644,36.0030]}}
,   {"type":"Feature", "properties":{"level1":7, "nodPos1":68},
    "geometry":{"type": "Point", "coordinates":[-55.2132,35.8095]}}
,   {"type":"Feature", "properties":{"level1":7, "nodPos1":69},
    "geometry":{"type": "Point", "coordinates":[-55.1623,35.6160]}}
,   {"type":"Feature", "properties":{"level1":7, "nodPos1":70},
    "geometry":{"type": "Point", "coordinates":[-55.1117,35.4225]}}
,   {"type":"Feature", "properties":{"level1":7, "nodPos1":71},
    "geometry":{"type": "Point", "coordinates":[-55.0613,35.2290]}}
,   {"type":"Feature", "properties":{"level1":7, "nodPos1":72},
    "geometry":{"type": "Point", "coordinates":[-55.0111,35.0354]}}
,   {"type":"Feature", "properties":{"level1":7, "nodPos1":73},
    "geometry":{"type": "Point", "coordinates":[-54.9612,34.8419]}}
,   {"type":"Feature", "properties":{"level1":7, "nodPos1":74},
    "geometry":{"type": "Point", "coordinates":[-54.9115,34.6483]}}
,   {"type":"Feature", "properties":{"level1":7, "nodPos1":75},
    "geometry":{"type": "Point", "coordinates":[-54.8620,34.4547]}}
,   {"type":"Feature", "properties":{"level1":7, "nodPos1":76},
    "geometry":{"type": "Point", "coordinates":[-54.8128,34.2610]}}
,   {"type":"Feature", "properties":{"level1":7, "nodPos1":77},
    "geometry":{"type": "Point", "coordinates":[-54.7638,34.0674]}}
,   {"type":"Feature", "properties":{"level1":7, "nodPos1":78},
    "geometry":{"type": "Point", "coordinates":[-54.7150,33.8737]}}
,   {"type":"Feature", "properties":{"level1":7, "nodPos1":79},
    "geometry":{"type": "Point", "coordinates":[-54.6664,33.6800]}}
,   {"type":"Feature", "properties":{"level1":7, "nodPos1":80},
    "geometry":{"type": "Point", "coordinates":[-54.6181,33.4863]}}
,   {"type":"Feature", "properties":{"level1":7, "nodPos1":81},
    "geometry":{"type": "Point", "coordinates":[-54.5700,33.2926]}}
,   {"type":"Feature", "properties":{"level1":7, "nodPos1":82},
    "geometry":{"type": "Point", "coordinates":[-54.5220,33.0988]}}
,   {"type":"Feature", "properties":{"level1":7, "nodPos1":83},
    "geometry":{"type": "Point", "coordinates":[-54.4743,32.9051]}}
,   {"type":"Feature", "properties":{"level1":7, "nodPos1":84},
    "geometry":{"type": "Point", "coordinates":[-54.4268,32.7113]}}
,   {"type":"Feature", "properties":{"level1":7, "nodPos1":85},
    "geometry":{"type": "Point", "coordinates":[-54.3796,32.5175]}}
,   {"type":"Feature", "properties":{"level1":7, "nodPos1":86},
    "geometry":{"type": "Point", "coordinates":[-54.3325,32.3237]}}
,   {"type":"Feature", "properties":{"level1":7, "nodPos1":87},
    "geometry":{"type": "Point", "coordinates":[-54.2856,32.1298]}}
,   {"type":"Feature", "properties":{"level1":7, "nodPos1":88},
    "geometry":{"type": "Point", "coordinates":[-54.2389,31.9360]}}
,   {"type":"Feature", "properties":{"level1":7, "nodPos1":89},
    "geometry":{"type": "Point", "coordinates":[-54.1924,31.7421]}}
,   {"type":"Feature", "properties":{"level1":7, "nodPos1":90},
    "geometry":{"type": "Point", "coordinates":[-54.1461,31.5482]}}
,   {"type":"Feature", "properties":{"level1":8, "nodPos1":10},
    "geometry":{"type": "Point", "coordinates":[-56.7836,47.3192]}}
,   {"type":"Feature", "properties":{"level1":8, "nodPos1":11},
    "geometry":{"type": "Point", "coordinates":[-56.7510,47.2350]}}
,   {"type":"Feature", "properties":{"level1":8, "nodPos1":12},
    "geometry":{"type": "Point", "coordinates":[-56.6774,47.0435]}}
,   {"type":"Feature", "properties":{"level1":8, "nodPos1":13},
    "geometry":{"type": "Point", "coordinates":[-56.6044,46.8521]}}
,   {"type":"Feature", "properties":{"level1":8, "nodPos1":14},
    "geometry":{"type": "Point", "coordinates":[-56.5284,46.6514]}}
,   {"type":"Feature", "properties":{"level1":8, "nodPos1":15},
    "geometry":{"type": "Point", "coordinates":[-56.4599,46.4690]}}
,   {"type":"Feature", "properties":{"level1":8, "nodPos1":16},
    "geometry":{"type": "Point", "coordinates":[-56.3884,46.2774]}}
,   {"type":"Feature", "properties":{"level1":8, "nodPos1":17},
    "geometry":{"type": "Point", "coordinates":[-56.3174,46.0857]}}
,   {"type":"Feature", "properties":{"level1":8, "nodPos1":18},
    "geometry":{"type": "Point", "coordinates":[-56.2469,45.8941]}}
,   {"type":"Feature", "properties":{"level1":8, "nodPos1":19},
    "geometry":{"type": "Point", "coordinates":[-56.1769,45.7023]}}
,   {"type":"Feature", "properties":{"level1":8, "nodPos1":20},
    "geometry":{"type": "Point", "coordinates":[-56.1073,45.5105]}}
,   {"type":"Feature", "properties":{"level1":8, "nodPos1":21},
    "geometry":{"type": "Point", "coordinates":[-56.0383,45.3187]}}
,   {"type":"Feature", "properties":{"level1":8, "nodPos1":22},
    "geometry":{"type": "Point", "coordinates":[-55.9697,45.1269]}}
,   {"type":"Feature", "properties":{"level1":8, "nodPos1":23},
    "geometry":{"type": "Point", "coordinates":[-55.9015,44.9350]}}
,   {"type":"Feature", "properties":{"level1":8, "nodPos1":24},
    "geometry":{"type": "Point", "coordinates":[-55.8338,44.7430]}}
,   {"type":"Feature", "properties":{"level1":8, "nodPos1":25},
    "geometry":{"type": "Point", "coordinates":[-55.7666,44.5510]}}
,   {"type":"Feature", "properties":{"level1":8, "nodPos1":26},
    "geometry":{"type": "Point", "coordinates":[-55.6998,44.3590]}}
,   {"type":"Feature", "properties":{"level1":8, "nodPos1":27},
    "geometry":{"type": "Point", "coordinates":[-55.6335,44.1670]}}
,   {"type":"Feature", "properties":{"level1":8, "nodPos1":28},
    "geometry":{"type": "Point", "coordinates":[-55.5675,43.9749]}}
,   {"type":"Feature", "properties":{"level1":8, "nodPos1":29},
    "geometry":{"type": "Point", "coordinates":[-55.5020,43.7827]}}
,   {"type":"Feature", "properties":{"level1":8, "nodPos1":30},
    "geometry":{"type": "Point", "coordinates":[-55.4369,43.5906]}}
,   {"type":"Feature", "properties":{"level1":8, "nodPos1":31},
    "geometry":{"type": "Point", "coordinates":[-55.3723,43.3984]}}
,   {"type":"Feature", "properties":{"level1":8, "nodPos1":32},
    "geometry":{"type": "Point", "coordinates":[-55.3080,43.2061]}}
,   {"type":"Feature", "properties":{"level1":8, "nodPos1":33},
    "geometry":{"type": "Point", "coordinates":[-55.2442,43.0138]}}
,   {"type":"Feature", "properties":{"level1":8, "nodPos1":34},
    "geometry":{"type": "Point", "coordinates":[-55.1807,42.8215]}}
,   {"type":"Feature", "properties":{"level1":8, "nodPos1":35},
    "geometry":{"type": "Point", "coordinates":[-55.1176,42.6292]}}
,   {"type":"Feature", "properties":{"level1":8, "nodPos1":36},
    "geometry":{"type": "Point", "coordinates":[-55.0550,42.4368]}}
,   {"type":"Feature", "properties":{"level1":8, "nodPos1":37},
    "geometry":{"type": "Point", "coordinates":[-54.9927,42.2444]}}
,   {"type":"Feature", "properties":{"level1":8, "nodPos1":38},
    "geometry":{"type": "Point", "coordinates":[-54.9308,42.0519]}}
,   {"type":"Feature", "properties":{"level1":8, "nodPos1":39},
    "geometry":{"type": "Point", "coordinates":[-54.8692,41.8594]}}
,   {"type":"Feature", "properties":{"level1":8, "nodPos1":40},
    "geometry":{"type": "Point", "coordinates":[-54.8080,41.6669]}}
,   {"type":"Feature", "properties":{"level1":8, "nodPos1":41},
    "geometry":{"type": "Point", "coordinates":[-54.7472,41.4744]}}
,   {"type":"Feature", "properties":{"level1":8, "nodPos1":42},
    "geometry":{"type": "Point", "coordinates":[-54.6868,41.2818]}}
,   {"type":"Feature", "properties":{"level1":8, "nodPos1":43},
    "geometry":{"type": "Point", "coordinates":[-54.6267,41.0892]}}
,   {"type":"Feature", "properties":{"level1":8, "nodPos1":44},
    "geometry":{"type": "Point", "coordinates":[-54.5670,40.8965]}}
,   {"type":"Feature", "properties":{"level1":8, "nodPos1":45},
    "geometry":{"type": "Point", "coordinates":[-54.5076,40.7038]}}
,   {"type":"Feature", "properties":{"level1":8, "nodPos1":46},
    "geometry":{"type": "Point", "coordinates":[-54.4485,40.5111]}}
,   {"type":"Feature", "properties":{"level1":8, "nodPos1":47},
    "geometry":{"type": "Point", "coordinates":[-54.3898,40.3184]}}
,   {"type":"Feature", "properties":{"level1":8, "nodPos1":48},
    "geometry":{"type": "Point", "coordinates":[-54.3314,40.1256]}}
,   {"type":"Feature", "properties":{"level1":8, "nodPos1":49},
    "geometry":{"type": "Point", "coordinates":[-54.2734,39.9328]}}
,   {"type":"Feature", "properties":{"level1":8, "nodPos1":50},
    "geometry":{"type": "Point", "coordinates":[-54.2157,39.7400]}}
,   {"type":"Feature", "properties":{"level1":8, "nodPos1":51},
    "geometry":{"type": "Point", "coordinates":[-54.1583,39.5472]}}
,   {"type":"Feature", "properties":{"level1":8, "nodPos1":52},
    "geometry":{"type": "Point", "coordinates":[-54.1012,39.3543]}}
,   {"type":"Feature", "properties":{"level1":8, "nodPos1":53},
    "geometry":{"type": "Point", "coordinates":[-54.0444,39.1614]}}
,   {"type":"Feature", "properties":{"level1":8, "nodPos1":54},
    "geometry":{"type": "Point", "coordinates":[-53.9880,38.9684]}}
,   {"type":"Feature", "properties":{"level1":8, "nodPos1":55},
    "geometry":{"type": "Point", "coordinates":[-53.9318,38.7755]}}
,   {"type":"Feature", "properties":{"level1":8, "nodPos1":56},
    "geometry":{"type": "Point", "coordinates":[-53.8760,38.5825]}}
,   {"type":"Feature", "properties":{"level1":8, "nodPos1":57},
    "geometry":{"type": "Point", "coordinates":[-53.8204,38.3895]}}
,   {"type":"Feature", "properties":{"level1":8, "nodPos1":58},
    "geometry":{"type": "Point", "coordinates":[-53.7652,38.1964]}}
,   {"type":"Feature", "properties":{"level1":8, "nodPos1":59},
    "geometry":{"type": "Point", "coordinates":[-53.7102,38.0034]}}
,   {"type":"Feature", "properties":{"level1":8, "nodPos1":60},
    "geometry":{"type": "Point", "coordinates":[-53.6556,37.8103]}}
,   {"type":"Feature", "properties":{"level1":8, "nodPos1":61},
    "geometry":{"type": "Point", "coordinates":[-53.6012,37.6172]}}
,   {"type":"Feature", "properties":{"level1":8, "nodPos1":62},
    "geometry":{"type": "Point", "coordinates":[-53.5471,37.4240]}}
,   {"type":"Feature", "properties":{"level1":8, "nodPos1":63},
    "geometry":{"type": "Point", "coordinates":[-53.4933,37.2309]}}
,   {"type":"Feature", "properties":{"level1":8, "nodPos1":64},
    "geometry":{"type": "Point", "coordinates":[-53.4397,37.0377]}}
,   {"type":"Feature", "properties":{"level1":8, "nodPos1":65},
    "geometry":{"type": "Point", "coordinates":[-53.3864,36.8445]}}
,   {"type":"Feature", "properties":{"level1":8, "nodPos1":66},
    "geometry":{"type": "Point", "coordinates":[-53.3334,36.6512]}}
,   {"type":"Feature", "properties":{"level1":8, "nodPos1":67},
    "geometry":{"type": "Point", "coordinates":[-53.2807,36.4580]}}
,   {"type":"Feature", "properties":{"level1":8, "nodPos1":68},
    "geometry":{"type": "Point", "coordinates":[-53.2282,36.2647]}}
,   {"type":"Feature", "properties":{"level1":8, "nodPos1":69},
    "geometry":{"type": "Point", "coordinates":[-53.1760,36.0714]}}
,   {"type":"Feature", "properties":{"level1":8, "nodPos1":70},
    "geometry":{"type": "Point", "coordinates":[-53.1240,35.8780]}}
,   {"type":"Feature", "properties":{"level1":8, "nodPos1":71},
    "geometry":{"type": "Point", "coordinates":[-53.0723,35.6847]}}
,   {"type":"Feature", "properties":{"level1":8, "nodPos1":72},
    "geometry":{"type": "Point", "coordinates":[-53.0209,35.4913]}}
,   {"type":"Feature", "properties":{"level1":8, "nodPos1":73},
    "geometry":{"type": "Point", "coordinates":[-52.9696,35.2979]}}
,   {"type":"Feature", "properties":{"level1":8, "nodPos1":74},
    "geometry":{"type": "Point", "coordinates":[-52.9187,35.1045]}}
,   {"type":"Feature", "properties":{"level1":8, "nodPos1":75},
    "geometry":{"type": "Point", "coordinates":[-52.8679,34.9111]}}
,   {"type":"Feature", "properties":{"level1":8, "nodPos1":76},
    "geometry":{"type": "Point", "coordinates":[-52.8175,34.7176]}}
,   {"type":"Feature", "properties":{"level1":8, "nodPos1":77},
    "geometry":{"type": "Point", "coordinates":[-52.7672,34.5241]}}
,   {"type":"Feature", "properties":{"level1":8, "nodPos1":78},
    "geometry":{"type": "Point", "coordinates":[-52.7172,34.3306]}}
,   {"type":"Feature", "properties":{"level1":8, "nodPos1":79},
    "geometry":{"type": "Point", "coordinates":[-52.6674,34.1371]}}
,   {"type":"Feature", "properties":{"level1":8, "nodPos1":80},
    "geometry":{"type": "Point", "coordinates":[-52.6178,33.9436]}}
,   {"type":"Feature", "properties":{"level1":8, "nodPos1":81},
    "geometry":{"type": "Point", "coordinates":[-52.5685,33.7500]}}
,   {"type":"Feature", "properties":{"level1":8, "nodPos1":82},
    "geometry":{"type": "Point", "coordinates":[-52.5194,33.5564]}}
,   {"type":"Feature", "properties":{"level1":8, "nodPos1":83},
    "geometry":{"type": "Point", "coordinates":[-52.4705,33.3628]}}
,   {"type":"Feature", "properties":{"level1":8, "nodPos1":84},
    "geometry":{"type": "Point", "coordinates":[-52.4218,33.1692]}}
,   {"type":"Feature", "properties":{"level1":8, "nodPos1":85},
    "geometry":{"type": "Point", "coordinates":[-52.3733,32.9756]}}
,   {"type":"Feature", "properties":{"level1":8, "nodPos1":86},
    "geometry":{"type": "Point", "coordinates":[-52.3251,32.7819]}}
,   {"type":"Feature", "properties":{"level1":8, "nodPos1":87},
    "geometry":{"type": "Point", "coordinates":[-52.2770,32.5882]}}
,   {"type":"Feature", "properties":{"level1":8, "nodPos1":88},
    "geometry":{"type": "Point", "coordinates":[-52.2292,32.3945]}}
,   {"type":"Feature", "properties":{"level1":8, "nodPos1":89},
    "geometry":{"type": "Point", "coordinates":[-52.1816,32.2008]}}
,   {"type":"Feature", "properties":{"level1":8, "nodPos1":90},
    "geometry":{"type": "Point", "coordinates":[-52.1341,32.0071]}}
,   {"type":"Feature", "properties":{"level1":9, "nodPos1":14},
    "geometry":{"type": "Point", "coordinates":[-54.5703,47.1438]}}
,   {"type":"Feature", "properties":{"level1":9, "nodPos1":15},
    "geometry":{"type": "Point", "coordinates":[-54.4985,46.9521]}}
,   {"type":"Feature", "properties":{"level1":9, "nodPos1":16},
    "geometry":{"type": "Point", "coordinates":[-54.4271,46.7604]}}
,   {"type":"Feature", "properties":{"level1":9, "nodPos1":17},
    "geometry":{"type": "Point", "coordinates":[-54.3563,46.5686]}}
,   {"type":"Feature", "properties":{"level1":9, "nodPos1":18},
    "geometry":{"type": "Point", "coordinates":[-54.2860,46.3767]}}
,   {"type":"Feature", "properties":{"level1":9, "nodPos1":19},
    "geometry":{"type": "Point", "coordinates":[-54.2161,46.1849]}}
,   {"type":"Feature", "properties":{"level1":9, "nodPos1":20},
    "geometry":{"type": "Point", "coordinates":[-54.1468,45.9930]}}
,   {"type":"Feature", "properties":{"level1":9, "nodPos1":21},
    "geometry":{"type": "Point", "coordinates":[-54.0779,45.8010]}}
,   {"type":"Feature", "properties":{"level1":9, "nodPos1":22},
    "geometry":{"type": "Point", "coordinates":[-54.0095,45.6090]}}
,   {"type":"Feature", "properties":{"level1":9, "nodPos1":23},
    "geometry":{"type": "Point", "coordinates":[-53.9416,45.4170]}}
,   {"type":"Feature", "properties":{"level1":9, "nodPos1":24},
    "geometry":{"type": "Point", "coordinates":[-53.8741,45.2249]}}
,   {"type":"Feature", "properties":{"level1":9, "nodPos1":25},
    "geometry":{"type": "Point", "coordinates":[-53.8071,45.0328]}}
,   {"type":"Feature", "properties":{"level1":9, "nodPos1":26},
    "geometry":{"type": "Point", "coordinates":[-53.7405,44.8406]}}
,   {"type":"Feature", "properties":{"level1":9, "nodPos1":27},
    "geometry":{"type": "Point", "coordinates":[-53.6744,44.6484]}}
,   {"type":"Feature", "properties":{"level1":9, "nodPos1":28},
    "geometry":{"type": "Point", "coordinates":[-53.6087,44.4562]}}
,   {"type":"Feature", "properties":{"level1":9, "nodPos1":29},
    "geometry":{"type": "Point", "coordinates":[-53.5434,44.2639]}}
,   {"type":"Feature", "properties":{"level1":9, "nodPos1":30},
    "geometry":{"type": "Point", "coordinates":[-53.4786,44.0716]}}
,   {"type":"Feature", "properties":{"level1":9, "nodPos1":31},
    "geometry":{"type": "Point", "coordinates":[-53.4142,43.8793]}}
,   {"type":"Feature", "properties":{"level1":9, "nodPos1":32},
    "geometry":{"type": "Point", "coordinates":[-53.3502,43.6869]}}
,   {"type":"Feature", "properties":{"level1":9, "nodPos1":33},
    "geometry":{"type": "Point", "coordinates":[-53.2866,43.4945]}}
,   {"type":"Feature", "properties":{"level1":9, "nodPos1":34},
    "geometry":{"type": "Point", "coordinates":[-53.2234,43.3020]}}
,   {"type":"Feature", "properties":{"level1":9, "nodPos1":35},
    "geometry":{"type": "Point", "coordinates":[-53.1606,43.1095]}}
,   {"type":"Feature", "properties":{"level1":9, "nodPos1":36},
    "geometry":{"type": "Point", "coordinates":[-53.0982,42.9170]}}
,   {"type":"Feature", "properties":{"level1":9, "nodPos1":37},
    "geometry":{"type": "Point", "coordinates":[-53.0362,42.7245]}}
,   {"type":"Feature", "properties":{"level1":9, "nodPos1":38},
    "geometry":{"type": "Point", "coordinates":[-52.9746,42.5319]}}
,   {"type":"Feature", "properties":{"level1":9, "nodPos1":39},
    "geometry":{"type": "Point", "coordinates":[-52.9133,42.3393]}}
,   {"type":"Feature", "properties":{"level1":9, "nodPos1":40},
    "geometry":{"type": "Point", "coordinates":[-52.8525,42.1466]}}
,   {"type":"Feature", "properties":{"level1":9, "nodPos1":41},
    "geometry":{"type": "Point", "coordinates":[-52.7920,41.9539]}}
,   {"type":"Feature", "properties":{"level1":9, "nodPos1":42},
    "geometry":{"type": "Point", "coordinates":[-52.7318,41.7612]}}
,   {"type":"Feature", "properties":{"level1":9, "nodPos1":43},
    "geometry":{"type": "Point", "coordinates":[-52.6721,41.5685]}}
,   {"type":"Feature", "properties":{"level1":9, "nodPos1":44},
    "geometry":{"type": "Point", "coordinates":[-52.6126,41.3757]}}
,   {"type":"Feature", "properties":{"level1":9, "nodPos1":45},
    "geometry":{"type": "Point", "coordinates":[-52.5536,41.1829]}}
,   {"type":"Feature", "properties":{"level1":9, "nodPos1":46},
    "geometry":{"type": "Point", "coordinates":[-52.4948,40.9900]}}
,   {"type":"Feature", "properties":{"level1":9, "nodPos1":47},
    "geometry":{"type": "Point", "coordinates":[-52.4365,40.7972]}}
,   {"type":"Feature", "properties":{"level1":9, "nodPos1":48},
    "geometry":{"type": "Point", "coordinates":[-52.3784,40.6043]}}
,   {"type":"Feature", "properties":{"level1":9, "nodPos1":49},
    "geometry":{"type": "Point", "coordinates":[-52.3207,40.4114]}}
,   {"type":"Feature", "properties":{"level1":9, "nodPos1":50},
    "geometry":{"type": "Point", "coordinates":[-52.2633,40.2184]}}
,   {"type":"Feature", "properties":{"level1":9, "nodPos1":51},
    "geometry":{"type": "Point", "coordinates":[-52.2063,40.0254]}}
,   {"type":"Feature", "properties":{"level1":9, "nodPos1":52},
    "geometry":{"type": "Point", "coordinates":[-52.1496,39.8324]}}
,   {"type":"Feature", "properties":{"level1":9, "nodPos1":53},
    "geometry":{"type": "Point", "coordinates":[-52.0932,39.6394]}}
,   {"type":"Feature", "properties":{"level1":9, "nodPos1":54},
    "geometry":{"type": "Point", "coordinates":[-52.0371,39.4463]}}
,   {"type":"Feature", "properties":{"level1":9, "nodPos1":55},
    "geometry":{"type": "Point", "coordinates":[-51.9813,39.2532]}}
,   {"type":"Feature", "properties":{"level1":9, "nodPos1":56},
    "geometry":{"type": "Point", "coordinates":[-51.9258,39.0601]}}
,   {"type":"Feature", "properties":{"level1":9, "nodPos1":57},
    "geometry":{"type": "Point", "coordinates":[-51.8706,38.8670]}}
,   {"type":"Feature", "properties":{"level1":9, "nodPos1":58},
    "geometry":{"type": "Point", "coordinates":[-51.8157,38.6738]}}
,   {"type":"Feature", "properties":{"level1":9, "nodPos1":59},
    "geometry":{"type": "Point", "coordinates":[-51.7612,38.4806]}}
,   {"type":"Feature", "properties":{"level1":9, "nodPos1":60},
    "geometry":{"type": "Point", "coordinates":[-51.7069,38.2874]}}
,   {"type":"Feature", "properties":{"level1":9, "nodPos1":61},
    "geometry":{"type": "Point", "coordinates":[-51.6529,38.0941]}}
,   {"type":"Feature", "properties":{"level1":9, "nodPos1":62},
    "geometry":{"type": "Point", "coordinates":[-51.5991,37.9009]}}
,   {"type":"Feature", "properties":{"level1":9, "nodPos1":63},
    "geometry":{"type": "Point", "coordinates":[-51.5457,37.7076]}}
,   {"type":"Feature", "properties":{"level1":9, "nodPos1":64},
    "geometry":{"type": "Point", "coordinates":[-51.4925,37.5143]}}
,   {"type":"Feature", "properties":{"level1":9, "nodPos1":65},
    "geometry":{"type": "Point", "coordinates":[-51.4397,37.3209]}}
,   {"type":"Feature", "properties":{"level1":9, "nodPos1":66},
    "geometry":{"type": "Point", "coordinates":[-51.3871,37.1276]}}
,   {"type":"Feature", "properties":{"level1":9, "nodPos1":67},
    "geometry":{"type": "Point", "coordinates":[-51.3347,36.9342]}}
,   {"type":"Feature", "properties":{"level1":9, "nodPos1":68},
    "geometry":{"type": "Point", "coordinates":[-51.2826,36.7408]}}
,   {"type":"Feature", "properties":{"level1":9, "nodPos1":69},
    "geometry":{"type": "Point", "coordinates":[-51.2308,36.5473]}}
,   {"type":"Feature", "properties":{"level1":9, "nodPos1":70},
    "geometry":{"type": "Point", "coordinates":[-51.1793,36.3539]}}
,   {"type":"Feature", "properties":{"level1":9, "nodPos1":71},
    "geometry":{"type": "Point", "coordinates":[-51.1279,36.1604]}}
,   {"type":"Feature", "properties":{"level1":9, "nodPos1":72},
    "geometry":{"type": "Point", "coordinates":[-51.0769,35.9669]}}
,   {"type":"Feature", "properties":{"level1":9, "nodPos1":73},
    "geometry":{"type": "Point", "coordinates":[-51.0261,35.7734]}}
,   {"type":"Feature", "properties":{"level1":9, "nodPos1":74},
    "geometry":{"type": "Point", "coordinates":[-50.9755,35.5798]}}
,   {"type":"Feature", "properties":{"level1":9, "nodPos1":75},
    "geometry":{"type": "Point", "coordinates":[-50.9252,35.3863]}}
,   {"type":"Feature", "properties":{"level1":9, "nodPos1":76},
    "geometry":{"type": "Point", "coordinates":[-50.8752,35.1927]}}
,   {"type":"Feature", "properties":{"level1":9, "nodPos1":77},
    "geometry":{"type": "Point", "coordinates":[-50.8253,34.9991]}}
,   {"type":"Feature", "properties":{"level1":9, "nodPos1":78},
    "geometry":{"type": "Point", "coordinates":[-50.7757,34.8055]}}
,   {"type":"Feature", "properties":{"level1":9, "nodPos1":79},
    "geometry":{"type": "Point", "coordinates":[-50.7264,34.6118]}}
,   {"type":"Feature", "properties":{"level1":9, "nodPos1":80},
    "geometry":{"type": "Point", "coordinates":[-50.6772,34.4181]}}
,   {"type":"Feature", "properties":{"level1":9, "nodPos1":81},
    "geometry":{"type": "Point", "coordinates":[-50.6283,34.2245]}}
,   {"type":"Feature", "properties":{"level1":9, "nodPos1":82},
    "geometry":{"type": "Point", "coordinates":[-50.5796,34.0308]}}
,   {"type":"Feature", "properties":{"level1":9, "nodPos1":83},
    "geometry":{"type": "Point", "coordinates":[-50.5312,33.8370]}}
,   {"type":"Feature", "properties":{"level1":9, "nodPos1":84},
    "geometry":{"type": "Point", "coordinates":[-50.4829,33.6433]}}
,   {"type":"Feature", "properties":{"level1":9, "nodPos1":85},
    "geometry":{"type": "Point", "coordinates":[-50.4349,33.4495]}}
,   {"type":"Feature", "properties":{"level1":9, "nodPos1":86},
    "geometry":{"type": "Point", "coordinates":[-50.3871,33.2558]}}
,   {"type":"Feature", "properties":{"level1":9, "nodPos1":87},
    "geometry":{"type": "Point", "coordinates":[-50.3395,33.0620]}}
,   {"type":"Feature", "properties":{"level1":9, "nodPos1":88},
    "geometry":{"type": "Point", "coordinates":[-50.2921,32.8681]}}
,   {"type":"Feature", "properties":{"level1":9, "nodPos1":89},
    "geometry":{"type": "Point", "coordinates":[-50.2449,32.6743]}}
,   {"type":"Feature", "properties":{"level1":9, "nodPos1":90},
    "geometry":{"type": "Point", "coordinates":[-50.1980,32.4805]}}
,   {"type":"Feature", "properties":{"level1":10, "nodPos1":0},
    "geometry":{"type": "Point", "coordinates":[-53.6905,50.2658]}}
,   {"type":"Feature", "properties":{"level1":10, "nodPos1":1},
    "geometry":{"type": "Point", "coordinates":[-53.6095,50.0749]}}
,   {"type":"Feature", "properties":{"level1":10, "nodPos1":2},
    "geometry":{"type": "Point", "coordinates":[-53.5292,49.8839]}}
,   {"type":"Feature", "properties":{"level1":10, "nodPos1":3},
    "geometry":{"type": "Point", "coordinates":[-53.4494,49.6928]}}
,   {"type":"Feature", "properties":{"level1":10, "nodPos1":4},
    "geometry":{"type": "Point", "coordinates":[-53.3703,49.5018]}}
,   {"type":"Feature", "properties":{"level1":10, "nodPos1":5},
    "geometry":{"type": "Point", "coordinates":[-53.2474,49.2014]}}
,   {"type":"Feature", "properties":{"level1":10, "nodPos1":6},
    "geometry":{"type": "Point", "coordinates":[-53.2140,49.1194]}}
,   {"type":"Feature", "properties":{"level1":10, "nodPos1":7},
    "geometry":{"type": "Point", "coordinates":[-53.1367,48.9282]}}
,   {"type":"Feature", "properties":{"level1":10, "nodPos1":8},
    "geometry":{"type": "Point", "coordinates":[-53.1293,48.9098]}}
,   {"type":"Feature", "properties":{"level1":10, "nodPos1":15},
    "geometry":{"type": "Point", "coordinates":[-52.5000,47.2931]}}
,   {"type":"Feature", "properties":{"level1":10, "nodPos1":16},
    "geometry":{"type": "Point", "coordinates":[-52.4667,47.2047]}}
,   {"type":"Feature", "properties":{"level1":10, "nodPos1":17},
    "geometry":{"type": "Point", "coordinates":[-52.3950,47.0130]}}
,   {"type":"Feature", "properties":{"level1":10, "nodPos1":18},
    "geometry":{"type": "Point", "coordinates":[-52.3238,46.8212]}}
,   {"type":"Feature", "properties":{"level1":10, "nodPos1":19},
    "geometry":{"type": "Point", "coordinates":[-52.2530,46.6294]}}
,   {"type":"Feature", "properties":{"level1":10, "nodPos1":20},
    "geometry":{"type": "Point", "coordinates":[-52.1828,46.4375]}}
,   {"type":"Feature", "properties":{"level1":10, "nodPos1":21},
    "geometry":{"type": "Point", "coordinates":[-52.1131,46.2456]}}
,   {"type":"Feature", "properties":{"level1":10, "nodPos1":22},
    "geometry":{"type": "Point", "coordinates":[-52.0438,46.0536]}}
,   {"type":"Feature", "properties":{"level1":10, "nodPos1":23},
    "geometry":{"type": "Point", "coordinates":[-51.9751,45.8617]}}
,   {"type":"Feature", "properties":{"level1":10, "nodPos1":24},
    "geometry":{"type": "Point", "coordinates":[-51.9068,45.6696]}}
,   {"type":"Feature", "properties":{"level1":10, "nodPos1":25},
    "geometry":{"type": "Point", "coordinates":[-51.8390,45.4776]}}
,   {"type":"Feature", "properties":{"level1":10, "nodPos1":26},
    "geometry":{"type": "Point", "coordinates":[-51.7716,45.2854]}}
,   {"type":"Feature", "properties":{"level1":10, "nodPos1":27},
    "geometry":{"type": "Point", "coordinates":[-51.7047,45.0933]}}
,   {"type":"Feature", "properties":{"level1":10, "nodPos1":28},
    "geometry":{"type": "Point", "coordinates":[-51.6383,44.9011]}}
,   {"type":"Feature", "properties":{"level1":10, "nodPos1":29},
    "geometry":{"type": "Point", "coordinates":[-51.5722,44.7089]}}
,   {"type":"Feature", "properties":{"level1":10, "nodPos1":30},
    "geometry":{"type": "Point", "coordinates":[-51.5067,44.5166]}}
,   {"type":"Feature", "properties":{"level1":10, "nodPos1":31},
    "geometry":{"type": "Point", "coordinates":[-51.4415,44.3243]}}
,   {"type":"Feature", "properties":{"level1":10, "nodPos1":32},
    "geometry":{"type": "Point", "coordinates":[-51.3768,44.1320]}}
,   {"type":"Feature", "properties":{"level1":10, "nodPos1":33},
    "geometry":{"type": "Point", "coordinates":[-51.3125,43.9396]}}
,   {"type":"Feature", "properties":{"level1":10, "nodPos1":34},
    "geometry":{"type": "Point", "coordinates":[-51.2486,43.7472]}}
,   {"type":"Feature", "properties":{"level1":10, "nodPos1":35},
    "geometry":{"type": "Point", "coordinates":[-51.1851,43.5547]}}
,   {"type":"Feature", "properties":{"level1":10, "nodPos1":36},
    "geometry":{"type": "Point", "coordinates":[-51.1221,43.3623]}}
,   {"type":"Feature", "properties":{"level1":10, "nodPos1":37},
    "geometry":{"type": "Point", "coordinates":[-51.0594,43.1697]}}
,   {"type":"Feature", "properties":{"level1":10, "nodPos1":38},
    "geometry":{"type": "Point", "coordinates":[-50.9971,42.9772]}}
,   {"type":"Feature", "properties":{"level1":10, "nodPos1":39},
    "geometry":{"type": "Point", "coordinates":[-50.9352,42.7846]}}
,   {"type":"Feature", "properties":{"level1":10, "nodPos1":40},
    "geometry":{"type": "Point", "coordinates":[-50.8737,42.5920]}}
,   {"type":"Feature", "properties":{"level1":10, "nodPos1":41},
    "geometry":{"type": "Point", "coordinates":[-50.8126,42.3993]}}
,   {"type":"Feature", "properties":{"level1":10, "nodPos1":42},
    "geometry":{"type": "Point", "coordinates":[-50.7518,42.2067]}}
,   {"type":"Feature", "properties":{"level1":10, "nodPos1":43},
    "geometry":{"type": "Point", "coordinates":[-50.6915,42.0140]}}
,   {"type":"Feature", "properties":{"level1":10, "nodPos1":44},
    "geometry":{"type": "Point", "coordinates":[-50.6314,41.8212]}}
,   {"type":"Feature", "properties":{"level1":10, "nodPos1":45},
    "geometry":{"type": "Point", "coordinates":[-50.5718,41.6284]}}
,   {"type":"Feature", "properties":{"level1":10, "nodPos1":46},
    "geometry":{"type": "Point", "coordinates":[-50.5125,41.4356]}}
,   {"type":"Feature", "properties":{"level1":10, "nodPos1":47},
    "geometry":{"type": "Point", "coordinates":[-50.4535,41.2428]}}
,   {"type":"Feature", "properties":{"level1":10, "nodPos1":48},
    "geometry":{"type": "Point", "coordinates":[-50.3949,41.0499]}}
,   {"type":"Feature", "properties":{"level1":10, "nodPos1":49},
    "geometry":{"type": "Point", "coordinates":[-50.3367,40.8570]}}
,   {"type":"Feature", "properties":{"level1":10, "nodPos1":50},
    "geometry":{"type": "Point", "coordinates":[-50.2787,40.6641]}}
,   {"type":"Feature", "properties":{"level1":10, "nodPos1":51},
    "geometry":{"type": "Point", "coordinates":[-50.2212,40.4711]}}
,   {"type":"Feature", "properties":{"level1":10, "nodPos1":52},
    "geometry":{"type": "Point", "coordinates":[-50.1639,40.2782]}}
,   {"type":"Feature", "properties":{"level1":10, "nodPos1":53},
    "geometry":{"type": "Point", "coordinates":[-50.1070,40.0852]}}
,   {"type":"Feature", "properties":{"level1":10, "nodPos1":54},
    "geometry":{"type": "Point", "coordinates":[-50.0504,39.8921]}}
,   {"type":"Feature", "properties":{"level1":10, "nodPos1":55},
    "geometry":{"type": "Point", "coordinates":[-49.9941,39.6991]}}
,   {"type":"Feature", "properties":{"level1":10, "nodPos1":56},
    "geometry":{"type": "Point", "coordinates":[-49.9381,39.5060]}}
,   {"type":"Feature", "properties":{"level1":10, "nodPos1":57},
    "geometry":{"type": "Point", "coordinates":[-49.8824,39.3128]}}
,   {"type":"Feature", "properties":{"level1":10, "nodPos1":58},
    "geometry":{"type": "Point", "coordinates":[-49.8270,39.1197]}}
,   {"type":"Feature", "properties":{"level1":10, "nodPos1":59},
    "geometry":{"type": "Point", "coordinates":[-49.7720,38.9265]}}
,   {"type":"Feature", "properties":{"level1":10, "nodPos1":60},
    "geometry":{"type": "Point", "coordinates":[-49.7172,38.7333]}}
,   {"type":"Feature", "properties":{"level1":10, "nodPos1":61},
    "geometry":{"type": "Point", "coordinates":[-49.6628,38.5401]}}
,   {"type":"Feature", "properties":{"level1":10, "nodPos1":62},
    "geometry":{"type": "Point", "coordinates":[-49.6086,38.3469]}}
,   {"type":"Feature", "properties":{"level1":10, "nodPos1":63},
    "geometry":{"type": "Point", "coordinates":[-49.5547,38.1536]}}
,   {"type":"Feature", "properties":{"level1":10, "nodPos1":64},
    "geometry":{"type": "Point", "coordinates":[-49.5011,37.9603]}}
,   {"type":"Feature", "properties":{"level1":10, "nodPos1":65},
    "geometry":{"type": "Point", "coordinates":[-49.4478,37.7670]}}
,   {"type":"Feature", "properties":{"level1":10, "nodPos1":66},
    "geometry":{"type": "Point", "coordinates":[-49.3947,37.5736]}}
,   {"type":"Feature", "properties":{"level1":10, "nodPos1":67},
    "geometry":{"type": "Point", "coordinates":[-49.3420,37.3803]}}
,   {"type":"Feature", "properties":{"level1":10, "nodPos1":68},
    "geometry":{"type": "Point", "coordinates":[-49.2895,37.1869]}}
,   {"type":"Feature", "properties":{"level1":10, "nodPos1":69},
    "geometry":{"type": "Point", "coordinates":[-49.2373,36.9934]}}
,   {"type":"Feature", "properties":{"level1":10, "nodPos1":70},
    "geometry":{"type": "Point", "coordinates":[-49.1853,36.8000]}}
,   {"type":"Feature", "properties":{"level1":10, "nodPos1":71},
    "geometry":{"type": "Point", "coordinates":[-49.1336,36.6065]}}
,   {"type":"Feature", "properties":{"level1":10, "nodPos1":72},
    "geometry":{"type": "Point", "coordinates":[-49.0822,36.4131]}}
,   {"type":"Feature", "properties":{"level1":10, "nodPos1":73},
    "geometry":{"type": "Point", "coordinates":[-49.0310,36.2196]}}
,   {"type":"Feature", "properties":{"level1":10, "nodPos1":74},
    "geometry":{"type": "Point", "coordinates":[-48.9800,36.0260]}}
,   {"type":"Feature", "properties":{"level1":10, "nodPos1":75},
    "geometry":{"type": "Point", "coordinates":[-48.9294,35.8325]}}
,   {"type":"Feature", "properties":{"level1":10, "nodPos1":76},
    "geometry":{"type": "Point", "coordinates":[-48.8789,35.6389]}}
,   {"type":"Feature", "properties":{"level1":10, "nodPos1":77},
    "geometry":{"type": "Point", "coordinates":[-48.8287,35.4453]}}
,   {"type":"Feature", "properties":{"level1":10, "nodPos1":78},
    "geometry":{"type": "Point", "coordinates":[-48.7788,35.2517]}}
,   {"type":"Feature", "properties":{"level1":10, "nodPos1":79},
    "geometry":{"type": "Point", "coordinates":[-48.7291,35.0581]}}
,   {"type":"Feature", "properties":{"level1":10, "nodPos1":80},
    "geometry":{"type": "Point", "coordinates":[-48.6796,34.8644]}}
,   {"type":"Feature", "properties":{"level1":10, "nodPos1":81},
    "geometry":{"type": "Point", "coordinates":[-48.6303,34.6708]}}
,   {"type":"Feature", "properties":{"level1":10, "nodPos1":82},
    "geometry":{"type": "Point", "coordinates":[-48.5813,34.4771]}}
,   {"type":"Feature", "properties":{"level1":10, "nodPos1":83},
    "geometry":{"type": "Point", "coordinates":[-48.5325,34.2834]}}
,   {"type":"Feature", "properties":{"level1":10, "nodPos1":84},
    "geometry":{"type": "Point", "coordinates":[-48.4840,34.0896]}}
,   {"type":"Feature", "properties":{"level1":10, "nodPos1":85},
    "geometry":{"type": "Point", "coordinates":[-48.4356,33.8959]}}
,   {"type":"Feature", "properties":{"level1":10, "nodPos1":86},
    "geometry":{"type": "Point", "coordinates":[-48.3875,33.7021]}}
,   {"type":"Feature", "properties":{"level1":10, "nodPos1":87},
    "geometry":{"type": "Point", "coordinates":[-48.3396,33.5083]}}
,   {"type":"Feature", "properties":{"level1":10, "nodPos1":88},
    "geometry":{"type": "Point", "coordinates":[-48.2919,33.3145]}}
,   {"type":"Feature", "properties":{"level1":10, "nodPos1":89},
    "geometry":{"type": "Point", "coordinates":[-48.2444,33.1207]}}
,   {"type":"Feature", "properties":{"level1":10, "nodPos1":90},
    "geometry":{"type": "Point", "coordinates":[-48.1972,32.9269]}}
,   {"type":"Feature", "properties":{"level1":11, "nodPos1":0},
    "geometry":{"type": "Point", "coordinates":[-51.8041,50.7423]}}
,   {"type":"Feature", "properties":{"level1":11, "nodPos1":1},
    "geometry":{"type": "Point", "coordinates":[-51.7205,50.5517]}}
,   {"type":"Feature", "properties":{"level1":11, "nodPos1":2},
    "geometry":{"type": "Point", "coordinates":[-51.6376,50.3610]}}
,   {"type":"Feature", "properties":{"level1":11, "nodPos1":3},
    "geometry":{"type": "Point", "coordinates":[-51.5554,50.1703]}}
,   {"type":"Feature", "properties":{"level1":11, "nodPos1":4},
    "geometry":{"type": "Point", "coordinates":[-51.4738,49.9795]}}
,   {"type":"Feature", "properties":{"level1":11, "nodPos1":5},
    "geometry":{"type": "Point", "coordinates":[-51.3929,49.7886]}}
,   {"type":"Feature", "properties":{"level1":11, "nodPos1":6},
    "geometry":{"type": "Point", "coordinates":[-51.3126,49.5977]}}
,   {"type":"Feature", "properties":{"level1":11, "nodPos1":7},
    "geometry":{"type": "Point", "coordinates":[-51.2329,49.4068]}}
,   {"type":"Feature", "properties":{"level1":11, "nodPos1":8},
    "geometry":{"type": "Point", "coordinates":[-51.1538,49.2158]}}
,   {"type":"Feature", "properties":{"level1":11, "nodPos1":9},
    "geometry":{"type": "Point", "coordinates":[-51.0754,49.0247]}}
,   {"type":"Feature", "properties":{"level1":11, "nodPos1":10},
    "geometry":{"type": "Point", "coordinates":[-50.9975,48.8336]}}
,   {"type":"Feature", "properties":{"level1":11, "nodPos1":11},
    "geometry":{"type": "Point", "coordinates":[-50.9203,48.6424]}}
,   {"type":"Feature", "properties":{"level1":11, "nodPos1":12},
    "geometry":{"type": "Point", "coordinates":[-50.8436,48.4511]}}
,   {"type":"Feature", "properties":{"level1":11, "nodPos1":13},
    "geometry":{"type": "Point", "coordinates":[-50.7675,48.2599]}}
,   {"type":"Feature", "properties":{"level1":11, "nodPos1":14},
    "geometry":{"type": "Point", "coordinates":[-50.6920,48.0685]}}
,   {"type":"Feature", "properties":{"level1":11, "nodPos1":15},
    "geometry":{"type": "Point", "coordinates":[-50.6170,47.8772]}}
,   {"type":"Feature", "properties":{"level1":11, "nodPos1":16},
    "geometry":{"type": "Point", "coordinates":[-50.5426,47.6857]}}
,   {"type":"Feature", "properties":{"level1":11, "nodPos1":17},
    "geometry":{"type": "Point", "coordinates":[-50.4687,47.4943]}}
,   {"type":"Feature", "properties":{"level1":11, "nodPos1":18},
    "geometry":{"type": "Point", "coordinates":[-50.3953,47.3027]}}
,   {"type":"Feature", "properties":{"level1":11, "nodPos1":19},
    "geometry":{"type": "Point", "coordinates":[-50.3225,47.1112]}}
,   {"type":"Feature", "properties":{"level1":11, "nodPos1":20},
    "geometry":{"type": "Point", "coordinates":[-50.2502,46.9196]}}
,   {"type":"Feature", "properties":{"level1":11, "nodPos1":21},
    "geometry":{"type": "Point", "coordinates":[-50.1785,46.7279]}}
,   {"type":"Feature", "properties":{"level1":11, "nodPos1":22},
    "geometry":{"type": "Point", "coordinates":[-50.1072,46.5362]}}
,   {"type":"Feature", "properties":{"level1":11, "nodPos1":23},
    "geometry":{"type": "Point", "coordinates":[-50.0364,46.3445]}}
,   {"type":"Feature", "properties":{"level1":11, "nodPos1":24},
    "geometry":{"type": "Point", "coordinates":[-49.9662,46.1527]}}
,   {"type":"Feature", "properties":{"level1":11, "nodPos1":25},
    "geometry":{"type": "Point", "coordinates":[-49.8964,45.9608]}}
,   {"type":"Feature", "properties":{"level1":11, "nodPos1":26},
    "geometry":{"type": "Point", "coordinates":[-49.8271,45.7690]}}
,   {"type":"Feature", "properties":{"level1":11, "nodPos1":27},
    "geometry":{"type": "Point", "coordinates":[-49.7583,45.5770]}}
,   {"type":"Feature", "properties":{"level1":11, "nodPos1":28},
    "geometry":{"type": "Point", "coordinates":[-49.6899,45.3851]}}
,   {"type":"Feature", "properties":{"level1":11, "nodPos1":29},
    "geometry":{"type": "Point", "coordinates":[-49.6220,45.1931]}}
,   {"type":"Feature", "properties":{"level1":11, "nodPos1":30},
    "geometry":{"type": "Point", "coordinates":[-49.5546,45.0010]}}
,   {"type":"Feature", "properties":{"level1":11, "nodPos1":31},
    "geometry":{"type": "Point", "coordinates":[-49.4876,44.8090]}}
,   {"type":"Feature", "properties":{"level1":11, "nodPos1":32},
    "geometry":{"type": "Point", "coordinates":[-49.4211,44.6168]}}
,   {"type":"Feature", "properties":{"level1":11, "nodPos1":33},
    "geometry":{"type": "Point", "coordinates":[-49.3550,44.4247]}}
,   {"type":"Feature", "properties":{"level1":11, "nodPos1":34},
    "geometry":{"type": "Point", "coordinates":[-49.2893,44.2325]}}
,   {"type":"Feature", "properties":{"level1":11, "nodPos1":35},
    "geometry":{"type": "Point", "coordinates":[-49.2240,44.0403]}}
,   {"type":"Feature", "properties":{"level1":11, "nodPos1":36},
    "geometry":{"type": "Point", "coordinates":[-49.1592,43.8480]}}
,   {"type":"Feature", "properties":{"level1":11, "nodPos1":37},
    "geometry":{"type": "Point", "coordinates":[-49.0948,43.6557]}}
,   {"type":"Feature", "properties":{"level1":11, "nodPos1":38},
    "geometry":{"type": "Point", "coordinates":[-49.0308,43.4634]}}
,   {"type":"Feature", "properties":{"level1":11, "nodPos1":39},
    "geometry":{"type": "Point", "coordinates":[-48.9673,43.2710]}}
,   {"type":"Feature", "properties":{"level1":11, "nodPos1":40},
    "geometry":{"type": "Point", "coordinates":[-48.9041,43.0786]}}
,   {"type":"Feature", "properties":{"level1":11, "nodPos1":41},
    "geometry":{"type": "Point", "coordinates":[-48.8413,42.8861]}}
,   {"type":"Feature", "properties":{"level1":11, "nodPos1":42},
    "geometry":{"type": "Point", "coordinates":[-48.7789,42.6936]}}
,   {"type":"Feature", "properties":{"level1":11, "nodPos1":43},
    "geometry":{"type": "Point", "coordinates":[-48.7169,42.5011]}}
,   {"type":"Feature", "properties":{"level1":11, "nodPos1":44},
    "geometry":{"type": "Point", "coordinates":[-48.6552,42.3086]}}
,   {"type":"Feature", "properties":{"level1":11, "nodPos1":45},
    "geometry":{"type": "Point", "coordinates":[-48.5940,42.1160]}}
,   {"type":"Feature", "properties":{"level1":11, "nodPos1":46},
    "geometry":{"type": "Point", "coordinates":[-48.5331,41.9234]}}
,   {"type":"Feature", "properties":{"level1":11, "nodPos1":47},
    "geometry":{"type": "Point", "coordinates":[-48.4726,41.7308]}}
,   {"type":"Feature", "properties":{"level1":11, "nodPos1":48},
    "geometry":{"type": "Point", "coordinates":[-48.4124,41.5381]}}
,   {"type":"Feature", "properties":{"level1":11, "nodPos1":49},
    "geometry":{"type": "Point", "coordinates":[-48.3526,41.3454]}}
,   {"type":"Feature", "properties":{"level1":11, "nodPos1":50},
    "geometry":{"type": "Point", "coordinates":[-48.2932,41.1526]}}
,   {"type":"Feature", "properties":{"level1":11, "nodPos1":51},
    "geometry":{"type": "Point", "coordinates":[-48.2341,40.9599]}}
,   {"type":"Feature", "properties":{"level1":11, "nodPos1":52},
    "geometry":{"type": "Point", "coordinates":[-48.1753,40.7671]}}
,   {"type":"Feature", "properties":{"level1":11, "nodPos1":53},
    "geometry":{"type": "Point", "coordinates":[-48.1169,40.5742]}}
,   {"type":"Feature", "properties":{"level1":11, "nodPos1":54},
    "geometry":{"type": "Point", "coordinates":[-48.0588,40.3814]}}
,   {"type":"Feature", "properties":{"level1":11, "nodPos1":55},
    "geometry":{"type": "Point", "coordinates":[-48.0011,40.1885]}}
,   {"type":"Feature", "properties":{"level1":11, "nodPos1":56},
    "geometry":{"type": "Point", "coordinates":[-47.9437,39.9956]}}
,   {"type":"Feature", "properties":{"level1":11, "nodPos1":57},
    "geometry":{"type": "Point", "coordinates":[-47.8866,39.8027]}}
,   {"type":"Feature", "properties":{"level1":11, "nodPos1":58},
    "geometry":{"type": "Point", "coordinates":[-47.8298,39.6097]}}
,   {"type":"Feature", "properties":{"level1":11, "nodPos1":59},
    "geometry":{"type": "Point", "coordinates":[-47.7733,39.4167]}}
,   {"type":"Feature", "properties":{"level1":11, "nodPos1":60},
    "geometry":{"type": "Point", "coordinates":[-47.7172,39.2237]}}
,   {"type":"Feature", "properties":{"level1":11, "nodPos1":61},
    "geometry":{"type": "Point", "coordinates":[-47.6613,39.0306]}}
,   {"type":"Feature", "properties":{"level1":11, "nodPos1":62},
    "geometry":{"type": "Point", "coordinates":[-47.6058,38.8375]}}
,   {"type":"Feature", "properties":{"level1":11, "nodPos1":63},
    "geometry":{"type": "Point", "coordinates":[-47.5506,38.6444]}}
,   {"type":"Feature", "properties":{"level1":11, "nodPos1":64},
    "geometry":{"type": "Point", "coordinates":[-47.4956,38.4513]}}
,   {"type":"Feature", "properties":{"level1":11, "nodPos1":65},
    "geometry":{"type": "Point", "coordinates":[-47.4410,38.2582]}}
,   {"type":"Feature", "properties":{"level1":11, "nodPos1":66},
    "geometry":{"type": "Point", "coordinates":[-47.3866,38.0650]}}
,   {"type":"Feature", "properties":{"level1":11, "nodPos1":67},
    "geometry":{"type": "Point", "coordinates":[-47.3326,37.8718]}}
,   {"type":"Feature", "properties":{"level1":11, "nodPos1":68},
    "geometry":{"type": "Point", "coordinates":[-47.2788,37.6785]}}
,   {"type":"Feature", "properties":{"level1":11, "nodPos1":69},
    "geometry":{"type": "Point", "coordinates":[-47.2253,37.4853]}}
,   {"type":"Feature", "properties":{"level1":11, "nodPos1":70},
    "geometry":{"type": "Point", "coordinates":[-47.1720,37.2920]}}
,   {"type":"Feature", "properties":{"level1":11, "nodPos1":71},
    "geometry":{"type": "Point", "coordinates":[-47.1191,37.0987]}}
,   {"type":"Feature", "properties":{"level1":11, "nodPos1":72},
    "geometry":{"type": "Point", "coordinates":[-47.0664,36.9054]}}
,   {"type":"Feature", "properties":{"level1":11, "nodPos1":73},
    "geometry":{"type": "Point", "coordinates":[-47.0140,36.7120]}}
,   {"type":"Feature", "properties":{"level1":11, "nodPos1":74},
    "geometry":{"type": "Point", "coordinates":[-46.9618,36.5187]}}
,   {"type":"Feature", "properties":{"level1":11, "nodPos1":75},
    "geometry":{"type": "Point", "coordinates":[-46.9099,36.3253]}}
,   {"type":"Feature", "properties":{"level1":11, "nodPos1":76},
    "geometry":{"type": "Point", "coordinates":[-46.8583,36.1319]}}
,   {"type":"Feature", "properties":{"level1":11, "nodPos1":77},
    "geometry":{"type": "Point", "coordinates":[-46.8069,35.9384]}}
,   {"type":"Feature", "properties":{"level1":11, "nodPos1":78},
    "geometry":{"type": "Point", "coordinates":[-46.7558,35.7450]}}
,   {"type":"Feature", "properties":{"level1":11, "nodPos1":79},
    "geometry":{"type": "Point", "coordinates":[-46.7049,35.5515]}}
,   {"type":"Feature", "properties":{"level1":11, "nodPos1":80},
    "geometry":{"type": "Point", "coordinates":[-46.6542,35.3580]}}
,   {"type":"Feature", "properties":{"level1":11, "nodPos1":81},
    "geometry":{"type": "Point", "coordinates":[-46.6038,35.1644]}}
,   {"type":"Feature", "properties":{"level1":11, "nodPos1":82},
    "geometry":{"type": "Point", "coordinates":[-46.5537,34.9709]}}
,   {"type":"Feature", "properties":{"level1":11, "nodPos1":83},
    "geometry":{"type": "Point", "coordinates":[-46.5037,34.7773]}}
,   {"type":"Feature", "properties":{"level1":11, "nodPos1":84},
    "geometry":{"type": "Point", "coordinates":[-46.4540,34.5838]}}
,   {"type":"Feature", "properties":{"level1":11, "nodPos1":85},
    "geometry":{"type": "Point", "coordinates":[-46.4046,34.3902]}}
,   {"type":"Feature", "properties":{"level1":11, "nodPos1":86},
    "geometry":{"type": "Point", "coordinates":[-46.3553,34.1965]}}
,   {"type":"Feature", "properties":{"level1":11, "nodPos1":87},
    "geometry":{"type": "Point", "coordinates":[-46.3063,34.0029]}}
,   {"type":"Feature", "properties":{"level1":11, "nodPos1":88},
    "geometry":{"type": "Point", "coordinates":[-46.2576,33.8092]}}
,   {"type":"Feature", "properties":{"level1":11, "nodPos1":89},
    "geometry":{"type": "Point", "coordinates":[-46.2090,33.6155]}}
,   {"type":"Feature", "properties":{"level1":11, "nodPos1":90},
    "geometry":{"type": "Point", "coordinates":[-46.1606,33.4218]}}
,   {"type":"Feature", "properties":{"level1":12, "nodPos1":0},
    "geometry":{"type": "Point", "coordinates":[-49.7495,51.2251]}}
,   {"type":"Feature", "properties":{"level1":12, "nodPos1":1},
    "geometry":{"type": "Point", "coordinates":[-49.6670,51.0341]}}
,   {"type":"Feature", "properties":{"level1":12, "nodPos1":2},
    "geometry":{"type": "Point", "coordinates":[-49.5853,50.8431]}}
,   {"type":"Feature", "properties":{"level1":12, "nodPos1":3},
    "geometry":{"type": "Point", "coordinates":[-49.5042,50.6520]}}
,   {"type":"Feature", "properties":{"level1":12, "nodPos1":4},
    "geometry":{"type": "Point", "coordinates":[-49.4237,50.4609]}}
,   {"type":"Feature", "properties":{"level1":12, "nodPos1":5},
    "geometry":{"type": "Point", "coordinates":[-49.3440,50.2697]}}
,   {"type":"Feature", "properties":{"level1":12, "nodPos1":6},
    "geometry":{"type": "Point", "coordinates":[-49.2648,50.0784]}}
,   {"type":"Feature", "properties":{"level1":12, "nodPos1":7},
    "geometry":{"type": "Point", "coordinates":[-49.1863,49.8871]}}
,   {"type":"Feature", "properties":{"level1":12, "nodPos1":8},
    "geometry":{"type": "Point", "coordinates":[-49.1084,49.6958]}}
,   {"type":"Feature", "properties":{"level1":12, "nodPos1":9},
    "geometry":{"type": "Point", "coordinates":[-49.0311,49.5044]}}
,   {"type":"Feature", "properties":{"level1":12, "nodPos1":10},
    "geometry":{"type": "Point", "coordinates":[-48.9544,49.3129]}}
,   {"type":"Feature", "properties":{"level1":12, "nodPos1":11},
    "geometry":{"type": "Point", "coordinates":[-48.8783,49.1214]}}
,   {"type":"Feature", "properties":{"level1":12, "nodPos1":12},
    "geometry":{"type": "Point", "coordinates":[-48.8028,48.9299]}}
,   {"type":"Feature", "properties":{"level1":12, "nodPos1":13},
    "geometry":{"type": "Point", "coordinates":[-48.7279,48.7383]}}
,   {"type":"Feature", "properties":{"level1":12, "nodPos1":14},
    "geometry":{"type": "Point", "coordinates":[-48.6536,48.5466]}}
,   {"type":"Feature", "properties":{"level1":12, "nodPos1":15},
    "geometry":{"type": "Point", "coordinates":[-48.5798,48.3549]}}
,   {"type":"Feature", "properties":{"level1":12, "nodPos1":16},
    "geometry":{"type": "Point", "coordinates":[-48.5065,48.1631]}}
,   {"type":"Feature", "properties":{"level1":12, "nodPos1":17},
    "geometry":{"type": "Point", "coordinates":[-48.4338,47.9714]}}
,   {"type":"Feature", "properties":{"level1":12, "nodPos1":18},
    "geometry":{"type": "Point", "coordinates":[-48.3617,47.7795]}}
,   {"type":"Feature", "properties":{"level1":12, "nodPos1":19},
    "geometry":{"type": "Point", "coordinates":[-48.2900,47.5876]}}
,   {"type":"Feature", "properties":{"level1":12, "nodPos1":20},
    "geometry":{"type": "Point", "coordinates":[-48.2189,47.3957]}}
,   {"type":"Feature", "properties":{"level1":12, "nodPos1":21},
    "geometry":{"type": "Point", "coordinates":[-48.1483,47.2037]}}
,   {"type":"Feature", "properties":{"level1":12, "nodPos1":22},
    "geometry":{"type": "Point", "coordinates":[-48.0783,47.0117]}}
,   {"type":"Feature", "properties":{"level1":12, "nodPos1":23},
    "geometry":{"type": "Point", "coordinates":[-48.0087,46.8197]}}
,   {"type":"Feature", "properties":{"level1":12, "nodPos1":24},
    "geometry":{"type": "Point", "coordinates":[-47.9396,46.6276]}}
,   {"type":"Feature", "properties":{"level1":12, "nodPos1":25},
    "geometry":{"type": "Point", "coordinates":[-47.8710,46.4354]}}
,   {"type":"Feature", "properties":{"level1":12, "nodPos1":26},
    "geometry":{"type": "Point", "coordinates":[-47.8029,46.2432]}}
,   {"type":"Feature", "properties":{"level1":12, "nodPos1":27},
    "geometry":{"type": "Point", "coordinates":[-47.7353,46.0510]}}
,   {"type":"Feature", "properties":{"level1":12, "nodPos1":28},
    "geometry":{"type": "Point", "coordinates":[-47.6681,45.8588]}}
,   {"type":"Feature", "properties":{"level1":12, "nodPos1":29},
    "geometry":{"type": "Point", "coordinates":[-47.6014,45.6665]}}
,   {"type":"Feature", "properties":{"level1":12, "nodPos1":30},
    "geometry":{"type": "Point", "coordinates":[-47.5351,45.4741]}}
,   {"type":"Feature", "properties":{"level1":12, "nodPos1":31},
    "geometry":{"type": "Point", "coordinates":[-47.4693,45.2817]}}
,   {"type":"Feature", "properties":{"level1":12, "nodPos1":32},
    "geometry":{"type": "Point", "coordinates":[-47.4040,45.0893]}}
,   {"type":"Feature", "properties":{"level1":12, "nodPos1":33},
    "geometry":{"type": "Point", "coordinates":[-47.3391,44.8969]}}
,   {"type":"Feature", "properties":{"level1":12, "nodPos1":34},
    "geometry":{"type": "Point", "coordinates":[-47.2746,44.7044]}}
,   {"type":"Feature", "properties":{"level1":12, "nodPos1":35},
    "geometry":{"type": "Point", "coordinates":[-47.2105,44.5119]}}
,   {"type":"Feature", "properties":{"level1":12, "nodPos1":36},
    "geometry":{"type": "Point", "coordinates":[-47.1469,44.3193]}}
,   {"type":"Feature", "properties":{"level1":12, "nodPos1":37},
    "geometry":{"type": "Point", "coordinates":[-47.0837,44.1267]}}
,   {"type":"Feature", "properties":{"level1":12, "nodPos1":38},
    "geometry":{"type": "Point", "coordinates":[-47.0209,43.9341]}}
,   {"type":"Feature", "properties":{"level1":12, "nodPos1":39},
    "geometry":{"type": "Point", "coordinates":[-46.9585,43.7414]}}
,   {"type":"Feature", "properties":{"level1":12, "nodPos1":40},
    "geometry":{"type": "Point", "coordinates":[-46.8965,43.5487]}}
,   {"type":"Feature", "properties":{"level1":12, "nodPos1":41},
    "geometry":{"type": "Point", "coordinates":[-46.8349,43.3560]}}
,   {"type":"Feature", "properties":{"level1":12, "nodPos1":42},
    "geometry":{"type": "Point", "coordinates":[-46.7737,43.1632]}}
,   {"type":"Feature", "properties":{"level1":12, "nodPos1":43},
    "geometry":{"type": "Point", "coordinates":[-46.7129,42.9704]}}
,   {"type":"Feature", "properties":{"level1":12, "nodPos1":44},
    "geometry":{"type": "Point", "coordinates":[-46.6524,42.7776]}}
,   {"type":"Feature", "properties":{"level1":12, "nodPos1":45},
    "geometry":{"type": "Point", "coordinates":[-46.5923,42.5847]}}
,   {"type":"Feature", "properties":{"level1":12, "nodPos1":46},
    "geometry":{"type": "Point", "coordinates":[-46.5326,42.3918]}}
,   {"type":"Feature", "properties":{"level1":12, "nodPos1":47},
    "geometry":{"type": "Point", "coordinates":[-46.4733,42.1989]}}
,   {"type":"Feature", "properties":{"level1":12, "nodPos1":48},
    "geometry":{"type": "Point", "coordinates":[-46.4143,42.0060]}}
,   {"type":"Feature", "properties":{"level1":12, "nodPos1":49},
    "geometry":{"type": "Point", "coordinates":[-46.3557,41.8130]}}
,   {"type":"Feature", "properties":{"level1":12, "nodPos1":50},
    "geometry":{"type": "Point", "coordinates":[-46.2974,41.6200]}}
,   {"type":"Feature", "properties":{"level1":12, "nodPos1":51},
    "geometry":{"type": "Point", "coordinates":[-46.2395,41.4269]}}
,   {"type":"Feature", "properties":{"level1":12, "nodPos1":52},
    "geometry":{"type": "Point", "coordinates":[-46.1820,41.2339]}}
,   {"type":"Feature", "properties":{"level1":12, "nodPos1":53},
    "geometry":{"type": "Point", "coordinates":[-46.1247,41.0408]}}
,   {"type":"Feature", "properties":{"level1":12, "nodPos1":54},
    "geometry":{"type": "Point", "coordinates":[-46.0678,40.8476]}}
,   {"type":"Feature", "properties":{"level1":12, "nodPos1":55},
    "geometry":{"type": "Point", "coordinates":[-46.0113,40.6545]}}
,   {"type":"Feature", "properties":{"level1":12, "nodPos1":56},
    "geometry":{"type": "Point", "coordinates":[-45.9550,40.4613]}}
,   {"type":"Feature", "properties":{"level1":12, "nodPos1":57},
    "geometry":{"type": "Point", "coordinates":[-45.8991,40.2681]}}
,   {"type":"Feature", "properties":{"level1":12, "nodPos1":58},
    "geometry":{"type": "Point", "coordinates":[-45.8435,40.0749]}}
,   {"type":"Feature", "properties":{"level1":12, "nodPos1":59},
    "geometry":{"type": "Point", "coordinates":[-45.7882,39.8816]}}
,   {"type":"Feature", "properties":{"level1":12, "nodPos1":60},
    "geometry":{"type": "Point", "coordinates":[-45.7332,39.6883]}}
,   {"type":"Feature", "properties":{"level1":12, "nodPos1":61},
    "geometry":{"type": "Point", "coordinates":[-45.6786,39.4950]}}
,   {"type":"Feature", "properties":{"level1":12, "nodPos1":62},
    "geometry":{"type": "Point", "coordinates":[-45.6242,39.3017]}}
,   {"type":"Feature", "properties":{"level1":12, "nodPos1":63},
    "geometry":{"type": "Point", "coordinates":[-45.5701,39.1083]}}
,   {"type":"Feature", "properties":{"level1":12, "nodPos1":64},
    "geometry":{"type": "Point", "coordinates":[-45.5164,38.9149]}}
,   {"type":"Feature", "properties":{"level1":12, "nodPos1":65},
    "geometry":{"type": "Point", "coordinates":[-45.4629,38.7215]}}
,   {"type":"Feature", "properties":{"level1":12, "nodPos1":66},
    "geometry":{"type": "Point", "coordinates":[-45.4097,38.5281]}}
,   {"type":"Feature", "properties":{"level1":12, "nodPos1":67},
    "geometry":{"type": "Point", "coordinates":[-45.3568,38.3346]}}
,   {"type":"Feature", "properties":{"level1":12, "nodPos1":68},
    "geometry":{"type": "Point", "coordinates":[-45.3042,38.1411]}}
,   {"type":"Feature", "properties":{"level1":12, "nodPos1":69},
    "geometry":{"type": "Point", "coordinates":[-45.2518,37.9476]}}
,   {"type":"Feature", "properties":{"level1":12, "nodPos1":70},
    "geometry":{"type": "Point", "coordinates":[-45.1997,37.7541]}}
,   {"type":"Feature", "properties":{"level1":12, "nodPos1":71},
    "geometry":{"type": "Point", "coordinates":[-45.1479,37.5605]}}
,   {"type":"Feature", "properties":{"level1":12, "nodPos1":72},
    "geometry":{"type": "Point", "coordinates":[-45.0964,37.3669]}}
,   {"type":"Feature", "properties":{"level1":12, "nodPos1":73},
    "geometry":{"type": "Point", "coordinates":[-45.0452,37.1733]}}
,   {"type":"Feature", "properties":{"level1":12, "nodPos1":74},
    "geometry":{"type": "Point", "coordinates":[-44.9942,36.9797]}}
,   {"type":"Feature", "properties":{"level1":12, "nodPos1":75},
    "geometry":{"type": "Point", "coordinates":[-44.9434,36.7861]}}
,   {"type":"Feature", "properties":{"level1":12, "nodPos1":76},
    "geometry":{"type": "Point", "coordinates":[-44.8929,36.5924]}}
,   {"type":"Feature", "properties":{"level1":12, "nodPos1":77},
    "geometry":{"type": "Point", "coordinates":[-44.8427,36.3987]}}
,   {"type":"Feature", "properties":{"level1":12, "nodPos1":78},
    "geometry":{"type": "Point", "coordinates":[-44.7927,36.2050]}}
,   {"type":"Feature", "properties":{"level1":12, "nodPos1":79},
    "geometry":{"type": "Point", "coordinates":[-44.7430,36.0113]}}
,   {"type":"Feature", "properties":{"level1":12, "nodPos1":80},
    "geometry":{"type": "Point", "coordinates":[-44.6935,35.8175]}}
,   {"type":"Feature", "properties":{"level1":12, "nodPos1":81},
    "geometry":{"type": "Point", "coordinates":[-44.6442,35.6238]}}
,   {"type":"Feature", "properties":{"level1":12, "nodPos1":82},
    "geometry":{"type": "Point", "coordinates":[-44.5952,35.4300]}}
,   {"type":"Feature", "properties":{"level1":12, "nodPos1":83},
    "geometry":{"type": "Point", "coordinates":[-44.5464,35.2362]}}
,   {"type":"Feature", "properties":{"level1":12, "nodPos1":84},
    "geometry":{"type": "Point", "coordinates":[-44.4979,35.0424]}}
,   {"type":"Feature", "properties":{"level1":12, "nodPos1":85},
    "geometry":{"type": "Point", "coordinates":[-44.4496,34.8485]}}
,   {"type":"Feature", "properties":{"level1":12, "nodPos1":86},
    "geometry":{"type": "Point", "coordinates":[-44.4015,34.6546]}}
,   {"type":"Feature", "properties":{"level1":12, "nodPos1":87},
    "geometry":{"type": "Point", "coordinates":[-44.3536,34.4608]}}
,   {"type":"Feature", "properties":{"level1":12, "nodPos1":88},
    "geometry":{"type": "Point", "coordinates":[-44.3060,34.2669]}}
,   {"type":"Feature", "properties":{"level1":12, "nodPos1":89},
    "geometry":{"type": "Point", "coordinates":[-44.2585,34.0729]}}
,   {"type":"Feature", "properties":{"level1":12, "nodPos1":90},
    "geometry":{"type": "Point", "coordinates":[-44.2113,33.8790]}}
,   {"type":"Feature", "properties":{"level1":13, "nodPos1":0},
    "geometry":{"type": "Point", "coordinates":[-47.8256,51.6841]}}
,   {"type":"Feature", "properties":{"level1":13, "nodPos1":1},
    "geometry":{"type": "Point", "coordinates":[-47.7406,51.4935]}}
,   {"type":"Feature", "properties":{"level1":13, "nodPos1":2},
    "geometry":{"type": "Point", "coordinates":[-47.6563,51.3027]}}
,   {"type":"Feature", "properties":{"level1":13, "nodPos1":3},
    "geometry":{"type": "Point", "coordinates":[-47.5727,51.1119]}}
,   {"type":"Feature", "properties":{"level1":13, "nodPos1":4},
    "geometry":{"type": "Point", "coordinates":[-47.4897,50.9211]}}
,   {"type":"Feature", "properties":{"level1":13, "nodPos1":5},
    "geometry":{"type": "Point", "coordinates":[-47.4075,50.7302]}}
,   {"type":"Feature", "properties":{"level1":13, "nodPos1":6},
    "geometry":{"type": "Point", "coordinates":[-47.3259,50.5392]}}
,   {"type":"Feature", "properties":{"level1":13, "nodPos1":7},
    "geometry":{"type": "Point", "coordinates":[-47.2450,50.3482]}}
,   {"type":"Feature", "properties":{"level1":13, "nodPos1":8},
    "geometry":{"type": "Point", "coordinates":[-47.1647,50.1571]}}
,   {"type":"Feature", "properties":{"level1":13, "nodPos1":9},
    "geometry":{"type": "Point", "coordinates":[-47.0851,49.9660]}}
,   {"type":"Feature", "properties":{"level1":13, "nodPos1":10},
    "geometry":{"type": "Point", "coordinates":[-47.0061,49.7748]}}
,   {"type":"Feature", "properties":{"level1":13, "nodPos1":11},
    "geometry":{"type": "Point", "coordinates":[-46.9277,49.5836]}}
,   {"type":"Feature", "properties":{"level1":13, "nodPos1":12},
    "geometry":{"type": "Point", "coordinates":[-46.8499,49.3923]}}
,   {"type":"Feature", "properties":{"level1":13, "nodPos1":13},
    "geometry":{"type": "Point", "coordinates":[-46.7728,49.2009]}}
,   {"type":"Feature", "properties":{"level1":13, "nodPos1":14},
    "geometry":{"type": "Point", "coordinates":[-46.6962,49.0095]}}
,   {"type":"Feature", "properties":{"level1":13, "nodPos1":15},
    "geometry":{"type": "Point", "coordinates":[-46.6202,48.8181]}}
,   {"type":"Feature", "properties":{"level1":13, "nodPos1":16},
    "geometry":{"type": "Point", "coordinates":[-46.5448,48.6266]}}
,   {"type":"Feature", "properties":{"level1":13, "nodPos1":17},
    "geometry":{"type": "Point", "coordinates":[-46.4700,48.4351]}}
,   {"type":"Feature", "properties":{"level1":13, "nodPos1":18},
    "geometry":{"type": "Point", "coordinates":[-46.3957,48.2435]}}
,   {"type":"Feature", "properties":{"level1":13, "nodPos1":19},
    "geometry":{"type": "Point", "coordinates":[-46.3220,48.0518]}}
,   {"type":"Feature", "properties":{"level1":13, "nodPos1":20},
    "geometry":{"type": "Point", "coordinates":[-46.2488,47.8601]}}
,   {"type":"Feature", "properties":{"level1":13, "nodPos1":21},
    "geometry":{"type": "Point", "coordinates":[-46.1761,47.6684]}}
,   {"type":"Feature", "properties":{"level1":13, "nodPos1":22},
    "geometry":{"type": "Point", "coordinates":[-46.1040,47.4766]}}
,   {"type":"Feature", "properties":{"level1":13, "nodPos1":23},
    "geometry":{"type": "Point", "coordinates":[-46.0325,47.2848]}}
,   {"type":"Feature", "properties":{"level1":13, "nodPos1":24},
    "geometry":{"type": "Point", "coordinates":[-45.9614,47.0929]}}
,   {"type":"Feature", "properties":{"level1":13, "nodPos1":25},
    "geometry":{"type": "Point", "coordinates":[-45.8908,46.9010]}}
,   {"type":"Feature", "properties":{"level1":13, "nodPos1":26},
    "geometry":{"type": "Point", "coordinates":[-45.8208,46.7091]}}
,   {"type":"Feature", "properties":{"level1":13, "nodPos1":27},
    "geometry":{"type": "Point", "coordinates":[-45.7513,46.5171]}}
,   {"type":"Feature", "properties":{"level1":13, "nodPos1":28},
    "geometry":{"type": "Point", "coordinates":[-45.6822,46.3250]}}
,   {"type":"Feature", "properties":{"level1":13, "nodPos1":29},
    "geometry":{"type": "Point", "coordinates":[-45.6136,46.1330]}}
,   {"type":"Feature", "properties":{"level1":13, "nodPos1":30},
    "geometry":{"type": "Point", "coordinates":[-45.5455,45.9408]}}
,   {"type":"Feature", "properties":{"level1":13, "nodPos1":31},
    "geometry":{"type": "Point", "coordinates":[-45.4779,45.7487]}}
,   {"type":"Feature", "properties":{"level1":13, "nodPos1":32},
    "geometry":{"type": "Point", "coordinates":[-45.4107,45.5565]}}
,   {"type":"Feature", "properties":{"level1":13, "nodPos1":33},
    "geometry":{"type": "Point", "coordinates":[-45.3440,45.3642]}}
,   {"type":"Feature", "properties":{"level1":13, "nodPos1":34},
    "geometry":{"type": "Point", "coordinates":[-45.2777,45.1720]}}
,   {"type":"Feature", "properties":{"level1":13, "nodPos1":35},
    "geometry":{"type": "Point", "coordinates":[-45.2119,44.9797]}}
,   {"type":"Feature", "properties":{"level1":13, "nodPos1":36},
    "geometry":{"type": "Point", "coordinates":[-45.1466,44.7873]}}
,   {"type":"Feature", "properties":{"level1":13, "nodPos1":37},
    "geometry":{"type": "Point", "coordinates":[-45.0816,44.5949]}}
,   {"type":"Feature", "properties":{"level1":13, "nodPos1":38},
    "geometry":{"type": "Point", "coordinates":[-45.0171,44.4025]}}
,   {"type":"Feature", "properties":{"level1":13, "nodPos1":39},
    "geometry":{"type": "Point", "coordinates":[-44.9530,44.2100]}}
,   {"type":"Feature", "properties":{"level1":13, "nodPos1":40},
    "geometry":{"type": "Point", "coordinates":[-44.8894,44.0175]}}
,   {"type":"Feature", "properties":{"level1":13, "nodPos1":41},
    "geometry":{"type": "Point", "coordinates":[-44.8261,43.8250]}}
,   {"type":"Feature", "properties":{"level1":13, "nodPos1":42},
    "geometry":{"type": "Point", "coordinates":[-44.7633,43.6324]}}
,   {"type":"Feature", "properties":{"level1":13, "nodPos1":43},
    "geometry":{"type": "Point", "coordinates":[-44.7008,43.4398]}}
,   {"type":"Feature", "properties":{"level1":13, "nodPos1":44},
    "geometry":{"type": "Point", "coordinates":[-44.6388,43.2472]}}
,   {"type":"Feature", "properties":{"level1":13, "nodPos1":45},
    "geometry":{"type": "Point", "coordinates":[-44.5771,43.0545]}}
,   {"type":"Feature", "properties":{"level1":13, "nodPos1":46},
    "geometry":{"type": "Point", "coordinates":[-44.5158,42.8618]}}
,   {"type":"Feature", "properties":{"level1":13, "nodPos1":47},
    "geometry":{"type": "Point", "coordinates":[-44.4549,42.6691]}}
,   {"type":"Feature", "properties":{"level1":13, "nodPos1":48},
    "geometry":{"type": "Point", "coordinates":[-44.3944,42.4763]}}
,   {"type":"Feature", "properties":{"level1":13, "nodPos1":49},
    "geometry":{"type": "Point", "coordinates":[-44.3343,42.2835]}}
,   {"type":"Feature", "properties":{"level1":13, "nodPos1":50},
    "geometry":{"type": "Point", "coordinates":[-44.2745,42.0907]}}
,   {"type":"Feature", "properties":{"level1":13, "nodPos1":51},
    "geometry":{"type": "Point", "coordinates":[-44.2151,41.8978]}}
,   {"type":"Feature", "properties":{"level1":13, "nodPos1":52},
    "geometry":{"type": "Point", "coordinates":[-44.1560,41.7049]}}
,   {"type":"Feature", "properties":{"level1":13, "nodPos1":53},
    "geometry":{"type": "Point", "coordinates":[-44.0973,41.5120]}}
,   {"type":"Feature", "properties":{"level1":13, "nodPos1":54},
    "geometry":{"type": "Point", "coordinates":[-44.0390,41.3191]}}
,   {"type":"Feature", "properties":{"level1":13, "nodPos1":55},
    "geometry":{"type": "Point", "coordinates":[-43.9810,41.1261]}}
,   {"type":"Feature", "properties":{"level1":13, "nodPos1":56},
    "geometry":{"type": "Point", "coordinates":[-43.9233,40.9331]}}
,   {"type":"Feature", "properties":{"level1":13, "nodPos1":57},
    "geometry":{"type": "Point", "coordinates":[-43.8659,40.7400]}}
,   {"type":"Feature", "properties":{"level1":13, "nodPos1":58},
    "geometry":{"type": "Point", "coordinates":[-43.8089,40.5470]}}
,   {"type":"Feature", "properties":{"level1":13, "nodPos1":59},
    "geometry":{"type": "Point", "coordinates":[-43.7523,40.3539]}}
,   {"type":"Feature", "properties":{"level1":13, "nodPos1":60},
    "geometry":{"type": "Point", "coordinates":[-43.6959,40.1608]}}
,   {"type":"Feature", "properties":{"level1":13, "nodPos1":61},
    "geometry":{"type": "Point", "coordinates":[-43.6399,39.9676]}}
,   {"type":"Feature", "properties":{"level1":13, "nodPos1":62},
    "geometry":{"type": "Point", "coordinates":[-43.5842,39.7744]}}
,   {"type":"Feature", "properties":{"level1":13, "nodPos1":63},
    "geometry":{"type": "Point", "coordinates":[-43.5288,39.5812]}}
,   {"type":"Feature", "properties":{"level1":13, "nodPos1":64},
    "geometry":{"type": "Point", "coordinates":[-43.4737,39.3880]}}
,   {"type":"Feature", "properties":{"level1":13, "nodPos1":65},
    "geometry":{"type": "Point", "coordinates":[-43.4189,39.1948]}}
,   {"type":"Feature", "properties":{"level1":13, "nodPos1":66},
    "geometry":{"type": "Point", "coordinates":[-43.3644,39.0015]}}
,   {"type":"Feature", "properties":{"level1":13, "nodPos1":67},
    "geometry":{"type": "Point", "coordinates":[-43.3102,38.8082]}}
,   {"type":"Feature", "properties":{"level1":13, "nodPos1":68},
    "geometry":{"type": "Point", "coordinates":[-43.2563,38.6149]}}
,   {"type":"Feature", "properties":{"level1":13, "nodPos1":69},
    "geometry":{"type": "Point", "coordinates":[-43.2027,38.4215]}}
,   {"type":"Feature", "properties":{"level1":13, "nodPos1":70},
    "geometry":{"type": "Point", "coordinates":[-43.1494,38.2281]}}
,   {"type":"Feature", "properties":{"level1":13, "nodPos1":71},
    "geometry":{"type": "Point", "coordinates":[-43.0963,38.0347]}}
,   {"type":"Feature", "properties":{"level1":13, "nodPos1":72},
    "geometry":{"type": "Point", "coordinates":[-43.0436,37.8413]}}
,   {"type":"Feature", "properties":{"level1":13, "nodPos1":73},
    "geometry":{"type": "Point", "coordinates":[-42.9911,37.6478]}}
,   {"type":"Feature", "properties":{"level1":13, "nodPos1":74},
    "geometry":{"type": "Point", "coordinates":[-42.9389,37.4544]}}
,   {"type":"Feature", "properties":{"level1":13, "nodPos1":75},
    "geometry":{"type": "Point", "coordinates":[-42.8869,37.2609]}}
,   {"type":"Feature", "properties":{"level1":13, "nodPos1":76},
    "geometry":{"type": "Point", "coordinates":[-42.8352,37.0674]}}
,   {"type":"Feature", "properties":{"level1":13, "nodPos1":77},
    "geometry":{"type": "Point", "coordinates":[-42.7838,36.8738]}}
,   {"type":"Feature", "properties":{"level1":13, "nodPos1":78},
    "geometry":{"type": "Point", "coordinates":[-42.7327,36.6803]}}
,   {"type":"Feature", "properties":{"level1":13, "nodPos1":79},
    "geometry":{"type": "Point", "coordinates":[-42.6818,36.4867]}}
,   {"type":"Feature", "properties":{"level1":13, "nodPos1":80},
    "geometry":{"type": "Point", "coordinates":[-42.6311,36.2931]}}
,   {"type":"Feature", "properties":{"level1":13, "nodPos1":81},
    "geometry":{"type": "Point", "coordinates":[-42.5807,36.0994]}}
,   {"type":"Feature", "properties":{"level1":13, "nodPos1":82},
    "geometry":{"type": "Point", "coordinates":[-42.5306,35.9058]}}
,   {"type":"Feature", "properties":{"level1":13, "nodPos1":83},
    "geometry":{"type": "Point", "coordinates":[-42.4807,35.7121]}}
,   {"type":"Feature", "properties":{"level1":13, "nodPos1":84},
    "geometry":{"type": "Point", "coordinates":[-42.4310,35.5184]}}
,   {"type":"Feature", "properties":{"level1":13, "nodPos1":85},
    "geometry":{"type": "Point", "coordinates":[-42.3816,35.3247]}}
,   {"type":"Feature", "properties":{"level1":13, "nodPos1":86},
    "geometry":{"type": "Point", "coordinates":[-42.3324,35.1310]}}
,   {"type":"Feature", "properties":{"level1":13, "nodPos1":87},
    "geometry":{"type": "Point", "coordinates":[-42.2835,34.9373]}}
,   {"type":"Feature", "properties":{"level1":13, "nodPos1":88},
    "geometry":{"type": "Point", "coordinates":[-42.2348,34.7435]}}
,   {"type":"Feature", "properties":{"level1":13, "nodPos1":89},
    "geometry":{"type": "Point", "coordinates":[-42.1863,34.5497]}}
,   {"type":"Feature", "properties":{"level1":13, "nodPos1":90},
    "geometry":{"type": "Point", "coordinates":[-42.1380,34.3559]}}
,   {"type":"Feature", "properties":{"level1":14, "nodPos1":0},
    "geometry":{"type": "Point", "coordinates":[-45.7636,52.1879]}}
,   {"type":"Feature", "properties":{"level1":14, "nodPos1":1},
    "geometry":{"type": "Point", "coordinates":[-45.6794,51.9970]}}
,   {"type":"Feature", "properties":{"level1":14, "nodPos1":2},
    "geometry":{"type": "Point", "coordinates":[-45.5959,51.8059]}}
,   {"type":"Feature", "properties":{"level1":14, "nodPos1":3},
    "geometry":{"type": "Point", "coordinates":[-45.5130,51.6149]}}
,   {"type":"Feature", "properties":{"level1":14, "nodPos1":4},
    "geometry":{"type": "Point", "coordinates":[-45.4309,51.4237]}}
,   {"type":"Feature", "properties":{"level1":14, "nodPos1":5},
    "geometry":{"type": "Point", "coordinates":[-45.3495,51.2325]}}
,   {"type":"Feature", "properties":{"level1":14, "nodPos1":6},
    "geometry":{"type": "Point", "coordinates":[-45.2687,51.0413]}}
,   {"type":"Feature", "properties":{"level1":14, "nodPos1":7},
    "geometry":{"type": "Point", "coordinates":[-45.1886,50.8500]}}
,   {"type":"Feature", "properties":{"level1":14, "nodPos1":8},
    "geometry":{"type": "Point", "coordinates":[-45.1092,50.6586]}}
,   {"type":"Feature", "properties":{"level1":14, "nodPos1":9},
    "geometry":{"type": "Point", "coordinates":[-45.0304,50.4672]}}
,   {"type":"Feature", "properties":{"level1":14, "nodPos1":10},
    "geometry":{"type": "Point", "coordinates":[-44.9522,50.2757]}}
,   {"type":"Feature", "properties":{"level1":14, "nodPos1":11},
    "geometry":{"type": "Point", "coordinates":[-44.8747,50.0842]}}
,   {"type":"Feature", "properties":{"level1":14, "nodPos1":12},
    "geometry":{"type": "Point", "coordinates":[-44.7977,49.8926]}}
,   {"type":"Feature", "properties":{"level1":14, "nodPos1":13},
    "geometry":{"type": "Point", "coordinates":[-44.7214,49.7010]}}
,   {"type":"Feature", "properties":{"level1":14, "nodPos1":14},
    "geometry":{"type": "Point", "coordinates":[-44.6457,49.5093]}}
,   {"type":"Feature", "properties":{"level1":14, "nodPos1":15},
    "geometry":{"type": "Point", "coordinates":[-44.5706,49.3176]}}
,   {"type":"Feature", "properties":{"level1":14, "nodPos1":16},
    "geometry":{"type": "Point", "coordinates":[-44.4960,49.1259]}}
,   {"type":"Feature", "properties":{"level1":14, "nodPos1":17},
    "geometry":{"type": "Point", "coordinates":[-44.4221,48.9340]}}
,   {"type":"Feature", "properties":{"level1":14, "nodPos1":18},
    "geometry":{"type": "Point", "coordinates":[-44.3487,48.7422]}}
,   {"type":"Feature", "properties":{"level1":14, "nodPos1":19},
    "geometry":{"type": "Point", "coordinates":[-44.2758,48.5503]}}
,   {"type":"Feature", "properties":{"level1":14, "nodPos1":20},
    "geometry":{"type": "Point", "coordinates":[-44.2035,48.3583]}}
,   {"type":"Feature", "properties":{"level1":14, "nodPos1":21},
    "geometry":{"type": "Point", "coordinates":[-44.1318,48.1663]}}
,   {"type":"Feature", "properties":{"level1":14, "nodPos1":22},
    "geometry":{"type": "Point", "coordinates":[-44.0606,47.9743]}}
,   {"type":"Feature", "properties":{"level1":14, "nodPos1":23},
    "geometry":{"type": "Point", "coordinates":[-43.9899,47.7822]}}
,   {"type":"Feature", "properties":{"level1":14, "nodPos1":24},
    "geometry":{"type": "Point", "coordinates":[-43.9197,47.5901]}}
,   {"type":"Feature", "properties":{"level1":14, "nodPos1":25},
    "geometry":{"type": "Point", "coordinates":[-43.8501,47.3979]}}
,   {"type":"Feature", "properties":{"level1":14, "nodPos1":26},
    "geometry":{"type": "Point", "coordinates":[-43.7809,47.2057]}}
,   {"type":"Feature", "properties":{"level1":14, "nodPos1":27},
    "geometry":{"type": "Point", "coordinates":[-43.7123,47.0134]}}
,   {"type":"Feature", "properties":{"level1":14, "nodPos1":28},
    "geometry":{"type": "Point", "coordinates":[-43.6441,46.8211]}}
,   {"type":"Feature", "properties":{"level1":14, "nodPos1":29},
    "geometry":{"type": "Point", "coordinates":[-43.5765,46.6288]}}
,   {"type":"Feature", "properties":{"level1":14, "nodPos1":30},
    "geometry":{"type": "Point", "coordinates":[-43.5093,46.4364]}}
,   {"type":"Feature", "properties":{"level1":14, "nodPos1":31},
    "geometry":{"type": "Point", "coordinates":[-43.4426,46.2440]}}
,   {"type":"Feature", "properties":{"level1":14, "nodPos1":32},
    "geometry":{"type": "Point", "coordinates":[-43.3763,46.0515]}}
,   {"type":"Feature", "properties":{"level1":14, "nodPos1":33},
    "geometry":{"type": "Point", "coordinates":[-43.3105,45.8591]}}
,   {"type":"Feature", "properties":{"level1":14, "nodPos1":34},
    "geometry":{"type": "Point", "coordinates":[-43.2452,45.6665]}}
,   {"type":"Feature", "properties":{"level1":14, "nodPos1":35},
    "geometry":{"type": "Point", "coordinates":[-43.1803,45.4740]}}
,   {"type":"Feature", "properties":{"level1":14, "nodPos1":36},
    "geometry":{"type": "Point", "coordinates":[-43.1158,45.2814]}}
,   {"type":"Feature", "properties":{"level1":14, "nodPos1":37},
    "geometry":{"type": "Point", "coordinates":[-43.0518,45.0887]}}
,   {"type":"Feature", "properties":{"level1":14, "nodPos1":38},
    "geometry":{"type": "Point", "coordinates":[-42.9883,44.8960]}}
,   {"type":"Feature", "properties":{"level1":14, "nodPos1":39},
    "geometry":{"type": "Point", "coordinates":[-42.9251,44.7033]}}
,   {"type":"Feature", "properties":{"level1":14, "nodPos1":40},
    "geometry":{"type": "Point", "coordinates":[-42.8624,44.5106]}}
,   {"type":"Feature", "properties":{"level1":14, "nodPos1":41},
    "geometry":{"type": "Point", "coordinates":[-42.8001,44.3178]}}
,   {"type":"Feature", "properties":{"level1":14, "nodPos1":42},
    "geometry":{"type": "Point", "coordinates":[-42.7381,44.1250]}}
,   {"type":"Feature", "properties":{"level1":14, "nodPos1":43},
    "geometry":{"type": "Point", "coordinates":[-42.6766,43.9322]}}
,   {"type":"Feature", "properties":{"level1":14, "nodPos1":44},
    "geometry":{"type": "Point", "coordinates":[-42.6155,43.7393]}}
,   {"type":"Feature", "properties":{"level1":14, "nodPos1":45},
    "geometry":{"type": "Point", "coordinates":[-42.5548,43.5464]}}
,   {"type":"Feature", "properties":{"level1":14, "nodPos1":46},
    "geometry":{"type": "Point", "coordinates":[-42.4945,43.3534]}}
,   {"type":"Feature", "properties":{"level1":14, "nodPos1":47},
    "geometry":{"type": "Point", "coordinates":[-42.4345,43.1605]}}
,   {"type":"Feature", "properties":{"level1":14, "nodPos1":48},
    "geometry":{"type": "Point", "coordinates":[-42.3749,42.9675]}}
,   {"type":"Feature", "properties":{"level1":14, "nodPos1":49},
    "geometry":{"type": "Point", "coordinates":[-42.3157,42.7744]}}
,   {"type":"Feature", "properties":{"level1":14, "nodPos1":50},
    "geometry":{"type": "Point", "coordinates":[-42.2569,42.5813]}}
,   {"type":"Feature", "properties":{"level1":14, "nodPos1":51},
    "geometry":{"type": "Point", "coordinates":[-42.1984,42.3883]}}
,   {"type":"Feature", "properties":{"level1":14, "nodPos1":52},
    "geometry":{"type": "Point", "coordinates":[-42.1403,42.1951]}}
,   {"type":"Feature", "properties":{"level1":14, "nodPos1":53},
    "geometry":{"type": "Point", "coordinates":[-42.0826,42.0020]}}
,   {"type":"Feature", "properties":{"level1":14, "nodPos1":54},
    "geometry":{"type": "Point", "coordinates":[-42.0252,41.8088]}}
,   {"type":"Feature", "properties":{"level1":14, "nodPos1":55},
    "geometry":{"type": "Point", "coordinates":[-41.9681,41.6156]}}
,   {"type":"Feature", "properties":{"level1":14, "nodPos1":56},
    "geometry":{"type": "Point", "coordinates":[-41.9114,41.4223]}}
,   {"type":"Feature", "properties":{"level1":14, "nodPos1":57},
    "geometry":{"type": "Point", "coordinates":[-41.8550,41.2291]}}
,   {"type":"Feature", "properties":{"level1":14, "nodPos1":58},
    "geometry":{"type": "Point", "coordinates":[-41.7989,41.0358]}}
,   {"type":"Feature", "properties":{"level1":14, "nodPos1":59},
    "geometry":{"type": "Point", "coordinates":[-41.7432,40.8425]}}
,   {"type":"Feature", "properties":{"level1":14, "nodPos1":60},
    "geometry":{"type": "Point", "coordinates":[-41.6878,40.6491]}}
,   {"type":"Feature", "properties":{"level1":14, "nodPos1":61},
    "geometry":{"type": "Point", "coordinates":[-41.6327,40.4557]}}
,   {"type":"Feature", "properties":{"level1":14, "nodPos1":62},
    "geometry":{"type": "Point", "coordinates":[-41.5780,40.2623]}}
,   {"type":"Feature", "properties":{"level1":14, "nodPos1":63},
    "geometry":{"type": "Point", "coordinates":[-41.5235,40.0689]}}
,   {"type":"Feature", "properties":{"level1":14, "nodPos1":64},
    "geometry":{"type": "Point", "coordinates":[-41.4694,39.8755]}}
,   {"type":"Feature", "properties":{"level1":14, "nodPos1":65},
    "geometry":{"type": "Point", "coordinates":[-41.4156,39.6820]}}
,   {"type":"Feature", "properties":{"level1":14, "nodPos1":66},
    "geometry":{"type": "Point", "coordinates":[-41.3620,39.4885]}}
,   {"type":"Feature", "properties":{"level1":14, "nodPos1":67},
    "geometry":{"type": "Point", "coordinates":[-41.3088,39.2950]}}
,   {"type":"Feature", "properties":{"level1":14, "nodPos1":68},
    "geometry":{"type": "Point", "coordinates":[-41.2558,39.1014]}}
,   {"type":"Feature", "properties":{"level1":14, "nodPos1":69},
    "geometry":{"type": "Point", "coordinates":[-41.2032,38.9078]}}
,   {"type":"Feature", "properties":{"level1":14, "nodPos1":70},
    "geometry":{"type": "Point", "coordinates":[-41.1508,38.7142]}}
,   {"type":"Feature", "properties":{"level1":14, "nodPos1":71},
    "geometry":{"type": "Point", "coordinates":[-41.0987,38.5206]}}
,   {"type":"Feature", "properties":{"level1":14, "nodPos1":72},
    "geometry":{"type": "Point", "coordinates":[-41.0469,38.3270]}}
,   {"type":"Feature", "properties":{"level1":14, "nodPos1":73},
    "geometry":{"type": "Point", "coordinates":[-40.9954,38.1333]}}
,   {"type":"Feature", "properties":{"level1":14, "nodPos1":74},
    "geometry":{"type": "Point", "coordinates":[-40.9441,37.9396]}}
,   {"type":"Feature", "properties":{"level1":14, "nodPos1":75},
    "geometry":{"type": "Point", "coordinates":[-40.8931,37.7459]}}
,   {"type":"Feature", "properties":{"level1":14, "nodPos1":76},
    "geometry":{"type": "Point", "coordinates":[-40.8424,37.5522]}}
,   {"type":"Feature", "properties":{"level1":14, "nodPos1":77},
    "geometry":{"type": "Point", "coordinates":[-40.7919,37.3584]}}
,   {"type":"Feature", "properties":{"level1":14, "nodPos1":78},
    "geometry":{"type": "Point", "coordinates":[-40.7417,37.1647]}}
,   {"type":"Feature", "properties":{"level1":14, "nodPos1":79},
    "geometry":{"type": "Point", "coordinates":[-40.6918,36.9709]}}
,   {"type":"Feature", "properties":{"level1":14, "nodPos1":80},
    "geometry":{"type": "Point", "coordinates":[-40.6421,36.7770]}}
,   {"type":"Feature", "properties":{"level1":14, "nodPos1":81},
    "geometry":{"type": "Point", "coordinates":[-40.5927,36.5832]}}
,   {"type":"Feature", "properties":{"level1":14, "nodPos1":82},
    "geometry":{"type": "Point", "coordinates":[-40.5435,36.3893]}}
,   {"type":"Feature", "properties":{"level1":14, "nodPos1":83},
    "geometry":{"type": "Point", "coordinates":[-40.4945,36.1955]}}
,   {"type":"Feature", "properties":{"level1":14, "nodPos1":84},
    "geometry":{"type": "Point", "coordinates":[-40.4458,36.0016]}}
,   {"type":"Feature", "properties":{"level1":14, "nodPos1":85},
    "geometry":{"type": "Point", "coordinates":[-40.3974,35.8077]}}
,   {"type":"Feature", "properties":{"level1":14, "nodPos1":86},
    "geometry":{"type": "Point", "coordinates":[-40.3491,35.6137]}}
,   {"type":"Feature", "properties":{"level1":14, "nodPos1":87},
    "geometry":{"type": "Point", "coordinates":[-40.3011,35.4198]}}
,   {"type":"Feature", "properties":{"level1":14, "nodPos1":88},
    "geometry":{"type": "Point", "coordinates":[-40.2534,35.2258]}}
,   {"type":"Feature", "properties":{"level1":14, "nodPos1":89},
    "geometry":{"type": "Point", "coordinates":[-40.2058,35.0318]}}
,   {"type":"Feature", "properties":{"level1":14, "nodPos1":90},
    "geometry":{"type": "Point", "coordinates":[-40.1585,34.8378]}}
,   {"type":"Feature", "properties":{"level1":15, "nodPos1":0},
    "geometry":{"type": "Point", "coordinates":[-43.7953,52.6340]}}
,   {"type":"Feature", "properties":{"level1":15, "nodPos1":1},
    "geometry":{"type": "Point", "coordinates":[-43.7086,52.4433]}}
,   {"type":"Feature", "properties":{"level1":15, "nodPos1":2},
    "geometry":{"type": "Point", "coordinates":[-43.6226,52.2526]}}
,   {"type":"Feature", "properties":{"level1":15, "nodPos1":3},
    "geometry":{"type": "Point", "coordinates":[-43.5374,52.0618]}}
,   {"type":"Feature", "properties":{"level1":15, "nodPos1":4},
    "geometry":{"type": "Point", "coordinates":[-43.4529,51.8709]}}
,   {"type":"Feature", "properties":{"level1":15, "nodPos1":5},
    "geometry":{"type": "Point", "coordinates":[-43.3691,51.6800]}}
,   {"type":"Feature", "properties":{"level1":15, "nodPos1":6},
    "geometry":{"type": "Point", "coordinates":[-43.2861,51.4890]}}
,   {"type":"Feature", "properties":{"level1":15, "nodPos1":7},
    "geometry":{"type": "Point", "coordinates":[-43.2037,51.2979]}}
,   {"type":"Feature", "properties":{"level1":15, "nodPos1":8},
    "geometry":{"type": "Point", "coordinates":[-43.1220,51.1068]}}
,   {"type":"Feature", "properties":{"level1":15, "nodPos1":9},
    "geometry":{"type": "Point", "coordinates":[-43.0409,50.9156]}}
,   {"type":"Feature", "properties":{"level1":15, "nodPos1":10},
    "geometry":{"type": "Point", "coordinates":[-42.9606,50.7244]}}
,   {"type":"Feature", "properties":{"level1":15, "nodPos1":11},
    "geometry":{"type": "Point", "coordinates":[-42.8809,50.5331]}}
,   {"type":"Feature", "properties":{"level1":15, "nodPos1":12},
    "geometry":{"type": "Point", "coordinates":[-42.8018,50.3418]}}
,   {"type":"Feature", "properties":{"level1":15, "nodPos1":13},
    "geometry":{"type": "Point", "coordinates":[-42.7234,50.1504]}}
,   {"type":"Feature", "properties":{"level1":15, "nodPos1":14},
    "geometry":{"type": "Point", "coordinates":[-42.6456,49.9589]}}
,   {"type":"Feature", "properties":{"level1":15, "nodPos1":15},
    "geometry":{"type": "Point", "coordinates":[-42.5684,49.7675]}}
,   {"type":"Feature", "properties":{"level1":15, "nodPos1":16},
    "geometry":{"type": "Point", "coordinates":[-42.4918,49.5759]}}
,   {"type":"Feature", "properties":{"level1":15, "nodPos1":17},
    "geometry":{"type": "Point", "coordinates":[-42.4158,49.3843]}}
,   {"type":"Feature", "properties":{"level1":15, "nodPos1":18},
    "geometry":{"type": "Point", "coordinates":[-42.3404,49.1927]}}
,   {"type":"Feature", "properties":{"level1":15, "nodPos1":19},
    "geometry":{"type": "Point", "coordinates":[-42.2656,49.0010]}}
,   {"type":"Feature", "properties":{"level1":15, "nodPos1":20},
    "geometry":{"type": "Point", "coordinates":[-42.1913,48.8092]}}
,   {"type":"Feature", "properties":{"level1":15, "nodPos1":21},
    "geometry":{"type": "Point", "coordinates":[-42.1177,48.6175]}}
,   {"type":"Feature", "properties":{"level1":15, "nodPos1":22},
    "geometry":{"type": "Point", "coordinates":[-42.0446,48.4256]}}
,   {"type":"Feature", "properties":{"level1":15, "nodPos1":23},
    "geometry":{"type": "Point", "coordinates":[-41.9720,48.2338]}}
,   {"type":"Feature", "properties":{"level1":15, "nodPos1":24},
    "geometry":{"type": "Point", "coordinates":[-41.9000,48.0418]}}
,   {"type":"Feature", "properties":{"level1":15, "nodPos1":25},
    "geometry":{"type": "Point", "coordinates":[-41.8285,47.8499]}}
,   {"type":"Feature", "properties":{"level1":15, "nodPos1":26},
    "geometry":{"type": "Point", "coordinates":[-41.7575,47.6578]}}
,   {"type":"Feature", "properties":{"level1":15, "nodPos1":27},
    "geometry":{"type": "Point", "coordinates":[-41.6871,47.4658]}}
,   {"type":"Feature", "properties":{"level1":15, "nodPos1":28},
    "geometry":{"type": "Point", "coordinates":[-41.6171,47.2737]}}
,   {"type":"Feature", "properties":{"level1":15, "nodPos1":29},
    "geometry":{"type": "Point", "coordinates":[-41.5477,47.0816]}}
,   {"type":"Feature", "properties":{"level1":15, "nodPos1":30},
    "geometry":{"type": "Point", "coordinates":[-41.4788,46.8894]}}
,   {"type":"Feature", "properties":{"level1":15, "nodPos1":31},
    "geometry":{"type": "Point", "coordinates":[-41.4104,46.6971]}}
,   {"type":"Feature", "properties":{"level1":15, "nodPos1":32},
    "geometry":{"type": "Point", "coordinates":[-41.3424,46.5049]}}
,   {"type":"Feature", "properties":{"level1":15, "nodPos1":33},
    "geometry":{"type": "Point", "coordinates":[-41.2750,46.3126]}}
,   {"type":"Feature", "properties":{"level1":15, "nodPos1":34},
    "geometry":{"type": "Point", "coordinates":[-41.2080,46.1202]}}
,   {"type":"Feature", "properties":{"level1":15, "nodPos1":35},
    "geometry":{"type": "Point", "coordinates":[-41.1414,45.9279]}}
,   {"type":"Feature", "properties":{"level1":15, "nodPos1":36},
    "geometry":{"type": "Point", "coordinates":[-41.0754,45.7354]}}
,   {"type":"Feature", "properties":{"level1":15, "nodPos1":37},
    "geometry":{"type": "Point", "coordinates":[-41.0097,45.5430]}}
,   {"type":"Feature", "properties":{"level1":15, "nodPos1":38},
    "geometry":{"type": "Point", "coordinates":[-40.9446,45.3505]}}
,   {"type":"Feature", "properties":{"level1":15, "nodPos1":39},
    "geometry":{"type": "Point", "coordinates":[-40.8799,45.1579]}}
,   {"type":"Feature", "properties":{"level1":15, "nodPos1":40},
    "geometry":{"type": "Point", "coordinates":[-40.8156,44.9654]}}
,   {"type":"Feature", "properties":{"level1":15, "nodPos1":41},
    "geometry":{"type": "Point", "coordinates":[-40.7517,44.7728]}}
,   {"type":"Feature", "properties":{"level1":15, "nodPos1":42},
    "geometry":{"type": "Point", "coordinates":[-40.6883,44.5801]}}
,   {"type":"Feature", "properties":{"level1":15, "nodPos1":43},
    "geometry":{"type": "Point", "coordinates":[-40.6253,44.3875]}}
,   {"type":"Feature", "properties":{"level1":15, "nodPos1":44},
    "geometry":{"type": "Point", "coordinates":[-40.5627,44.1947]}}
,   {"type":"Feature", "properties":{"level1":15, "nodPos1":45},
    "geometry":{"type": "Point", "coordinates":[-40.5005,44.0020]}}
,   {"type":"Feature", "properties":{"level1":15, "nodPos1":46},
    "geometry":{"type": "Point", "coordinates":[-40.4387,43.8092]}}
,   {"type":"Feature", "properties":{"level1":15, "nodPos1":47},
    "geometry":{"type": "Point", "coordinates":[-40.3773,43.6164]}}
,   {"type":"Feature", "properties":{"level1":15, "nodPos1":48},
    "geometry":{"type": "Point", "coordinates":[-40.3163,43.4236]}}
,   {"type":"Feature", "properties":{"level1":15, "nodPos1":49},
    "geometry":{"type": "Point", "coordinates":[-40.2557,43.2307]}}
,   {"type":"Feature", "properties":{"level1":15, "nodPos1":50},
    "geometry":{"type": "Point", "coordinates":[-40.1954,43.0378]}}
,   {"type":"Feature", "properties":{"level1":15, "nodPos1":51},
    "geometry":{"type": "Point", "coordinates":[-40.1356,42.8449]}}
,   {"type":"Feature", "properties":{"level1":15, "nodPos1":52},
    "geometry":{"type": "Point", "coordinates":[-40.0761,42.6519]}}
,   {"type":"Feature", "properties":{"level1":15, "nodPos1":53},
    "geometry":{"type": "Point", "coordinates":[-40.0170,42.4589]}}
,   {"type":"Feature", "properties":{"level1":15, "nodPos1":54},
    "geometry":{"type": "Point", "coordinates":[-39.9582,42.2659]}}
,   {"type":"Feature", "properties":{"level1":15, "nodPos1":55},
    "geometry":{"type": "Point", "coordinates":[-39.8998,42.0728]}}
,   {"type":"Feature", "properties":{"level1":15, "nodPos1":56},
    "geometry":{"type": "Point", "coordinates":[-39.8418,41.8797]}}
,   {"type":"Feature", "properties":{"level1":15, "nodPos1":57},
    "geometry":{"type": "Point", "coordinates":[-39.7841,41.6866]}}
,   {"type":"Feature", "properties":{"level1":15, "nodPos1":58},
    "geometry":{"type": "Point", "coordinates":[-39.7268,41.4934]}}
,   {"type":"Feature", "properties":{"level1":15, "nodPos1":59},
    "geometry":{"type": "Point", "coordinates":[-39.6698,41.3003]}}
,   {"type":"Feature", "properties":{"level1":15, "nodPos1":60},
    "geometry":{"type": "Point", "coordinates":[-39.6131,41.1071]}}
,   {"type":"Feature", "properties":{"level1":15, "nodPos1":61},
    "geometry":{"type": "Point", "coordinates":[-39.5568,40.9138]}}
,   {"type":"Feature", "properties":{"level1":15, "nodPos1":62},
    "geometry":{"type": "Point", "coordinates":[-39.5008,40.7206]}}
,   {"type":"Feature", "properties":{"level1":15, "nodPos1":63},
    "geometry":{"type": "Point", "coordinates":[-39.4451,40.5273]}}
,   {"type":"Feature", "properties":{"level1":15, "nodPos1":64},
    "geometry":{"type": "Point", "coordinates":[-39.3897,40.3340]}}
,   {"type":"Feature", "properties":{"level1":15, "nodPos1":65},
    "geometry":{"type": "Point", "coordinates":[-39.3347,40.1406]}}
,   {"type":"Feature", "properties":{"level1":15, "nodPos1":66},
    "geometry":{"type": "Point", "coordinates":[-39.2800,39.9473]}}
,   {"type":"Feature", "properties":{"level1":15, "nodPos1":67},
    "geometry":{"type": "Point", "coordinates":[-39.2255,39.7539]}}
,   {"type":"Feature", "properties":{"level1":15, "nodPos1":68},
    "geometry":{"type": "Point", "coordinates":[-39.1714,39.5605]}}
,   {"type":"Feature", "properties":{"level1":15, "nodPos1":69},
    "geometry":{"type": "Point", "coordinates":[-39.1176,39.3670]}}
,   {"type":"Feature", "properties":{"level1":15, "nodPos1":70},
    "geometry":{"type": "Point", "coordinates":[-39.0641,39.1736]}}
,   {"type":"Feature", "properties":{"level1":15, "nodPos1":71},
    "geometry":{"type": "Point", "coordinates":[-39.0109,38.9801]}}
,   {"type":"Feature", "properties":{"level1":15, "nodPos1":72},
    "geometry":{"type": "Point", "coordinates":[-38.9579,38.7866]}}
,   {"type":"Feature", "properties":{"level1":15, "nodPos1":73},
    "geometry":{"type": "Point", "coordinates":[-38.9053,38.5930]}}
,   {"type":"Feature", "properties":{"level1":15, "nodPos1":74},
    "geometry":{"type": "Point", "coordinates":[-38.8529,38.3995]}}
,   {"type":"Feature", "properties":{"level1":15, "nodPos1":75},
    "geometry":{"type": "Point", "coordinates":[-38.8008,38.2059]}}
,   {"type":"Feature", "properties":{"level1":15, "nodPos1":76},
    "geometry":{"type": "Point", "coordinates":[-38.7490,38.0123]}}
,   {"type":"Feature", "properties":{"level1":15, "nodPos1":77},
    "geometry":{"type": "Point", "coordinates":[-38.6975,37.8187]}}
,   {"type":"Feature", "properties":{"level1":15, "nodPos1":78},
    "geometry":{"type": "Point", "coordinates":[-38.6462,37.6250]}}
,   {"type":"Feature", "properties":{"level1":15, "nodPos1":79},
    "geometry":{"type": "Point", "coordinates":[-38.5952,37.4313]}}
,   {"type":"Feature", "properties":{"level1":15, "nodPos1":80},
    "geometry":{"type": "Point", "coordinates":[-38.5445,37.2376]}}
,   {"type":"Feature", "properties":{"level1":15, "nodPos1":81},
    "geometry":{"type": "Point", "coordinates":[-38.4940,37.0439]}}
,   {"type":"Feature", "properties":{"level1":15, "nodPos1":82},
    "geometry":{"type": "Point", "coordinates":[-38.4438,36.8502]}}
,   {"type":"Feature", "properties":{"level1":15, "nodPos1":83},
    "geometry":{"type": "Point", "coordinates":[-38.3938,36.6564]}}
,   {"type":"Feature", "properties":{"level1":15, "nodPos1":84},
    "geometry":{"type": "Point", "coordinates":[-38.3441,36.4626]}}
,   {"type":"Feature", "properties":{"level1":15, "nodPos1":85},
    "geometry":{"type": "Point", "coordinates":[-38.2947,36.2688]}}
,   {"type":"Feature", "properties":{"level1":15, "nodPos1":86},
    "geometry":{"type": "Point", "coordinates":[-38.2454,36.0750]}}
,   {"type":"Feature", "properties":{"level1":15, "nodPos1":87},
    "geometry":{"type": "Point", "coordinates":[-38.1964,35.8812]}}
,   {"type":"Feature", "properties":{"level1":15, "nodPos1":88},
    "geometry":{"type": "Point", "coordinates":[-38.1477,35.6873]}}
,   {"type":"Feature", "properties":{"level1":15, "nodPos1":89},
    "geometry":{"type": "Point", "coordinates":[-38.0992,35.4935]}}
,   {"type":"Feature", "properties":{"level1":15, "nodPos1":90},
    "geometry":{"type": "Point", "coordinates":[-38.0509,35.2996]}}
,   {"type":"Feature", "properties":{"level1":16, "nodPos1":0},
    "geometry":{"type": "Point", "coordinates":[-41.8425,53.1377]}}
,   {"type":"Feature", "properties":{"level1":16, "nodPos1":1},
    "geometry":{"type": "Point", "coordinates":[-41.7532,52.9472]}}
,   {"type":"Feature", "properties":{"level1":16, "nodPos1":2},
    "geometry":{"type": "Point", "coordinates":[-41.6646,52.7568]}}
,   {"type":"Feature", "properties":{"level1":16, "nodPos1":3},
    "geometry":{"type": "Point", "coordinates":[-41.5768,52.5662]}}
,   {"type":"Feature", "properties":{"level1":16, "nodPos1":4},
    "geometry":{"type": "Point", "coordinates":[-41.4897,52.3756]}}
,   {"type":"Feature", "properties":{"level1":16, "nodPos1":5},
    "geometry":{"type": "Point", "coordinates":[-41.4034,52.1849]}}
,   {"type":"Feature", "properties":{"level1":16, "nodPos1":6},
    "geometry":{"type": "Point", "coordinates":[-41.3178,51.9942]}}
,   {"type":"Feature", "properties":{"level1":16, "nodPos1":7},
    "geometry":{"type": "Point", "coordinates":[-41.2330,51.8034]}}
,   {"type":"Feature", "properties":{"level1":16, "nodPos1":8},
    "geometry":{"type": "Point", "coordinates":[-41.1489,51.6125]}}
,   {"type":"Feature", "properties":{"level1":16, "nodPos1":9},
    "geometry":{"type": "Point", "coordinates":[-41.0654,51.4216]}}
,   {"type":"Feature", "properties":{"level1":16, "nodPos1":10},
    "geometry":{"type": "Point", "coordinates":[-40.9827,51.2306]}}
,   {"type":"Feature", "properties":{"level1":16, "nodPos1":11},
    "geometry":{"type": "Point", "coordinates":[-40.9007,51.0396]}}
,   {"type":"Feature", "properties":{"level1":16, "nodPos1":12},
    "geometry":{"type": "Point", "coordinates":[-40.8193,50.8485]}}
,   {"type":"Feature", "properties":{"level1":16, "nodPos1":13},
    "geometry":{"type": "Point", "coordinates":[-40.7386,50.6574]}}
,   {"type":"Feature", "properties":{"level1":16, "nodPos1":14},
    "geometry":{"type": "Point", "coordinates":[-40.6585,50.4662]}}
,   {"type":"Feature", "properties":{"level1":16, "nodPos1":15},
    "geometry":{"type": "Point", "coordinates":[-40.5791,50.2749]}}
,   {"type":"Feature", "properties":{"level1":16, "nodPos1":16},
    "geometry":{"type": "Point", "coordinates":[-40.5003,50.0836]}}
,   {"type":"Feature", "properties":{"level1":16, "nodPos1":17},
    "geometry":{"type": "Point", "coordinates":[-40.4222,49.8922]}}
,   {"type":"Feature", "properties":{"level1":16, "nodPos1":18},
    "geometry":{"type": "Point", "coordinates":[-40.3447,49.7008]}}
,   {"type":"Feature", "properties":{"level1":16, "nodPos1":19},
    "geometry":{"type": "Point", "coordinates":[-40.2677,49.5093]}}
,   {"type":"Feature", "properties":{"level1":16, "nodPos1":20},
    "geometry":{"type": "Point", "coordinates":[-40.1914,49.3178]}}
,   {"type":"Feature", "properties":{"level1":16, "nodPos1":21},
    "geometry":{"type": "Point", "coordinates":[-40.1157,49.1263]}}
,   {"type":"Feature", "properties":{"level1":16, "nodPos1":22},
    "geometry":{"type": "Point", "coordinates":[-40.0405,48.9346]}}
,   {"type":"Feature", "properties":{"level1":16, "nodPos1":23},
    "geometry":{"type": "Point", "coordinates":[-39.9660,48.7430]}}
,   {"type":"Feature", "properties":{"level1":16, "nodPos1":24},
    "geometry":{"type": "Point", "coordinates":[-39.8920,48.5513]}}
,   {"type":"Feature", "properties":{"level1":16, "nodPos1":25},
    "geometry":{"type": "Point", "coordinates":[-39.8185,48.3595]}}
,   {"type":"Feature", "properties":{"level1":16, "nodPos1":26},
    "geometry":{"type": "Point", "coordinates":[-39.7456,48.1677]}}
,   {"type":"Feature", "properties":{"level1":16, "nodPos1":27},
    "geometry":{"type": "Point", "coordinates":[-39.6733,47.9758]}}
,   {"type":"Feature", "properties":{"level1":16, "nodPos1":28},
    "geometry":{"type": "Point", "coordinates":[-39.6014,47.7839]}}
,   {"type":"Feature", "properties":{"level1":16, "nodPos1":29},
    "geometry":{"type": "Point", "coordinates":[-39.5302,47.5920]}}
,   {"type":"Feature", "properties":{"level1":16, "nodPos1":30},
    "geometry":{"type": "Point", "coordinates":[-39.4594,47.4000]}}
,   {"type":"Feature", "properties":{"level1":16, "nodPos1":31},
    "geometry":{"type": "Point", "coordinates":[-39.3891,47.2080]}}
,   {"type":"Feature", "properties":{"level1":16, "nodPos1":32},
    "geometry":{"type": "Point", "coordinates":[-39.3194,47.0159]}}
,   {"type":"Feature", "properties":{"level1":16, "nodPos1":33},
    "geometry":{"type": "Point", "coordinates":[-39.2501,46.8238]}}
,   {"type":"Feature", "properties":{"level1":16, "nodPos1":34},
    "geometry":{"type": "Point", "coordinates":[-39.1814,46.6316]}}
,   {"type":"Feature", "properties":{"level1":16, "nodPos1":35},
    "geometry":{"type": "Point", "coordinates":[-39.1131,46.4394]}}
,   {"type":"Feature", "properties":{"level1":16, "nodPos1":36},
    "geometry":{"type": "Point", "coordinates":[-39.0453,46.2472]}}
,   {"type":"Feature", "properties":{"level1":16, "nodPos1":37},
    "geometry":{"type": "Point", "coordinates":[-38.9780,46.0549]}}
,   {"type":"Feature", "properties":{"level1":16, "nodPos1":38},
    "geometry":{"type": "Point", "coordinates":[-38.9112,45.8626]}}
,   {"type":"Feature", "properties":{"level1":16, "nodPos1":39},
    "geometry":{"type": "Point", "coordinates":[-38.8448,45.6703]}}
,   {"type":"Feature", "properties":{"level1":16, "nodPos1":40},
    "geometry":{"type": "Point", "coordinates":[-38.7789,45.4779]}}
,   {"type":"Feature", "properties":{"level1":16, "nodPos1":41},
    "geometry":{"type": "Point", "coordinates":[-38.7134,45.2854]}}
,   {"type":"Feature", "properties":{"level1":16, "nodPos1":42},
    "geometry":{"type": "Point", "coordinates":[-38.6483,45.0930]}}
,   {"type":"Feature", "properties":{"level1":16, "nodPos1":43},
    "geometry":{"type": "Point", "coordinates":[-38.5837,44.9005]}}
,   {"type":"Feature", "properties":{"level1":16, "nodPos1":44},
    "geometry":{"type": "Point", "coordinates":[-38.5196,44.7079]}}
,   {"type":"Feature", "properties":{"level1":16, "nodPos1":45},
    "geometry":{"type": "Point", "coordinates":[-38.4558,44.5153]}}
,   {"type":"Feature", "properties":{"level1":16, "nodPos1":46},
    "geometry":{"type": "Point", "coordinates":[-38.3925,44.3227]}}
,   {"type":"Feature", "properties":{"level1":16, "nodPos1":47},
    "geometry":{"type": "Point", "coordinates":[-38.3296,44.1301]}}
,   {"type":"Feature", "properties":{"level1":16, "nodPos1":48},
    "geometry":{"type": "Point", "coordinates":[-38.2671,43.9374]}}
,   {"type":"Feature", "properties":{"level1":16, "nodPos1":49},
    "geometry":{"type": "Point", "coordinates":[-38.2050,43.7447]}}
,   {"type":"Feature", "properties":{"level1":16, "nodPos1":50},
    "geometry":{"type": "Point", "coordinates":[-38.1433,43.5519]}}
,   {"type":"Feature", "properties":{"level1":16, "nodPos1":51},
    "geometry":{"type": "Point", "coordinates":[-38.0820,43.3592]}}
,   {"type":"Feature", "properties":{"level1":16, "nodPos1":52},
    "geometry":{"type": "Point", "coordinates":[-38.0211,43.1663]}}
,   {"type":"Feature", "properties":{"level1":16, "nodPos1":53},
    "geometry":{"type": "Point", "coordinates":[-37.9605,42.9735]}}
,   {"type":"Feature", "properties":{"level1":16, "nodPos1":54},
    "geometry":{"type": "Point", "coordinates":[-37.9004,42.7806]}}
,   {"type":"Feature", "properties":{"level1":16, "nodPos1":55},
    "geometry":{"type": "Point", "coordinates":[-37.8406,42.5877]}}
,   {"type":"Feature", "properties":{"level1":16, "nodPos1":56},
    "geometry":{"type": "Point", "coordinates":[-37.7812,42.3948]}}
,   {"type":"Feature", "properties":{"level1":16, "nodPos1":57},
    "geometry":{"type": "Point", "coordinates":[-37.7221,42.2018]}}
,   {"type":"Feature", "properties":{"level1":16, "nodPos1":58},
    "geometry":{"type": "Point", "coordinates":[-37.6634,42.0088]}}
,   {"type":"Feature", "properties":{"level1":16, "nodPos1":59},
    "geometry":{"type": "Point", "coordinates":[-37.6051,41.8158]}}
,   {"type":"Feature", "properties":{"level1":16, "nodPos1":60},
    "geometry":{"type": "Point", "coordinates":[-37.5471,41.6227]}}
,   {"type":"Feature", "properties":{"level1":16, "nodPos1":61},
    "geometry":{"type": "Point", "coordinates":[-37.4895,41.4296]}}
,   {"type":"Feature", "properties":{"level1":16, "nodPos1":62},
    "geometry":{"type": "Point", "coordinates":[-37.4322,41.2365]}}
,   {"type":"Feature", "properties":{"level1":16, "nodPos1":63},
    "geometry":{"type": "Point", "coordinates":[-37.3752,41.0434]}}
,   {"type":"Feature", "properties":{"level1":16, "nodPos1":64},
    "geometry":{"type": "Point", "coordinates":[-37.3186,40.8502]}}
,   {"type":"Feature", "properties":{"level1":16, "nodPos1":65},
    "geometry":{"type": "Point", "coordinates":[-37.2623,40.6570]}}
,   {"type":"Feature", "properties":{"level1":16, "nodPos1":66},
    "geometry":{"type": "Point", "coordinates":[-37.2063,40.4638]}}
,   {"type":"Feature", "properties":{"level1":16, "nodPos1":67},
    "geometry":{"type": "Point", "coordinates":[-37.1507,40.2705]}}
,   {"type":"Feature", "properties":{"level1":16, "nodPos1":68},
    "geometry":{"type": "Point", "coordinates":[-37.0954,40.0772]}}
,   {"type":"Feature", "properties":{"level1":16, "nodPos1":69},
    "geometry":{"type": "Point", "coordinates":[-37.0403,39.8839]}}
,   {"type":"Feature", "properties":{"level1":16, "nodPos1":70},
    "geometry":{"type": "Point", "coordinates":[-36.9856,39.6906]}}
,   {"type":"Feature", "properties":{"level1":16, "nodPos1":71},
    "geometry":{"type": "Point", "coordinates":[-36.9312,39.4972]}}
,   {"type":"Feature", "properties":{"level1":16, "nodPos1":72},
    "geometry":{"type": "Point", "coordinates":[-36.8771,39.3039]}}
,   {"type":"Feature", "properties":{"level1":16, "nodPos1":73},
    "geometry":{"type": "Point", "coordinates":[-36.8233,39.1104]}}
,   {"type":"Feature", "properties":{"level1":16, "nodPos1":74},
    "geometry":{"type": "Point", "coordinates":[-36.7698,38.9170]}}
,   {"type":"Feature", "properties":{"level1":16, "nodPos1":75},
    "geometry":{"type": "Point", "coordinates":[-36.7166,38.7236]}}
,   {"type":"Feature", "properties":{"level1":16, "nodPos1":76},
    "geometry":{"type": "Point", "coordinates":[-36.6637,38.5301]}}
,   {"type":"Feature", "properties":{"level1":16, "nodPos1":77},
    "geometry":{"type": "Point", "coordinates":[-36.6110,38.3366]}}
,   {"type":"Feature", "properties":{"level1":16, "nodPos1":78},
    "geometry":{"type": "Point", "coordinates":[-36.5587,38.1430]}}
,   {"type":"Feature", "properties":{"level1":16, "nodPos1":79},
    "geometry":{"type": "Point", "coordinates":[-36.5066,37.9495]}}
,   {"type":"Feature", "properties":{"level1":16, "nodPos1":80},
    "geometry":{"type": "Point", "coordinates":[-36.4547,37.7559]}}
,   {"type":"Feature", "properties":{"level1":16, "nodPos1":81},
    "geometry":{"type": "Point", "coordinates":[-36.4032,37.5623]}}
,   {"type":"Feature", "properties":{"level1":16, "nodPos1":82},
    "geometry":{"type": "Point", "coordinates":[-36.3519,37.3687]}}
,   {"type":"Feature", "properties":{"level1":16, "nodPos1":83},
    "geometry":{"type": "Point", "coordinates":[-36.3009,37.1751]}}
,   {"type":"Feature", "properties":{"level1":16, "nodPos1":84},
    "geometry":{"type": "Point", "coordinates":[-36.2502,36.9814]}}
,   {"type":"Feature", "properties":{"level1":16, "nodPos1":85},
    "geometry":{"type": "Point", "coordinates":[-36.1997,36.7877]}}
,   {"type":"Feature", "properties":{"level1":16, "nodPos1":86},
    "geometry":{"type": "Point", "coordinates":[-36.1494,36.5940]}}
,   {"type":"Feature", "properties":{"level1":16, "nodPos1":87},
    "geometry":{"type": "Point", "coordinates":[-36.0994,36.4003]}}
,   {"type":"Feature", "properties":{"level1":16, "nodPos1":88},
    "geometry":{"type": "Point", "coordinates":[-36.0497,36.2065]}}
,   {"type":"Feature", "properties":{"level1":16, "nodPos1":89},
    "geometry":{"type": "Point", "coordinates":[-36.0002,36.0128]}}
,   {"type":"Feature", "properties":{"level1":16, "nodPos1":90},
    "geometry":{"type": "Point", "coordinates":[-35.9509,35.8190]}}
,   {"type":"Feature", "properties":{"level1":17, "nodPos1":0},
    "geometry":{"type": "Point", "coordinates":[-39.7294,53.6265]}}
,   {"type":"Feature", "properties":{"level1":17, "nodPos1":1},
    "geometry":{"type": "Point", "coordinates":[-39.6407,53.4359]}}
,   {"type":"Feature", "properties":{"level1":17, "nodPos1":2},
    "geometry":{"type": "Point", "coordinates":[-39.5527,53.2451]}}
,   {"type":"Feature", "properties":{"level1":17, "nodPos1":3},
    "geometry":{"type": "Point", "coordinates":[-39.4655,53.0543]}}
,   {"type":"Feature", "properties":{"level1":17, "nodPos1":4},
    "geometry":{"type": "Point", "coordinates":[-39.3791,52.8634]}}
,   {"type":"Feature", "properties":{"level1":17, "nodPos1":5},
    "geometry":{"type": "Point", "coordinates":[-39.2935,52.6725]}}
,   {"type":"Feature", "properties":{"level1":17, "nodPos1":6},
    "geometry":{"type": "Point", "coordinates":[-39.2086,52.4815]}}
,   {"type":"Feature", "properties":{"level1":17, "nodPos1":7},
    "geometry":{"type": "Point", "coordinates":[-39.1244,52.2904]}}
,   {"type":"Feature", "properties":{"level1":17, "nodPos1":8},
    "geometry":{"type": "Point", "coordinates":[-39.0410,52.0993]}}
,   {"type":"Feature", "properties":{"level1":17, "nodPos1":9},
    "geometry":{"type": "Point", "coordinates":[-38.9582,51.9081]}}
,   {"type":"Feature", "properties":{"level1":17, "nodPos1":10},
    "geometry":{"type": "Point", "coordinates":[-38.8762,51.7168]}}
,   {"type":"Feature", "properties":{"level1":17, "nodPos1":11},
    "geometry":{"type": "Point", "coordinates":[-38.7948,51.5255]}}
,   {"type":"Feature", "properties":{"level1":17, "nodPos1":12},
    "geometry":{"type": "Point", "coordinates":[-38.7142,51.3342]}}
,   {"type":"Feature", "properties":{"level1":17, "nodPos1":13},
    "geometry":{"type": "Point", "coordinates":[-38.6342,51.1428]}}
,   {"type":"Feature", "properties":{"level1":17, "nodPos1":14},
    "geometry":{"type": "Point", "coordinates":[-38.5549,50.9513]}}
,   {"type":"Feature", "properties":{"level1":17, "nodPos1":15},
    "geometry":{"type": "Point", "coordinates":[-38.4762,50.7598]}}
,   {"type":"Feature", "properties":{"level1":17, "nodPos1":16},
    "geometry":{"type": "Point", "coordinates":[-38.3981,50.5682]}}
,   {"type":"Feature", "properties":{"level1":17, "nodPos1":17},
    "geometry":{"type": "Point", "coordinates":[-38.3207,50.3766]}}
,   {"type":"Feature", "properties":{"level1":17, "nodPos1":18},
    "geometry":{"type": "Point", "coordinates":[-38.2439,50.1850]}}
,   {"type":"Feature", "properties":{"level1":17, "nodPos1":19},
    "geometry":{"type": "Point", "coordinates":[-38.1678,49.9932]}}
,   {"type":"Feature", "properties":{"level1":17, "nodPos1":20},
    "geometry":{"type": "Point", "coordinates":[-38.0922,49.8015]}}
,   {"type":"Feature", "properties":{"level1":17, "nodPos1":21},
    "geometry":{"type": "Point", "coordinates":[-38.0172,49.6096]}}
,   {"type":"Feature", "properties":{"level1":17, "nodPos1":22},
    "geometry":{"type": "Point", "coordinates":[-37.9429,49.4178]}}
,   {"type":"Feature", "properties":{"level1":17, "nodPos1":23},
    "geometry":{"type": "Point", "coordinates":[-37.8691,49.2259]}}
,   {"type":"Feature", "properties":{"level1":17, "nodPos1":24},
    "geometry":{"type": "Point", "coordinates":[-37.7958,49.0339]}}
,   {"type":"Feature", "properties":{"level1":17, "nodPos1":25},
    "geometry":{"type": "Point", "coordinates":[-37.7232,48.8419]}}
,   {"type":"Feature", "properties":{"level1":17, "nodPos1":26},
    "geometry":{"type": "Point", "coordinates":[-37.6510,48.6498]}}
,   {"type":"Feature", "properties":{"level1":17, "nodPos1":27},
    "geometry":{"type": "Point", "coordinates":[-37.5795,48.4577]}}
,   {"type":"Feature", "properties":{"level1":17, "nodPos1":28},
    "geometry":{"type": "Point", "coordinates":[-37.5085,48.2656]}}
,   {"type":"Feature", "properties":{"level1":17, "nodPos1":29},
    "geometry":{"type": "Point", "coordinates":[-37.4380,48.0734]}}
,   {"type":"Feature", "properties":{"level1":17, "nodPos1":30},
    "geometry":{"type": "Point", "coordinates":[-37.3680,47.8812]}}
,   {"type":"Feature", "properties":{"level1":17, "nodPos1":31},
    "geometry":{"type": "Point", "coordinates":[-37.2985,47.6889]}}
,   {"type":"Feature", "properties":{"level1":17, "nodPos1":32},
    "geometry":{"type": "Point", "coordinates":[-37.2296,47.4966]}}
,   {"type":"Feature", "properties":{"level1":17, "nodPos1":33},
    "geometry":{"type": "Point", "coordinates":[-37.1612,47.3043]}}
,   {"type":"Feature", "properties":{"level1":17, "nodPos1":34},
    "geometry":{"type": "Point", "coordinates":[-37.0932,47.1119]}}
,   {"type":"Feature", "properties":{"level1":17, "nodPos1":35},
    "geometry":{"type": "Point", "coordinates":[-37.0258,46.9194]}}
,   {"type":"Feature", "properties":{"level1":17, "nodPos1":36},
    "geometry":{"type": "Point", "coordinates":[-36.9588,46.7270]}}
,   {"type":"Feature", "properties":{"level1":17, "nodPos1":37},
    "geometry":{"type": "Point", "coordinates":[-36.8923,46.5345]}}
,   {"type":"Feature", "properties":{"level1":17, "nodPos1":38},
    "geometry":{"type": "Point", "coordinates":[-36.8263,46.3419]}}
,   {"type":"Feature", "properties":{"level1":17, "nodPos1":39},
    "geometry":{"type": "Point", "coordinates":[-36.7607,46.1493]}}
,   {"type":"Feature", "properties":{"level1":17, "nodPos1":40},
    "geometry":{"type": "Point", "coordinates":[-36.6956,45.9567]}}
,   {"type":"Feature", "properties":{"level1":17, "nodPos1":41},
    "geometry":{"type": "Point", "coordinates":[-36.6310,45.7640]}}
,   {"type":"Feature", "properties":{"level1":17, "nodPos1":42},
    "geometry":{"type": "Point", "coordinates":[-36.5668,45.5714]}}
,   {"type":"Feature", "properties":{"level1":17, "nodPos1":43},
    "geometry":{"type": "Point", "coordinates":[-36.5030,45.3786]}}
,   {"type":"Feature", "properties":{"level1":17, "nodPos1":44},
    "geometry":{"type": "Point", "coordinates":[-36.4397,45.1859]}}
,   {"type":"Feature", "properties":{"level1":17, "nodPos1":45},
    "geometry":{"type": "Point", "coordinates":[-36.3768,44.9931]}}
,   {"type":"Feature", "properties":{"level1":17, "nodPos1":46},
    "geometry":{"type": "Point", "coordinates":[-36.3143,44.8002]}}
,   {"type":"Feature", "properties":{"level1":17, "nodPos1":47},
    "geometry":{"type": "Point", "coordinates":[-36.2522,44.6073]}}
,   {"type":"Feature", "properties":{"level1":17, "nodPos1":48},
    "geometry":{"type": "Point", "coordinates":[-36.1905,44.4144]}}
,   {"type":"Feature", "properties":{"level1":17, "nodPos1":49},
    "geometry":{"type": "Point", "coordinates":[-36.1293,44.2215]}}
,   {"type":"Feature", "properties":{"level1":17, "nodPos1":50},
    "geometry":{"type": "Point", "coordinates":[-36.0684,44.0285]}}
,   {"type":"Feature", "properties":{"level1":17, "nodPos1":51},
    "geometry":{"type": "Point", "coordinates":[-36.0080,43.8355]}}
,   {"type":"Feature", "properties":{"level1":17, "nodPos1":52},
    "geometry":{"type": "Point", "coordinates":[-35.9479,43.6425]}}
,   {"type":"Feature", "properties":{"level1":17, "nodPos1":53},
    "geometry":{"type": "Point", "coordinates":[-35.8882,43.4494]}}
,   {"type":"Feature", "properties":{"level1":17, "nodPos1":54},
    "geometry":{"type": "Point", "coordinates":[-35.8289,43.2563]}}
,   {"type":"Feature", "properties":{"level1":17, "nodPos1":55},
    "geometry":{"type": "Point", "coordinates":[-35.7700,43.0632]}}
,   {"type":"Feature", "properties":{"level1":17, "nodPos1":56},
    "geometry":{"type": "Point", "coordinates":[-35.7114,42.8701]}}
,   {"type":"Feature", "properties":{"level1":17, "nodPos1":57},
    "geometry":{"type": "Point", "coordinates":[-35.6532,42.6769]}}
,   {"type":"Feature", "properties":{"level1":17, "nodPos1":58},
    "geometry":{"type": "Point", "coordinates":[-35.5954,42.4837]}}
,   {"type":"Feature", "properties":{"level1":17, "nodPos1":59},
    "geometry":{"type": "Point", "coordinates":[-35.5379,42.2904]}}
,   {"type":"Feature", "properties":{"level1":17, "nodPos1":60},
    "geometry":{"type": "Point", "coordinates":[-35.4808,42.0972]}}
,   {"type":"Feature", "properties":{"level1":17, "nodPos1":61},
    "geometry":{"type": "Point", "coordinates":[-35.4240,41.9039]}}
,   {"type":"Feature", "properties":{"level1":17, "nodPos1":62},
    "geometry":{"type": "Point", "coordinates":[-35.3676,41.7105]}}
,   {"type":"Feature", "properties":{"level1":17, "nodPos1":63},
    "geometry":{"type": "Point", "coordinates":[-35.3115,41.5172]}}
,   {"type":"Feature", "properties":{"level1":17, "nodPos1":64},
    "geometry":{"type": "Point", "coordinates":[-35.2558,41.3238]}}
,   {"type":"Feature", "properties":{"level1":17, "nodPos1":65},
    "geometry":{"type": "Point", "coordinates":[-35.2003,41.1304]}}
,   {"type":"Feature", "properties":{"level1":17, "nodPos1":66},
    "geometry":{"type": "Point", "coordinates":[-35.1452,40.9369]}}
,   {"type":"Feature", "properties":{"level1":17, "nodPos1":67},
    "geometry":{"type": "Point", "coordinates":[-35.0904,40.7435]}}
,   {"type":"Feature", "properties":{"level1":17, "nodPos1":68},
    "geometry":{"type": "Point", "coordinates":[-35.0360,40.5500]}}
,   {"type":"Feature", "properties":{"level1":17, "nodPos1":69},
    "geometry":{"type": "Point", "coordinates":[-34.9818,40.3565]}}
,   {"type":"Feature", "properties":{"level1":17, "nodPos1":70},
    "geometry":{"type": "Point", "coordinates":[-34.9280,40.1629]}}
,   {"type":"Feature", "properties":{"level1":17, "nodPos1":71},
    "geometry":{"type": "Point", "coordinates":[-34.8744,39.9694]}}
,   {"type":"Feature", "properties":{"level1":17, "nodPos1":72},
    "geometry":{"type": "Point", "coordinates":[-34.8212,39.7758]}}
,   {"type":"Feature", "properties":{"level1":17, "nodPos1":73},
    "geometry":{"type": "Point", "coordinates":[-34.7683,39.5822]}}
,   {"type":"Feature", "properties":{"level1":17, "nodPos1":74},
    "geometry":{"type": "Point", "coordinates":[-34.7156,39.3886]}}
,   {"type":"Feature", "properties":{"level1":17, "nodPos1":75},
    "geometry":{"type": "Point", "coordinates":[-34.6633,39.1949]}}
,   {"type":"Feature", "properties":{"level1":17, "nodPos1":76},
    "geometry":{"type": "Point", "coordinates":[-34.6112,39.0012]}}
,   {"type":"Feature", "properties":{"level1":17, "nodPos1":77},
    "geometry":{"type": "Point", "coordinates":[-34.5594,38.8075]}}
,   {"type":"Feature", "properties":{"level1":17, "nodPos1":78},
    "geometry":{"type": "Point", "coordinates":[-34.5080,38.6138]}}
,   {"type":"Feature", "properties":{"level1":17, "nodPos1":79},
    "geometry":{"type": "Point", "coordinates":[-34.4567,38.4200]}}
,   {"type":"Feature", "properties":{"level1":17, "nodPos1":80},
    "geometry":{"type": "Point", "coordinates":[-34.4058,38.2263]}}
,   {"type":"Feature", "properties":{"level1":17, "nodPos1":81},
    "geometry":{"type": "Point", "coordinates":[-34.3551,38.0325]}}
,   {"type":"Feature", "properties":{"level1":17, "nodPos1":82},
    "geometry":{"type": "Point", "coordinates":[-34.3047,37.8387]}}
,   {"type":"Feature", "properties":{"level1":17, "nodPos1":83},
    "geometry":{"type": "Point", "coordinates":[-34.2546,37.6448]}}
,   {"type":"Feature", "properties":{"level1":17, "nodPos1":84},
    "geometry":{"type": "Point", "coordinates":[-34.2047,37.4510]}}
,   {"type":"Feature", "properties":{"level1":17, "nodPos1":85},
    "geometry":{"type": "Point", "coordinates":[-34.1551,37.2571]}}
,   {"type":"Feature", "properties":{"level1":17, "nodPos1":86},
    "geometry":{"type": "Point", "coordinates":[-34.1057,37.0632]}}
,   {"type":"Feature", "properties":{"level1":17, "nodPos1":87},
    "geometry":{"type": "Point", "coordinates":[-34.0566,36.8693]}}
,   {"type":"Feature", "properties":{"level1":17, "nodPos1":88},
    "geometry":{"type": "Point", "coordinates":[-34.0077,36.6753]}}
,   {"type":"Feature", "properties":{"level1":17, "nodPos1":89},
    "geometry":{"type": "Point", "coordinates":[-33.9591,36.4814]}}
,   {"type":"Feature", "properties":{"level1":17, "nodPos1":90},
    "geometry":{"type": "Point", "coordinates":[-33.9107,36.2874]}}
,   {"type":"Feature", "properties":{"level1":18, "nodPos1":0},
    "geometry":{"type": "Point", "coordinates":[-37.7361,54.1180]}}
,   {"type":"Feature", "properties":{"level1":18, "nodPos1":1},
    "geometry":{"type": "Point", "coordinates":[-37.6446,53.9276]}}
,   {"type":"Feature", "properties":{"level1":18, "nodPos1":2},
    "geometry":{"type": "Point", "coordinates":[-37.5540,53.7371]}}
,   {"type":"Feature", "properties":{"level1":18, "nodPos1":3},
    "geometry":{"type": "Point", "coordinates":[-37.4643,53.5466]}}
,   {"type":"Feature", "properties":{"level1":18, "nodPos1":4},
    "geometry":{"type": "Point", "coordinates":[-37.3753,53.3560]}}
,   {"type":"Feature", "properties":{"level1":18, "nodPos1":5},
    "geometry":{"type": "Point", "coordinates":[-37.2871,53.1653]}}
,   {"type":"Feature", "properties":{"level1":18, "nodPos1":6},
    "geometry":{"type": "Point", "coordinates":[-37.1997,52.9745]}}
,   {"type":"Feature", "properties":{"level1":18, "nodPos1":7},
    "geometry":{"type": "Point", "coordinates":[-37.1131,52.7837]}}
,   {"type":"Feature", "properties":{"level1":18, "nodPos1":8},
    "geometry":{"type": "Point", "coordinates":[-37.0272,52.5928]}}
,   {"type":"Feature", "properties":{"level1":18, "nodPos1":9},
    "geometry":{"type": "Point", "coordinates":[-36.9420,52.4019]}}
,   {"type":"Feature", "properties":{"level1":18, "nodPos1":10},
    "geometry":{"type": "Point", "coordinates":[-36.8576,52.2109]}}
,   {"type":"Feature", "properties":{"level1":18, "nodPos1":11},
    "geometry":{"type": "Point", "coordinates":[-36.7740,52.0198]}}
,   {"type":"Feature", "properties":{"level1":18, "nodPos1":12},
    "geometry":{"type": "Point", "coordinates":[-36.6910,51.8287]}}
,   {"type":"Feature", "properties":{"level1":18, "nodPos1":13},
    "geometry":{"type": "Point", "coordinates":[-36.6087,51.6375]}}
,   {"type":"Feature", "properties":{"level1":18, "nodPos1":14},
    "geometry":{"type": "Point", "coordinates":[-36.5272,51.4463]}}
,   {"type":"Feature", "properties":{"level1":18, "nodPos1":15},
    "geometry":{"type": "Point", "coordinates":[-36.4463,51.2550]}}
,   {"type":"Feature", "properties":{"level1":18, "nodPos1":16},
    "geometry":{"type": "Point", "coordinates":[-36.3660,51.0636]}}
,   {"type":"Feature", "properties":{"level1":18, "nodPos1":17},
    "geometry":{"type": "Point", "coordinates":[-36.2865,50.8722]}}
,   {"type":"Feature", "properties":{"level1":18, "nodPos1":18},
    "geometry":{"type": "Point", "coordinates":[-36.2076,50.6808]}}
,   {"type":"Feature", "properties":{"level1":18, "nodPos1":19},
    "geometry":{"type": "Point", "coordinates":[-36.1293,50.4893]}}
,   {"type":"Feature", "properties":{"level1":18, "nodPos1":20},
    "geometry":{"type": "Point", "coordinates":[-36.0517,50.2977]}}
,   {"type":"Feature", "properties":{"level1":18, "nodPos1":21},
    "geometry":{"type": "Point", "coordinates":[-35.9746,50.1061]}}
,   {"type":"Feature", "properties":{"level1":18, "nodPos1":22},
    "geometry":{"type": "Point", "coordinates":[-35.8982,49.9144]}}
,   {"type":"Feature", "properties":{"level1":18, "nodPos1":23},
    "geometry":{"type": "Point", "coordinates":[-35.8224,49.7227]}}
,   {"type":"Feature", "properties":{"level1":18, "nodPos1":24},
    "geometry":{"type": "Point", "coordinates":[-35.7472,49.5310]}}
,   {"type":"Feature", "properties":{"level1":18, "nodPos1":25},
    "geometry":{"type": "Point", "coordinates":[-35.6726,49.3392]}}
,   {"type":"Feature", "properties":{"level1":18, "nodPos1":26},
    "geometry":{"type": "Point", "coordinates":[-35.5986,49.1473]}}
,   {"type":"Feature", "properties":{"level1":18, "nodPos1":27},
    "geometry":{"type": "Point", "coordinates":[-35.5251,48.9554]}}
,   {"type":"Feature", "properties":{"level1":18, "nodPos1":28},
    "geometry":{"type": "Point", "coordinates":[-35.4522,48.7634]}}
,   {"type":"Feature", "properties":{"level1":18, "nodPos1":29},
    "geometry":{"type": "Point", "coordinates":[-35.3799,48.5715]}}
,   {"type":"Feature", "properties":{"level1":18, "nodPos1":30},
    "geometry":{"type": "Point", "coordinates":[-35.3081,48.3794]}}
,   {"type":"Feature", "properties":{"level1":18, "nodPos1":31},
    "geometry":{"type": "Point", "coordinates":[-35.2368,48.1873]}}
,   {"type":"Feature", "properties":{"level1":18, "nodPos1":32},
    "geometry":{"type": "Point", "coordinates":[-35.1661,47.9952]}}
,   {"type":"Feature", "properties":{"level1":18, "nodPos1":33},
    "geometry":{"type": "Point", "coordinates":[-35.0959,47.8030]}}
,   {"type":"Feature", "properties":{"level1":18, "nodPos1":34},
    "geometry":{"type": "Point", "coordinates":[-35.0262,47.6108]}}
,   {"type":"Feature", "properties":{"level1":18, "nodPos1":35},
    "geometry":{"type": "Point", "coordinates":[-34.9571,47.4186]}}
,   {"type":"Feature", "properties":{"level1":18, "nodPos1":36},
    "geometry":{"type": "Point", "coordinates":[-34.8884,47.2263]}}
,   {"type":"Feature", "properties":{"level1":18, "nodPos1":37},
    "geometry":{"type": "Point", "coordinates":[-34.8202,47.0339]}}
,   {"type":"Feature", "properties":{"level1":18, "nodPos1":38},
    "geometry":{"type": "Point", "coordinates":[-34.7525,46.8415]}}
,   {"type":"Feature", "properties":{"level1":18, "nodPos1":39},
    "geometry":{"type": "Point", "coordinates":[-34.6853,46.6491]}}
,   {"type":"Feature", "properties":{"level1":18, "nodPos1":40},
    "geometry":{"type": "Point", "coordinates":[-34.6186,46.4567]}}
,   {"type":"Feature", "properties":{"level1":18, "nodPos1":41},
    "geometry":{"type": "Point", "coordinates":[-34.5524,46.2642]}}
,   {"type":"Feature", "properties":{"level1":18, "nodPos1":42},
    "geometry":{"type": "Point", "coordinates":[-34.4866,46.0716]}}
,   {"type":"Feature", "properties":{"level1":18, "nodPos1":43},
    "geometry":{"type": "Point", "coordinates":[-34.4213,45.8791]}}
,   {"type":"Feature", "properties":{"level1":18, "nodPos1":44},
    "geometry":{"type": "Point", "coordinates":[-34.3564,45.6865]}}
,   {"type":"Feature", "properties":{"level1":18, "nodPos1":45},
    "geometry":{"type": "Point", "coordinates":[-34.2919,45.4938]}}
,   {"type":"Feature", "properties":{"level1":18, "nodPos1":46},
    "geometry":{"type": "Point", "coordinates":[-34.2279,45.3011]}}
,   {"type":"Feature", "properties":{"level1":18, "nodPos1":47},
    "geometry":{"type": "Point", "coordinates":[-34.1644,45.1084]}}
,   {"type":"Feature", "properties":{"level1":18, "nodPos1":48},
    "geometry":{"type": "Point", "coordinates":[-34.1012,44.9157]}}
,   {"type":"Feature", "properties":{"level1":18, "nodPos1":49},
    "geometry":{"type": "Point", "coordinates":[-34.0385,44.7229]}}
,   {"type":"Feature", "properties":{"level1":18, "nodPos1":50},
    "geometry":{"type": "Point", "coordinates":[-33.9762,44.5301]}}
,   {"type":"Feature", "properties":{"level1":18, "nodPos1":51},
    "geometry":{"type": "Point", "coordinates":[-33.9144,44.3372]}}
,   {"type":"Feature", "properties":{"level1":18, "nodPos1":52},
    "geometry":{"type": "Point", "coordinates":[-33.8529,44.1443]}}
,   {"type":"Feature", "properties":{"level1":18, "nodPos1":53},
    "geometry":{"type": "Point", "coordinates":[-33.7918,43.9514]}}
,   {"type":"Feature", "properties":{"level1":18, "nodPos1":54},
    "geometry":{"type": "Point", "coordinates":[-33.7311,43.7585]}}
,   {"type":"Feature", "properties":{"level1":18, "nodPos1":55},
    "geometry":{"type": "Point", "coordinates":[-33.6708,43.5655]}}
,   {"type":"Feature", "properties":{"level1":18, "nodPos1":56},
    "geometry":{"type": "Point", "coordinates":[-33.6109,43.3725]}}
,   {"type":"Feature", "properties":{"level1":18, "nodPos1":57},
    "geometry":{"type": "Point", "coordinates":[-33.5514,43.1794]}}
,   {"type":"Feature", "properties":{"level1":18, "nodPos1":58},
    "geometry":{"type": "Point", "coordinates":[-33.4922,42.9863]}}
,   {"type":"Feature", "properties":{"level1":18, "nodPos1":59},
    "geometry":{"type": "Point", "coordinates":[-33.4335,42.7932]}}
,   {"type":"Feature", "properties":{"level1":18, "nodPos1":60},
    "geometry":{"type": "Point", "coordinates":[-33.3750,42.6001]}}
,   {"type":"Feature", "properties":{"level1":18, "nodPos1":61},
    "geometry":{"type": "Point", "coordinates":[-33.3170,42.4069]}}
,   {"type":"Feature", "properties":{"level1":18, "nodPos1":62},
    "geometry":{"type": "Point", "coordinates":[-33.2593,42.2137]}}
,   {"type":"Feature", "properties":{"level1":18, "nodPos1":63},
    "geometry":{"type": "Point", "coordinates":[-33.2019,42.0205]}}
,   {"type":"Feature", "properties":{"level1":18, "nodPos1":64},
    "geometry":{"type": "Point", "coordinates":[-33.1449,41.8273]}}
,   {"type":"Feature", "properties":{"level1":18, "nodPos1":65},
    "geometry":{"type": "Point", "coordinates":[-33.0883,41.6340]}}
,   {"type":"Feature", "properties":{"level1":18, "nodPos1":66},
    "geometry":{"type": "Point", "coordinates":[-33.0320,41.4407]}}
,   {"type":"Feature", "properties":{"level1":18, "nodPos1":67},
    "geometry":{"type": "Point", "coordinates":[-32.9760,41.2473]}}
,   {"type":"Feature", "properties":{"level1":18, "nodPos1":68},
    "geometry":{"type": "Point", "coordinates":[-32.9203,41.0540]}}
,   {"type":"Feature", "properties":{"level1":18, "nodPos1":69},
    "geometry":{"type": "Point", "coordinates":[-32.8650,40.8606]}}
,   {"type":"Feature", "properties":{"level1":18, "nodPos1":70},
    "geometry":{"type": "Point", "coordinates":[-32.8100,40.6672]}}
,   {"type":"Feature", "properties":{"level1":18, "nodPos1":71},
    "geometry":{"type": "Point", "coordinates":[-32.7553,40.4737]}}
,   {"type":"Feature", "properties":{"level1":18, "nodPos1":72},
    "geometry":{"type": "Point", "coordinates":[-32.7009,40.2803]}}
,   {"type":"Feature", "properties":{"level1":18, "nodPos1":73},
    "geometry":{"type": "Point", "coordinates":[-32.6469,40.0868]}}
,   {"type":"Feature", "properties":{"level1":18, "nodPos1":74},
    "geometry":{"type": "Point", "coordinates":[-32.5931,39.8933]}}
,   {"type":"Feature", "properties":{"level1":18, "nodPos1":75},
    "geometry":{"type": "Point", "coordinates":[-32.5397,39.6997]}}
,   {"type":"Feature", "properties":{"level1":18, "nodPos1":76},
    "geometry":{"type": "Point", "coordinates":[-32.4865,39.5061]}}
,   {"type":"Feature", "properties":{"level1":18, "nodPos1":77},
    "geometry":{"type": "Point", "coordinates":[-32.4337,39.3126]}}
,   {"type":"Feature", "properties":{"level1":18, "nodPos1":78},
    "geometry":{"type": "Point", "coordinates":[-32.3811,39.1189]}}
,   {"type":"Feature", "properties":{"level1":18, "nodPos1":79},
    "geometry":{"type": "Point", "coordinates":[-32.3288,38.9253]}}
,   {"type":"Feature", "properties":{"level1":18, "nodPos1":80},
    "geometry":{"type": "Point", "coordinates":[-32.2768,38.7316]}}
,   {"type":"Feature", "properties":{"level1":18, "nodPos1":81},
    "geometry":{"type": "Point", "coordinates":[-32.2251,38.5380]}}
,   {"type":"Feature", "properties":{"level1":18, "nodPos1":82},
    "geometry":{"type": "Point", "coordinates":[-32.1737,38.3443]}}
,   {"type":"Feature", "properties":{"level1":18, "nodPos1":83},
    "geometry":{"type": "Point", "coordinates":[-32.1225,38.1505]}}
,   {"type":"Feature", "properties":{"level1":18, "nodPos1":84},
    "geometry":{"type": "Point", "coordinates":[-32.0716,37.9568]}}
,   {"type":"Feature", "properties":{"level1":18, "nodPos1":85},
    "geometry":{"type": "Point", "coordinates":[-32.0210,37.7630]}}
,   {"type":"Feature", "properties":{"level1":18, "nodPos1":86},
    "geometry":{"type": "Point", "coordinates":[-31.9707,37.5692]}}
,   {"type":"Feature", "properties":{"level1":18, "nodPos1":87},
    "geometry":{"type": "Point", "coordinates":[-31.9206,37.3754]}}
,   {"type":"Feature", "properties":{"level1":18, "nodPos1":88},
    "geometry":{"type": "Point", "coordinates":[-31.8707,37.1816]}}
,   {"type":"Feature", "properties":{"level1":18, "nodPos1":89},
    "geometry":{"type": "Point", "coordinates":[-31.8211,36.9877]}}
,   {"type":"Feature", "properties":{"level1":18, "nodPos1":90},
    "geometry":{"type": "Point", "coordinates":[-31.7718,36.7938]}}
,   {"type":"Feature", "properties":{"level1":19, "nodPos1":0},
    "geometry":{"type": "Point", "coordinates":[-35.4953,54.6450]}}
,   {"type":"Feature", "properties":{"level1":19, "nodPos1":1},
    "geometry":{"type": "Point", "coordinates":[-35.4072,54.4539]}}
,   {"type":"Feature", "properties":{"level1":19, "nodPos1":2},
    "geometry":{"type": "Point", "coordinates":[-35.3198,54.2627]}}
,   {"type":"Feature", "properties":{"level1":19, "nodPos1":3},
    "geometry":{"type": "Point", "coordinates":[-35.2333,54.0714]}}
,   {"type":"Feature", "properties":{"level1":19, "nodPos1":4},
    "geometry":{"type": "Point", "coordinates":[-35.1475,53.8801]}}
,   {"type":"Feature", "properties":{"level1":19, "nodPos1":5},
    "geometry":{"type": "Point", "coordinates":[-35.0625,53.6887]}}
,   {"type":"Feature", "properties":{"level1":19, "nodPos1":6},
    "geometry":{"type": "Point", "coordinates":[-34.9783,53.4973]}}
,   {"type":"Feature", "properties":{"level1":19, "nodPos1":7},
    "geometry":{"type": "Point", "coordinates":[-34.8949,53.3058]}}
,   {"type":"Feature", "properties":{"level1":19, "nodPos1":8},
    "geometry":{"type": "Point", "coordinates":[-34.8122,53.1143]}}
,   {"type":"Feature", "properties":{"level1":19, "nodPos1":9},
    "geometry":{"type": "Point", "coordinates":[-34.7302,52.9226]}}
,   {"type":"Feature", "properties":{"level1":19, "nodPos1":10},
    "geometry":{"type": "Point", "coordinates":[-34.6490,52.7310]}}
,   {"type":"Feature", "properties":{"level1":19, "nodPos1":11},
    "geometry":{"type": "Point", "coordinates":[-34.5685,52.5393]}}
,   {"type":"Feature", "properties":{"level1":19, "nodPos1":12},
    "geometry":{"type": "Point", "coordinates":[-34.4886,52.3475]}}
,   {"type":"Feature", "properties":{"level1":19, "nodPos1":13},
    "geometry":{"type": "Point", "coordinates":[-34.4095,52.1557]}}
,   {"type":"Feature", "properties":{"level1":19, "nodPos1":14},
    "geometry":{"type": "Point", "coordinates":[-34.3310,51.9638]}}
,   {"type":"Feature", "properties":{"level1":19, "nodPos1":15},
    "geometry":{"type": "Point", "coordinates":[-34.2532,51.7718]}}
,   {"type":"Feature", "properties":{"level1":19, "nodPos1":16},
    "geometry":{"type": "Point", "coordinates":[-34.1761,51.5799]}}
,   {"type":"Feature", "properties":{"level1":19, "nodPos1":17},
    "geometry":{"type": "Point", "coordinates":[-34.0996,51.3878]}}
,   {"type":"Feature", "properties":{"level1":19, "nodPos1":18},
    "geometry":{"type": "Point", "coordinates":[-34.0238,51.1958]}}
,   {"type":"Feature", "properties":{"level1":19, "nodPos1":19},
    "geometry":{"type": "Point", "coordinates":[-33.9486,51.0036]}}
,   {"type":"Feature", "properties":{"level1":19, "nodPos1":20},
    "geometry":{"type": "Point", "coordinates":[-33.8740,50.8114]}}
,   {"type":"Feature", "properties":{"level1":19, "nodPos1":21},
    "geometry":{"type": "Point", "coordinates":[-33.8000,50.6192]}}
,   {"type":"Feature", "properties":{"level1":19, "nodPos1":22},
    "geometry":{"type": "Point", "coordinates":[-33.7266,50.4269]}}
,   {"type":"Feature", "properties":{"level1":19, "nodPos1":23},
    "geometry":{"type": "Point", "coordinates":[-33.6538,50.2346]}}
,   {"type":"Feature", "properties":{"level1":19, "nodPos1":24},
    "geometry":{"type": "Point", "coordinates":[-33.5816,50.0423]}}
,   {"type":"Feature", "properties":{"level1":19, "nodPos1":25},
    "geometry":{"type": "Point", "coordinates":[-33.5100,49.8499]}}
,   {"type":"Feature", "properties":{"level1":19, "nodPos1":26},
    "geometry":{"type": "Point", "coordinates":[-33.4389,49.6574]}}
,   {"type":"Feature", "properties":{"level1":19, "nodPos1":27},
    "geometry":{"type": "Point", "coordinates":[-33.3684,49.4649]}}
,   {"type":"Feature", "properties":{"level1":19, "nodPos1":28},
    "geometry":{"type": "Point", "coordinates":[-33.2985,49.2724]}}
,   {"type":"Feature", "properties":{"level1":19, "nodPos1":29},
    "geometry":{"type": "Point", "coordinates":[-33.2291,49.0798]}}
,   {"type":"Feature", "properties":{"level1":19, "nodPos1":30},
    "geometry":{"type": "Point", "coordinates":[-33.1602,48.8872]}}
,   {"type":"Feature", "properties":{"level1":19, "nodPos1":31},
    "geometry":{"type": "Point", "coordinates":[-33.0919,48.6945]}}
,   {"type":"Feature", "properties":{"level1":19, "nodPos1":32},
    "geometry":{"type": "Point", "coordinates":[-33.0240,48.5018]}}
,   {"type":"Feature", "properties":{"level1":19, "nodPos1":33},
    "geometry":{"type": "Point", "coordinates":[-32.9567,48.3091]}}
,   {"type":"Feature", "properties":{"level1":19, "nodPos1":34},
    "geometry":{"type": "Point", "coordinates":[-32.8900,48.1163]}}
,   {"type":"Feature", "properties":{"level1":19, "nodPos1":35},
    "geometry":{"type": "Point", "coordinates":[-32.8237,47.9235]}}
,   {"type":"Feature", "properties":{"level1":19, "nodPos1":36},
    "geometry":{"type": "Point", "coordinates":[-32.7578,47.7306]}}
,   {"type":"Feature", "properties":{"level1":19, "nodPos1":37},
    "geometry":{"type": "Point", "coordinates":[-32.6925,47.5377]}}
,   {"type":"Feature", "properties":{"level1":19, "nodPos1":38},
    "geometry":{"type": "Point", "coordinates":[-32.6277,47.3448]}}
,   {"type":"Feature", "properties":{"level1":19, "nodPos1":39},
    "geometry":{"type": "Point", "coordinates":[-32.5633,47.1518]}}
,   {"type":"Feature", "properties":{"level1":19, "nodPos1":40},
    "geometry":{"type": "Point", "coordinates":[-32.4994,46.9588]}}
,   {"type":"Feature", "properties":{"level1":19, "nodPos1":41},
    "geometry":{"type": "Point", "coordinates":[-32.4360,46.7658]}}
,   {"type":"Feature", "properties":{"level1":19, "nodPos1":42},
    "geometry":{"type": "Point", "coordinates":[-32.3730,46.5727]}}
,   {"type":"Feature", "properties":{"level1":19, "nodPos1":43},
    "geometry":{"type": "Point", "coordinates":[-32.3104,46.3796]}}
,   {"type":"Feature", "properties":{"level1":19, "nodPos1":44},
    "geometry":{"type": "Point", "coordinates":[-32.2483,46.1865]}}
,   {"type":"Feature", "properties":{"level1":19, "nodPos1":45},
    "geometry":{"type": "Point", "coordinates":[-32.1867,45.9933]}}
,   {"type":"Feature", "properties":{"level1":19, "nodPos1":46},
    "geometry":{"type": "Point", "coordinates":[-32.1254,45.8001]}}
,   {"type":"Feature", "properties":{"level1":19, "nodPos1":47},
    "geometry":{"type": "Point", "coordinates":[-32.0646,45.6069]}}
,   {"type":"Feature", "properties":{"level1":19, "nodPos1":48},
    "geometry":{"type": "Point", "coordinates":[-32.0042,45.4136]}}
,   {"type":"Feature", "properties":{"level1":19, "nodPos1":49},
    "geometry":{"type": "Point", "coordinates":[-31.9442,45.2203]}}
,   {"type":"Feature", "properties":{"level1":19, "nodPos1":50},
    "geometry":{"type": "Point", "coordinates":[-31.8847,45.0270]}}
,   {"type":"Feature", "properties":{"level1":19, "nodPos1":51},
    "geometry":{"type": "Point", "coordinates":[-31.8255,44.8336]}}
,   {"type":"Feature", "properties":{"level1":19, "nodPos1":52},
    "geometry":{"type": "Point", "coordinates":[-31.7667,44.6402]}}
,   {"type":"Feature", "properties":{"level1":19, "nodPos1":53},
    "geometry":{"type": "Point", "coordinates":[-31.7083,44.4468]}}
,   {"type":"Feature", "properties":{"level1":19, "nodPos1":54},
    "geometry":{"type": "Point", "coordinates":[-31.6503,44.2533]}}
,   {"type":"Feature", "properties":{"level1":19, "nodPos1":55},
    "geometry":{"type": "Point", "coordinates":[-31.5927,44.0598]}}
,   {"type":"Feature", "properties":{"level1":19, "nodPos1":56},
    "geometry":{"type": "Point", "coordinates":[-31.5354,43.8663]}}
,   {"type":"Feature", "properties":{"level1":19, "nodPos1":57},
    "geometry":{"type": "Point", "coordinates":[-31.4786,43.6728]}}
,   {"type":"Feature", "properties":{"level1":19, "nodPos1":58},
    "geometry":{"type": "Point", "coordinates":[-31.4220,43.4792]}}
,   {"type":"Feature", "properties":{"level1":19, "nodPos1":59},
    "geometry":{"type": "Point", "coordinates":[-31.3659,43.2856]}}
,   {"type":"Feature", "properties":{"level1":19, "nodPos1":60},
    "geometry":{"type": "Point", "coordinates":[-31.3101,43.0920]}}
,   {"type":"Feature", "properties":{"level1":19, "nodPos1":61},
    "geometry":{"type": "Point", "coordinates":[-31.2547,42.8984]}}
,   {"type":"Feature", "properties":{"level1":19, "nodPos1":62},
    "geometry":{"type": "Point", "coordinates":[-31.1996,42.7047]}}
,   {"type":"Feature", "properties":{"level1":19, "nodPos1":63},
    "geometry":{"type": "Point", "coordinates":[-31.1448,42.5110]}}
,   {"type":"Feature", "properties":{"level1":19, "nodPos1":64},
    "geometry":{"type": "Point", "coordinates":[-31.0904,42.3172]}}
,   {"type":"Feature", "properties":{"level1":19, "nodPos1":65},
    "geometry":{"type": "Point", "coordinates":[-31.0363,42.1235]}}
,   {"type":"Feature", "properties":{"level1":19, "nodPos1":66},
    "geometry":{"type": "Point", "coordinates":[-30.9826,41.9297]}}
,   {"type":"Feature", "properties":{"level1":19, "nodPos1":67},
    "geometry":{"type": "Point", "coordinates":[-30.9291,41.7359]}}
,   {"type":"Feature", "properties":{"level1":19, "nodPos1":68},
    "geometry":{"type": "Point", "coordinates":[-30.8760,41.5421]}}
,   {"type":"Feature", "properties":{"level1":19, "nodPos1":69},
    "geometry":{"type": "Point", "coordinates":[-30.8232,41.3482]}}
,   {"type":"Feature", "properties":{"level1":19, "nodPos1":70},
    "geometry":{"type": "Point", "coordinates":[-30.7708,41.1543]}}
,   {"type":"Feature", "properties":{"level1":19, "nodPos1":71},
    "geometry":{"type": "Point", "coordinates":[-30.7186,40.9604]}}
,   {"type":"Feature", "properties":{"level1":19, "nodPos1":72},
    "geometry":{"type": "Point", "coordinates":[-30.6667,40.7665]}}
,   {"type":"Feature", "properties":{"level1":19, "nodPos1":73},
    "geometry":{"type": "Point", "coordinates":[-30.6152,40.5726]}}
,   {"type":"Feature", "properties":{"level1":19, "nodPos1":74},
    "geometry":{"type": "Point", "coordinates":[-30.5639,40.3786]}}
,   {"type":"Feature", "properties":{"level1":19, "nodPos1":75},
    "geometry":{"type": "Point", "coordinates":[-30.5130,40.1846]}}
,   {"type":"Feature", "properties":{"level1":19, "nodPos1":76},
    "geometry":{"type": "Point", "coordinates":[-30.4623,39.9906]}}
,   {"type":"Feature", "properties":{"level1":19, "nodPos1":77},
    "geometry":{"type": "Point", "coordinates":[-30.4119,39.7966]}}
,   {"type":"Feature", "properties":{"level1":19, "nodPos1":78},
    "geometry":{"type": "Point", "coordinates":[-30.3618,39.6025]}}
,   {"type":"Feature", "properties":{"level1":19, "nodPos1":79},
    "geometry":{"type": "Point", "coordinates":[-30.3120,39.4084]}}
,   {"type":"Feature", "properties":{"level1":19, "nodPos1":80},
    "geometry":{"type": "Point", "coordinates":[-30.2624,39.2143]}}
,   {"type":"Feature", "properties":{"level1":19, "nodPos1":81},
    "geometry":{"type": "Point", "coordinates":[-30.2131,39.0202]}}
,   {"type":"Feature", "properties":{"level1":19, "nodPos1":82},
    "geometry":{"type": "Point", "coordinates":[-30.1641,38.8260]}}
,   {"type":"Feature", "properties":{"level1":19, "nodPos1":83},
    "geometry":{"type": "Point", "coordinates":[-30.1154,38.6319]}}
,   {"type":"Feature", "properties":{"level1":19, "nodPos1":84},
    "geometry":{"type": "Point", "coordinates":[-30.0669,38.4377]}}
,   {"type":"Feature", "properties":{"level1":19, "nodPos1":85},
    "geometry":{"type": "Point", "coordinates":[-30.0187,38.2435]}}
,   {"type":"Feature", "properties":{"level1":19, "nodPos1":86},
    "geometry":{"type": "Point", "coordinates":[-29.9708,38.0493]}}
,   {"type":"Feature", "properties":{"level1":19, "nodPos1":87},
    "geometry":{"type": "Point", "coordinates":[-29.9231,37.8550]}}
,   {"type":"Feature", "properties":{"level1":19, "nodPos1":88},
    "geometry":{"type": "Point", "coordinates":[-29.8756,37.6608]}}
,   {"type":"Feature", "properties":{"level1":19, "nodPos1":89},
    "geometry":{"type": "Point", "coordinates":[-29.8284,37.4665]}}
,   {"type":"Feature", "properties":{"level1":19, "nodPos1":90},
    "geometry":{"type": "Point", "coordinates":[-29.7814,37.2722]}}
,   {"type":"Feature", "properties":{"level1":20, "nodPos1":0},
    "geometry":{"type": "Point", "coordinates":[-33.0749,55.1506]}}
,   {"type":"Feature", "properties":{"level1":20, "nodPos1":1},
    "geometry":{"type": "Point", "coordinates":[-32.9938,54.9583]}}
,   {"type":"Feature", "properties":{"level1":20, "nodPos1":2},
    "geometry":{"type": "Point", "coordinates":[-32.9135,54.7659]}}
,   {"type":"Feature", "properties":{"level1":20, "nodPos1":3},
    "geometry":{"type": "Point", "coordinates":[-32.8339,54.5735]}}
,   {"type":"Feature", "properties":{"level1":20, "nodPos1":4},
    "geometry":{"type": "Point", "coordinates":[-32.7551,54.3810]}}
,   {"type":"Feature", "properties":{"level1":20, "nodPos1":5},
    "geometry":{"type": "Point", "coordinates":[-32.6771,54.1885]}}
,   {"type":"Feature", "properties":{"level1":20, "nodPos1":6},
    "geometry":{"type": "Point", "coordinates":[-32.5997,53.9959]}}
,   {"type":"Feature", "properties":{"level1":20, "nodPos1":7},
    "geometry":{"type": "Point", "coordinates":[-32.5231,53.8033]}}
,   {"type":"Feature", "properties":{"level1":20, "nodPos1":8},
    "geometry":{"type": "Point", "coordinates":[-32.4471,53.6106]}}
,   {"type":"Feature", "properties":{"level1":20, "nodPos1":9},
    "geometry":{"type": "Point", "coordinates":[-32.3719,53.4179]}}
,   {"type":"Feature", "properties":{"level1":20, "nodPos1":10},
    "geometry":{"type": "Point", "coordinates":[-32.2973,53.2251]}}
,   {"type":"Feature", "properties":{"level1":20, "nodPos1":11},
    "geometry":{"type": "Point", "coordinates":[-32.2234,53.0323]}}
,   {"type":"Feature", "properties":{"level1":20, "nodPos1":12},
    "geometry":{"type": "Point", "coordinates":[-32.1502,52.8394]}}
,   {"type":"Feature", "properties":{"level1":20, "nodPos1":13},
    "geometry":{"type": "Point", "coordinates":[-32.0776,52.6465]}}
,   {"type":"Feature", "properties":{"level1":20, "nodPos1":14},
    "geometry":{"type": "Point", "coordinates":[-32.0057,52.4535]}}
,   {"type":"Feature", "properties":{"level1":20, "nodPos1":15},
    "geometry":{"type": "Point", "coordinates":[-31.9343,52.2606]}}
,   {"type":"Feature", "properties":{"level1":20, "nodPos1":16},
    "geometry":{"type": "Point", "coordinates":[-31.8636,52.0675]}}
,   {"type":"Feature", "properties":{"level1":20, "nodPos1":17},
    "geometry":{"type": "Point", "coordinates":[-31.7935,51.8744]}}
,   {"type":"Feature", "properties":{"level1":20, "nodPos1":18},
    "geometry":{"type": "Point", "coordinates":[-31.7240,51.6813]}}
,   {"type":"Feature", "properties":{"level1":20, "nodPos1":19},
    "geometry":{"type": "Point", "coordinates":[-31.6551,51.4882]}}
,   {"type":"Feature", "properties":{"level1":20, "nodPos1":20},
    "geometry":{"type": "Point", "coordinates":[-31.5868,51.2949]}}
,   {"type":"Feature", "properties":{"level1":20, "nodPos1":21},
    "geometry":{"type": "Point", "coordinates":[-31.5190,51.1017]}}
,   {"type":"Feature", "properties":{"level1":20, "nodPos1":22},
    "geometry":{"type": "Point", "coordinates":[-31.4518,50.9084]}}
,   {"type":"Feature", "properties":{"level1":20, "nodPos1":23},
    "geometry":{"type": "Point", "coordinates":[-31.3852,50.7151]}}
,   {"type":"Feature", "properties":{"level1":20, "nodPos1":24},
    "geometry":{"type": "Point", "coordinates":[-31.3191,50.5218]}}
,   {"type":"Feature", "properties":{"level1":20, "nodPos1":25},
    "geometry":{"type": "Point", "coordinates":[-31.2536,50.3284]}}
,   {"type":"Feature", "properties":{"level1":20, "nodPos1":26},
    "geometry":{"type": "Point", "coordinates":[-31.1885,50.1349]}}
,   {"type":"Feature", "properties":{"level1":20, "nodPos1":27},
    "geometry":{"type": "Point", "coordinates":[-31.1241,49.9415]}}
,   {"type":"Feature", "properties":{"level1":20, "nodPos1":28},
    "geometry":{"type": "Point", "coordinates":[-31.0601,49.7480]}}
,   {"type":"Feature", "properties":{"level1":20, "nodPos1":29},
    "geometry":{"type": "Point", "coordinates":[-30.9966,49.5544]}}
,   {"type":"Feature", "properties":{"level1":20, "nodPos1":30},
    "geometry":{"type": "Point", "coordinates":[-30.9336,49.3609]}}
,   {"type":"Feature", "properties":{"level1":20, "nodPos1":31},
    "geometry":{"type": "Point", "coordinates":[-30.8712,49.1672]}}
,   {"type":"Feature", "properties":{"level1":20, "nodPos1":32},
    "geometry":{"type": "Point", "coordinates":[-30.8092,48.9736]}}
,   {"type":"Feature", "properties":{"level1":20, "nodPos1":33},
    "geometry":{"type": "Point", "coordinates":[-30.7477,48.7799]}}
,   {"type":"Feature", "properties":{"level1":20, "nodPos1":34},
    "geometry":{"type": "Point", "coordinates":[-30.6866,48.5862]}}
,   {"type":"Feature", "properties":{"level1":20, "nodPos1":35},
    "geometry":{"type": "Point", "coordinates":[-30.6261,48.3925]}}
,   {"type":"Feature", "properties":{"level1":20, "nodPos1":36},
    "geometry":{"type": "Point", "coordinates":[-30.5660,48.1987]}}
,   {"type":"Feature", "properties":{"level1":20, "nodPos1":37},
    "geometry":{"type": "Point", "coordinates":[-30.5063,48.0049]}}
,   {"type":"Feature", "properties":{"level1":20, "nodPos1":38},
    "geometry":{"type": "Point", "coordinates":[-30.4471,47.8111]}}
,   {"type":"Feature", "properties":{"level1":20, "nodPos1":39},
    "geometry":{"type": "Point", "coordinates":[-30.3883,47.6172]}}
,   {"type":"Feature", "properties":{"level1":20, "nodPos1":40},
    "geometry":{"type": "Point", "coordinates":[-30.3300,47.4234]}}
,   {"type":"Feature", "properties":{"level1":20, "nodPos1":41},
    "geometry":{"type": "Point", "coordinates":[-30.2721,47.2294]}}
,   {"type":"Feature", "properties":{"level1":20, "nodPos1":42},
    "geometry":{"type": "Point", "coordinates":[-30.2146,47.0355]}}
,   {"type":"Feature", "properties":{"level1":20, "nodPos1":43},
    "geometry":{"type": "Point", "coordinates":[-30.1575,46.8415]}}
,   {"type":"Feature", "properties":{"level1":20, "nodPos1":44},
    "geometry":{"type": "Point", "coordinates":[-30.1009,46.6475]}}
,   {"type":"Feature", "properties":{"level1":20, "nodPos1":45},
    "geometry":{"type": "Point", "coordinates":[-30.0446,46.4535]}}
,   {"type":"Feature", "properties":{"level1":20, "nodPos1":46},
    "geometry":{"type": "Point", "coordinates":[-29.9888,46.2594]}}
,   {"type":"Feature", "properties":{"level1":20, "nodPos1":47},
    "geometry":{"type": "Point", "coordinates":[-29.9333,46.0653]}}
,   {"type":"Feature", "properties":{"level1":20, "nodPos1":48},
    "geometry":{"type": "Point", "coordinates":[-29.8782,45.8712]}}
,   {"type":"Feature", "properties":{"level1":20, "nodPos1":49},
    "geometry":{"type": "Point", "coordinates":[-29.8235,45.6771]}}
,   {"type":"Feature", "properties":{"level1":20, "nodPos1":50},
    "geometry":{"type": "Point", "coordinates":[-29.7692,45.4829]}}
,   {"type":"Feature", "properties":{"level1":20, "nodPos1":51},
    "geometry":{"type": "Point", "coordinates":[-29.7153,45.2887]}}
,   {"type":"Feature", "properties":{"level1":20, "nodPos1":52},
    "geometry":{"type": "Point", "coordinates":[-29.6617,45.0945]}}
,   {"type":"Feature", "properties":{"level1":20, "nodPos1":53},
    "geometry":{"type": "Point", "coordinates":[-29.6085,44.9003]}}
,   {"type":"Feature", "properties":{"level1":20, "nodPos1":54},
    "geometry":{"type": "Point", "coordinates":[-29.5557,44.7060]}}
,   {"type":"Feature", "properties":{"level1":20, "nodPos1":55},
    "geometry":{"type": "Point", "coordinates":[-29.5032,44.5117]}}
,   {"type":"Feature", "properties":{"level1":20, "nodPos1":56},
    "geometry":{"type": "Point", "coordinates":[-29.4510,44.3174]}}
,   {"type":"Feature", "properties":{"level1":20, "nodPos1":57},
    "geometry":{"type": "Point", "coordinates":[-29.3992,44.1231]}}
,   {"type":"Feature", "properties":{"level1":20, "nodPos1":58},
    "geometry":{"type": "Point", "coordinates":[-29.3478,43.9287]}}
,   {"type":"Feature", "properties":{"level1":20, "nodPos1":59},
    "geometry":{"type": "Point", "coordinates":[-29.2967,43.7343]}}
,   {"type":"Feature", "properties":{"level1":20, "nodPos1":60},
    "geometry":{"type": "Point", "coordinates":[-29.2459,43.5399]}}
,   {"type":"Feature", "properties":{"level1":20, "nodPos1":61},
    "geometry":{"type": "Point", "coordinates":[-29.1954,43.3455]}}
,   {"type":"Feature", "properties":{"level1":20, "nodPos1":62},
    "geometry":{"type": "Point", "coordinates":[-29.1452,43.1510]}}
,   {"type":"Feature", "properties":{"level1":20, "nodPos1":63},
    "geometry":{"type": "Point", "coordinates":[-29.0954,42.9566]}}
,   {"type":"Feature", "properties":{"level1":20, "nodPos1":64},
    "geometry":{"type": "Point", "coordinates":[-29.0459,42.7621]}}
,   {"type":"Feature", "properties":{"level1":20, "nodPos1":65},
    "geometry":{"type": "Point", "coordinates":[-28.9967,42.5676]}}
,   {"type":"Feature", "properties":{"level1":20, "nodPos1":66},
    "geometry":{"type": "Point", "coordinates":[-28.9478,42.3730]}}
,   {"type":"Feature", "properties":{"level1":20, "nodPos1":67},
    "geometry":{"type": "Point", "coordinates":[-28.8992,42.1785]}}
,   {"type":"Feature", "properties":{"level1":20, "nodPos1":68},
    "geometry":{"type": "Point", "coordinates":[-28.8509,41.9839]}}
,   {"type":"Feature", "properties":{"level1":20, "nodPos1":69},
    "geometry":{"type": "Point", "coordinates":[-28.8029,41.7893]}}
,   {"type":"Feature", "properties":{"level1":20, "nodPos1":70},
    "geometry":{"type": "Point", "coordinates":[-28.7552,41.5947]}}
,   {"type":"Feature", "properties":{"level1":20, "nodPos1":71},
    "geometry":{"type": "Point", "coordinates":[-28.7078,41.4000]}}
,   {"type":"Feature", "properties":{"level1":20, "nodPos1":72},
    "geometry":{"type": "Point", "coordinates":[-28.6606,41.2054]}}
,   {"type":"Feature", "properties":{"level1":20, "nodPos1":73},
    "geometry":{"type": "Point", "coordinates":[-28.6138,41.0107]}}
,   {"type":"Feature", "properties":{"level1":20, "nodPos1":74},
    "geometry":{"type": "Point", "coordinates":[-28.5672,40.8160]}}
,   {"type":"Feature", "properties":{"level1":20, "nodPos1":75},
    "geometry":{"type": "Point", "coordinates":[-28.5209,40.6213]}}
,   {"type":"Feature", "properties":{"level1":20, "nodPos1":76},
    "geometry":{"type": "Point", "coordinates":[-28.4748,40.4266]}}
,   {"type":"Feature", "properties":{"level1":20, "nodPos1":77},
    "geometry":{"type": "Point", "coordinates":[-28.4290,40.2318]}}
,   {"type":"Feature", "properties":{"level1":20, "nodPos1":78},
    "geometry":{"type": "Point", "coordinates":[-28.3835,40.0371]}}
,   {"type":"Feature", "properties":{"level1":20, "nodPos1":79},
    "geometry":{"type": "Point", "coordinates":[-28.3383,39.8423]}}
,   {"type":"Feature", "properties":{"level1":20, "nodPos1":80},
    "geometry":{"type": "Point", "coordinates":[-28.2933,39.6475]}}
,   {"type":"Feature", "properties":{"level1":20, "nodPos1":81},
    "geometry":{"type": "Point", "coordinates":[-28.2485,39.4527]}}
,   {"type":"Feature", "properties":{"level1":20, "nodPos1":82},
    "geometry":{"type": "Point", "coordinates":[-28.2040,39.2578]}}
,   {"type":"Feature", "properties":{"level1":20, "nodPos1":83},
    "geometry":{"type": "Point", "coordinates":[-28.2025,39.2512]}}
,   {"type":"Feature", "properties":{"level1":20, "nodPos1":87},
    "geometry":{"type": "Point", "coordinates":[-27.9670,38.2012]}}
,   {"type":"Feature", "properties":{"level1":20, "nodPos1":88},
    "geometry":{"type": "Point", "coordinates":[-27.9421,38.0885]}}
,   {"type":"Feature", "properties":{"level1":20, "nodPos1":89},
    "geometry":{"type": "Point", "coordinates":[-27.8993,37.8935]}}
,   {"type":"Feature", "properties":{"level1":20, "nodPos1":90},
    "geometry":{"type": "Point", "coordinates":[-27.8567,37.6985]}}
,   {"type":"Feature", "properties":{"level1":21, "nodPos1":0},
    "geometry":{"type": "Point", "coordinates":[-30.6111,55.6110]}}
,   {"type":"Feature", "properties":{"level1":21, "nodPos1":1},
    "geometry":{"type": "Point", "coordinates":[-30.5374,55.4176]}}
,   {"type":"Feature", "properties":{"level1":21, "nodPos1":2},
    "geometry":{"type": "Point", "coordinates":[-30.4645,55.2241]}}
,   {"type":"Feature", "properties":{"level1":21, "nodPos1":3},
    "geometry":{"type": "Point", "coordinates":[-30.3922,55.0306]}}
,   {"type":"Feature", "properties":{"level1":21, "nodPos1":4},
    "geometry":{"type": "Point", "coordinates":[-30.3206,54.8371]}}
,   {"type":"Feature", "properties":{"level1":21, "nodPos1":5},
    "geometry":{"type": "Point", "coordinates":[-30.2497,54.6435]}}
,   {"type":"Feature", "properties":{"level1":21, "nodPos1":6},
    "geometry":{"type": "Point", "coordinates":[-30.1795,54.4499]}}
,   {"type":"Feature", "properties":{"level1":21, "nodPos1":7},
    "geometry":{"type": "Point", "coordinates":[-30.1099,54.2563]}}
,   {"type":"Feature", "properties":{"level1":21, "nodPos1":8},
    "geometry":{"type": "Point", "coordinates":[-30.0410,54.0626]}}
,   {"type":"Feature", "properties":{"level1":21, "nodPos1":9},
    "geometry":{"type": "Point", "coordinates":[-29.9728,53.8688]}}
,   {"type":"Feature", "properties":{"level1":21, "nodPos1":10},
    "geometry":{"type": "Point", "coordinates":[-29.9051,53.6751]}}
,   {"type":"Feature", "properties":{"level1":21, "nodPos1":11},
    "geometry":{"type": "Point", "coordinates":[-29.8381,53.4813]}}
,   {"type":"Feature", "properties":{"level1":21, "nodPos1":12},
    "geometry":{"type": "Point", "coordinates":[-29.7717,53.2874]}}
,   {"type":"Feature", "properties":{"level1":21, "nodPos1":13},
    "geometry":{"type": "Point", "coordinates":[-29.7059,53.0935]}}
,   {"type":"Feature", "properties":{"level1":21, "nodPos1":14},
    "geometry":{"type": "Point", "coordinates":[-29.6406,52.8996]}}
,   {"type":"Feature", "properties":{"level1":21, "nodPos1":15},
    "geometry":{"type": "Point", "coordinates":[-29.5760,52.7057]}}
,   {"type":"Feature", "properties":{"level1":21, "nodPos1":16},
    "geometry":{"type": "Point", "coordinates":[-29.5119,52.5117]}}
,   {"type":"Feature", "properties":{"level1":21, "nodPos1":17},
    "geometry":{"type": "Point", "coordinates":[-29.4484,52.3177]}}
,   {"type":"Feature", "properties":{"level1":21, "nodPos1":18},
    "geometry":{"type": "Point", "coordinates":[-29.3855,52.1236]}}
,   {"type":"Feature", "properties":{"level1":21, "nodPos1":19},
    "geometry":{"type": "Point", "coordinates":[-29.3231,51.9295]}}
,   {"type":"Feature", "properties":{"level1":21, "nodPos1":20},
    "geometry":{"type": "Point", "coordinates":[-29.2612,51.7354]}}
,   {"type":"Feature", "properties":{"level1":21, "nodPos1":21},
    "geometry":{"type": "Point", "coordinates":[-29.1999,51.5412]}}
,   {"type":"Feature", "properties":{"level1":21, "nodPos1":22},
    "geometry":{"type": "Point", "coordinates":[-29.1391,51.3471]}}
,   {"type":"Feature", "properties":{"level1":21, "nodPos1":23},
    "geometry":{"type": "Point", "coordinates":[-29.0788,51.1528]}}
,   {"type":"Feature", "properties":{"level1":21, "nodPos1":24},
    "geometry":{"type": "Point", "coordinates":[-29.0190,50.9586]}}
,   {"type":"Feature", "properties":{"level1":21, "nodPos1":25},
    "geometry":{"type": "Point", "coordinates":[-28.9597,50.7643]}}
,   {"type":"Feature", "properties":{"level1":21, "nodPos1":26},
    "geometry":{"type": "Point", "coordinates":[-28.9008,50.5700]}}
,   {"type":"Feature", "properties":{"level1":21, "nodPos1":27},
    "geometry":{"type": "Point", "coordinates":[-28.8425,50.3757]}}
,   {"type":"Feature", "properties":{"level1":21, "nodPos1":28},
    "geometry":{"type": "Point", "coordinates":[-28.7847,50.1813]}}
,   {"type":"Feature", "properties":{"level1":21, "nodPos1":29},
    "geometry":{"type": "Point", "coordinates":[-28.7273,49.9869]}}
,   {"type":"Feature", "properties":{"level1":21, "nodPos1":30},
    "geometry":{"type": "Point", "coordinates":[-28.6704,49.7925]}}
,   {"type":"Feature", "properties":{"level1":21, "nodPos1":31},
    "geometry":{"type": "Point", "coordinates":[-28.6139,49.5980]}}
,   {"type":"Feature", "properties":{"level1":21, "nodPos1":32},
    "geometry":{"type": "Point", "coordinates":[-28.5579,49.4036]}}
,   {"type":"Feature", "properties":{"level1":21, "nodPos1":33},
    "geometry":{"type": "Point", "coordinates":[-28.5023,49.2090]}}
,   {"type":"Feature", "properties":{"level1":21, "nodPos1":34},
    "geometry":{"type": "Point", "coordinates":[-28.4472,49.0145]}}
,   {"type":"Feature", "properties":{"level1":21, "nodPos1":35},
    "geometry":{"type": "Point", "coordinates":[-28.3925,48.8200]}}
,   {"type":"Feature", "properties":{"level1":21, "nodPos1":36},
    "geometry":{"type": "Point", "coordinates":[-28.3382,48.6254]}}
,   {"type":"Feature", "properties":{"level1":21, "nodPos1":37},
    "geometry":{"type": "Point", "coordinates":[-28.2843,48.4308]}}
,   {"type":"Feature", "properties":{"level1":21, "nodPos1":38},
    "geometry":{"type": "Point", "coordinates":[-28.2309,48.2361]}}
,   {"type":"Feature", "properties":{"level1":21, "nodPos1":39},
    "geometry":{"type": "Point", "coordinates":[-28.1778,48.0415]}}
,   {"type":"Feature", "properties":{"level1":21, "nodPos1":40},
    "geometry":{"type": "Point", "coordinates":[-28.1252,47.8468]}}
,   {"type":"Feature", "properties":{"level1":21, "nodPos1":41},
    "geometry":{"type": "Point", "coordinates":[-28.0729,47.6521]}}
,   {"type":"Feature", "properties":{"level1":21, "nodPos1":42},
    "geometry":{"type": "Point", "coordinates":[-28.0210,47.4574]}}
,   {"type":"Feature", "properties":{"level1":21, "nodPos1":43},
    "geometry":{"type": "Point", "coordinates":[-27.9695,47.2626]}}
,   {"type":"Feature", "properties":{"level1":21, "nodPos1":44},
    "geometry":{"type": "Point", "coordinates":[-27.9184,47.0678]}}
,   {"type":"Feature", "properties":{"level1":21, "nodPos1":45},
    "geometry":{"type": "Point", "coordinates":[-27.8677,46.8730]}}
,   {"type":"Feature", "properties":{"level1":21, "nodPos1":46},
    "geometry":{"type": "Point", "coordinates":[-27.8173,46.6782]}}
,   {"type":"Feature", "properties":{"level1":21, "nodPos1":47},
    "geometry":{"type": "Point", "coordinates":[-27.7673,46.4834]}}
,   {"type":"Feature", "properties":{"level1":21, "nodPos1":48},
    "geometry":{"type": "Point", "coordinates":[-27.7176,46.2885]}}
,   {"type":"Feature", "properties":{"level1":21, "nodPos1":49},
    "geometry":{"type": "Point", "coordinates":[-27.6683,46.0936]}}
,   {"type":"Feature", "properties":{"level1":21, "nodPos1":50},
    "geometry":{"type": "Point", "coordinates":[-27.6194,45.8987]}}
,   {"type":"Feature", "properties":{"level1":21, "nodPos1":51},
    "geometry":{"type": "Point", "coordinates":[-27.5708,45.7038]}}
,   {"type":"Feature", "properties":{"level1":21, "nodPos1":52},
    "geometry":{"type": "Point", "coordinates":[-27.5225,45.5088]}}
,   {"type":"Feature", "properties":{"level1":21, "nodPos1":53},
    "geometry":{"type": "Point", "coordinates":[-27.4746,45.3139]}}
,   {"type":"Feature", "properties":{"level1":21, "nodPos1":54},
    "geometry":{"type": "Point", "coordinates":[-27.4270,45.1189]}}
,   {"type":"Feature", "properties":{"level1":21, "nodPos1":55},
    "geometry":{"type": "Point", "coordinates":[-27.3797,44.9239]}}
,   {"type":"Feature", "properties":{"level1":21, "nodPos1":56},
    "geometry":{"type": "Point", "coordinates":[-27.3327,44.7289]}}
,   {"type":"Feature", "properties":{"level1":21, "nodPos1":57},
    "geometry":{"type": "Point", "coordinates":[-27.2861,44.5338]}}
,   {"type":"Feature", "properties":{"level1":21, "nodPos1":58},
    "geometry":{"type": "Point", "coordinates":[-27.2397,44.3387]}}
,   {"type":"Feature", "properties":{"level1":21, "nodPos1":59},
    "geometry":{"type": "Point", "coordinates":[-27.1937,44.1437]}}
,   {"type":"Feature", "properties":{"level1":21, "nodPos1":60},
    "geometry":{"type": "Point", "coordinates":[-27.1480,43.9486]}}
,   {"type":"Feature", "properties":{"level1":21, "nodPos1":61},
    "geometry":{"type": "Point", "coordinates":[-27.1025,43.7534]}}
,   {"type":"Feature", "properties":{"level1":21, "nodPos1":62},
    "geometry":{"type": "Point", "coordinates":[-27.0574,43.5583]}}
,   {"type":"Feature", "properties":{"level1":21, "nodPos1":63},
    "geometry":{"type": "Point", "coordinates":[-27.0125,43.3632]}}
,   {"type":"Feature", "properties":{"level1":21, "nodPos1":64},
    "geometry":{"type": "Point", "coordinates":[-26.9680,43.1680]}}
,   {"type":"Feature", "properties":{"level1":21, "nodPos1":65},
    "geometry":{"type": "Point", "coordinates":[-26.9237,42.9728]}}
,   {"type":"Feature", "properties":{"level1":21, "nodPos1":66},
    "geometry":{"type": "Point", "coordinates":[-26.8797,42.7776]}}
,   {"type":"Feature", "properties":{"level1":21, "nodPos1":67},
    "geometry":{"type": "Point", "coordinates":[-26.8360,42.5824]}}
,   {"type":"Feature", "properties":{"level1":21, "nodPos1":68},
    "geometry":{"type": "Point", "coordinates":[-26.7926,42.3871]}}
,   {"type":"Feature", "properties":{"level1":21, "nodPos1":69},
    "geometry":{"type": "Point", "coordinates":[-26.7494,42.1919]}}
,   {"type":"Feature", "properties":{"level1":21, "nodPos1":70},
    "geometry":{"type": "Point", "coordinates":[-26.7065,41.9966]}}
,   {"type":"Feature", "properties":{"level1":21, "nodPos1":71},
    "geometry":{"type": "Point", "coordinates":[-26.6638,41.8013]}}
,   {"type":"Feature", "properties":{"level1":21, "nodPos1":72},
    "geometry":{"type": "Point", "coordinates":[-26.6215,41.6060]}}
,   {"type":"Feature", "properties":{"level1":21, "nodPos1":73},
    "geometry":{"type": "Point", "coordinates":[-26.5793,41.4107]}}
,   {"type":"Feature", "properties":{"level1":21, "nodPos1":74},
    "geometry":{"type": "Point", "coordinates":[-26.5375,41.2153]}}
,   {"type":"Feature", "properties":{"level1":21, "nodPos1":75},
    "geometry":{"type": "Point", "coordinates":[-26.4958,41.0200]}}
,   {"type":"Feature", "properties":{"level1":21, "nodPos1":76},
    "geometry":{"type": "Point", "coordinates":[-26.4544,40.8246]}}
,   {"type":"Feature", "properties":{"level1":21, "nodPos1":77},
    "geometry":{"type": "Point", "coordinates":[-26.4133,40.6293]}}
,   {"type":"Feature", "properties":{"level1":21, "nodPos1":78},
    "geometry":{"type": "Point", "coordinates":[-26.3724,40.4339]}}
,   {"type":"Feature", "properties":{"level1":21, "nodPos1":79},
    "geometry":{"type": "Point", "coordinates":[-26.3318,40.2385]}}
,   {"type":"Feature", "properties":{"level1":21, "nodPos1":80},
    "geometry":{"type": "Point", "coordinates":[-26.2913,40.0430]}}
,   {"type":"Feature", "properties":{"level1":21, "nodPos1":81},
    "geometry":{"type": "Point", "coordinates":[-26.2511,39.8476]}}
,   {"type":"Feature", "properties":{"level1":21, "nodPos1":82},
    "geometry":{"type": "Point", "coordinates":[-26.2112,39.6521]}}
,   {"type":"Feature", "properties":{"level1":21, "nodPos1":83},
    "geometry":{"type": "Point", "coordinates":[-26.1714,39.4567]}}
,   {"type":"Feature", "properties":{"level1":21, "nodPos1":84},
    "geometry":{"type": "Point", "coordinates":[-26.1319,39.2612]}}
,   {"type":"Feature", "properties":{"level1":21, "nodPos1":85},
    "geometry":{"type": "Point", "coordinates":[-26.0926,39.0657]}}
,   {"type":"Feature", "properties":{"level1":21, "nodPos1":86},
    "geometry":{"type": "Point", "coordinates":[-26.0535,38.8702]}}
,   {"type":"Feature", "properties":{"level1":21, "nodPos1":87},
    "geometry":{"type": "Point", "coordinates":[-26.0146,38.6747]}}
,   {"type":"Feature", "properties":{"level1":21, "nodPos1":88},
    "geometry":{"type": "Point", "coordinates":[-25.9760,38.4792]}}
,   {"type":"Feature", "properties":{"level1":21, "nodPos1":89},
    "geometry":{"type": "Point", "coordinates":[-25.9375,38.2836]}}
,   {"type":"Feature", "properties":{"level1":21, "nodPos1":90},
    "geometry":{"type": "Point", "coordinates":[-25.9035,38.1095]}}
,   {"type":"Feature", "properties":{"level1":22, "nodPos1":0},
    "geometry":{"type": "Point", "coordinates":[-28.4614,55.9842]}}
,   {"type":"Feature", "properties":{"level1":22, "nodPos1":1},
    "geometry":{"type": "Point", "coordinates":[-28.3859,55.7909]}}
,   {"type":"Feature", "properties":{"level1":22, "nodPos1":2},
    "geometry":{"type": "Point", "coordinates":[-28.3112,55.5976]}}
,   {"type":"Feature", "properties":{"level1":22, "nodPos1":3},
    "geometry":{"type": "Point", "coordinates":[-28.2372,55.4042]}}
,   {"type":"Feature", "properties":{"level1":22, "nodPos1":4},
    "geometry":{"type": "Point", "coordinates":[-28.1639,55.2108]}}
,   {"type":"Feature", "properties":{"level1":22, "nodPos1":5},
    "geometry":{"type": "Point", "coordinates":[-28.0913,55.0174]}}
,   {"type":"Feature", "properties":{"level1":22, "nodPos1":6},
    "geometry":{"type": "Point", "coordinates":[-28.0194,54.8239]}}
,   {"type":"Feature", "properties":{"level1":22, "nodPos1":7},
    "geometry":{"type": "Point", "coordinates":[-27.9482,54.6303]}}
,   {"type":"Feature", "properties":{"level1":22, "nodPos1":8},
    "geometry":{"type": "Point", "coordinates":[-27.8777,54.4368]}}
,   {"type":"Feature", "properties":{"level1":22, "nodPos1":9},
    "geometry":{"type": "Point", "coordinates":[-27.8079,54.2432]}}
,   {"type":"Feature", "properties":{"level1":22, "nodPos1":10},
    "geometry":{"type": "Point", "coordinates":[-27.7387,54.0495]}}
,   {"type":"Feature", "properties":{"level1":22, "nodPos1":11},
    "geometry":{"type": "Point", "coordinates":[-27.6701,53.8558]}}
,   {"type":"Feature", "properties":{"level1":22, "nodPos1":12},
    "geometry":{"type": "Point", "coordinates":[-27.6022,53.6621]}}
,   {"type":"Feature", "properties":{"level1":22, "nodPos1":13},
    "geometry":{"type": "Point", "coordinates":[-27.5349,53.4683]}}
,   {"type":"Feature", "properties":{"level1":22, "nodPos1":14},
    "geometry":{"type": "Point", "coordinates":[-27.4682,53.2745]}}
,   {"type":"Feature", "properties":{"level1":22, "nodPos1":15},
    "geometry":{"type": "Point", "coordinates":[-27.4021,53.0806]}}
,   {"type":"Feature", "properties":{"level1":22, "nodPos1":16},
    "geometry":{"type": "Point", "coordinates":[-27.3366,52.8868]}}
,   {"type":"Feature", "properties":{"level1":22, "nodPos1":17},
    "geometry":{"type": "Point", "coordinates":[-27.2717,52.6928]}}
,   {"type":"Feature", "properties":{"level1":22, "nodPos1":18},
    "geometry":{"type": "Point", "coordinates":[-27.2073,52.4989]}}
,   {"type":"Feature", "properties":{"level1":22, "nodPos1":19},
    "geometry":{"type": "Point", "coordinates":[-27.1435,52.3049]}}
,   {"type":"Feature", "properties":{"level1":22, "nodPos1":20},
    "geometry":{"type": "Point", "coordinates":[-27.0803,52.1109]}}
,   {"type":"Feature", "properties":{"level1":22, "nodPos1":21},
    "geometry":{"type": "Point", "coordinates":[-27.0176,51.9168]}}
,   {"type":"Feature", "properties":{"level1":22, "nodPos1":22},
    "geometry":{"type": "Point", "coordinates":[-26.9555,51.7227]}}
,   {"type":"Feature", "properties":{"level1":22, "nodPos1":23},
    "geometry":{"type": "Point", "coordinates":[-26.8939,51.5286]}}
,   {"type":"Feature", "properties":{"level1":22, "nodPos1":24},
    "geometry":{"type": "Point", "coordinates":[-26.8328,51.3345]}}
,   {"type":"Feature", "properties":{"level1":22, "nodPos1":25},
    "geometry":{"type": "Point", "coordinates":[-26.7723,51.1403]}}
,   {"type":"Feature", "properties":{"level1":22, "nodPos1":26},
    "geometry":{"type": "Point", "coordinates":[-26.7122,50.9461]}}
,   {"type":"Feature", "properties":{"level1":22, "nodPos1":27},
    "geometry":{"type": "Point", "coordinates":[-26.6526,50.7518]}}
,   {"type":"Feature", "properties":{"level1":22, "nodPos1":28},
    "geometry":{"type": "Point", "coordinates":[-26.5936,50.5576]}}
,   {"type":"Feature", "properties":{"level1":22, "nodPos1":29},
    "geometry":{"type": "Point", "coordinates":[-26.5350,50.3633]}}
,   {"type":"Feature", "properties":{"level1":22, "nodPos1":30},
    "geometry":{"type": "Point", "coordinates":[-26.4769,50.1689]}}
,   {"type":"Feature", "properties":{"level1":22, "nodPos1":31},
    "geometry":{"type": "Point", "coordinates":[-26.4193,49.9746]}}
,   {"type":"Feature", "properties":{"level1":22, "nodPos1":32},
    "geometry":{"type": "Point", "coordinates":[-26.3621,49.7802]}}
,   {"type":"Feature", "properties":{"level1":22, "nodPos1":33},
    "geometry":{"type": "Point", "coordinates":[-26.3054,49.5858]}}
,   {"type":"Feature", "properties":{"level1":22, "nodPos1":34},
    "geometry":{"type": "Point", "coordinates":[-26.2491,49.3913]}}
,   {"type":"Feature", "properties":{"level1":22, "nodPos1":35},
    "geometry":{"type": "Point", "coordinates":[-26.1933,49.1968]}}
,   {"type":"Feature", "properties":{"level1":22, "nodPos1":36},
    "geometry":{"type": "Point", "coordinates":[-26.1379,49.0023]}}
,   {"type":"Feature", "properties":{"level1":22, "nodPos1":37},
    "geometry":{"type": "Point", "coordinates":[-26.0830,48.8078]}}
,   {"type":"Feature", "properties":{"level1":22, "nodPos1":38},
    "geometry":{"type": "Point", "coordinates":[-26.0285,48.6133]}}
,   {"type":"Feature", "properties":{"level1":22, "nodPos1":39},
    "geometry":{"type": "Point", "coordinates":[-25.9744,48.4187]}}
,   {"type":"Feature", "properties":{"level1":22, "nodPos1":40},
    "geometry":{"type": "Point", "coordinates":[-25.9207,48.2241]}}
,   {"type":"Feature", "properties":{"level1":22, "nodPos1":41},
    "geometry":{"type": "Point", "coordinates":[-25.8674,48.0294]}}
,   {"type":"Feature", "properties":{"level1":22, "nodPos1":42},
    "geometry":{"type": "Point", "coordinates":[-25.8145,47.8348]}}
,   {"type":"Feature", "properties":{"level1":22, "nodPos1":43},
    "geometry":{"type": "Point", "coordinates":[-25.7620,47.6401]}}
,   {"type":"Feature", "properties":{"level1":22, "nodPos1":44},
    "geometry":{"type": "Point", "coordinates":[-25.7099,47.4454]}}
,   {"type":"Feature", "properties":{"level1":22, "nodPos1":45},
    "geometry":{"type": "Point", "coordinates":[-25.6582,47.2507]}}
,   {"type":"Feature", "properties":{"level1":22, "nodPos1":46},
    "geometry":{"type": "Point", "coordinates":[-25.6068,47.0560]}}
,   {"type":"Feature", "properties":{"level1":22, "nodPos1":47},
    "geometry":{"type": "Point", "coordinates":[-25.5559,46.8612]}}
,   {"type":"Feature", "properties":{"level1":22, "nodPos1":48},
    "geometry":{"type": "Point", "coordinates":[-25.5053,46.6664]}}
,   {"type":"Feature", "properties":{"level1":22, "nodPos1":49},
    "geometry":{"type": "Point", "coordinates":[-25.4551,46.4716]}}
,   {"type":"Feature", "properties":{"level1":22, "nodPos1":50},
    "geometry":{"type": "Point", "coordinates":[-25.4052,46.2767]}}
,   {"type":"Feature", "properties":{"level1":22, "nodPos1":51},
    "geometry":{"type": "Point", "coordinates":[-25.3557,46.0819]}}
,   {"type":"Feature", "properties":{"level1":22, "nodPos1":52},
    "geometry":{"type": "Point", "coordinates":[-25.3065,45.8870]}}
,   {"type":"Feature", "properties":{"level1":22, "nodPos1":53},
    "geometry":{"type": "Point", "coordinates":[-25.2577,45.6921]}}
,   {"type":"Feature", "properties":{"level1":22, "nodPos1":54},
    "geometry":{"type": "Point", "coordinates":[-25.2092,45.4972]}}
,   {"type":"Feature", "properties":{"level1":22, "nodPos1":55},
    "geometry":{"type": "Point", "coordinates":[-25.1610,45.3022]}}
,   {"type":"Feature", "properties":{"level1":22, "nodPos1":56},
    "geometry":{"type": "Point", "coordinates":[-25.1132,45.1073]}}
,   {"type":"Feature", "properties":{"level1":22, "nodPos1":57},
    "geometry":{"type": "Point", "coordinates":[-25.0657,44.9123]}}
,   {"type":"Feature", "properties":{"level1":22, "nodPos1":58},
    "geometry":{"type": "Point", "coordinates":[-25.0185,44.7173]}}
,   {"type":"Feature", "properties":{"level1":22, "nodPos1":59},
    "geometry":{"type": "Point", "coordinates":[-24.9717,44.5223]}}
,   {"type":"Feature", "properties":{"level1":22, "nodPos1":60},
    "geometry":{"type": "Point", "coordinates":[-24.9251,44.3272]}}
,   {"type":"Feature", "properties":{"level1":22, "nodPos1":61},
    "geometry":{"type": "Point", "coordinates":[-24.8789,44.1322]}}
,   {"type":"Feature", "properties":{"level1":22, "nodPos1":62},
    "geometry":{"type": "Point", "coordinates":[-24.8329,43.9371]}}
,   {"type":"Feature", "properties":{"level1":22, "nodPos1":63},
    "geometry":{"type": "Point", "coordinates":[-24.7873,43.7420]}}
,   {"type":"Feature", "properties":{"level1":22, "nodPos1":64},
    "geometry":{"type": "Point", "coordinates":[-24.7420,43.5469]}}
,   {"type":"Feature", "properties":{"level1":22, "nodPos1":65},
    "geometry":{"type": "Point", "coordinates":[-24.6969,43.3518]}}
,   {"type":"Feature", "properties":{"level1":22, "nodPos1":66},
    "geometry":{"type": "Point", "coordinates":[-24.6522,43.1566]}}
,   {"type":"Feature", "properties":{"level1":22, "nodPos1":67},
    "geometry":{"type": "Point", "coordinates":[-24.6077,42.9615]}}
,   {"type":"Feature", "properties":{"level1":22, "nodPos1":68},
    "geometry":{"type": "Point", "coordinates":[-24.5635,42.7663]}}
,   {"type":"Feature", "properties":{"level1":22, "nodPos1":69},
    "geometry":{"type": "Point", "coordinates":[-24.5196,42.5711]}}
,   {"type":"Feature", "properties":{"level1":22, "nodPos1":70},
    "geometry":{"type": "Point", "coordinates":[-24.4760,42.3759]}}
,   {"type":"Feature", "properties":{"level1":22, "nodPos1":71},
    "geometry":{"type": "Point", "coordinates":[-24.4326,42.1806]}}
,   {"type":"Feature", "properties":{"level1":22, "nodPos1":72},
    "geometry":{"type": "Point", "coordinates":[-24.3895,41.9854]}}
,   {"type":"Feature", "properties":{"level1":22, "nodPos1":73},
    "geometry":{"type": "Point", "coordinates":[-24.3467,41.7901]}}
,   {"type":"Feature", "properties":{"level1":22, "nodPos1":74},
    "geometry":{"type": "Point", "coordinates":[-24.3041,41.5949]}}
,   {"type":"Feature", "properties":{"level1":22, "nodPos1":75},
    "geometry":{"type": "Point", "coordinates":[-24.2618,41.3996]}}
,   {"type":"Feature", "properties":{"level1":22, "nodPos1":76},
    "geometry":{"type": "Point", "coordinates":[-24.2197,41.2042]}}
,   {"type":"Feature", "properties":{"level1":22, "nodPos1":77},
    "geometry":{"type": "Point", "coordinates":[-24.1779,41.0089]}}
,   {"type":"Feature", "properties":{"level1":22, "nodPos1":78},
    "geometry":{"type": "Point", "coordinates":[-24.1363,40.8136]}}
,   {"type":"Feature", "properties":{"level1":22, "nodPos1":79},
    "geometry":{"type": "Point", "coordinates":[-24.0950,40.6182]}}
,   {"type":"Feature", "properties":{"level1":22, "nodPos1":80},
    "geometry":{"type": "Point", "coordinates":[-24.0539,40.4229]}}
,   {"type":"Feature", "properties":{"level1":22, "nodPos1":81},
    "geometry":{"type": "Point", "coordinates":[-24.0131,40.2275]}}
,   {"type":"Feature", "properties":{"level1":22, "nodPos1":82},
    "geometry":{"type": "Point", "coordinates":[-23.9724,40.0321]}}
,   {"type":"Feature", "properties":{"level1":22, "nodPos1":83},
    "geometry":{"type": "Point", "coordinates":[-23.9321,39.8367]}}
,   {"type":"Feature", "properties":{"level1":22, "nodPos1":84},
    "geometry":{"type": "Point", "coordinates":[-23.8919,39.6412]}}
,   {"type":"Feature", "properties":{"level1":22, "nodPos1":85},
    "geometry":{"type": "Point", "coordinates":[-23.8520,39.4458]}}
,   {"type":"Feature", "properties":{"level1":22, "nodPos1":86},
    "geometry":{"type": "Point", "coordinates":[-23.8123,39.2503]}}
,   {"type":"Feature", "properties":{"level1":22, "nodPos1":87},
    "geometry":{"type": "Point", "coordinates":[-23.7728,39.0549]}}
,   {"type":"Feature", "properties":{"level1":22, "nodPos1":88},
    "geometry":{"type": "Point", "coordinates":[-23.7335,38.8594]}}
,   {"type":"Feature", "properties":{"level1":22, "nodPos1":89},
    "geometry":{"type": "Point", "coordinates":[-23.6945,38.6639]}}
,   {"type":"Feature", "properties":{"level1":22, "nodPos1":90},
    "geometry":{"type": "Point", "coordinates":[-23.6557,38.4684]}}
,   {"type":"Feature", "properties":{"level1":23, "nodPos1":0},
    "geometry":{"type": "Point", "coordinates":[-26.3466,56.4109]}}
,   {"type":"Feature", "properties":{"level1":23, "nodPos1":1},
    "geometry":{"type": "Point", "coordinates":[-26.2685,56.2178]}}
,   {"type":"Feature", "properties":{"level1":23, "nodPos1":2},
    "geometry":{"type": "Point", "coordinates":[-26.1912,56.0247]}}
,   {"type":"Feature", "properties":{"level1":23, "nodPos1":3},
    "geometry":{"type": "Point", "coordinates":[-26.1147,55.8316]}}
,   {"type":"Feature", "properties":{"level1":23, "nodPos1":4},
    "geometry":{"type": "Point", "coordinates":[-26.0389,55.6384]}}
,   {"type":"Feature", "properties":{"level1":23, "nodPos1":5},
    "geometry":{"type": "Point", "coordinates":[-25.9639,55.4451]}}
,   {"type":"Feature", "properties":{"level1":23, "nodPos1":6},
    "geometry":{"type": "Point", "coordinates":[-25.8896,55.2519]}}
,   {"type":"Feature", "properties":{"level1":23, "nodPos1":7},
    "geometry":{"type": "Point", "coordinates":[-25.8160,55.0585]}}
,   {"type":"Feature", "properties":{"level1":23, "nodPos1":8},
    "geometry":{"type": "Point", "coordinates":[-25.7431,54.8652]}}
,   {"type":"Feature", "properties":{"level1":23, "nodPos1":9},
    "geometry":{"type": "Point", "coordinates":[-25.6709,54.6717]}}
,   {"type":"Feature", "properties":{"level1":23, "nodPos1":10},
    "geometry":{"type": "Point", "coordinates":[-25.5994,54.4783]}}
,   {"type":"Feature", "properties":{"level1":23, "nodPos1":11},
    "geometry":{"type": "Point", "coordinates":[-25.5286,54.2848]}}
,   {"type":"Feature", "properties":{"level1":23, "nodPos1":12},
    "geometry":{"type": "Point", "coordinates":[-25.4585,54.0912]}}
,   {"type":"Feature", "properties":{"level1":23, "nodPos1":13},
    "geometry":{"type": "Point", "coordinates":[-25.3889,53.8976]}}
,   {"type":"Feature", "properties":{"level1":23, "nodPos1":14},
    "geometry":{"type": "Point", "coordinates":[-25.3201,53.7040]}}
,   {"type":"Feature", "properties":{"level1":23, "nodPos1":15},
    "geometry":{"type": "Point", "coordinates":[-25.2518,53.5103]}}
,   {"type":"Feature", "properties":{"level1":23, "nodPos1":16},
    "geometry":{"type": "Point", "coordinates":[-25.1842,53.3166]}}
,   {"type":"Feature", "properties":{"level1":23, "nodPos1":17},
    "geometry":{"type": "Point", "coordinates":[-25.1172,53.1229]}}
,   {"type":"Feature", "properties":{"level1":23, "nodPos1":18},
    "geometry":{"type": "Point", "coordinates":[-25.0508,52.9291]}}
,   {"type":"Feature", "properties":{"level1":23, "nodPos1":19},
    "geometry":{"type": "Point", "coordinates":[-24.9850,52.7353]}}
,   {"type":"Feature", "properties":{"level1":23, "nodPos1":20},
    "geometry":{"type": "Point", "coordinates":[-24.9198,52.5415]}}
,   {"type":"Feature", "properties":{"level1":23, "nodPos1":21},
    "geometry":{"type": "Point", "coordinates":[-24.8551,52.3476]}}
,   {"type":"Feature", "properties":{"level1":23, "nodPos1":22},
    "geometry":{"type": "Point", "coordinates":[-24.7910,52.1537]}}
,   {"type":"Feature", "properties":{"level1":23, "nodPos1":23},
    "geometry":{"type": "Point", "coordinates":[-24.7275,51.9597]}}
,   {"type":"Feature", "properties":{"level1":23, "nodPos1":24},
    "geometry":{"type": "Point", "coordinates":[-24.6645,51.7657]}}
,   {"type":"Feature", "properties":{"level1":23, "nodPos1":25},
    "geometry":{"type": "Point", "coordinates":[-24.6021,51.5717]}}
,   {"type":"Feature", "properties":{"level1":23, "nodPos1":26},
    "geometry":{"type": "Point", "coordinates":[-24.5402,51.3776]}}
,   {"type":"Feature", "properties":{"level1":23, "nodPos1":27},
    "geometry":{"type": "Point", "coordinates":[-24.4788,51.1835]}}
,   {"type":"Feature", "properties":{"level1":23, "nodPos1":28},
    "geometry":{"type": "Point", "coordinates":[-24.4179,50.9894]}}
,   {"type":"Feature", "properties":{"level1":23, "nodPos1":29},
    "geometry":{"type": "Point", "coordinates":[-24.3575,50.7953]}}
,   {"type":"Feature", "properties":{"level1":23, "nodPos1":30},
    "geometry":{"type": "Point", "coordinates":[-24.2977,50.6011]}}
,   {"type":"Feature", "properties":{"level1":23, "nodPos1":31},
    "geometry":{"type": "Point", "coordinates":[-24.2383,50.4069]}}
,   {"type":"Feature", "properties":{"level1":23, "nodPos1":32},
    "geometry":{"type": "Point", "coordinates":[-24.1794,50.2126]}}
,   {"type":"Feature", "properties":{"level1":23, "nodPos1":33},
    "geometry":{"type": "Point", "coordinates":[-24.1210,50.0184]}}
,   {"type":"Feature", "properties":{"level1":23, "nodPos1":34},
    "geometry":{"type": "Point", "coordinates":[-24.0630,49.8241]}}
,   {"type":"Feature", "properties":{"level1":23, "nodPos1":35},
    "geometry":{"type": "Point", "coordinates":[-24.0055,49.6297]}}
,   {"type":"Feature", "properties":{"level1":23, "nodPos1":36},
    "geometry":{"type": "Point", "coordinates":[-23.9485,49.4354]}}
,   {"type":"Feature", "properties":{"level1":23, "nodPos1":37},
    "geometry":{"type": "Point", "coordinates":[-23.8919,49.2410]}}
,   {"type":"Feature", "properties":{"level1":23, "nodPos1":38},
    "geometry":{"type": "Point", "coordinates":[-23.8358,49.0466]}}
,   {"type":"Feature", "properties":{"level1":23, "nodPos1":39},
    "geometry":{"type": "Point", "coordinates":[-23.7801,48.8521]}}
,   {"type":"Feature", "properties":{"level1":23, "nodPos1":40},
    "geometry":{"type": "Point", "coordinates":[-23.7248,48.6577]}}
,   {"type":"Feature", "properties":{"level1":23, "nodPos1":41},
    "geometry":{"type": "Point", "coordinates":[-23.6700,48.4632]}}
,   {"type":"Feature", "properties":{"level1":23, "nodPos1":42},
    "geometry":{"type": "Point", "coordinates":[-23.6156,48.2686]}}
,   {"type":"Feature", "properties":{"level1":23, "nodPos1":43},
    "geometry":{"type": "Point", "coordinates":[-23.5616,48.0741]}}
,   {"type":"Feature", "properties":{"level1":23, "nodPos1":44},
    "geometry":{"type": "Point", "coordinates":[-23.5080,47.8795]}}
,   {"type":"Feature", "properties":{"level1":23, "nodPos1":45},
    "geometry":{"type": "Point", "coordinates":[-23.4548,47.6849]}}
,   {"type":"Feature", "properties":{"level1":23, "nodPos1":46},
    "geometry":{"type": "Point", "coordinates":[-23.4020,47.4903]}}
,   {"type":"Feature", "properties":{"level1":23, "nodPos1":47},
    "geometry":{"type": "Point", "coordinates":[-23.3496,47.2957]}}
,   {"type":"Feature", "properties":{"level1":23, "nodPos1":48},
    "geometry":{"type": "Point", "coordinates":[-23.2975,47.1010]}}
,   {"type":"Feature", "properties":{"level1":23, "nodPos1":49},
    "geometry":{"type": "Point", "coordinates":[-23.2459,46.9063]}}
,   {"type":"Feature", "properties":{"level1":23, "nodPos1":50},
    "geometry":{"type": "Point", "coordinates":[-23.1946,46.7116]}}
,   {"type":"Feature", "properties":{"level1":23, "nodPos1":51},
    "geometry":{"type": "Point", "coordinates":[-23.1437,46.5169]}}
,   {"type":"Feature", "properties":{"level1":23, "nodPos1":52},
    "geometry":{"type": "Point", "coordinates":[-23.0932,46.3221]}}
,   {"type":"Feature", "properties":{"level1":23, "nodPos1":53},
    "geometry":{"type": "Point", "coordinates":[-23.0430,46.1273]}}
,   {"type":"Feature", "properties":{"level1":23, "nodPos1":54},
    "geometry":{"type": "Point", "coordinates":[-22.9931,45.9325]}}
,   {"type":"Feature", "properties":{"level1":23, "nodPos1":55},
    "geometry":{"type": "Point", "coordinates":[-22.9437,45.7377]}}
,   {"type":"Feature", "properties":{"level1":23, "nodPos1":56},
    "geometry":{"type": "Point", "coordinates":[-22.8945,45.5429]}}
,   {"type":"Feature", "properties":{"level1":23, "nodPos1":57},
    "geometry":{"type": "Point", "coordinates":[-22.8457,45.3480]}}
,   {"type":"Feature", "properties":{"level1":23, "nodPos1":58},
    "geometry":{"type": "Point", "coordinates":[-22.7972,45.1531]}}
,   {"type":"Feature", "properties":{"level1":23, "nodPos1":59},
    "geometry":{"type": "Point", "coordinates":[-22.7491,44.9582]}}
,   {"type":"Feature", "properties":{"level1":23, "nodPos1":60},
    "geometry":{"type": "Point", "coordinates":[-22.7013,44.7633]}}
,   {"type":"Feature", "properties":{"level1":23, "nodPos1":61},
    "geometry":{"type": "Point", "coordinates":[-22.6538,44.5683]}}
,   {"type":"Feature", "properties":{"level1":23, "nodPos1":62},
    "geometry":{"type": "Point", "coordinates":[-22.6066,44.3734]}}
,   {"type":"Feature", "properties":{"level1":23, "nodPos1":63},
    "geometry":{"type": "Point", "coordinates":[-22.5598,44.1784]}}
,   {"type":"Feature", "properties":{"level1":23, "nodPos1":64},
    "geometry":{"type": "Point", "coordinates":[-22.5132,43.9834]}}
,   {"type":"Feature", "properties":{"level1":23, "nodPos1":65},
    "geometry":{"type": "Point", "coordinates":[-22.4670,43.7883]}}
,   {"type":"Feature", "properties":{"level1":23, "nodPos1":66},
    "geometry":{"type": "Point", "coordinates":[-22.4211,43.5933]}}
,   {"type":"Feature", "properties":{"level1":23, "nodPos1":67},
    "geometry":{"type": "Point", "coordinates":[-22.3754,43.3982]}}
,   {"type":"Feature", "properties":{"level1":23, "nodPos1":68},
    "geometry":{"type": "Point", "coordinates":[-22.3301,43.2032]}}
,   {"type":"Feature", "properties":{"level1":23, "nodPos1":69},
    "geometry":{"type": "Point", "coordinates":[-22.2850,43.0081]}}
,   {"type":"Feature", "properties":{"level1":23, "nodPos1":70},
    "geometry":{"type": "Point", "coordinates":[-22.2402,42.8130]}}
,   {"type":"Feature", "properties":{"level1":23, "nodPos1":71},
    "geometry":{"type": "Point", "coordinates":[-22.1957,42.6178]}}
,   {"type":"Feature", "properties":{"level1":23, "nodPos1":72},
    "geometry":{"type": "Point", "coordinates":[-22.1515,42.4227]}}
,   {"type":"Feature", "properties":{"level1":23, "nodPos1":73},
    "geometry":{"type": "Point", "coordinates":[-22.1076,42.2275]}}
,   {"type":"Feature", "properties":{"level1":23, "nodPos1":74},
    "geometry":{"type": "Point", "coordinates":[-22.0639,42.0323]}}
,   {"type":"Feature", "properties":{"level1":23, "nodPos1":75},
    "geometry":{"type": "Point", "coordinates":[-22.0205,41.8371]}}
,   {"type":"Feature", "properties":{"level1":23, "nodPos1":76},
    "geometry":{"type": "Point", "coordinates":[-21.9773,41.6419]}}
,   {"type":"Feature", "properties":{"level1":23, "nodPos1":77},
    "geometry":{"type": "Point", "coordinates":[-21.9345,41.4467]}}
,   {"type":"Feature", "properties":{"level1":23, "nodPos1":78},
    "geometry":{"type": "Point", "coordinates":[-21.8918,41.2514]}}
,   {"type":"Feature", "properties":{"level1":23, "nodPos1":79},
    "geometry":{"type": "Point", "coordinates":[-21.8495,41.0562]}}
,   {"type":"Feature", "properties":{"level1":23, "nodPos1":80},
    "geometry":{"type": "Point", "coordinates":[-21.8074,40.8609]}}
,   {"type":"Feature", "properties":{"level1":23, "nodPos1":81},
    "geometry":{"type": "Point", "coordinates":[-21.7655,40.6656]}}
,   {"type":"Feature", "properties":{"level1":23, "nodPos1":82},
    "geometry":{"type": "Point", "coordinates":[-21.7239,40.4703]}}
,   {"type":"Feature", "properties":{"level1":23, "nodPos1":83},
    "geometry":{"type": "Point", "coordinates":[-21.6825,40.2750]}}
,   {"type":"Feature", "properties":{"level1":23, "nodPos1":84},
    "geometry":{"type": "Point", "coordinates":[-21.6413,40.0796]}}
,   {"type":"Feature", "properties":{"level1":23, "nodPos1":85},
    "geometry":{"type": "Point", "coordinates":[-21.6004,39.8843]}}
,   {"type":"Feature", "properties":{"level1":23, "nodPos1":86},
    "geometry":{"type": "Point", "coordinates":[-21.5597,39.6889]}}
,   {"type":"Feature", "properties":{"level1":23, "nodPos1":87},
    "geometry":{"type": "Point", "coordinates":[-21.5193,39.4935]}}
,   {"type":"Feature", "properties":{"level1":23, "nodPos1":88},
    "geometry":{"type": "Point", "coordinates":[-21.4791,39.2982]}}
,   {"type":"Feature", "properties":{"level1":23, "nodPos1":89},
    "geometry":{"type": "Point", "coordinates":[-21.4391,39.1027]}}
,   {"type":"Feature", "properties":{"level1":23, "nodPos1":90},
    "geometry":{"type": "Point", "coordinates":[-21.3993,38.9073]}}
,   {"type":"Feature", "properties":{"level1":24, "nodPos1":0},
    "geometry":{"type": "Point", "coordinates":[-24.0655,56.8190]}}
,   {"type":"Feature", "properties":{"level1":24, "nodPos1":1},
    "geometry":{"type": "Point", "coordinates":[-23.9884,56.6258]}}
,   {"type":"Feature", "properties":{"level1":24, "nodPos1":2},
    "geometry":{"type": "Point", "coordinates":[-23.9121,56.4324]}}
,   {"type":"Feature", "properties":{"level1":24, "nodPos1":3},
    "geometry":{"type": "Point", "coordinates":[-23.8365,56.2391]}}
,   {"type":"Feature", "properties":{"level1":24, "nodPos1":4},
    "geometry":{"type": "Point", "coordinates":[-23.7617,56.0457]}}
,   {"type":"Feature", "properties":{"level1":24, "nodPos1":5},
    "geometry":{"type": "Point", "coordinates":[-23.6877,55.8522]}}
,   {"type":"Feature", "properties":{"level1":24, "nodPos1":6},
    "geometry":{"type": "Point", "coordinates":[-23.6144,55.6587]}}
,   {"type":"Feature", "properties":{"level1":24, "nodPos1":7},
    "geometry":{"type": "Point", "coordinates":[-23.5418,55.4651]}}
,   {"type":"Feature", "properties":{"level1":24, "nodPos1":8},
    "geometry":{"type": "Point", "coordinates":[-23.4699,55.2716]}}
,   {"type":"Feature", "properties":{"level1":24, "nodPos1":9},
    "geometry":{"type": "Point", "coordinates":[-23.3988,55.0779]}}
,   {"type":"Feature", "properties":{"level1":24, "nodPos1":10},
    "geometry":{"type": "Point", "coordinates":[-23.3283,54.8843]}}
,   {"type":"Feature", "properties":{"level1":24, "nodPos1":11},
    "geometry":{"type": "Point", "coordinates":[-23.2585,54.6905]}}
,   {"type":"Feature", "properties":{"level1":24, "nodPos1":12},
    "geometry":{"type": "Point", "coordinates":[-23.1893,54.4968]}}
,   {"type":"Feature", "properties":{"level1":24, "nodPos1":13},
    "geometry":{"type": "Point", "coordinates":[-23.1208,54.3030]}}
,   {"type":"Feature", "properties":{"level1":24, "nodPos1":14},
    "geometry":{"type": "Point", "coordinates":[-23.0530,54.1092]}}
,   {"type":"Feature", "properties":{"level1":24, "nodPos1":15},
    "geometry":{"type": "Point", "coordinates":[-22.9857,53.9153]}}
,   {"type":"Feature", "properties":{"level1":24, "nodPos1":16},
    "geometry":{"type": "Point", "coordinates":[-22.9191,53.7214]}}
,   {"type":"Feature", "properties":{"level1":24, "nodPos1":17},
    "geometry":{"type": "Point", "coordinates":[-22.8531,53.5275]}}
,   {"type":"Feature", "properties":{"level1":24, "nodPos1":18},
    "geometry":{"type": "Point", "coordinates":[-22.7878,53.3335]}}
,   {"type":"Feature", "properties":{"level1":24, "nodPos1":19},
    "geometry":{"type": "Point", "coordinates":[-22.7230,53.1395]}}
,   {"type":"Feature", "properties":{"level1":24, "nodPos1":20},
    "geometry":{"type": "Point", "coordinates":[-22.6587,52.9454]}}
,   {"type":"Feature", "properties":{"level1":24, "nodPos1":21},
    "geometry":{"type": "Point", "coordinates":[-22.5951,52.7513]}}
,   {"type":"Feature", "properties":{"level1":24, "nodPos1":22},
    "geometry":{"type": "Point", "coordinates":[-22.5320,52.5572]}}
,   {"type":"Feature", "properties":{"level1":24, "nodPos1":23},
    "geometry":{"type": "Point", "coordinates":[-22.4695,52.3631]}}
,   {"type":"Feature", "properties":{"level1":24, "nodPos1":24},
    "geometry":{"type": "Point", "coordinates":[-22.4075,52.1689]}}
,   {"type":"Feature", "properties":{"level1":24, "nodPos1":25},
    "geometry":{"type": "Point", "coordinates":[-22.3461,51.9747]}}
,   {"type":"Feature", "properties":{"level1":24, "nodPos1":26},
    "geometry":{"type": "Point", "coordinates":[-22.2852,51.7804]}}
,   {"type":"Feature", "properties":{"level1":24, "nodPos1":27},
    "geometry":{"type": "Point", "coordinates":[-22.2248,51.5862]}}
,   {"type":"Feature", "properties":{"level1":24, "nodPos1":28},
    "geometry":{"type": "Point", "coordinates":[-22.1649,51.3919]}}
,   {"type":"Feature", "properties":{"level1":24, "nodPos1":29},
    "geometry":{"type": "Point", "coordinates":[-22.1056,51.1975]}}
,   {"type":"Feature", "properties":{"level1":24, "nodPos1":30},
    "geometry":{"type": "Point", "coordinates":[-22.0467,51.0031]}}
,   {"type":"Feature", "properties":{"level1":24, "nodPos1":31},
    "geometry":{"type": "Point", "coordinates":[-21.9883,50.8088]}}
,   {"type":"Feature", "properties":{"level1":24, "nodPos1":32},
    "geometry":{"type": "Point", "coordinates":[-21.9304,50.6143]}}
,   {"type":"Feature", "properties":{"level1":24, "nodPos1":33},
    "geometry":{"type": "Point", "coordinates":[-21.8730,50.4199]}}
,   {"type":"Feature", "properties":{"level1":24, "nodPos1":34},
    "geometry":{"type": "Point", "coordinates":[-21.8161,50.2254]}}
,   {"type":"Feature", "properties":{"level1":24, "nodPos1":35},
    "geometry":{"type": "Point", "coordinates":[-21.7596,50.0309]}}
,   {"type":"Feature", "properties":{"level1":24, "nodPos1":36},
    "geometry":{"type": "Point", "coordinates":[-21.7036,49.8363]}}
,   {"type":"Feature", "properties":{"level1":24, "nodPos1":37},
    "geometry":{"type": "Point", "coordinates":[-21.6480,49.6418]}}
,   {"type":"Feature", "properties":{"level1":24, "nodPos1":38},
    "geometry":{"type": "Point", "coordinates":[-21.5929,49.4472]}}
,   {"type":"Feature", "properties":{"level1":24, "nodPos1":39},
    "geometry":{"type": "Point", "coordinates":[-21.5382,49.2526]}}
,   {"type":"Feature", "properties":{"level1":24, "nodPos1":40},
    "geometry":{"type": "Point", "coordinates":[-21.4839,49.0579]}}
,   {"type":"Feature", "properties":{"level1":24, "nodPos1":41},
    "geometry":{"type": "Point", "coordinates":[-21.4301,48.8633]}}
,   {"type":"Feature", "properties":{"level1":24, "nodPos1":42},
    "geometry":{"type": "Point", "coordinates":[-21.3766,48.6686]}}
,   {"type":"Feature", "properties":{"level1":24, "nodPos1":43},
    "geometry":{"type": "Point", "coordinates":[-21.3236,48.4739]}}
,   {"type":"Feature", "properties":{"level1":24, "nodPos1":44},
    "geometry":{"type": "Point", "coordinates":[-21.2710,48.2791]}}
,   {"type":"Feature", "properties":{"level1":24, "nodPos1":45},
    "geometry":{"type": "Point", "coordinates":[-21.2188,48.0844]}}
,   {"type":"Feature", "properties":{"level1":24, "nodPos1":46},
    "geometry":{"type": "Point", "coordinates":[-21.1670,47.8896]}}
,   {"type":"Feature", "properties":{"level1":24, "nodPos1":47},
    "geometry":{"type": "Point", "coordinates":[-21.1156,47.6948]}}
,   {"type":"Feature", "properties":{"level1":24, "nodPos1":48},
    "geometry":{"type": "Point", "coordinates":[-21.0645,47.4999]}}
,   {"type":"Feature", "properties":{"level1":24, "nodPos1":49},
    "geometry":{"type": "Point", "coordinates":[-21.0138,47.3051]}}
,   {"type":"Feature", "properties":{"level1":24, "nodPos1":50},
    "geometry":{"type": "Point", "coordinates":[-20.9635,47.1102]}}
,   {"type":"Feature", "properties":{"level1":24, "nodPos1":51},
    "geometry":{"type": "Point", "coordinates":[-20.9136,46.9153]}}
,   {"type":"Feature", "properties":{"level1":24, "nodPos1":52},
    "geometry":{"type": "Point", "coordinates":[-20.8640,46.7204]}}
,   {"type":"Feature", "properties":{"level1":24, "nodPos1":53},
    "geometry":{"type": "Point", "coordinates":[-20.8148,46.5254]}}
,   {"type":"Feature", "properties":{"level1":24, "nodPos1":54},
    "geometry":{"type": "Point", "coordinates":[-20.7660,46.3305]}}
,   {"type":"Feature", "properties":{"level1":24, "nodPos1":55},
    "geometry":{"type": "Point", "coordinates":[-20.7175,46.1355]}}
,   {"type":"Feature", "properties":{"level1":24, "nodPos1":56},
    "geometry":{"type": "Point", "coordinates":[-20.6693,45.9405]}}
,   {"type":"Feature", "properties":{"level1":24, "nodPos1":57},
    "geometry":{"type": "Point", "coordinates":[-20.6215,45.7455]}}
,   {"type":"Feature", "properties":{"level1":24, "nodPos1":58},
    "geometry":{"type": "Point", "coordinates":[-20.5740,45.5504]}}
,   {"type":"Feature", "properties":{"level1":24, "nodPos1":59},
    "geometry":{"type": "Point", "coordinates":[-20.5268,45.3553]}}
,   {"type":"Feature", "properties":{"level1":24, "nodPos1":60},
    "geometry":{"type": "Point", "coordinates":[-20.4800,45.1603]}}
,   {"type":"Feature", "properties":{"level1":24, "nodPos1":61},
    "geometry":{"type": "Point", "coordinates":[-20.4334,44.9652]}}
,   {"type":"Feature", "properties":{"level1":24, "nodPos1":62},
    "geometry":{"type": "Point", "coordinates":[-20.3872,44.7700]}}
,   {"type":"Feature", "properties":{"level1":24, "nodPos1":63},
    "geometry":{"type": "Point", "coordinates":[-20.3413,44.5749]}}
,   {"type":"Feature", "properties":{"level1":24, "nodPos1":64},
    "geometry":{"type": "Point", "coordinates":[-20.2957,44.3797]}}
,   {"type":"Feature", "properties":{"level1":24, "nodPos1":65},
    "geometry":{"type": "Point", "coordinates":[-20.2504,44.1846]}}
,   {"type":"Feature", "properties":{"level1":24, "nodPos1":66},
    "geometry":{"type": "Point", "coordinates":[-20.2054,43.9894]}}
,   {"type":"Feature", "properties":{"level1":24, "nodPos1":67},
    "geometry":{"type": "Point", "coordinates":[-20.1608,43.7942]}}
,   {"type":"Feature", "properties":{"level1":24, "nodPos1":68},
    "geometry":{"type": "Point", "coordinates":[-20.1163,43.5989]}}
,   {"type":"Feature", "properties":{"level1":24, "nodPos1":69},
    "geometry":{"type": "Point", "coordinates":[-20.0722,43.4037]}}
,   {"type":"Feature", "properties":{"level1":24, "nodPos1":70},
    "geometry":{"type": "Point", "coordinates":[-20.0284,43.2084]}}
,   {"type":"Feature", "properties":{"level1":24, "nodPos1":71},
    "geometry":{"type": "Point", "coordinates":[-19.9848,43.0131]}}
,   {"type":"Feature", "properties":{"level1":24, "nodPos1":72},
    "geometry":{"type": "Point", "coordinates":[-19.9416,42.8178]}}
,   {"type":"Feature", "properties":{"level1":24, "nodPos1":73},
    "geometry":{"type": "Point", "coordinates":[-19.8986,42.6225]}}
,   {"type":"Feature", "properties":{"level1":24, "nodPos1":74},
    "geometry":{"type": "Point", "coordinates":[-19.8558,42.4272]}}
,   {"type":"Feature", "properties":{"level1":24, "nodPos1":75},
    "geometry":{"type": "Point", "coordinates":[-19.8134,42.2319]}}
,   {"type":"Feature", "properties":{"level1":24, "nodPos1":76},
    "geometry":{"type": "Point", "coordinates":[-19.7711,42.0365]}}
,   {"type":"Feature", "properties":{"level1":24, "nodPos1":77},
    "geometry":{"type": "Point", "coordinates":[-19.7292,41.8411]}}
,   {"type":"Feature", "properties":{"level1":24, "nodPos1":78},
    "geometry":{"type": "Point", "coordinates":[-19.6875,41.6457]}}
,   {"type":"Feature", "properties":{"level1":24, "nodPos1":79},
    "geometry":{"type": "Point", "coordinates":[-19.6461,41.4503]}}
,   {"type":"Feature", "properties":{"level1":24, "nodPos1":80},
    "geometry":{"type": "Point", "coordinates":[-19.6049,41.2549]}}
,   {"type":"Feature", "properties":{"level1":24, "nodPos1":81},
    "geometry":{"type": "Point", "coordinates":[-19.5639,41.0595]}}
,   {"type":"Feature", "properties":{"level1":24, "nodPos1":82},
    "geometry":{"type": "Point", "coordinates":[-19.5232,40.8640]}}
,   {"type":"Feature", "properties":{"level1":24, "nodPos1":83},
    "geometry":{"type": "Point", "coordinates":[-19.4827,40.6686]}}
,   {"type":"Feature", "properties":{"level1":24, "nodPos1":84},
    "geometry":{"type": "Point", "coordinates":[-19.4425,40.4731]}}
,   {"type":"Feature", "properties":{"level1":24, "nodPos1":85},
    "geometry":{"type": "Point", "coordinates":[-19.4025,40.2776]}}
,   {"type":"Feature", "properties":{"level1":24, "nodPos1":86},
    "geometry":{"type": "Point", "coordinates":[-19.3628,40.0821]}}
,   {"type":"Feature", "properties":{"level1":24, "nodPos1":87},
    "geometry":{"type": "Point", "coordinates":[-19.3232,39.8866]}}
,   {"type":"Feature", "properties":{"level1":24, "nodPos1":88},
    "geometry":{"type": "Point", "coordinates":[-19.2839,39.6910]}}
,   {"type":"Feature", "properties":{"level1":24, "nodPos1":89},
    "geometry":{"type": "Point", "coordinates":[-19.2448,39.4955]}}
,   {"type":"Feature", "properties":{"level1":24, "nodPos1":90},
    "geometry":{"type": "Point", "coordinates":[-19.2060,39.2999]}}
,   {"type":"Feature", "properties":{"level1":25, "nodPos1":0},
    "geometry":{"type": "Point", "coordinates":[-21.9078,57.2313]}}
,   {"type":"Feature", "properties":{"level1":25, "nodPos1":1},
    "geometry":{"type": "Point", "coordinates":[-21.8282,57.0382]}}
,   {"type":"Feature", "properties":{"level1":25, "nodPos1":2},
    "geometry":{"type": "Point", "coordinates":[-21.7493,56.8451]}}
,   {"type":"Feature", "properties":{"level1":25, "nodPos1":3},
    "geometry":{"type": "Point", "coordinates":[-21.6713,56.6520]}}
,   {"type":"Feature", "properties":{"level1":25, "nodPos1":4},
    "geometry":{"type": "Point", "coordinates":[-21.5941,56.4587]}}
,   {"type":"Feature", "properties":{"level1":25, "nodPos1":5},
    "geometry":{"type": "Point", "coordinates":[-21.5176,56.2655]}}
,   {"type":"Feature", "properties":{"level1":25, "nodPos1":6},
    "geometry":{"type": "Point", "coordinates":[-21.4419,56.0722]}}
,   {"type":"Feature", "properties":{"level1":25, "nodPos1":7},
    "geometry":{"type": "Point", "coordinates":[-21.3670,55.8788]}}
,   {"type":"Feature", "properties":{"level1":25, "nodPos1":8},
    "geometry":{"type": "Point", "coordinates":[-21.2928,55.6854]}}
,   {"type":"Feature", "properties":{"level1":25, "nodPos1":9},
    "geometry":{"type": "Point", "coordinates":[-21.2194,55.4920]}}
,   {"type":"Feature", "properties":{"level1":25, "nodPos1":10},
    "geometry":{"type": "Point", "coordinates":[-21.1466,55.2985]}}
,   {"type":"Feature", "properties":{"level1":25, "nodPos1":11},
    "geometry":{"type": "Point", "coordinates":[-21.0746,55.1049]}}
,   {"type":"Feature", "properties":{"level1":25, "nodPos1":12},
    "geometry":{"type": "Point", "coordinates":[-21.0033,54.9114]}}
,   {"type":"Feature", "properties":{"level1":25, "nodPos1":13},
    "geometry":{"type": "Point", "coordinates":[-20.9326,54.7177]}}
,   {"type":"Feature", "properties":{"level1":25, "nodPos1":14},
    "geometry":{"type": "Point", "coordinates":[-20.8626,54.5241]}}
,   {"type":"Feature", "properties":{"level1":25, "nodPos1":15},
    "geometry":{"type": "Point", "coordinates":[-20.7933,54.3304]}}
,   {"type":"Feature", "properties":{"level1":25, "nodPos1":16},
    "geometry":{"type": "Point", "coordinates":[-20.7246,54.1366]}}
,   {"type":"Feature", "properties":{"level1":25, "nodPos1":17},
    "geometry":{"type": "Point", "coordinates":[-20.6566,53.9429]}}
,   {"type":"Feature", "properties":{"level1":25, "nodPos1":18},
    "geometry":{"type": "Point", "coordinates":[-20.5892,53.7491]}}
,   {"type":"Feature", "properties":{"level1":25, "nodPos1":19},
    "geometry":{"type": "Point", "coordinates":[-20.5224,53.5552]}}
,   {"type":"Feature", "properties":{"level1":25, "nodPos1":20},
    "geometry":{"type": "Point", "coordinates":[-20.4563,53.3613]}}
,   {"type":"Feature", "properties":{"level1":25, "nodPos1":21},
    "geometry":{"type": "Point", "coordinates":[-20.3907,53.1674]}}
,   {"type":"Feature", "properties":{"level1":25, "nodPos1":22},
    "geometry":{"type": "Point", "coordinates":[-20.3257,52.9734]}}
,   {"type":"Feature", "properties":{"level1":25, "nodPos1":23},
    "geometry":{"type": "Point", "coordinates":[-20.2613,52.7794]}}
,   {"type":"Feature", "properties":{"level1":25, "nodPos1":24},
    "geometry":{"type": "Point", "coordinates":[-20.1975,52.5854]}}
,   {"type":"Feature", "properties":{"level1":25, "nodPos1":25},
    "geometry":{"type": "Point", "coordinates":[-20.1342,52.3913]}}
,   {"type":"Feature", "properties":{"level1":25, "nodPos1":26},
    "geometry":{"type": "Point", "coordinates":[-20.0715,52.1972]}}
,   {"type":"Feature", "properties":{"level1":25, "nodPos1":27},
    "geometry":{"type": "Point", "coordinates":[-20.0093,52.0031]}}
,   {"type":"Feature", "properties":{"level1":25, "nodPos1":28},
    "geometry":{"type": "Point", "coordinates":[-19.9477,51.8090]}}
,   {"type":"Feature", "properties":{"level1":25, "nodPos1":29},
    "geometry":{"type": "Point", "coordinates":[-19.8866,51.6148]}}
,   {"type":"Feature", "properties":{"level1":25, "nodPos1":30},
    "geometry":{"type": "Point", "coordinates":[-19.8260,51.4205]}}
,   {"type":"Feature", "properties":{"level1":25, "nodPos1":31},
    "geometry":{"type": "Point", "coordinates":[-19.7659,51.2263]}}
,   {"type":"Feature", "properties":{"level1":25, "nodPos1":32},
    "geometry":{"type": "Point", "coordinates":[-19.7063,51.0320]}}
,   {"type":"Feature", "properties":{"level1":25, "nodPos1":33},
    "geometry":{"type": "Point", "coordinates":[-19.6473,50.8377]}}
,   {"type":"Feature", "properties":{"level1":25, "nodPos1":34},
    "geometry":{"type": "Point", "coordinates":[-19.5887,50.6433]}}
,   {"type":"Feature", "properties":{"level1":25, "nodPos1":35},
    "geometry":{"type": "Point", "coordinates":[-19.5306,50.4490]}}
,   {"type":"Feature", "properties":{"level1":25, "nodPos1":36},
    "geometry":{"type": "Point", "coordinates":[-19.4730,50.2545]}}
,   {"type":"Feature", "properties":{"level1":25, "nodPos1":37},
    "geometry":{"type": "Point", "coordinates":[-19.4158,50.0601]}}
,   {"type":"Feature", "properties":{"level1":25, "nodPos1":38},
    "geometry":{"type": "Point", "coordinates":[-19.3591,49.8657]}}
,   {"type":"Feature", "properties":{"level1":25, "nodPos1":39},
    "geometry":{"type": "Point", "coordinates":[-19.3029,49.6712]}}
,   {"type":"Feature", "properties":{"level1":25, "nodPos1":40},
    "geometry":{"type": "Point", "coordinates":[-19.2471,49.4766]}}
,   {"type":"Feature", "properties":{"level1":25, "nodPos1":41},
    "geometry":{"type": "Point", "coordinates":[-19.1918,49.2821]}}
,   {"type":"Feature", "properties":{"level1":25, "nodPos1":42},
    "geometry":{"type": "Point", "coordinates":[-19.1369,49.0875]}}
,   {"type":"Feature", "properties":{"level1":25, "nodPos1":43},
    "geometry":{"type": "Point", "coordinates":[-19.0824,48.8929]}}
,   {"type":"Feature", "properties":{"level1":25, "nodPos1":44},
    "geometry":{"type": "Point", "coordinates":[-19.0283,48.6983]}}
,   {"type":"Feature", "properties":{"level1":25, "nodPos1":45},
    "geometry":{"type": "Point", "coordinates":[-18.9747,48.5037]}}
,   {"type":"Feature", "properties":{"level1":25, "nodPos1":46},
    "geometry":{"type": "Point", "coordinates":[-18.9214,48.3090]}}
,   {"type":"Feature", "properties":{"level1":25, "nodPos1":47},
    "geometry":{"type": "Point", "coordinates":[-18.8686,48.1143]}}
,   {"type":"Feature", "properties":{"level1":25, "nodPos1":48},
    "geometry":{"type": "Point", "coordinates":[-18.8162,47.9196]}}
,   {"type":"Feature", "properties":{"level1":25, "nodPos1":49},
    "geometry":{"type": "Point", "coordinates":[-18.7641,47.7249]}}
,   {"type":"Feature", "properties":{"level1":25, "nodPos1":50},
    "geometry":{"type": "Point", "coordinates":[-18.7125,47.5301]}}
,   {"type":"Feature", "properties":{"level1":25, "nodPos1":51},
    "geometry":{"type": "Point", "coordinates":[-18.6612,47.3353]}}
,   {"type":"Feature", "properties":{"level1":25, "nodPos1":52},
    "geometry":{"type": "Point", "coordinates":[-18.6103,47.1405]}}
,   {"type":"Feature", "properties":{"level1":25, "nodPos1":53},
    "geometry":{"type": "Point", "coordinates":[-18.5598,46.9457]}}
,   {"type":"Feature", "properties":{"level1":25, "nodPos1":54},
    "geometry":{"type": "Point", "coordinates":[-18.5097,46.7508]}}
,   {"type":"Feature", "properties":{"level1":25, "nodPos1":55},
    "geometry":{"type": "Point", "coordinates":[-18.4599,46.5559]}}
,   {"type":"Feature", "properties":{"level1":25, "nodPos1":56},
    "geometry":{"type": "Point", "coordinates":[-18.4104,46.3610]}}
,   {"type":"Feature", "properties":{"level1":25, "nodPos1":57},
    "geometry":{"type": "Point", "coordinates":[-18.3614,46.1661]}}
,   {"type":"Feature", "properties":{"level1":25, "nodPos1":58},
    "geometry":{"type": "Point", "coordinates":[-18.3126,45.9712]}}
,   {"type":"Feature", "properties":{"level1":25, "nodPos1":59},
    "geometry":{"type": "Point", "coordinates":[-18.2642,45.7762]}}
,   {"type":"Feature", "properties":{"level1":25, "nodPos1":60},
    "geometry":{"type": "Point", "coordinates":[-18.2162,45.5812]}}
,   {"type":"Feature", "properties":{"level1":25, "nodPos1":61},
    "geometry":{"type": "Point", "coordinates":[-18.1685,45.3862]}}
,   {"type":"Feature", "properties":{"level1":25, "nodPos1":62},
    "geometry":{"type": "Point", "coordinates":[-18.1211,45.1912]}}
,   {"type":"Feature", "properties":{"level1":25, "nodPos1":63},
    "geometry":{"type": "Point", "coordinates":[-18.0740,44.9962]}}
,   {"type":"Feature", "properties":{"level1":25, "nodPos1":64},
    "geometry":{"type": "Point", "coordinates":[-18.0272,44.8011]}}
,   {"type":"Feature", "properties":{"level1":25, "nodPos1":65},
    "geometry":{"type": "Point", "coordinates":[-17.9808,44.6060]}}
,   {"type":"Feature", "properties":{"level1":25, "nodPos1":66},
    "geometry":{"type": "Point", "coordinates":[-17.9347,44.4109]}}
,   {"type":"Feature", "properties":{"level1":25, "nodPos1":67},
    "geometry":{"type": "Point", "coordinates":[-17.8888,44.2158]}}
,   {"type":"Feature", "properties":{"level1":25, "nodPos1":68},
    "geometry":{"type": "Point", "coordinates":[-17.8433,44.0207]}}
,   {"type":"Feature", "properties":{"level1":25, "nodPos1":69},
    "geometry":{"type": "Point", "coordinates":[-17.7981,43.8255]}}
,   {"type":"Feature", "properties":{"level1":25, "nodPos1":70},
    "geometry":{"type": "Point", "coordinates":[-17.7532,43.6304]}}
,   {"type":"Feature", "properties":{"level1":25, "nodPos1":71},
    "geometry":{"type": "Point", "coordinates":[-17.7086,43.4352]}}
,   {"type":"Feature", "properties":{"level1":25, "nodPos1":72},
    "geometry":{"type": "Point", "coordinates":[-17.6642,43.2400]}}
,   {"type":"Feature", "properties":{"level1":25, "nodPos1":73},
    "geometry":{"type": "Point", "coordinates":[-17.6201,43.0448]}}
,   {"type":"Feature", "properties":{"level1":25, "nodPos1":74},
    "geometry":{"type": "Point", "coordinates":[-17.5764,42.8495]}}
,   {"type":"Feature", "properties":{"level1":25, "nodPos1":75},
    "geometry":{"type": "Point", "coordinates":[-17.5329,42.6543]}}
,   {"type":"Feature", "properties":{"level1":25, "nodPos1":76},
    "geometry":{"type": "Point", "coordinates":[-17.4896,42.4590]}}
,   {"type":"Feature", "properties":{"level1":25, "nodPos1":77},
    "geometry":{"type": "Point", "coordinates":[-17.4466,42.2637]}}
,   {"type":"Feature", "properties":{"level1":25, "nodPos1":78},
    "geometry":{"type": "Point", "coordinates":[-17.4039,42.0684]}}
,   {"type":"Feature", "properties":{"level1":25, "nodPos1":79},
    "geometry":{"type": "Point", "coordinates":[-17.3615,41.8731]}}
,   {"type":"Feature", "properties":{"level1":25, "nodPos1":80},
    "geometry":{"type": "Point", "coordinates":[-17.3193,41.6778]}}
,   {"type":"Feature", "properties":{"level1":25, "nodPos1":81},
    "geometry":{"type": "Point", "coordinates":[-17.2774,41.4824]}}
,   {"type":"Feature", "properties":{"level1":25, "nodPos1":82},
    "geometry":{"type": "Point", "coordinates":[-17.2357,41.2870]}}
,   {"type":"Feature", "properties":{"level1":25, "nodPos1":83},
    "geometry":{"type": "Point", "coordinates":[-17.1943,41.0917]}}
,   {"type":"Feature", "properties":{"level1":25, "nodPos1":84},
    "geometry":{"type": "Point", "coordinates":[-17.1531,40.8963]}}
,   {"type":"Feature", "properties":{"level1":25, "nodPos1":85},
    "geometry":{"type": "Point", "coordinates":[-17.1122,40.7009]}}
,   {"type":"Feature", "properties":{"level1":25, "nodPos1":86},
    "geometry":{"type": "Point", "coordinates":[-17.0715,40.5054]}}
,   {"type":"Feature", "properties":{"level1":25, "nodPos1":87},
    "geometry":{"type": "Point", "coordinates":[-17.0310,40.3100]}}
,   {"type":"Feature", "properties":{"level1":25, "nodPos1":88},
    "geometry":{"type": "Point", "coordinates":[-16.9908,40.1145]}}
,   {"type":"Feature", "properties":{"level1":25, "nodPos1":89},
    "geometry":{"type": "Point", "coordinates":[-16.9508,39.9191]}}
,   {"type":"Feature", "properties":{"level1":25, "nodPos1":90},
    "geometry":{"type": "Point", "coordinates":[-16.9110,39.7236]}}
,   {"type":"Feature", "properties":{"level1":26, "nodPos1":0},
    "geometry":{"type": "Point", "coordinates":[-19.6097,57.6594]}}
,   {"type":"Feature", "properties":{"level1":26, "nodPos1":1},
    "geometry":{"type": "Point", "coordinates":[-19.5307,57.4662]}}
,   {"type":"Feature", "properties":{"level1":26, "nodPos1":2},
    "geometry":{"type": "Point", "coordinates":[-19.4526,57.2728]}}
,   {"type":"Feature", "properties":{"level1":26, "nodPos1":3},
    "geometry":{"type": "Point", "coordinates":[-19.3752,57.0795]}}
,   {"type":"Feature", "properties":{"level1":26, "nodPos1":4},
    "geometry":{"type": "Point", "coordinates":[-19.2987,56.8861]}}
,   {"type":"Feature", "properties":{"level1":26, "nodPos1":5},
    "geometry":{"type": "Point", "coordinates":[-19.2229,56.6926]}}
,   {"type":"Feature", "properties":{"level1":26, "nodPos1":6},
    "geometry":{"type": "Point", "coordinates":[-19.1480,56.4991]}}
,   {"type":"Feature", "properties":{"level1":26, "nodPos1":7},
    "geometry":{"type": "Point", "coordinates":[-19.0737,56.3056]}}
,   {"type":"Feature", "properties":{"level1":26, "nodPos1":8},
    "geometry":{"type": "Point", "coordinates":[-19.0003,56.1120]}}
,   {"type":"Feature", "properties":{"level1":26, "nodPos1":9},
    "geometry":{"type": "Point", "coordinates":[-18.9275,55.9184]}}
,   {"type":"Feature", "properties":{"level1":26, "nodPos1":10},
    "geometry":{"type": "Point", "coordinates":[-18.8555,55.7247]}}
,   {"type":"Feature", "properties":{"level1":26, "nodPos1":11},
    "geometry":{"type": "Point", "coordinates":[-18.7842,55.5310]}}
,   {"type":"Feature", "properties":{"level1":26, "nodPos1":12},
    "geometry":{"type": "Point", "coordinates":[-18.7136,55.3372]}}
,   {"type":"Feature", "properties":{"level1":26, "nodPos1":13},
    "geometry":{"type": "Point", "coordinates":[-18.6437,55.1434]}}
,   {"type":"Feature", "properties":{"level1":26, "nodPos1":14},
    "geometry":{"type": "Point", "coordinates":[-18.5745,54.9496]}}
,   {"type":"Feature", "properties":{"level1":26, "nodPos1":15},
    "geometry":{"type": "Point", "coordinates":[-18.5059,54.7557]}}
,   {"type":"Feature", "properties":{"level1":26, "nodPos1":16},
    "geometry":{"type": "Point", "coordinates":[-18.4380,54.5618]}}
,   {"type":"Feature", "properties":{"level1":26, "nodPos1":17},
    "geometry":{"type": "Point", "coordinates":[-18.3707,54.3679]}}
,   {"type":"Feature", "properties":{"level1":26, "nodPos1":18},
    "geometry":{"type": "Point", "coordinates":[-18.3041,54.1739]}}
,   {"type":"Feature", "properties":{"level1":26, "nodPos1":19},
    "geometry":{"type": "Point", "coordinates":[-18.2381,53.9799]}}
,   {"type":"Feature", "properties":{"level1":26, "nodPos1":20},
    "geometry":{"type": "Point", "coordinates":[-18.1727,53.7858]}}
,   {"type":"Feature", "properties":{"level1":26, "nodPos1":21},
    "geometry":{"type": "Point", "coordinates":[-18.1079,53.5917]}}
,   {"type":"Feature", "properties":{"level1":26, "nodPos1":22},
    "geometry":{"type": "Point", "coordinates":[-18.0437,53.3976]}}
,   {"type":"Feature", "properties":{"level1":26, "nodPos1":23},
    "geometry":{"type": "Point", "coordinates":[-17.9800,53.2034]}}
,   {"type":"Feature", "properties":{"level1":26, "nodPos1":24},
    "geometry":{"type": "Point", "coordinates":[-17.9170,53.0092]}}
,   {"type":"Feature", "properties":{"level1":26, "nodPos1":25},
    "geometry":{"type": "Point", "coordinates":[-17.8545,52.8150]}}
,   {"type":"Feature", "properties":{"level1":26, "nodPos1":26},
    "geometry":{"type": "Point", "coordinates":[-17.7925,52.6207]}}
,   {"type":"Feature", "properties":{"level1":26, "nodPos1":27},
    "geometry":{"type": "Point", "coordinates":[-17.7312,52.4265]}}
,   {"type":"Feature", "properties":{"level1":26, "nodPos1":28},
    "geometry":{"type": "Point", "coordinates":[-17.6703,52.2321]}}
,   {"type":"Feature", "properties":{"level1":26, "nodPos1":29},
    "geometry":{"type": "Point", "coordinates":[-17.6100,52.0378]}}
,   {"type":"Feature", "properties":{"level1":26, "nodPos1":30},
    "geometry":{"type": "Point", "coordinates":[-17.5502,51.8434]}}
,   {"type":"Feature", "properties":{"level1":26, "nodPos1":31},
    "geometry":{"type": "Point", "coordinates":[-17.4909,51.6490]}}
,   {"type":"Feature", "properties":{"level1":26, "nodPos1":32},
    "geometry":{"type": "Point", "coordinates":[-17.4321,51.4545]}}
,   {"type":"Feature", "properties":{"level1":26, "nodPos1":33},
    "geometry":{"type": "Point", "coordinates":[-17.3739,51.2600]}}
,   {"type":"Feature", "properties":{"level1":26, "nodPos1":34},
    "geometry":{"type": "Point", "coordinates":[-17.3161,51.0655]}}
,   {"type":"Feature", "properties":{"level1":26, "nodPos1":35},
    "geometry":{"type": "Point", "coordinates":[-17.2588,50.8710]}}
,   {"type":"Feature", "properties":{"level1":26, "nodPos1":36},
    "geometry":{"type": "Point", "coordinates":[-17.2020,50.6765]}}
,   {"type":"Feature", "properties":{"level1":26, "nodPos1":37},
    "geometry":{"type": "Point", "coordinates":[-17.1456,50.4819]}}
,   {"type":"Feature", "properties":{"level1":26, "nodPos1":38},
    "geometry":{"type": "Point", "coordinates":[-17.0897,50.2872]}}
,   {"type":"Feature", "properties":{"level1":26, "nodPos1":39},
    "geometry":{"type": "Point", "coordinates":[-17.0343,50.0926]}}
,   {"type":"Feature", "properties":{"level1":26, "nodPos1":40},
    "geometry":{"type": "Point", "coordinates":[-16.9793,49.8979]}}
,   {"type":"Feature", "properties":{"level1":26, "nodPos1":41},
    "geometry":{"type": "Point", "coordinates":[-16.9247,49.7032]}}
,   {"type":"Feature", "properties":{"level1":26, "nodPos1":42},
    "geometry":{"type": "Point", "coordinates":[-16.8706,49.5085]}}
,   {"type":"Feature", "properties":{"level1":26, "nodPos1":43},
    "geometry":{"type": "Point", "coordinates":[-16.8169,49.3138]}}
,   {"type":"Feature", "properties":{"level1":26, "nodPos1":44},
    "geometry":{"type": "Point", "coordinates":[-16.7637,49.1190]}}
,   {"type":"Feature", "properties":{"level1":26, "nodPos1":45},
    "geometry":{"type": "Point", "coordinates":[-16.7108,48.9242]}}
,   {"type":"Feature", "properties":{"level1":26, "nodPos1":46},
    "geometry":{"type": "Point", "coordinates":[-16.6584,48.7294]}}
,   {"type":"Feature", "properties":{"level1":26, "nodPos1":47},
    "geometry":{"type": "Point", "coordinates":[-16.6064,48.5346]}}
,   {"type":"Feature", "properties":{"level1":26, "nodPos1":48},
    "geometry":{"type": "Point", "coordinates":[-16.5547,48.3397]}}
,   {"type":"Feature", "properties":{"level1":26, "nodPos1":49},
    "geometry":{"type": "Point", "coordinates":[-16.5035,48.1448]}}
,   {"type":"Feature", "properties":{"level1":26, "nodPos1":50},
    "geometry":{"type": "Point", "coordinates":[-16.4527,47.9499]}}
,   {"type":"Feature", "properties":{"level1":26, "nodPos1":51},
    "geometry":{"type": "Point", "coordinates":[-16.4022,47.7550]}}
,   {"type":"Feature", "properties":{"level1":26, "nodPos1":52},
    "geometry":{"type": "Point", "coordinates":[-16.3521,47.5600]}}
,   {"type":"Feature", "properties":{"level1":26, "nodPos1":53},
    "geometry":{"type": "Point", "coordinates":[-16.3024,47.3651]}}
,   {"type":"Feature", "properties":{"level1":26, "nodPos1":54},
    "geometry":{"type": "Point", "coordinates":[-16.2530,47.1701]}}
,   {"type":"Feature", "properties":{"level1":26, "nodPos1":55},
    "geometry":{"type": "Point", "coordinates":[-16.2040,46.9750]}}
,   {"type":"Feature", "properties":{"level1":26, "nodPos1":56},
    "geometry":{"type": "Point", "coordinates":[-16.1554,46.7800]}}
,   {"type":"Feature", "properties":{"level1":26, "nodPos1":57},
    "geometry":{"type": "Point", "coordinates":[-16.1071,46.5849]}}
,   {"type":"Feature", "properties":{"level1":26, "nodPos1":58},
    "geometry":{"type": "Point", "coordinates":[-16.0592,46.3899]}}
,   {"type":"Feature", "properties":{"level1":26, "nodPos1":59},
    "geometry":{"type": "Point", "coordinates":[-16.0116,46.1948]}}
,   {"type":"Feature", "properties":{"level1":26, "nodPos1":60},
    "geometry":{"type": "Point", "coordinates":[-15.9643,45.9996]}}
,   {"type":"Feature", "properties":{"level1":26, "nodPos1":61},
    "geometry":{"type": "Point", "coordinates":[-15.9174,45.8045]}}
,   {"type":"Feature", "properties":{"level1":26, "nodPos1":62},
    "geometry":{"type": "Point", "coordinates":[-15.8708,45.6094]}}
,   {"type":"Feature", "properties":{"level1":26, "nodPos1":63},
    "geometry":{"type": "Point", "coordinates":[-15.8245,45.4142]}}
,   {"type":"Feature", "properties":{"level1":26, "nodPos1":64},
    "geometry":{"type": "Point", "coordinates":[-15.7786,45.2190]}}
,   {"type":"Feature", "properties":{"level1":26, "nodPos1":65},
    "geometry":{"type": "Point", "coordinates":[-15.7329,45.0238]}}
,   {"type":"Feature", "properties":{"level1":26, "nodPos1":66},
    "geometry":{"type": "Point", "coordinates":[-15.6876,44.8285]}}
,   {"type":"Feature", "properties":{"level1":26, "nodPos1":67},
    "geometry":{"type": "Point", "coordinates":[-15.6426,44.6333]}}
,   {"type":"Feature", "properties":{"level1":26, "nodPos1":68},
    "geometry":{"type": "Point", "coordinates":[-15.5978,44.4380]}}
,   {"type":"Feature", "properties":{"level1":26, "nodPos1":69},
    "geometry":{"type": "Point", "coordinates":[-15.5534,44.2427]}}
,   {"type":"Feature", "properties":{"level1":26, "nodPos1":70},
    "geometry":{"type": "Point", "coordinates":[-15.5093,44.0474]}}
,   {"type":"Feature", "properties":{"level1":26, "nodPos1":71},
    "geometry":{"type": "Point", "coordinates":[-15.4654,43.8521]}}
,   {"type":"Feature", "properties":{"level1":26, "nodPos1":72},
    "geometry":{"type": "Point", "coordinates":[-15.4219,43.6568]}}
,   {"type":"Feature", "properties":{"level1":26, "nodPos1":73},
    "geometry":{"type": "Point", "coordinates":[-15.3786,43.4614]}}
,   {"type":"Feature", "properties":{"level1":26, "nodPos1":74},
    "geometry":{"type": "Point", "coordinates":[-15.3356,43.2661]}}
,   {"type":"Feature", "properties":{"level1":26, "nodPos1":75},
    "geometry":{"type": "Point", "coordinates":[-15.2929,43.0707]}}
,   {"type":"Feature", "properties":{"level1":26, "nodPos1":76},
    "geometry":{"type": "Point", "coordinates":[-15.2505,42.8753]}}
,   {"type":"Feature", "properties":{"level1":26, "nodPos1":77},
    "geometry":{"type": "Point", "coordinates":[-15.2083,42.6799]}}
,   {"type":"Feature", "properties":{"level1":26, "nodPos1":78},
    "geometry":{"type": "Point", "coordinates":[-15.1664,42.4845]}}
,   {"type":"Feature", "properties":{"level1":26, "nodPos1":79},
    "geometry":{"type": "Point", "coordinates":[-15.1247,42.2890]}}
,   {"type":"Feature", "properties":{"level1":26, "nodPos1":80},
    "geometry":{"type": "Point", "coordinates":[-15.0833,42.0936]}}
,   {"type":"Feature", "properties":{"level1":26, "nodPos1":81},
    "geometry":{"type": "Point", "coordinates":[-15.0422,41.8981]}}
,   {"type":"Feature", "properties":{"level1":26, "nodPos1":82},
    "geometry":{"type": "Point", "coordinates":[-15.0013,41.7026]}}
,   {"type":"Feature", "properties":{"level1":26, "nodPos1":83},
    "geometry":{"type": "Point", "coordinates":[-14.9606,41.5071]}}
,   {"type":"Feature", "properties":{"level1":26, "nodPos1":84},
    "geometry":{"type": "Point", "coordinates":[-14.9202,41.3116]}}
,   {"type":"Feature", "properties":{"level1":26, "nodPos1":85},
    "geometry":{"type": "Point", "coordinates":[-14.8801,41.1160]}}
,   {"type":"Feature", "properties":{"level1":26, "nodPos1":86},
    "geometry":{"type": "Point", "coordinates":[-14.8401,40.9205]}}
,   {"type":"Feature", "properties":{"level1":26, "nodPos1":87},
    "geometry":{"type": "Point", "coordinates":[-14.8005,40.7249]}}
,   {"type":"Feature", "properties":{"level1":26, "nodPos1":88},
    "geometry":{"type": "Point", "coordinates":[-14.7610,40.5294]}}
,   {"type":"Feature", "properties":{"level1":26, "nodPos1":89},
    "geometry":{"type": "Point", "coordinates":[-14.7218,40.3338]}}
,   {"type":"Feature", "properties":{"level1":26, "nodPos1":90},
    "geometry":{"type": "Point", "coordinates":[-14.6828,40.1382]}}
,   {"type":"Feature", "properties":{"level1":27, "nodPos1":0},
    "geometry":{"type": "Point", "coordinates":[-17.4068,58.0601]}}
,   {"type":"Feature", "properties":{"level1":27, "nodPos1":1},
    "geometry":{"type": "Point", "coordinates":[-17.3253,57.8670]}}
,   {"type":"Feature", "properties":{"level1":27, "nodPos1":2},
    "geometry":{"type": "Point", "coordinates":[-17.2447,57.6739]}}
,   {"type":"Feature", "properties":{"level1":27, "nodPos1":3},
    "geometry":{"type": "Point", "coordinates":[-17.1649,57.4807]}}
,   {"type":"Feature", "properties":{"level1":27, "nodPos1":4},
    "geometry":{"type": "Point", "coordinates":[-17.0859,57.2875]}}
,   {"type":"Feature", "properties":{"level1":27, "nodPos1":5},
    "geometry":{"type": "Point", "coordinates":[-17.0078,57.0942]}}
,   {"type":"Feature", "properties":{"level1":27, "nodPos1":6},
    "geometry":{"type": "Point", "coordinates":[-16.9305,56.9009]}}
,   {"type":"Feature", "properties":{"level1":27, "nodPos1":7},
    "geometry":{"type": "Point", "coordinates":[-16.8540,56.7075]}}
,   {"type":"Feature", "properties":{"level1":27, "nodPos1":8},
    "geometry":{"type": "Point", "coordinates":[-16.7783,56.5141]}}
,   {"type":"Feature", "properties":{"level1":27, "nodPos1":9},
    "geometry":{"type": "Point", "coordinates":[-16.7033,56.3207]}}
,   {"type":"Feature", "properties":{"level1":27, "nodPos1":10},
    "geometry":{"type": "Point", "coordinates":[-16.6291,56.1272]}}
,   {"type":"Feature", "properties":{"level1":27, "nodPos1":11},
    "geometry":{"type": "Point", "coordinates":[-16.5556,55.9336]}}
,   {"type":"Feature", "properties":{"level1":27, "nodPos1":12},
    "geometry":{"type": "Point", "coordinates":[-16.4829,55.7400]}}
,   {"type":"Feature", "properties":{"level1":27, "nodPos1":13},
    "geometry":{"type": "Point", "coordinates":[-16.4109,55.5464]}}
,   {"type":"Feature", "properties":{"level1":27, "nodPos1":14},
    "geometry":{"type": "Point", "coordinates":[-16.3396,55.3527]}}
,   {"type":"Feature", "properties":{"level1":27, "nodPos1":15},
    "geometry":{"type": "Point", "coordinates":[-16.2690,55.1590]}}
,   {"type":"Feature", "properties":{"level1":27, "nodPos1":16},
    "geometry":{"type": "Point", "coordinates":[-16.1990,54.9652]}}
,   {"type":"Feature", "properties":{"level1":27, "nodPos1":17},
    "geometry":{"type": "Point", "coordinates":[-16.1298,54.7714]}}
,   {"type":"Feature", "properties":{"level1":27, "nodPos1":18},
    "geometry":{"type": "Point", "coordinates":[-16.0612,54.5776]}}
,   {"type":"Feature", "properties":{"level1":27, "nodPos1":19},
    "geometry":{"type": "Point", "coordinates":[-15.9932,54.3837]}}
,   {"type":"Feature", "properties":{"level1":27, "nodPos1":20},
    "geometry":{"type": "Point", "coordinates":[-15.9259,54.1898]}}
,   {"type":"Feature", "properties":{"level1":27, "nodPos1":21},
    "geometry":{"type": "Point", "coordinates":[-15.8592,53.9959]}}
,   {"type":"Feature", "properties":{"level1":27, "nodPos1":22},
    "geometry":{"type": "Point", "coordinates":[-15.7932,53.8019]}}
,   {"type":"Feature", "properties":{"level1":27, "nodPos1":23},
    "geometry":{"type": "Point", "coordinates":[-15.7277,53.6079]}}
,   {"type":"Feature", "properties":{"level1":27, "nodPos1":24},
    "geometry":{"type": "Point", "coordinates":[-15.6629,53.4138]}}
,   {"type":"Feature", "properties":{"level1":27, "nodPos1":25},
    "geometry":{"type": "Point", "coordinates":[-15.5986,53.2197]}}
,   {"type":"Feature", "properties":{"level1":27, "nodPos1":26},
    "geometry":{"type": "Point", "coordinates":[-15.5349,53.0256]}}
,   {"type":"Feature", "properties":{"level1":27, "nodPos1":27},
    "geometry":{"type": "Point", "coordinates":[-15.4718,52.8315]}}
,   {"type":"Feature", "properties":{"level1":27, "nodPos1":28},
    "geometry":{"type": "Point", "coordinates":[-15.4092,52.6373]}}
,   {"type":"Feature", "properties":{"level1":27, "nodPos1":29},
    "geometry":{"type": "Point", "coordinates":[-15.3472,52.4430]}}
,   {"type":"Feature", "properties":{"level1":27, "nodPos1":30},
    "geometry":{"type": "Point", "coordinates":[-15.2858,52.2488]}}
,   {"type":"Feature", "properties":{"level1":27, "nodPos1":31},
    "geometry":{"type": "Point", "coordinates":[-15.2249,52.0545]}}
,   {"type":"Feature", "properties":{"level1":27, "nodPos1":32},
    "geometry":{"type": "Point", "coordinates":[-15.1645,51.8602]}}
,   {"type":"Feature", "properties":{"level1":27, "nodPos1":33},
    "geometry":{"type": "Point", "coordinates":[-15.1046,51.6658]}}
,   {"type":"Feature", "properties":{"level1":27, "nodPos1":34},
    "geometry":{"type": "Point", "coordinates":[-15.0452,51.4714]}}
,   {"type":"Feature", "properties":{"level1":27, "nodPos1":35},
    "geometry":{"type": "Point", "coordinates":[-14.9864,51.2770]}}
,   {"type":"Feature", "properties":{"level1":27, "nodPos1":36},
    "geometry":{"type": "Point", "coordinates":[-14.9280,51.0826]}}
,   {"type":"Feature", "properties":{"level1":27, "nodPos1":37},
    "geometry":{"type": "Point", "coordinates":[-14.8701,50.8881]}}
,   {"type":"Feature", "properties":{"level1":27, "nodPos1":38},
    "geometry":{"type": "Point", "coordinates":[-14.8127,50.6936]}}
,   {"type":"Feature", "properties":{"level1":27, "nodPos1":39},
    "geometry":{"type": "Point", "coordinates":[-14.7558,50.4991]}}
,   {"type":"Feature", "properties":{"level1":27, "nodPos1":40},
    "geometry":{"type": "Point", "coordinates":[-14.6994,50.3046]}}
,   {"type":"Feature", "properties":{"level1":27, "nodPos1":41},
    "geometry":{"type": "Point", "coordinates":[-14.6434,50.1100]}}
,   {"type":"Feature", "properties":{"level1":27, "nodPos1":42},
    "geometry":{"type": "Point", "coordinates":[-14.5878,49.9154]}}
,   {"type":"Feature", "properties":{"level1":27, "nodPos1":43},
    "geometry":{"type": "Point", "coordinates":[-14.5327,49.7207]}}
,   {"type":"Feature", "properties":{"level1":27, "nodPos1":44},
    "geometry":{"type": "Point", "coordinates":[-14.4781,49.5261]}}
,   {"type":"Feature", "properties":{"level1":27, "nodPos1":45},
    "geometry":{"type": "Point", "coordinates":[-14.4239,49.3314]}}
,   {"type":"Feature", "properties":{"level1":27, "nodPos1":46},
    "geometry":{"type": "Point", "coordinates":[-14.3701,49.1367]}}
,   {"type":"Feature", "properties":{"level1":27, "nodPos1":47},
    "geometry":{"type": "Point", "coordinates":[-14.3167,48.9420]}}
,   {"type":"Feature", "properties":{"level1":27, "nodPos1":48},
    "geometry":{"type": "Point", "coordinates":[-14.2638,48.7472]}}
,   {"type":"Feature", "properties":{"level1":27, "nodPos1":49},
    "geometry":{"type": "Point", "coordinates":[-14.2112,48.5524]}}
,   {"type":"Feature", "properties":{"level1":27, "nodPos1":50},
    "geometry":{"type": "Point", "coordinates":[-14.1591,48.3576]}}
,   {"type":"Feature", "properties":{"level1":27, "nodPos1":51},
    "geometry":{"type": "Point", "coordinates":[-14.1073,48.1628]}}
,   {"type":"Feature", "properties":{"level1":27, "nodPos1":52},
    "geometry":{"type": "Point", "coordinates":[-14.0560,47.9679]}}
,   {"type":"Feature", "properties":{"level1":27, "nodPos1":53},
    "geometry":{"type": "Point", "coordinates":[-14.0050,47.7731]}}
,   {"type":"Feature", "properties":{"level1":27, "nodPos1":54},
    "geometry":{"type": "Point", "coordinates":[-13.9544,47.5782]}}
,   {"type":"Feature", "properties":{"level1":27, "nodPos1":55},
    "geometry":{"type": "Point", "coordinates":[-13.9042,47.3833]}}
,   {"type":"Feature", "properties":{"level1":27, "nodPos1":56},
    "geometry":{"type": "Point", "coordinates":[-13.8544,47.1883]}}
,   {"type":"Feature", "properties":{"level1":27, "nodPos1":57},
    "geometry":{"type": "Point", "coordinates":[-13.8049,46.9933]}}
,   {"type":"Feature", "properties":{"level1":27, "nodPos1":58},
    "geometry":{"type": "Point", "coordinates":[-13.7558,46.7984]}}
,   {"type":"Feature", "properties":{"level1":27, "nodPos1":59},
    "geometry":{"type": "Point", "coordinates":[-13.7070,46.6034]}}
,   {"type":"Feature", "properties":{"level1":27, "nodPos1":60},
    "geometry":{"type": "Point", "coordinates":[-13.6586,46.4083]}}
,   {"type":"Feature", "properties":{"level1":27, "nodPos1":61},
    "geometry":{"type": "Point", "coordinates":[-13.6105,46.2133]}}
,   {"type":"Feature", "properties":{"level1":27, "nodPos1":62},
    "geometry":{"type": "Point", "coordinates":[-13.5628,46.0182]}}
,   {"type":"Feature", "properties":{"level1":27, "nodPos1":63},
    "geometry":{"type": "Point", "coordinates":[-13.5154,45.8231]}}
,   {"type":"Feature", "properties":{"level1":27, "nodPos1":64},
    "geometry":{"type": "Point", "coordinates":[-13.4683,45.6280]}}
,   {"type":"Feature", "properties":{"level1":27, "nodPos1":65},
    "geometry":{"type": "Point", "coordinates":[-13.4216,45.4329]}}
,   {"type":"Feature", "properties":{"level1":27, "nodPos1":66},
    "geometry":{"type": "Point", "coordinates":[-13.3752,45.2378]}}
,   {"type":"Feature", "properties":{"level1":27, "nodPos1":67},
    "geometry":{"type": "Point", "coordinates":[-13.3291,45.0426]}}
,   {"type":"Feature", "properties":{"level1":27, "nodPos1":68},
    "geometry":{"type": "Point", "coordinates":[-13.2833,44.8474]}}
,   {"type":"Feature", "properties":{"level1":27, "nodPos1":69},
    "geometry":{"type": "Point", "coordinates":[-13.2378,44.6522]}}
,   {"type":"Feature", "properties":{"level1":27, "nodPos1":70},
    "geometry":{"type": "Point", "coordinates":[-13.1927,44.4570]}}
,   {"type":"Feature", "properties":{"level1":27, "nodPos1":71},
    "geometry":{"type": "Point", "coordinates":[-13.1478,44.2618]}}
,   {"type":"Feature", "properties":{"level1":27, "nodPos1":72},
    "geometry":{"type": "Point", "coordinates":[-13.1032,44.0665]}}
,   {"type":"Feature", "properties":{"level1":27, "nodPos1":73},
    "geometry":{"type": "Point", "coordinates":[-13.0589,43.8713]}}
,   {"type":"Feature", "properties":{"level1":27, "nodPos1":74},
    "geometry":{"type": "Point", "coordinates":[-13.0150,43.6760]}}
,   {"type":"Feature", "properties":{"level1":27, "nodPos1":75},
    "geometry":{"type": "Point", "coordinates":[-12.9713,43.4807]}}
,   {"type":"Feature", "properties":{"level1":27, "nodPos1":76},
    "geometry":{"type": "Point", "coordinates":[-12.9278,43.2854]}}
,   {"type":"Feature", "properties":{"level1":27, "nodPos1":77},
    "geometry":{"type": "Point", "coordinates":[-12.8847,43.0900]}}
,   {"type":"Feature", "properties":{"level1":27, "nodPos1":78},
    "geometry":{"type": "Point", "coordinates":[-12.8418,42.8947]}}
,   {"type":"Feature", "properties":{"level1":27, "nodPos1":79},
    "geometry":{"type": "Point", "coordinates":[-12.7992,42.6993]}}
,   {"type":"Feature", "properties":{"level1":27, "nodPos1":80},
    "geometry":{"type": "Point", "coordinates":[-12.7569,42.5039]}}
,   {"type":"Feature", "properties":{"level1":27, "nodPos1":81},
    "geometry":{"type": "Point", "coordinates":[-12.7148,42.3085]}}
,   {"type":"Feature", "properties":{"level1":27, "nodPos1":82},
    "geometry":{"type": "Point", "coordinates":[-12.6730,42.1131]}}
,   {"type":"Feature", "properties":{"level1":27, "nodPos1":83},
    "geometry":{"type": "Point", "coordinates":[-12.6315,41.9177]}}
,   {"type":"Feature", "properties":{"level1":27, "nodPos1":84},
    "geometry":{"type": "Point", "coordinates":[-12.5902,41.7223]}}
,   {"type":"Feature", "properties":{"level1":27, "nodPos1":85},
    "geometry":{"type": "Point", "coordinates":[-12.5491,41.5268]}}
,   {"type":"Feature", "properties":{"level1":27, "nodPos1":86},
    "geometry":{"type": "Point", "coordinates":[-12.5083,41.3313]}}
,   {"type":"Feature", "properties":{"level1":27, "nodPos1":87},
    "geometry":{"type": "Point", "coordinates":[-12.4678,41.1358]}}
,   {"type":"Feature", "properties":{"level1":27, "nodPos1":88},
    "geometry":{"type": "Point", "coordinates":[-12.4275,40.9403]}}
,   {"type":"Feature", "properties":{"level1":27, "nodPos1":89},
    "geometry":{"type": "Point", "coordinates":[-12.3874,40.7448]}}
,   {"type":"Feature", "properties":{"level1":27, "nodPos1":90},
    "geometry":{"type": "Point", "coordinates":[-12.3475,40.5493]}}
,   {"type":"Feature", "properties":{"level1":28, "nodPos1":0},
    "geometry":{"type": "Point", "coordinates":[-15.1411,58.5015]}}
,   {"type":"Feature", "properties":{"level1":28, "nodPos1":1},
    "geometry":{"type": "Point", "coordinates":[-15.0586,58.3084]}}
,   {"type":"Feature", "properties":{"level1":28, "nodPos1":2},
    "geometry":{"type": "Point", "coordinates":[-14.9769,58.1153]}}
,   {"type":"Feature", "properties":{"level1":28, "nodPos1":3},
    "geometry":{"type": "Point", "coordinates":[-14.8962,57.9222]}}
,   {"type":"Feature", "properties":{"level1":28, "nodPos1":4},
    "geometry":{"type": "Point", "coordinates":[-14.8163,57.7289]}}
,   {"type":"Feature", "properties":{"level1":28, "nodPos1":5},
    "geometry":{"type": "Point", "coordinates":[-14.7372,57.5357]}}
,   {"type":"Feature", "properties":{"level1":28, "nodPos1":6},
    "geometry":{"type": "Point", "coordinates":[-14.6590,57.3423]}}
,   {"type":"Feature", "properties":{"level1":28, "nodPos1":7},
    "geometry":{"type": "Point", "coordinates":[-14.5816,57.1490]}}
,   {"type":"Feature", "properties":{"level1":28, "nodPos1":8},
    "geometry":{"type": "Point", "coordinates":[-14.5050,56.9556]}}
,   {"type":"Feature", "properties":{"level1":28, "nodPos1":9},
    "geometry":{"type": "Point", "coordinates":[-14.4292,56.7621]}}
,   {"type":"Feature", "properties":{"level1":28, "nodPos1":10},
    "geometry":{"type": "Point", "coordinates":[-14.3542,56.5686]}}
,   {"type":"Feature", "properties":{"level1":28, "nodPos1":11},
    "geometry":{"type": "Point", "coordinates":[-14.2799,56.3750]}}
,   {"type":"Feature", "properties":{"level1":28, "nodPos1":12},
    "geometry":{"type": "Point", "coordinates":[-14.2064,56.1814]}}
,   {"type":"Feature", "properties":{"level1":28, "nodPos1":13},
    "geometry":{"type": "Point", "coordinates":[-14.1337,55.9878]}}
,   {"type":"Feature", "properties":{"level1":28, "nodPos1":14},
    "geometry":{"type": "Point", "coordinates":[-14.0616,55.7941]}}
,   {"type":"Feature", "properties":{"level1":28, "nodPos1":15},
    "geometry":{"type": "Point", "coordinates":[-13.9903,55.6004]}}
,   {"type":"Feature", "properties":{"level1":28, "nodPos1":16},
    "geometry":{"type": "Point", "coordinates":[-13.9197,55.4066]}}
,   {"type":"Feature", "properties":{"level1":28, "nodPos1":17},
    "geometry":{"type": "Point", "coordinates":[-13.8497,55.2128]}}
,   {"type":"Feature", "properties":{"level1":28, "nodPos1":18},
    "geometry":{"type": "Point", "coordinates":[-13.7805,55.0190]}}
,   {"type":"Feature", "properties":{"level1":28, "nodPos1":19},
    "geometry":{"type": "Point", "coordinates":[-13.7119,54.8251]}}
,   {"type":"Feature", "properties":{"level1":28, "nodPos1":20},
    "geometry":{"type": "Point", "coordinates":[-13.6439,54.6312]}}
,   {"type":"Feature", "properties":{"level1":28, "nodPos1":21},
    "geometry":{"type": "Point", "coordinates":[-13.5766,54.4372]}}
,   {"type":"Feature", "properties":{"level1":28, "nodPos1":22},
    "geometry":{"type": "Point", "coordinates":[-13.5100,54.2432]}}
,   {"type":"Feature", "properties":{"level1":28, "nodPos1":23},
    "geometry":{"type": "Point", "coordinates":[-13.4439,54.0492]}}
,   {"type":"Feature", "properties":{"level1":28, "nodPos1":24},
    "geometry":{"type": "Point", "coordinates":[-13.3785,53.8551]}}
,   {"type":"Feature", "properties":{"level1":28, "nodPos1":25},
    "geometry":{"type": "Point", "coordinates":[-13.3137,53.6610]}}
,   {"type":"Feature", "properties":{"level1":28, "nodPos1":26},
    "geometry":{"type": "Point", "coordinates":[-13.2494,53.4669]}}
,   {"type":"Feature", "properties":{"level1":28, "nodPos1":27},
    "geometry":{"type": "Point", "coordinates":[-13.1858,53.2727]}}
,   {"type":"Feature", "properties":{"level1":28, "nodPos1":28},
    "geometry":{"type": "Point", "coordinates":[-13.1227,53.0785]}}
,   {"type":"Feature", "properties":{"level1":28, "nodPos1":29},
    "geometry":{"type": "Point", "coordinates":[-13.0602,52.8843]}}
,   {"type":"Feature", "properties":{"level1":28, "nodPos1":30},
    "geometry":{"type": "Point", "coordinates":[-12.9983,52.6900]}}
,   {"type":"Feature", "properties":{"level1":28, "nodPos1":31},
    "geometry":{"type": "Point", "coordinates":[-12.9369,52.4957]}}
,   {"type":"Feature", "properties":{"level1":28, "nodPos1":32},
    "geometry":{"type": "Point", "coordinates":[-12.8760,52.3013]}}
,   {"type":"Feature", "properties":{"level1":28, "nodPos1":33},
    "geometry":{"type": "Point", "coordinates":[-12.8157,52.1070]}}
,   {"type":"Feature", "properties":{"level1":28, "nodPos1":34},
    "geometry":{"type": "Point", "coordinates":[-12.7559,51.9126]}}
,   {"type":"Feature", "properties":{"level1":28, "nodPos1":35},
    "geometry":{"type": "Point", "coordinates":[-12.6966,51.7181]}}
,   {"type":"Feature", "properties":{"level1":28, "nodPos1":36},
    "geometry":{"type": "Point", "coordinates":[-12.6379,51.5237]}}
,   {"type":"Feature", "properties":{"level1":28, "nodPos1":37},
    "geometry":{"type": "Point", "coordinates":[-12.5796,51.3292]}}
,   {"type":"Feature", "properties":{"level1":28, "nodPos1":38},
    "geometry":{"type": "Point", "coordinates":[-12.5218,51.1347]}}
,   {"type":"Feature", "properties":{"level1":28, "nodPos1":39},
    "geometry":{"type": "Point", "coordinates":[-12.4645,50.9402]}}
,   {"type":"Feature", "properties":{"level1":28, "nodPos1":40},
    "geometry":{"type": "Point", "coordinates":[-12.4077,50.7456]}}
,   {"type":"Feature", "properties":{"level1":28, "nodPos1":41},
    "geometry":{"type": "Point", "coordinates":[-12.3513,50.5510]}}
,   {"type":"Feature", "properties":{"level1":28, "nodPos1":42},
    "geometry":{"type": "Point", "coordinates":[-12.2955,50.3564]}}
,   {"type":"Feature", "properties":{"level1":28, "nodPos1":43},
    "geometry":{"type": "Point", "coordinates":[-12.2400,50.1617]}}
,   {"type":"Feature", "properties":{"level1":28, "nodPos1":44},
    "geometry":{"type": "Point", "coordinates":[-12.1851,49.9670]}}
,   {"type":"Feature", "properties":{"level1":28, "nodPos1":45},
    "geometry":{"type": "Point", "coordinates":[-12.1305,49.7723]}}
,   {"type":"Feature", "properties":{"level1":28, "nodPos1":46},
    "geometry":{"type": "Point", "coordinates":[-12.0764,49.5776]}}
,   {"type":"Feature", "properties":{"level1":28, "nodPos1":47},
    "geometry":{"type": "Point", "coordinates":[-12.0227,49.3828]}}
,   {"type":"Feature", "properties":{"level1":28, "nodPos1":48},
    "geometry":{"type": "Point", "coordinates":[-11.9695,49.1881]}}
,   {"type":"Feature", "properties":{"level1":28, "nodPos1":49},
    "geometry":{"type": "Point", "coordinates":[-11.9167,48.9933]}}
,   {"type":"Feature", "properties":{"level1":28, "nodPos1":50},
    "geometry":{"type": "Point", "coordinates":[-11.8642,48.7984]}}
,   {"type":"Feature", "properties":{"level1":28, "nodPos1":51},
    "geometry":{"type": "Point", "coordinates":[-11.8122,48.6036]}}
,   {"type":"Feature", "properties":{"level1":28, "nodPos1":52},
    "geometry":{"type": "Point", "coordinates":[-11.7606,48.4087]}}
,   {"type":"Feature", "properties":{"level1":28, "nodPos1":53},
    "geometry":{"type": "Point", "coordinates":[-11.7094,48.2138]}}
,   {"type":"Feature", "properties":{"level1":28, "nodPos1":54},
    "geometry":{"type": "Point", "coordinates":[-11.6586,48.0189]}}
,   {"type":"Feature", "properties":{"level1":28, "nodPos1":55},
    "geometry":{"type": "Point", "coordinates":[-11.6081,47.8240]}}
,   {"type":"Feature", "properties":{"level1":28, "nodPos1":56},
    "geometry":{"type": "Point", "coordinates":[-11.5581,47.6290]}}
,   {"type":"Feature", "properties":{"level1":28, "nodPos1":57},
    "geometry":{"type": "Point", "coordinates":[-11.5084,47.4340]}}
,   {"type":"Feature", "properties":{"level1":28, "nodPos1":58},
    "geometry":{"type": "Point", "coordinates":[-11.4590,47.2390]}}
,   {"type":"Feature", "properties":{"level1":28, "nodPos1":59},
    "geometry":{"type": "Point", "coordinates":[-11.4101,47.0440]}}
,   {"type":"Feature", "properties":{"level1":28, "nodPos1":60},
    "geometry":{"type": "Point", "coordinates":[-11.3615,46.8489]}}
,   {"type":"Feature", "properties":{"level1":28, "nodPos1":61},
    "geometry":{"type": "Point", "coordinates":[-11.3132,46.6539]}}
,   {"type":"Feature", "properties":{"level1":28, "nodPos1":62},
    "geometry":{"type": "Point", "coordinates":[-11.2653,46.4588]}}
,   {"type":"Feature", "properties":{"level1":28, "nodPos1":63},
    "geometry":{"type": "Point", "coordinates":[-11.2177,46.2637]}}
,   {"type":"Feature", "properties":{"level1":28, "nodPos1":64},
    "geometry":{"type": "Point", "coordinates":[-11.1705,46.0685]}}
,   {"type":"Feature", "properties":{"level1":28, "nodPos1":65},
    "geometry":{"type": "Point", "coordinates":[-11.1236,45.8734]}}
,   {"type":"Feature", "properties":{"level1":28, "nodPos1":66},
    "geometry":{"type": "Point", "coordinates":[-11.0770,45.6782]}}
,   {"type":"Feature", "properties":{"level1":28, "nodPos1":67},
    "geometry":{"type": "Point", "coordinates":[-11.0308,45.4830]}}
,   {"type":"Feature", "properties":{"level1":28, "nodPos1":68},
    "geometry":{"type": "Point", "coordinates":[-10.9848,45.2878]}}
,   {"type":"Feature", "properties":{"level1":28, "nodPos1":69},
    "geometry":{"type": "Point", "coordinates":[-10.9392,45.0926]}}
,   {"type":"Feature", "properties":{"level1":28, "nodPos1":70},
    "geometry":{"type": "Point", "coordinates":[-10.8939,44.8974]}}
,   {"type":"Feature", "properties":{"level1":28, "nodPos1":71},
    "geometry":{"type": "Point", "coordinates":[-10.8489,44.7021]}}
,   {"type":"Feature", "properties":{"level1":28, "nodPos1":72},
    "geometry":{"type": "Point", "coordinates":[-10.8042,44.5068]}}
,   {"type":"Feature", "properties":{"level1":28, "nodPos1":73},
    "geometry":{"type": "Point", "coordinates":[-10.7598,44.3115]}}
,   {"type":"Feature", "properties":{"level1":28, "nodPos1":74},
    "geometry":{"type": "Point", "coordinates":[-10.7157,44.1162]}}
,   {"type":"Feature", "properties":{"level1":28, "nodPos1":75},
    "geometry":{"type": "Point", "coordinates":[-10.6719,43.9209]}}
,   {"type":"Feature", "properties":{"level1":28, "nodPos1":76},
    "geometry":{"type": "Point", "coordinates":[-10.6284,43.7256]}}
,   {"type":"Feature", "properties":{"level1":28, "nodPos1":77},
    "geometry":{"type": "Point", "coordinates":[-10.5851,43.5302]}}
,   {"type":"Feature", "properties":{"level1":28, "nodPos1":78},
    "geometry":{"type": "Point", "coordinates":[-10.5422,43.3348]}}
,   {"type":"Feature", "properties":{"level1":28, "nodPos1":79},
    "geometry":{"type": "Point", "coordinates":[-10.4995,43.1394]}}
,   {"type":"Feature", "properties":{"level1":28, "nodPos1":80},
    "geometry":{"type": "Point", "coordinates":[-10.4571,42.9440]}}
,   {"type":"Feature", "properties":{"level1":28, "nodPos1":81},
    "geometry":{"type": "Point", "coordinates":[-10.4149,42.7486]}}
,   {"type":"Feature", "properties":{"level1":28, "nodPos1":82},
    "geometry":{"type": "Point", "coordinates":[-10.3731,42.5532]}}
,   {"type":"Feature", "properties":{"level1":28, "nodPos1":83},
    "geometry":{"type": "Point", "coordinates":[-10.3314,42.3577]}}
,   {"type":"Feature", "properties":{"level1":28, "nodPos1":84},
    "geometry":{"type": "Point", "coordinates":[-10.2901,42.1623]}}
,   {"type":"Feature", "properties":{"level1":28, "nodPos1":85},
    "geometry":{"type": "Point", "coordinates":[-10.2490,41.9668]}}
,   {"type":"Feature", "properties":{"level1":28, "nodPos1":86},
    "geometry":{"type": "Point", "coordinates":[-10.2081,41.7713]}}
,   {"type":"Feature", "properties":{"level1":28, "nodPos1":87},
    "geometry":{"type": "Point", "coordinates":[-10.1675,41.5758]}}
,   {"type":"Feature", "properties":{"level1":28, "nodPos1":88},
    "geometry":{"type": "Point", "coordinates":[-10.1271,41.3802]}}
,   {"type":"Feature", "properties":{"level1":28, "nodPos1":89},
    "geometry":{"type": "Point", "coordinates":[-10.0870,41.1847]}}
,   {"type":"Feature", "properties":{"level1":28, "nodPos1":90},
    "geometry":{"type": "Point", "coordinates":[-10.0471,40.9891]}}
,   {"type":"Feature", "properties":{"level1":29, "nodPos1":0},
    "geometry":{"type": "Point", "coordinates":[-14.8159,58.6020]}}
,   {"type":"Feature", "properties":{"level1":29, "nodPos1":1},
    "geometry":{"type": "Point", "coordinates":[-14.6794,58.4175]}}
,   {"type":"Feature", "properties":{"level1":29, "nodPos1":2},
    "geometry":{"type": "Point", "coordinates":[-14.5445,58.2327]}}
,   {"type":"Feature", "properties":{"level1":29, "nodPos1":3},
    "geometry":{"type": "Point", "coordinates":[-14.4109,58.0479]}}
,   {"type":"Feature", "properties":{"level1":29, "nodPos1":4},
    "geometry":{"type": "Point", "coordinates":[-14.2787,57.8629]}}
,   {"type":"Feature", "properties":{"level1":29, "nodPos1":5},
    "geometry":{"type": "Point", "coordinates":[-14.1478,57.6778]}}
,   {"type":"Feature", "properties":{"level1":29, "nodPos1":6},
    "geometry":{"type": "Point", "coordinates":[-14.0183,57.4925]}}
,   {"type":"Feature", "properties":{"level1":29, "nodPos1":7},
    "geometry":{"type": "Point", "coordinates":[-13.8901,57.3071]}}
,   {"type":"Feature", "properties":{"level1":29, "nodPos1":8},
    "geometry":{"type": "Point", "coordinates":[-13.7631,57.1216]}}
,   {"type":"Feature", "properties":{"level1":29, "nodPos1":9},
    "geometry":{"type": "Point", "coordinates":[-13.6375,56.9359]}}
,   {"type":"Feature", "properties":{"level1":29, "nodPos1":10},
    "geometry":{"type": "Point", "coordinates":[-13.5130,56.7501]}}
,   {"type":"Feature", "properties":{"level1":29, "nodPos1":11},
    "geometry":{"type": "Point", "coordinates":[-13.3898,56.5642]}}
,   {"type":"Feature", "properties":{"level1":29, "nodPos1":12},
    "geometry":{"type": "Point", "coordinates":[-13.2679,56.3782]}}
,   {"type":"Feature", "properties":{"level1":29, "nodPos1":13},
    "geometry":{"type": "Point", "coordinates":[-13.1470,56.1921]}}
,   {"type":"Feature", "properties":{"level1":29, "nodPos1":14},
    "geometry":{"type": "Point", "coordinates":[-13.0274,56.0058]}}
,   {"type":"Feature", "properties":{"level1":29, "nodPos1":15},
    "geometry":{"type": "Point", "coordinates":[-12.9089,55.8194]}}
,   {"type":"Feature", "properties":{"level1":29, "nodPos1":16},
    "geometry":{"type": "Point", "coordinates":[-12.7916,55.6329]}}
,   {"type":"Feature", "properties":{"level1":29, "nodPos1":17},
    "geometry":{"type": "Point", "coordinates":[-12.6753,55.4463]}}
,   {"type":"Feature", "properties":{"level1":29, "nodPos1":18},
    "geometry":{"type": "Point", "coordinates":[-12.5602,55.2596]}}
,   {"type":"Feature", "properties":{"level1":29, "nodPos1":19},
    "geometry":{"type": "Point", "coordinates":[-12.4461,55.0728]}}
,   {"type":"Feature", "properties":{"level1":29, "nodPos1":20},
    "geometry":{"type": "Point", "coordinates":[-12.3331,54.8859]}}
,   {"type":"Feature", "properties":{"level1":29, "nodPos1":21},
    "geometry":{"type": "Point", "coordinates":[-12.2211,54.6989]}}
,   {"type":"Feature", "properties":{"level1":29, "nodPos1":22},
    "geometry":{"type": "Point", "coordinates":[-12.1102,54.5118]}}
,   {"type":"Feature", "properties":{"level1":29, "nodPos1":23},
    "geometry":{"type": "Point", "coordinates":[-12.0002,54.3245]}}
,   {"type":"Feature", "properties":{"level1":29, "nodPos1":24},
    "geometry":{"type": "Point", "coordinates":[-11.8913,54.1372]}}
,   {"type":"Feature", "properties":{"level1":29, "nodPos1":25},
    "geometry":{"type": "Point", "coordinates":[-11.7833,53.9498]}}
,   {"type":"Feature", "properties":{"level1":29, "nodPos1":26},
    "geometry":{"type": "Point", "coordinates":[-11.6763,53.7623]}}
,   {"type":"Feature", "properties":{"level1":29, "nodPos1":27},
    "geometry":{"type": "Point", "coordinates":[-11.5703,53.5747]}}
,   {"type":"Feature", "properties":{"level1":29, "nodPos1":28},
    "geometry":{"type": "Point", "coordinates":[-11.4652,53.3870]}}
,   {"type":"Feature", "properties":{"level1":29, "nodPos1":29},
    "geometry":{"type": "Point", "coordinates":[-11.3610,53.1992]}}
,   {"type":"Feature", "properties":{"level1":29, "nodPos1":30},
    "geometry":{"type": "Point", "coordinates":[-11.2578,53.0113]}}
,   {"type":"Feature", "properties":{"level1":29, "nodPos1":31},
    "geometry":{"type": "Point", "coordinates":[-11.1554,52.8233]}}
,   {"type":"Feature", "properties":{"level1":29, "nodPos1":32},
    "geometry":{"type": "Point", "coordinates":[-11.0539,52.6352]}}
,   {"type":"Feature", "properties":{"level1":29, "nodPos1":33},
    "geometry":{"type": "Point", "coordinates":[-10.9533,52.4471]}}
,   {"type":"Feature", "properties":{"level1":29, "nodPos1":34},
    "geometry":{"type": "Point", "coordinates":[-10.8535,52.2588]}}
,   {"type":"Feature", "properties":{"level1":29, "nodPos1":35},
    "geometry":{"type": "Point", "coordinates":[-10.7546,52.0705]}}
,   {"type":"Feature", "properties":{"level1":29, "nodPos1":36},
    "geometry":{"type": "Point", "coordinates":[-10.6565,51.8821]}}
,   {"type":"Feature", "properties":{"level1":29, "nodPos1":37},
    "geometry":{"type": "Point", "coordinates":[-10.5592,51.6937]}}
,   {"type":"Feature", "properties":{"level1":29, "nodPos1":38},
    "geometry":{"type": "Point", "coordinates":[-10.4628,51.5051]}}
,   {"type":"Feature", "properties":{"level1":29, "nodPos1":39},
    "geometry":{"type": "Point", "coordinates":[-10.3671,51.3165]}}
,   {"type":"Feature", "properties":{"level1":29, "nodPos1":40},
    "geometry":{"type": "Point", "coordinates":[-10.2722,51.1277]}}
,   {"type":"Feature", "properties":{"level1":29, "nodPos1":41},
    "geometry":{"type": "Point", "coordinates":[-10.1781,50.9389]}}
,   {"type":"Feature", "properties":{"level1":29, "nodPos1":42},
    "geometry":{"type": "Point", "coordinates":[-10.0848,50.7501]}}
,   {"type":"Feature", "properties":{"level1":29, "nodPos1":43},
    "geometry":{"type": "Point", "coordinates":[-9.9922,50.5611]}}
,   {"type":"Feature", "properties":{"level1":29, "nodPos1":44},
    "geometry":{"type": "Point", "coordinates":[-9.9003,50.3721]}}
,   {"type":"Feature", "properties":{"level1":29, "nodPos1":45},
    "geometry":{"type": "Point", "coordinates":[-9.8092,50.1830]}}
,   {"type":"Feature", "properties":{"level1":29, "nodPos1":46},
    "geometry":{"type": "Point", "coordinates":[-9.7188,49.9939]}}
,   {"type":"Feature", "properties":{"level1":29, "nodPos1":47},
    "geometry":{"type": "Point", "coordinates":[-9.6291,49.8047]}}
,   {"type":"Feature", "properties":{"level1":29, "nodPos1":48},
    "geometry":{"type": "Point", "coordinates":[-9.5401,49.6154]}}
,   {"type":"Feature", "properties":{"level1":29, "nodPos1":49},
    "geometry":{"type": "Point", "coordinates":[-9.4517,49.4260]}}
,   {"type":"Feature", "properties":{"level1":29, "nodPos1":50},
    "geometry":{"type": "Point", "coordinates":[-9.3641,49.2366]}}
,   {"type":"Feature", "properties":{"level1":29, "nodPos1":51},
    "geometry":{"type": "Point", "coordinates":[-9.2771,49.0471]}}
,   {"type":"Feature", "properties":{"level1":29, "nodPos1":52},
    "geometry":{"type": "Point", "coordinates":[-9.1908,48.8575]}}
,   {"type":"Feature", "properties":{"level1":29, "nodPos1":53},
    "geometry":{"type": "Point", "coordinates":[-9.1052,48.6679]}}
,   {"type":"Feature", "properties":{"level1":29, "nodPos1":54},
    "geometry":{"type": "Point", "coordinates":[-9.0202,48.4782]}}
,   {"type":"Feature", "properties":{"level1":29, "nodPos1":55},
    "geometry":{"type": "Point", "coordinates":[-8.9358,48.2885]}}
,   {"type":"Feature", "properties":{"level1":29, "nodPos1":56},
    "geometry":{"type": "Point", "coordinates":[-8.8520,48.0987]}}
,   {"type":"Feature", "properties":{"level1":29, "nodPos1":57},
    "geometry":{"type": "Point", "coordinates":[-8.7689,47.9088]}}
,   {"type":"Feature", "properties":{"level1":29, "nodPos1":58},
    "geometry":{"type": "Point", "coordinates":[-8.6863,47.7189]}}
,   {"type":"Feature", "properties":{"level1":29, "nodPos1":59},
    "geometry":{"type": "Point", "coordinates":[-8.6044,47.5289]}}
,   {"type":"Feature", "properties":{"level1":29, "nodPos1":60},
    "geometry":{"type": "Point", "coordinates":[-8.5231,47.3388]}}
,   {"type":"Feature", "properties":{"level1":29, "nodPos1":61},
    "geometry":{"type": "Point", "coordinates":[-8.4423,47.1487]}}
,   {"type":"Feature", "properties":{"level1":29, "nodPos1":62},
    "geometry":{"type": "Point", "coordinates":[-8.3621,46.9586]}}
,   {"type":"Feature", "properties":{"level1":29, "nodPos1":63},
    "geometry":{"type": "Point", "coordinates":[-8.2825,46.7683]}}
,   {"type":"Feature", "properties":{"level1":29, "nodPos1":64},
    "geometry":{"type": "Point", "coordinates":[-8.2035,46.5781]}}
,   {"type":"Feature", "properties":{"level1":29, "nodPos1":65},
    "geometry":{"type": "Point", "coordinates":[-8.1250,46.3878]}}
,   {"type":"Feature", "properties":{"level1":29, "nodPos1":66},
    "geometry":{"type": "Point", "coordinates":[-8.0470,46.1974]}}
,   {"type":"Feature", "properties":{"level1":29, "nodPos1":67},
    "geometry":{"type": "Point", "coordinates":[-7.9696,46.0069]}}
,   {"type":"Feature", "properties":{"level1":29, "nodPos1":68},
    "geometry":{"type": "Point", "coordinates":[-7.8927,45.8165]}}
,   {"type":"Feature", "properties":{"level1":29, "nodPos1":69},
    "geometry":{"type": "Point", "coordinates":[-7.8164,45.6259]}}
,   {"type":"Feature", "properties":{"level1":29, "nodPos1":70},
    "geometry":{"type": "Point", "coordinates":[-7.7405,45.4353]}}
,   {"type":"Feature", "properties":{"level1":29, "nodPos1":71},
    "geometry":{"type": "Point", "coordinates":[-7.6652,45.2447]}}
,   {"type":"Feature", "properties":{"level1":29, "nodPos1":72},
    "geometry":{"type": "Point", "coordinates":[-7.5904,45.0540]}}
,   {"type":"Feature", "properties":{"level1":29, "nodPos1":73},
    "geometry":{"type": "Point", "coordinates":[-7.5160,44.8633]}}
,   {"type":"Feature", "properties":{"level1":29, "nodPos1":74},
    "geometry":{"type": "Point", "coordinates":[-7.4422,44.6725]}}
,   {"type":"Feature", "properties":{"level1":29, "nodPos1":75},
    "geometry":{"type": "Point", "coordinates":[-7.3688,44.4817]}}
,   {"type":"Feature", "properties":{"level1":29, "nodPos1":76},
    "geometry":{"type": "Point", "coordinates":[-7.2960,44.2908]}}
,   {"type":"Feature", "properties":{"level1":29, "nodPos1":77},
    "geometry":{"type": "Point", "coordinates":[-7.2235,44.0999]}}
,   {"type":"Feature", "properties":{"level1":29, "nodPos1":78},
    "geometry":{"type": "Point", "coordinates":[-7.1425,43.8846]}}
,   {"type":"Feature", "properties":{"level1":30, "nodPos1":0},
    "geometry":{"type": "Point", "coordinates":[-14.9699,59.0391]}}
,   {"type":"Feature", "properties":{"level1":30, "nodPos1":1},
    "geometry":{"type": "Point", "coordinates":[-14.7774,58.8679]}}
,   {"type":"Feature", "properties":{"level1":30, "nodPos1":2},
    "geometry":{"type": "Point", "coordinates":[-14.5869,58.6965]}}
,   {"type":"Feature", "properties":{"level1":30, "nodPos1":3},
    "geometry":{"type": "Point", "coordinates":[-14.3982,58.5248]}}
,   {"type":"Feature", "properties":{"level1":30, "nodPos1":4},
    "geometry":{"type": "Point", "coordinates":[-14.2113,58.3528]}}
,   {"type":"Feature", "properties":{"level1":30, "nodPos1":5},
    "geometry":{"type": "Point", "coordinates":[-14.0263,58.1805]}}
,   {"type":"Feature", "properties":{"level1":30, "nodPos1":6},
    "geometry":{"type": "Point", "coordinates":[-13.8430,58.0080]}}
,   {"type":"Feature", "properties":{"level1":30, "nodPos1":7},
    "geometry":{"type": "Point", "coordinates":[-13.6615,57.8352]}}
,   {"type":"Feature", "properties":{"level1":30, "nodPos1":8},
    "geometry":{"type": "Point", "coordinates":[-13.4818,57.6622]}}
,   {"type":"Feature", "properties":{"level1":30, "nodPos1":9},
    "geometry":{"type": "Point", "coordinates":[-13.3037,57.4889]}}
,   {"type":"Feature", "properties":{"level1":30, "nodPos1":10},
    "geometry":{"type": "Point", "coordinates":[-13.1273,57.3153]}}
,   {"type":"Feature", "properties":{"level1":30, "nodPos1":11},
    "geometry":{"type": "Point", "coordinates":[-12.9526,57.1415]}}
,   {"type":"Feature", "properties":{"level1":30, "nodPos1":12},
    "geometry":{"type": "Point", "coordinates":[-12.7795,56.9675]}}
,   {"type":"Feature", "properties":{"level1":30, "nodPos1":13},
    "geometry":{"type": "Point", "coordinates":[-12.6081,56.7933]}}
,   {"type":"Feature", "properties":{"level1":30, "nodPos1":14},
    "geometry":{"type": "Point", "coordinates":[-12.4382,56.6188]}}
,   {"type":"Feature", "properties":{"level1":30, "nodPos1":15},
    "geometry":{"type": "Point", "coordinates":[-12.2699,56.4440]}}
,   {"type":"Feature", "properties":{"level1":30, "nodPos1":16},
    "geometry":{"type": "Point", "coordinates":[-12.1031,56.2691]}}
,   {"type":"Feature", "properties":{"level1":30, "nodPos1":17},
    "geometry":{"type": "Point", "coordinates":[-11.9378,56.0939]}}
,   {"type":"Feature", "properties":{"level1":30, "nodPos1":18},
    "geometry":{"type": "Point", "coordinates":[-11.7741,55.9185]}}
,   {"type":"Feature", "properties":{"level1":30, "nodPos1":19},
    "geometry":{"type": "Point", "coordinates":[-11.6118,55.7429]}}
,   {"type":"Feature", "properties":{"level1":30, "nodPos1":20},
    "geometry":{"type": "Point", "coordinates":[-11.4510,55.5671]}}
,   {"type":"Feature", "properties":{"level1":30, "nodPos1":21},
    "geometry":{"type": "Point", "coordinates":[-11.2916,55.3911]}}
,   {"type":"Feature", "properties":{"level1":30, "nodPos1":22},
    "geometry":{"type": "Point", "coordinates":[-11.1336,55.2148]}}
,   {"type":"Feature", "properties":{"level1":30, "nodPos1":23},
    "geometry":{"type": "Point", "coordinates":[-10.9770,55.0384]}}
,   {"type":"Feature", "properties":{"level1":30, "nodPos1":24},
    "geometry":{"type": "Point", "coordinates":[-10.8218,54.8618]}}
,   {"type":"Feature", "properties":{"level1":30, "nodPos1":25},
    "geometry":{"type": "Point", "coordinates":[-10.6680,54.6849]}}
,   {"type":"Feature", "properties":{"level1":30, "nodPos1":26},
    "geometry":{"type": "Point", "coordinates":[-10.5154,54.5079]}}
,   {"type":"Feature", "properties":{"level1":30, "nodPos1":27},
    "geometry":{"type": "Point", "coordinates":[-10.3642,54.3307]}}
,   {"type":"Feature", "properties":{"level1":30, "nodPos1":28},
    "geometry":{"type": "Point", "coordinates":[-10.3185,54.2765]}}
,   {"type":"Feature", "properties":{"level1":30, "nodPos1":42},
    "geometry":{"type": "Point", "coordinates":[-8.1871,51.5765]}}
,   {"type":"Feature", "properties":{"level1":30, "nodPos1":43},
    "geometry":{"type": "Point", "coordinates":[-8.1098,51.4716]}}
,   {"type":"Feature", "properties":{"level1":30, "nodPos1":44},
    "geometry":{"type": "Point", "coordinates":[-7.9784,51.2915]}}
,   {"type":"Feature", "properties":{"level1":30, "nodPos1":45},
    "geometry":{"type": "Point", "coordinates":[-7.8480,51.1113]}}
,   {"type":"Feature", "properties":{"level1":30, "nodPos1":46},
    "geometry":{"type": "Point", "coordinates":[-7.7187,50.9310]}}
,   {"type":"Feature", "properties":{"level1":30, "nodPos1":47},
    "geometry":{"type": "Point", "coordinates":[-7.5903,50.7505]}}
,   {"type":"Feature", "properties":{"level1":30, "nodPos1":48},
    "geometry":{"type": "Point", "coordinates":[-7.4629,50.5699]}}
,   {"type":"Feature", "properties":{"level1":30, "nodPos1":49},
    "geometry":{"type": "Point", "coordinates":[-7.3365,50.3891]}}
,   {"type":"Feature", "properties":{"level1":30, "nodPos1":50},
    "geometry":{"type": "Point", "coordinates":[-7.2111,50.2082]}}
,   {"type":"Feature", "properties":{"level1":30, "nodPos1":51},
    "geometry":{"type": "Point", "coordinates":[-7.0865,50.0272]}}
,   {"type":"Feature", "properties":{"level1":30, "nodPos1":52},
    "geometry":{"type": "Point", "coordinates":[-6.9630,49.8461]}}
,   {"type":"Feature", "properties":{"level1":30, "nodPos1":53},
    "geometry":{"type": "Point", "coordinates":[-6.8403,49.6648]}}
,   {"type":"Feature", "properties":{"level1":30, "nodPos1":54},
    "geometry":{"type": "Point", "coordinates":[-6.7186,49.4833]}}
,   {"type":"Feature", "properties":{"level1":30, "nodPos1":55},
    "geometry":{"type": "Point", "coordinates":[-6.5978,49.3018]}}
,   {"type":"Feature", "properties":{"level1":30, "nodPos1":56},
    "geometry":{"type": "Point", "coordinates":[-6.4778,49.1201]}}
,   {"type":"Feature", "properties":{"level1":30, "nodPos1":57},
    "geometry":{"type": "Point", "coordinates":[-6.3587,48.9383]}}
,   {"type":"Feature", "properties":{"level1":30, "nodPos1":58},
    "geometry":{"type": "Point", "coordinates":[-6.2405,48.7564]}}
,   {"type":"Feature", "properties":{"level1":30, "nodPos1":59},
    "geometry":{"type": "Point", "coordinates":[-6.1232,48.5744]}}
,   {"type":"Feature", "properties":{"level1":30, "nodPos1":60},
    "geometry":{"type": "Point", "coordinates":[-6.0067,48.3922]}}
,   {"type":"Feature", "properties":{"level1":30, "nodPos1":61},
    "geometry":{"type": "Point", "coordinates":[-5.8910,48.2099]}}
,   {"type":"Feature", "properties":{"level1":30, "nodPos1":62},
    "geometry":{"type": "Point", "coordinates":[-5.7761,48.0276]}}
,   {"type":"Feature", "properties":{"level1":30, "nodPos1":63},
    "geometry":{"type": "Point", "coordinates":[-5.6621,47.8451]}}
,   {"type":"Feature", "properties":{"level1":30, "nodPos1":64},
    "geometry":{"type": "Point", "coordinates":[-5.5488,47.6624]}}
,   {"type":"Feature", "properties":{"level1":30, "nodPos1":65},
    "geometry":{"type": "Point", "coordinates":[-5.4364,47.4797]}}
,   {"type":"Feature", "properties":{"level1":30, "nodPos1":66},
    "geometry":{"type": "Point", "coordinates":[-5.3247,47.2969]}}
,   {"type":"Feature", "properties":{"level1":30, "nodPos1":67},
    "geometry":{"type": "Point", "coordinates":[-5.2138,47.1139]}}
,   {"type":"Feature", "properties":{"level1":30, "nodPos1":68},
    "geometry":{"type": "Point", "coordinates":[-5.1036,46.9309]}}
,   {"type":"Feature", "properties":{"level1":30, "nodPos1":69},
    "geometry":{"type": "Point", "coordinates":[-4.9942,46.7477]}}
,   {"type":"Feature", "properties":{"level1":30, "nodPos1":70},
    "geometry":{"type": "Point", "coordinates":[-4.8856,46.5645]}}
,   {"type":"Feature", "properties":{"level1":30, "nodPos1":71},
    "geometry":{"type": "Point", "coordinates":[-4.7777,46.3811]}}
,   {"type":"Feature", "properties":{"level1":30, "nodPos1":72},
    "geometry":{"type": "Point", "coordinates":[-4.6704,46.1977]}}
,   {"type":"Feature", "properties":{"level1":30, "nodPos1":73},
    "geometry":{"type": "Point", "coordinates":[-4.5640,46.0141]}}
,   {"type":"Feature", "properties":{"level1":30, "nodPos1":74},
    "geometry":{"type": "Point", "coordinates":[-4.4582,45.8305]}}
,   {"type":"Feature", "properties":{"level1":30, "nodPos1":75},
    "geometry":{"type": "Point", "coordinates":[-4.3531,45.6467]}}
,   {"type":"Feature", "properties":{"level1":30, "nodPos1":76},
    "geometry":{"type": "Point", "coordinates":[-4.2487,45.4629]}}
,   {"type":"Feature", "properties":{"level1":30, "nodPos1":77},
    "geometry":{"type": "Point", "coordinates":[-4.1450,45.2789]}}
,   {"type":"Feature", "properties":{"level1":30, "nodPos1":78},
    "geometry":{"type": "Point", "coordinates":[-4.0419,45.0949]}}
,   {"type":"Feature", "properties":{"level1":30, "nodPos1":79},
    "geometry":{"type": "Point", "coordinates":[-3.9395,44.9107]}}
,   {"type":"Feature", "properties":{"level1":30, "nodPos1":80},
    "geometry":{"type": "Point", "coordinates":[-3.8378,44.7265]}}
,   {"type":"Feature", "properties":{"level1":30, "nodPos1":81},
    "geometry":{"type": "Point", "coordinates":[-3.7367,44.5422]}}
,   {"type":"Feature", "properties":{"level1":30, "nodPos1":82},
    "geometry":{"type": "Point", "coordinates":[-3.6362,44.3578]}}
,   {"type":"Feature", "properties":{"level1":30, "nodPos1":83},
    "geometry":{"type": "Point", "coordinates":[-3.5364,44.1733]}}
,   {"type":"Feature", "properties":{"level1":30, "nodPos1":84},
    "geometry":{"type": "Point", "coordinates":[-3.4372,43.9888]}}
,   {"type":"Feature", "properties":{"level1":30, "nodPos1":85},
    "geometry":{"type": "Point", "coordinates":[-3.3386,43.8041]}}
,   {"type":"Feature", "properties":{"level1":30, "nodPos1":86},
    "geometry":{"type": "Point", "coordinates":[-3.2407,43.6194]}}
,   {"type":"Feature", "properties":{"level1":30, "nodPos1":87},
    "geometry":{"type": "Point", "coordinates":[-3.2399,43.6180]}}
,   {"type":"Feature", "properties":{"level1":31, "nodPos1":0},
    "geometry":{"type": "Point", "coordinates":[-16.9145,58.2783]}}
,   {"type":"Feature", "properties":{"level1":31, "nodPos1":1},
    "geometry":{"type": "Point", "coordinates":[-16.6272,58.1508]}}
,   {"type":"Feature", "properties":{"level1":31, "nodPos1":2},
    "geometry":{"type": "Point", "coordinates":[-16.3420,58.0227]}}
,   {"type":"Feature", "properties":{"level1":31, "nodPos1":3},
    "geometry":{"type": "Point", "coordinates":[-16.0588,57.8939]}}
,   {"type":"Feature", "properties":{"level1":31, "nodPos1":4},
    "geometry":{"type": "Point", "coordinates":[-15.7776,57.7646]}}
,   {"type":"Feature", "properties":{"level1":31, "nodPos1":5},
    "geometry":{"type": "Point", "coordinates":[-15.4985,57.6346]}}
,   {"type":"Feature", "properties":{"level1":31, "nodPos1":6},
    "geometry":{"type": "Point", "coordinates":[-15.2213,57.5040]}}
,   {"type":"Feature", "properties":{"level1":31, "nodPos1":7},
    "geometry":{"type": "Point", "coordinates":[-14.9462,57.3728]}}
,   {"type":"Feature", "properties":{"level1":31, "nodPos1":8},
    "geometry":{"type": "Point", "coordinates":[-14.6730,57.2410]}}
,   {"type":"Feature", "properties":{"level1":31, "nodPos1":9},
    "geometry":{"type": "Point", "coordinates":[-14.4017,57.1086]}}
,   {"type":"Feature", "properties":{"level1":31, "nodPos1":10},
    "geometry":{"type": "Point", "coordinates":[-14.1324,56.9757]}}
,   {"type":"Feature", "properties":{"level1":31, "nodPos1":11},
    "geometry":{"type": "Point", "coordinates":[-13.8650,56.8422]}}
,   {"type":"Feature", "properties":{"level1":31, "nodPos1":12},
    "geometry":{"type": "Point", "coordinates":[-13.5995,56.7080]}}
,   {"type":"Feature", "properties":{"level1":31, "nodPos1":13},
    "geometry":{"type": "Point", "coordinates":[-13.3359,56.5734]}}
,   {"type":"Feature", "properties":{"level1":31, "nodPos1":14},
    "geometry":{"type": "Point", "coordinates":[-13.0742,56.4382]}}
,   {"type":"Feature", "properties":{"level1":31, "nodPos1":15},
    "geometry":{"type": "Point", "coordinates":[-12.8143,56.3024]}}
,   {"type":"Feature", "properties":{"level1":31, "nodPos1":16},
    "geometry":{"type": "Point", "coordinates":[-12.5563,56.1661]}}
,   {"type":"Feature", "properties":{"level1":31, "nodPos1":17},
    "geometry":{"type": "Point", "coordinates":[-12.3001,56.0293]}}
,   {"type":"Feature", "properties":{"level1":31, "nodPos1":18},
    "geometry":{"type": "Point", "coordinates":[-12.0457,55.8919]}}
,   {"type":"Feature", "properties":{"level1":31, "nodPos1":19},
    "geometry":{"type": "Point", "coordinates":[-11.7931,55.7540]}}
,   {"type":"Feature", "properties":{"level1":31, "nodPos1":20},
    "geometry":{"type": "Point", "coordinates":[-11.5423,55.6156]}}
,   {"type":"Feature", "properties":{"level1":31, "nodPos1":21},
    "geometry":{"type": "Point", "coordinates":[-11.2933,55.4767]}}
,   {"type":"Feature", "properties":{"level1":31, "nodPos1":22},
    "geometry":{"type": "Point", "coordinates":[-11.0460,55.3373]}}
,   {"type":"Feature", "properties":{"level1":31, "nodPos1":23},
    "geometry":{"type": "Point", "coordinates":[-10.8005,55.1974]}}
,   {"type":"Feature", "properties":{"level1":31, "nodPos1":24},
    "geometry":{"type": "Point", "coordinates":[-10.5566,55.0570]}}
,   {"type":"Feature", "properties":{"level1":31, "nodPos1":25},
    "geometry":{"type": "Point", "coordinates":[-10.3145,54.9161]}}
,   {"type":"Feature", "properties":{"level1":31, "nodPos1":26},
    "geometry":{"type": "Point", "coordinates":[-10.0741,54.7748]}}
,   {"type":"Feature", "properties":{"level1":31, "nodPos1":27},
    "geometry":{"type": "Point", "coordinates":[-9.8354,54.6329]}}
,   {"type":"Feature", "properties":{"level1":31, "nodPos1":28},
    "geometry":{"type": "Point", "coordinates":[-9.6581,54.5266]}}
,   {"type":"Feature", "properties":{"level1":31, "nodPos1":43},
    "geometry":{"type": "Point", "coordinates":[-6.1004,52.2119]}}
,   {"type":"Feature", "properties":{"level1":31, "nodPos1":44},
    "geometry":{"type": "Point", "coordinates":[-6.0191,52.1549]}}
,   {"type":"Feature", "properties":{"level1":31, "nodPos1":45},
    "geometry":{"type": "Point", "coordinates":[-5.8080,52.0055]}}
,   {"type":"Feature", "properties":{"level1":31, "nodPos1":46},
    "geometry":{"type": "Point", "coordinates":[-5.5984,51.8557]}}
,   {"type":"Feature", "properties":{"level1":31, "nodPos1":47},
    "geometry":{"type": "Point", "coordinates":[-5.5670,51.8331]}}
,   {"type":"Feature", "properties":{"level1":31, "nodPos1":49},
    "geometry":{"type": "Point", "coordinates":[-4.9587,51.3900]}}
,   {"type":"Feature", "properties":{"level1":31, "nodPos1":50},
    "geometry":{"type": "Point", "coordinates":[-4.8504,51.3098]}}
,   {"type":"Feature", "properties":{"level1":31, "nodPos1":56},
    "geometry":{"type": "Point", "coordinates":[-3.3837,50.1864]}}
,   {"type":"Feature", "properties":{"level1":31, "nodPos1":57},
    "geometry":{"type": "Point", "coordinates":[-3.3814,50.1846]}}
,   {"type":"Feature", "properties":{"level1":31, "nodPos1":58},
    "geometry":{"type": "Point", "coordinates":[-3.1877,50.0307]}}
,   {"type":"Feature", "properties":{"level1":31, "nodPos1":59},
    "geometry":{"type": "Point", "coordinates":[-2.9951,49.8764]}}
,   {"type":"Feature", "properties":{"level1":31, "nodPos1":60},
    "geometry":{"type": "Point", "coordinates":[-2.8038,49.7218]}}
,   {"type":"Feature", "properties":{"level1":31, "nodPos1":61},
    "geometry":{"type": "Point", "coordinates":[-2.7379,49.6681]}}
,   {"type":"Feature", "properties":{"level1":32, "nodPos1":0},
    "geometry":{"type": "Point", "coordinates":[-13.4141,61.1435]}}
,   {"type":"Feature", "properties":{"level1":32, "nodPos1":1},
    "geometry":{"type": "Point", "coordinates":[-13.1886,60.9784]}}
,   {"type":"Feature", "properties":{"level1":32, "nodPos1":2},
    "geometry":{"type": "Point", "coordinates":[-12.9654,60.8130]}}
,   {"type":"Feature", "properties":{"level1":32, "nodPos1":3},
    "geometry":{"type": "Point", "coordinates":[-12.7446,60.6473]}}
,   {"type":"Feature", "properties":{"level1":32, "nodPos1":4},
    "geometry":{"type": "Point", "coordinates":[-12.5260,60.4811]}}
,   {"type":"Feature", "properties":{"level1":32, "nodPos1":5},
    "geometry":{"type": "Point", "coordinates":[-12.3096,60.3146]}}
,   {"type":"Feature", "properties":{"level1":32, "nodPos1":6},
    "geometry":{"type": "Point", "coordinates":[-12.0954,60.1478]}}
,   {"type":"Feature", "properties":{"level1":32, "nodPos1":7},
    "geometry":{"type": "Point", "coordinates":[-11.8834,59.9806]}}
,   {"type":"Feature", "properties":{"level1":32, "nodPos1":8},
    "geometry":{"type": "Point", "coordinates":[-11.6735,59.8131]}}
,   {"type":"Feature", "properties":{"level1":32, "nodPos1":9},
    "geometry":{"type": "Point", "coordinates":[-11.4657,59.6452]}}
,   {"type":"Feature", "properties":{"level1":32, "nodPos1":10},
    "geometry":{"type": "Point", "coordinates":[-11.2600,59.4771]}}
,   {"type":"Feature", "properties":{"level1":32, "nodPos1":11},
    "geometry":{"type": "Point", "coordinates":[-11.0563,59.3086]}}
,   {"type":"Feature", "properties":{"level1":32, "nodPos1":12},
    "geometry":{"type": "Point", "coordinates":[-10.8546,59.1397]}}
,   {"type":"Feature", "properties":{"level1":32, "nodPos1":13},
    "geometry":{"type": "Point", "coordinates":[-10.6549,58.9706]}}
,   {"type":"Feature", "properties":{"level1":32, "nodPos1":14},
    "geometry":{"type": "Point", "coordinates":[-10.4572,58.8012]}}
,   {"type":"Feature", "properties":{"level1":32, "nodPos1":15},
    "geometry":{"type": "Point", "coordinates":[-10.2614,58.6315]}}
,   {"type":"Feature", "properties":{"level1":32, "nodPos1":16},
    "geometry":{"type": "Point", "coordinates":[-10.0675,58.4615]}}
,   {"type":"Feature", "properties":{"level1":32, "nodPos1":17},
    "geometry":{"type": "Point", "coordinates":[-9.8754,58.2912]}}
,   {"type":"Feature", "properties":{"level1":32, "nodPos1":18},
    "geometry":{"type": "Point", "coordinates":[-9.6852,58.1206]}}
,   {"type":"Feature", "properties":{"level1":32, "nodPos1":19},
    "geometry":{"type": "Point", "coordinates":[-9.4968,57.9497]}}
,   {"type":"Feature", "properties":{"level1":32, "nodPos1":20},
    "geometry":{"type": "Point", "coordinates":[-9.3102,57.7785]}}
,   {"type":"Feature", "properties":{"level1":32, "nodPos1":21},
    "geometry":{"type": "Point", "coordinates":[-9.1254,57.6071]}}
,   {"type":"Feature", "properties":{"level1":32, "nodPos1":22},
    "geometry":{"type": "Point", "coordinates":[-8.9422,57.4354]}}
,   {"type":"Feature", "properties":{"level1":32, "nodPos1":23},
    "geometry":{"type": "Point", "coordinates":[-8.7609,57.2635]}}
,   {"type":"Feature", "properties":{"level1":32, "nodPos1":24},
    "geometry":{"type": "Point", "coordinates":[-8.5811,57.0913]}}
,   {"type":"Feature", "properties":{"level1":32, "nodPos1":25},
    "geometry":{"type": "Point", "coordinates":[-8.4031,56.9188]}}
,   {"type":"Feature", "properties":{"level1":32, "nodPos1":26},
    "geometry":{"type": "Point", "coordinates":[-8.2267,56.7461]}}
,   {"type":"Feature", "properties":{"level1":32, "nodPos1":27},
    "geometry":{"type": "Point", "coordinates":[-8.0519,56.5731]}}
,   {"type":"Feature", "properties":{"level1":32, "nodPos1":28},
    "geometry":{"type": "Point", "coordinates":[-7.8787,56.3999]}}
,   {"type":"Feature", "properties":{"level1":32, "nodPos1":29},
    "geometry":{"type": "Point", "coordinates":[-7.7071,56.2265]}}
,   {"type":"Feature", "properties":{"level1":32, "nodPos1":30},
    "geometry":{"type": "Point", "coordinates":[-7.5370,56.0528]}}
,   {"type":"Feature", "properties":{"level1":32, "nodPos1":31},
    "geometry":{"type": "Point", "coordinates":[-7.3684,55.8789]}}
,   {"type":"Feature", "properties":{"level1":32, "nodPos1":32},
    "geometry":{"type": "Point", "coordinates":[-7.2014,55.7047]}}
,   {"type":"Feature", "properties":{"level1":32, "nodPos1":33},
    "geometry":{"type": "Point", "coordinates":[-7.0358,55.5304]}}
,   {"type":"Feature", "properties":{"level1":32, "nodPos1":34},
    "geometry":{"type": "Point", "coordinates":[-6.9852,55.4766]}}
,   {"type":"Feature", "properties":{"level1":32, "nodPos1":41},
    "geometry":{"type": "Point", "coordinates":[-5.6670,54.0182]}}
,   {"type":"Feature", "properties":{"level1":32, "nodPos1":42},
    "geometry":{"type": "Point", "coordinates":[-5.6091,53.9515]}}
,   {"type":"Feature", "properties":{"level1":32, "nodPos1":43},
    "geometry":{"type": "Point", "coordinates":[-5.4573,53.7751]}}
,   {"type":"Feature", "properties":{"level1":32, "nodPos1":44},
    "geometry":{"type": "Point", "coordinates":[-5.3067,53.5985]}}
,   {"type":"Feature", "properties":{"level1":32, "nodPos1":45},
    "geometry":{"type": "Point", "coordinates":[-5.1574,53.4217]}}
,   {"type":"Feature", "properties":{"level1":32, "nodPos1":46},
    "geometry":{"type": "Point", "coordinates":[-5.0094,53.2447]}}
,   {"type":"Feature", "properties":{"level1":32, "nodPos1":47},
    "geometry":{"type": "Point", "coordinates":[-4.8625,53.0675]}}
,   {"type":"Feature", "properties":{"level1":32, "nodPos1":48},
    "geometry":{"type": "Point", "coordinates":[-4.8289,53.0265]}}
,   {"type":"Feature", "properties":{"level1":32, "nodPos1":61},
    "geometry":{"type": "Point", "coordinates":[-2.8920,50.5225]}}
,   {"type":"Feature", "properties":{"level1":32, "nodPos1":62},
    "geometry":{"type": "Point", "coordinates":[-2.7956,50.3897]}}
,   {"type":"Feature", "properties":{"level1":32, "nodPos1":63},
    "geometry":{"type": "Point", "coordinates":[-2.6662,50.2100]}}
,   {"type":"Feature", "properties":{"level1":32, "nodPos1":64},
    "geometry":{"type": "Point", "coordinates":[-2.5378,50.0301]}}
,   {"type":"Feature", "properties":{"level1":32, "nodPos1":65},
    "geometry":{"type": "Point", "coordinates":[-2.4103,49.8500]}}
,   {"type":"Feature", "properties":{"level1":32, "nodPos1":66},
    "geometry":{"type": "Point", "coordinates":[-2.3996,49.8348]}}
,   {"type":"Feature", "properties":{"level1":32, "nodPos1":67},
    "geometry":{"type": "Point", "coordinates":[-2.1492,49.4764]}}
,   {"type":"Feature", "properties":{"level1":33, "nodPos1":0},
    "geometry":{"type": "Point", "coordinates":[-3.0001,53.4167]}}
,   {"type":"Feature", "properties":{"level1":34, "nodPos1":26},
    "geometry":{"type": "Point", "coordinates":[-2.2209,49.9098]}}
,   {"type":"Feature", "properties":{"level1":34, "nodPos1":27},
    "geometry":{"type": "Point", "coordinates":[-2.3012,50.0080]}}
,   {"type":"Feature", "properties":{"level1":34, "nodPos1":28},
    "geometry":{"type": "Point", "coordinates":[-2.4454,50.1829]}}
,   {"type":"Feature", "properties":{"level1":34, "nodPos1":29},
    "geometry":{"type": "Point", "coordinates":[-2.5906,50.3576]}}
,   {"type":"Feature", "properties":{"level1":34, "nodPos1":30},
    "geometry":{"type": "Point", "coordinates":[-2.6754,50.4587]}}
,   {"type":"Feature", "properties":{"level1":34, "nodPos1":41},
    "geometry":{"type": "Point", "coordinates":[-4.4559,52.4765]}}
,   {"type":"Feature", "properties":{"level1":34, "nodPos1":42},
    "geometry":{"type": "Point", "coordinates":[-4.5504,52.5779]}}
,   {"type":"Feature", "properties":{"level1":34, "nodPos1":44},
    "geometry":{"type": "Point", "coordinates":[-4.9059,52.9550]}}
,   {"type":"Feature", "properties":{"level1":34, "nodPos1":45},
    "geometry":{"type": "Point", "coordinates":[-5.0701,53.1265]}}
,   {"type":"Feature", "properties":{"level1":34, "nodPos1":46},
    "geometry":{"type": "Point", "coordinates":[-5.2355,53.2978]}}
,   {"type":"Feature", "properties":{"level1":34, "nodPos1":47},
    "geometry":{"type": "Point", "coordinates":[-5.4023,53.4688]}}
,   {"type":"Feature", "properties":{"level1":34, "nodPos1":48},
    "geometry":{"type": "Point", "coordinates":[-5.5704,53.6396]}}
,   {"type":"Feature", "properties":{"level1":34, "nodPos1":49},
    "geometry":{"type": "Point", "coordinates":[-5.7399,53.8101]}}
,   {"type":"Feature", "properties":{"level1":34, "nodPos1":50},
    "geometry":{"type": "Point", "coordinates":[-5.8254,53.8952]}}
,   {"type":"Feature", "properties":{"level1":34, "nodPos1":59},
    "geometry":{"type": "Point", "coordinates":[-7.5504,55.5344]}}
,   {"type":"Feature", "properties":{"level1":34, "nodPos1":60},
    "geometry":{"type": "Point", "coordinates":[-7.6999,55.6695]}}
,   {"type":"Feature", "properties":{"level1":34, "nodPos1":61},
    "geometry":{"type": "Point", "coordinates":[-7.8873,55.8369]}}
,   {"type":"Feature", "properties":{"level1":34, "nodPos1":62},
    "geometry":{"type": "Point", "coordinates":[-8.0763,56.0040]}}
,   {"type":"Feature", "properties":{"level1":34, "nodPos1":63},
    "geometry":{"type": "Point", "coordinates":[-8.2669,56.1708]}}
,   {"type":"Feature", "properties":{"level1":34, "nodPos1":64},
    "geometry":{"type": "Point", "coordinates":[-8.4592,56.3374]}}
,   {"type":"Feature", "properties":{"level1":34, "nodPos1":65},
    "geometry":{"type": "Point", "coordinates":[-8.6531,56.5036]}}
,   {"type":"Feature", "properties":{"level1":34, "nodPos1":66},
    "geometry":{"type": "Point", "coordinates":[-8.8488,56.6696]}}
,   {"type":"Feature", "properties":{"level1":34, "nodPos1":67},
    "geometry":{"type": "Point", "coordinates":[-9.0462,56.8352]}}
,   {"type":"Feature", "properties":{"level1":34, "nodPos1":68},
    "geometry":{"type": "Point", "coordinates":[-9.2454,57.0005]}}
,   {"type":"Feature", "properties":{"level1":34, "nodPos1":69},
    "geometry":{"type": "Point", "coordinates":[-9.4463,57.1655]}}
,   {"type":"Feature", "properties":{"level1":34, "nodPos1":70},
    "geometry":{"type": "Point", "coordinates":[-9.6490,57.3302]}}
,   {"type":"Feature", "properties":{"level1":34, "nodPos1":71},
    "geometry":{"type": "Point", "coordinates":[-9.8536,57.4945]}}
,   {"type":"Feature", "properties":{"level1":34, "nodPos1":72},
    "geometry":{"type": "Point", "coordinates":[-10.0600,57.6585]}}
,   {"type":"Feature", "properties":{"level1":34, "nodPos1":73},
    "geometry":{"type": "Point", "coordinates":[-10.2683,57.8222]}}
,   {"type":"Feature", "properties":{"level1":34, "nodPos1":74},
    "geometry":{"type": "Point", "coordinates":[-10.4784,57.9855]}}
,   {"type":"Feature", "properties":{"level1":34, "nodPos1":75},
    "geometry":{"type": "Point", "coordinates":[-10.6905,58.1485]}}
,   {"type":"Feature", "properties":{"level1":34, "nodPos1":76},
    "geometry":{"type": "Point", "coordinates":[-10.9046,58.3111]}}
,   {"type":"Feature", "properties":{"level1":34, "nodPos1":77},
    "geometry":{"type": "Point", "coordinates":[-11.1206,58.4733]}}
,   {"type":"Feature", "properties":{"level1":34, "nodPos1":78},
    "geometry":{"type": "Point", "coordinates":[-11.3386,58.6352]}}
,   {"type":"Feature", "properties":{"level1":34, "nodPos1":79},
    "geometry":{"type": "Point", "coordinates":[-11.5587,58.7967]}}
,   {"type":"Feature", "properties":{"level1":34, "nodPos1":80},
    "geometry":{"type": "Point", "coordinates":[-11.7808,58.9579]}}
,   {"type":"Feature", "properties":{"level1":34, "nodPos1":81},
    "geometry":{"type": "Point", "coordinates":[-12.0050,59.1186]}}
,   {"type":"Feature", "properties":{"level1":34, "nodPos1":82},
    "geometry":{"type": "Point", "coordinates":[-12.2313,59.2790]}}
,   {"type":"Feature", "properties":{"level1":34, "nodPos1":83},
    "geometry":{"type": "Point", "coordinates":[-12.4597,59.4390]}}
,   {"type":"Feature", "properties":{"level1":34, "nodPos1":84},
    "geometry":{"type": "Point", "coordinates":[-12.6903,59.5985]}}
,   {"type":"Feature", "properties":{"level1":34, "nodPos1":85},
    "geometry":{"type": "Point", "coordinates":[-12.9231,59.7577]}}
,   {"type":"Feature", "properties":{"level1":34, "nodPos1":86},
    "geometry":{"type": "Point", "coordinates":[-13.1581,59.9164]}}
,   {"type":"Feature", "properties":{"level1":34, "nodPos1":87},
    "geometry":{"type": "Point", "coordinates":[-13.3954,60.0747]}}
,   {"type":"Feature", "properties":{"level1":34, "nodPos1":88},
    "geometry":{"type": "Point", "coordinates":[-13.6350,60.2326]}}
,   {"type":"Feature", "properties":{"level1":34, "nodPos1":89},
    "geometry":{"type": "Point", "coordinates":[-13.8769,60.3901]}}
,   {"type":"Feature", "properties":{"level1":34, "nodPos1":90},
    "geometry":{"type": "Point", "coordinates":[-14.1211,60.5471]}}
,   {"type":"Feature", "properties":{"level1":35, "nodPos1":23},
    "geometry":{"type": "Point", "coordinates":[-0.3087,49.5326]}}
,   {"type":"Feature", "properties":{"level1":35, "nodPos1":24},
    "geometry":{"type": "Point", "coordinates":[-0.3644,49.5564]}}
,   {"type":"Feature", "properties":{"level1":35, "nodPos1":25},
    "geometry":{"type": "Point", "coordinates":[-0.6200,49.6646]}}
,   {"type":"Feature", "properties":{"level1":35, "nodPos1":26},
    "geometry":{"type": "Point", "coordinates":[-0.8768,49.7722]}}
,   {"type":"Feature", "properties":{"level1":35, "nodPos1":27},
    "geometry":{"type": "Point", "coordinates":[-1.1347,49.8792]}}
,   {"type":"Feature", "properties":{"level1":35, "nodPos1":28},
    "geometry":{"type": "Point", "coordinates":[-1.3938,49.9857]}}
,   {"type":"Feature", "properties":{"level1":35, "nodPos1":29},
    "geometry":{"type": "Point", "coordinates":[-1.6540,50.0916]}}
,   {"type":"Feature", "properties":{"level1":35, "nodPos1":30},
    "geometry":{"type": "Point", "coordinates":[-1.9154,50.1969]}}
,   {"type":"Feature", "properties":{"level1":35, "nodPos1":31},
    "geometry":{"type": "Point", "coordinates":[-2.1779,50.3016]}}
,   {"type":"Feature", "properties":{"level1":35, "nodPos1":32},
    "geometry":{"type": "Point", "coordinates":[-2.3170,50.3565]}}
,   {"type":"Feature", "properties":{"level1":35, "nodPos1":33},
    "geometry":{"type": "Point", "coordinates":[-2.3254,50.3598]}}
,   {"type":"Feature", "properties":{"level1":35, "nodPos1":40},
    "geometry":{"type": "Point", "coordinates":[-4.8521,51.3098]}}
,   {"type":"Feature", "properties":{"level1":35, "nodPos1":41},
    "geometry":{"type": "Point", "coordinates":[-4.8671,51.3152]}}
,   {"type":"Feature", "properties":{"level1":35, "nodPos1":42},
    "geometry":{"type": "Point", "coordinates":[-5.1425,51.4131]}}
,   {"type":"Feature", "properties":{"level1":35, "nodPos1":43},
    "geometry":{"type": "Point", "coordinates":[-5.4190,51.5104]}}
,   {"type":"Feature", "properties":{"level1":35, "nodPos1":44},
    "geometry":{"type": "Point", "coordinates":[-5.6968,51.6070]}}
,   {"type":"Feature", "properties":{"level1":35, "nodPos1":45},
    "geometry":{"type": "Point", "coordinates":[-5.9757,51.7029]}}
,   {"type":"Feature", "properties":{"level1":35, "nodPos1":46},
    "geometry":{"type": "Point", "coordinates":[-6.2557,51.7982]}}
,   {"type":"Feature", "properties":{"level1":35, "nodPos1":47},
    "geometry":{"type": "Point", "coordinates":[-6.5370,51.8928]}}
,   {"type":"Feature", "properties":{"level1":35, "nodPos1":48},
    "geometry":{"type": "Point", "coordinates":[-6.7754,51.9721]}}
,   {"type":"Feature", "properties":{"level1":35, "nodPos1":58},
    "geometry":{"type": "Point", "coordinates":[-9.7550,52.9015]}}
,   {"type":"Feature", "properties":{"level1":35, "nodPos1":59},
    "geometry":{"type": "Point", "coordinates":[-10.0044,52.9743]}}
,   {"type":"Feature", "properties":{"level1":35, "nodPos1":60},
    "geometry":{"type": "Point", "coordinates":[-10.3010,53.0598]}}
,   {"type":"Feature", "properties":{"level1":35, "nodPos1":61},
    "geometry":{"type": "Point", "coordinates":[-10.5988,53.1445]}}
,   {"type":"Feature", "properties":{"level1":35, "nodPos1":62},
    "geometry":{"type": "Point", "coordinates":[-10.8978,53.2285]}}
,   {"type":"Feature", "properties":{"level1":35, "nodPos1":63},
    "geometry":{"type": "Point", "coordinates":[-11.1979,53.3117]}}
,   {"type":"Feature", "properties":{"level1":35, "nodPos1":64},
    "geometry":{"type": "Point", "coordinates":[-11.4992,53.3942]}}
,   {"type":"Feature", "properties":{"level1":35, "nodPos1":65},
    "geometry":{"type": "Point", "coordinates":[-11.8017,53.4759]}}
,   {"type":"Feature", "properties":{"level1":35, "nodPos1":66},
    "geometry":{"type": "Point", "coordinates":[-12.1053,53.5568]}}
,   {"type":"Feature", "properties":{"level1":35, "nodPos1":67},
    "geometry":{"type": "Point", "coordinates":[-12.4101,53.6370]}}
,   {"type":"Feature", "properties":{"level1":35, "nodPos1":68},
    "geometry":{"type": "Point", "coordinates":[-12.7160,53.7164]}}
,   {"type":"Feature", "properties":{"level1":35, "nodPos1":69},
    "geometry":{"type": "Point", "coordinates":[-13.0231,53.7950]}}
,   {"type":"Feature", "properties":{"level1":35, "nodPos1":70},
    "geometry":{"type": "Point", "coordinates":[-13.3314,53.8728]}}
,   {"type":"Feature", "properties":{"level1":35, "nodPos1":71},
    "geometry":{"type": "Point", "coordinates":[-13.6408,53.9498]}}
,   {"type":"Feature", "properties":{"level1":35, "nodPos1":72},
    "geometry":{"type": "Point", "coordinates":[-13.9513,54.0261]}}
,   {"type":"Feature", "properties":{"level1":35, "nodPos1":73},
    "geometry":{"type": "Point", "coordinates":[-14.2629,54.1015]}}
,   {"type":"Feature", "properties":{"level1":35, "nodPos1":74},
    "geometry":{"type": "Point", "coordinates":[-14.5757,54.1761]}}
,   {"type":"Feature", "properties":{"level1":35, "nodPos1":75},
    "geometry":{"type": "Point", "coordinates":[-14.8896,54.2499]}}
,   {"type":"Feature", "properties":{"level1":35, "nodPos1":76},
    "geometry":{"type": "Point", "coordinates":[-15.2047,54.3229]}}
,   {"type":"Feature", "properties":{"level1":35, "nodPos1":77},
    "geometry":{"type": "Point", "coordinates":[-15.5208,54.3951]}}
,   {"type":"Feature", "properties":{"level1":35, "nodPos1":78},
    "geometry":{"type": "Point", "coordinates":[-15.8381,54.4664]}}
,   {"type":"Feature", "properties":{"level1":35, "nodPos1":79},
    "geometry":{"type": "Point", "coordinates":[-16.1564,54.5369]}}
,   {"type":"Feature", "properties":{"level1":35, "nodPos1":80},
    "geometry":{"type": "Point", "coordinates":[-16.4759,54.6066]}}
,   {"type":"Feature", "properties":{"level1":35, "nodPos1":81},
    "geometry":{"type": "Point", "coordinates":[-16.7964,54.6754]}}
,   {"type":"Feature", "properties":{"level1":35, "nodPos1":82},
    "geometry":{"type": "Point", "coordinates":[-17.1180,54.7434]}}
,   {"type":"Feature", "properties":{"level1":35, "nodPos1":83},
    "geometry":{"type": "Point", "coordinates":[-17.4407,54.8105]}}
,   {"type":"Feature", "properties":{"level1":35, "nodPos1":84},
    "geometry":{"type": "Point", "coordinates":[-17.7645,54.8768]}}
,   {"type":"Feature", "properties":{"level1":35, "nodPos1":85},
    "geometry":{"type": "Point", "coordinates":[-18.0893,54.9422]}}
,   {"type":"Feature", "properties":{"level1":35, "nodPos1":86},
    "geometry":{"type": "Point", "coordinates":[-18.4152,55.0067]}}
,   {"type":"Feature", "properties":{"level1":35, "nodPos1":87},
    "geometry":{"type": "Point", "coordinates":[-18.7421,55.0704]}}
,   {"type":"Feature", "properties":{"level1":35, "nodPos1":88},
    "geometry":{"type": "Point", "coordinates":[-19.0701,55.1331]}}
,   {"type":"Feature", "properties":{"level1":35, "nodPos1":89},
    "geometry":{"type": "Point", "coordinates":[-19.3990,55.1950]}}
,   {"type":"Feature", "properties":{"level1":35, "nodPos1":90},
    "geometry":{"type": "Point", "coordinates":[-19.7290,55.2560]}}
,   {"type":"Feature", "properties":{"level1":36, "nodPos1":29},
    "geometry":{"type": "Point", "coordinates":[-2.5587,48.8572]}}
,   {"type":"Feature", "properties":{"level1":36, "nodPos1":30},
    "geometry":{"type": "Point", "coordinates":[-2.6013,48.8728]}}
,   {"type":"Feature", "properties":{"level1":36, "nodPos1":31},
    "geometry":{"type": "Point", "coordinates":[-2.8651,48.9682]}}
,   {"type":"Feature", "properties":{"level1":36, "nodPos1":32},
    "geometry":{"type": "Point", "coordinates":[-3.1837,49.0820]}}
,   {"type":"Feature", "properties":{"level1":36, "nodPos1":33},
    "geometry":{"type": "Point", "coordinates":[-3.3957,49.1571]}}
,   {"type":"Feature", "properties":{"level1":36, "nodPos1":34},
    "geometry":{"type": "Point", "coordinates":[-3.6625,49.2507]}}
,   {"type":"Feature", "properties":{"level1":36, "nodPos1":35},
    "geometry":{"type": "Point", "coordinates":[-3.9303,49.3436]}}
,   {"type":"Feature", "properties":{"level1":36, "nodPos1":36},
    "geometry":{"type": "Point", "coordinates":[-4.1992,49.4360]}}
,   {"type":"Feature", "properties":{"level1":36, "nodPos1":37},
    "geometry":{"type": "Point", "coordinates":[-4.4690,49.5277]}}
,   {"type":"Feature", "properties":{"level1":36, "nodPos1":38},
    "geometry":{"type": "Point", "coordinates":[-4.7399,49.6187]}}
,   {"type":"Feature", "properties":{"level1":36, "nodPos1":39},
    "geometry":{"type": "Point", "coordinates":[-5.0117,49.7092]}}
,   {"type":"Feature", "properties":{"level1":36, "nodPos1":40},
    "geometry":{"type": "Point", "coordinates":[-5.3690,49.8264]}}
,   {"type":"Feature", "properties":{"level1":36, "nodPos1":41},
    "geometry":{"type": "Point", "coordinates":[-5.4920,49.8665]}}
,   {"type":"Feature", "properties":{"level1":36, "nodPos1":42},
    "geometry":{"type": "Point", "coordinates":[-5.8852,49.9931]}}
,   {"type":"Feature", "properties":{"level1":36, "nodPos1":43},
    "geometry":{"type": "Point", "coordinates":[-6.0754,50.0537]}}
,   {"type":"Feature", "properties":{"level1":36, "nodPos1":44},
    "geometry":{"type": "Point", "coordinates":[-6.4254,50.1639]}}
,   {"type":"Feature", "properties":{"level1":36, "nodPos1":45},
    "geometry":{"type": "Point", "coordinates":[-6.6642,50.2382]}}
,   {"type":"Feature", "properties":{"level1":36, "nodPos1":46},
    "geometry":{"type": "Point", "coordinates":[-6.9431,50.3241]}}
,   {"type":"Feature", "properties":{"level1":36, "nodPos1":47},
    "geometry":{"type": "Point", "coordinates":[-7.2230,50.4093]}}
,   {"type":"Feature", "properties":{"level1":36, "nodPos1":48},
    "geometry":{"type": "Point", "coordinates":[-7.5040,50.4938]}}
,   {"type":"Feature", "properties":{"level1":36, "nodPos1":49},
    "geometry":{"type": "Point", "coordinates":[-7.7859,50.5777]}}
,   {"type":"Feature", "properties":{"level1":36, "nodPos1":50},
    "geometry":{"type": "Point", "coordinates":[-8.0689,50.6609]}}
,   {"type":"Feature", "properties":{"level1":36, "nodPos1":51},
    "geometry":{"type": "Point", "coordinates":[-8.3528,50.7433]}}
,   {"type":"Feature", "properties":{"level1":36, "nodPos1":52},
    "geometry":{"type": "Point", "coordinates":[-8.6377,50.8251]}}
,   {"type":"Feature", "properties":{"level1":36, "nodPos1":53},
    "geometry":{"type": "Point", "coordinates":[-8.9237,50.9062]}}
,   {"type":"Feature", "properties":{"level1":36, "nodPos1":54},
    "geometry":{"type": "Point", "coordinates":[-9.2106,50.9866]}}
,   {"type":"Feature", "properties":{"level1":36, "nodPos1":55},
    "geometry":{"type": "Point", "coordinates":[-9.4985,51.0663]}}
,   {"type":"Feature", "properties":{"level1":36, "nodPos1":56},
    "geometry":{"type": "Point", "coordinates":[-9.7875,51.1453]}}
,   {"type":"Feature", "properties":{"level1":36, "nodPos1":57},
    "geometry":{"type": "Point", "coordinates":[-10.0774,51.2235]}}
,   {"type":"Feature", "properties":{"level1":36, "nodPos1":58},
    "geometry":{"type": "Point", "coordinates":[-10.3682,51.3011]}}
,   {"type":"Feature", "properties":{"level1":36, "nodPos1":59},
    "geometry":{"type": "Point", "coordinates":[-10.6601,51.3779]}}
,   {"type":"Feature", "properties":{"level1":36, "nodPos1":60},
    "geometry":{"type": "Point", "coordinates":[-10.9529,51.4540]}}
,   {"type":"Feature", "properties":{"level1":36, "nodPos1":61},
    "geometry":{"type": "Point", "coordinates":[-11.2468,51.5294]}}
,   {"type":"Feature", "properties":{"level1":36, "nodPos1":62},
    "geometry":{"type": "Point", "coordinates":[-11.5415,51.6040]}}
,   {"type":"Feature", "properties":{"level1":36, "nodPos1":63},
    "geometry":{"type": "Point", "coordinates":[-11.8373,51.6779]}}
,   {"type":"Feature", "properties":{"level1":36, "nodPos1":64},
    "geometry":{"type": "Point", "coordinates":[-12.1340,51.7510]}}
,   {"type":"Feature", "properties":{"level1":36, "nodPos1":65},
    "geometry":{"type": "Point", "coordinates":[-12.4317,51.8234]}}
,   {"type":"Feature", "properties":{"level1":36, "nodPos1":66},
    "geometry":{"type": "Point", "coordinates":[-12.7303,51.8950]}}
,   {"type":"Feature", "properties":{"level1":36, "nodPos1":67},
    "geometry":{"type": "Point", "coordinates":[-13.0299,51.9659]}}
,   {"type":"Feature", "properties":{"level1":36, "nodPos1":68},
    "geometry":{"type": "Point", "coordinates":[-13.3304,52.0360]}}
,   {"type":"Feature", "properties":{"level1":36, "nodPos1":69},
    "geometry":{"type": "Point", "coordinates":[-13.6318,52.1054]}}
,   {"type":"Feature", "properties":{"level1":36, "nodPos1":70},
    "geometry":{"type": "Point", "coordinates":[-13.9342,52.1740]}}
,   {"type":"Feature", "properties":{"level1":36, "nodPos1":71},
    "geometry":{"type": "Point", "coordinates":[-14.2375,52.2418]}}
,   {"type":"Feature", "properties":{"level1":36, "nodPos1":72},
    "geometry":{"type": "Point", "coordinates":[-14.5418,52.3088]}}
,   {"type":"Feature", "properties":{"level1":36, "nodPos1":73},
    "geometry":{"type": "Point", "coordinates":[-14.8469,52.3750]}}
,   {"type":"Feature", "properties":{"level1":36, "nodPos1":74},
    "geometry":{"type": "Point", "coordinates":[-15.1530,52.4405]}}
,   {"type":"Feature", "properties":{"level1":36, "nodPos1":75},
    "geometry":{"type": "Point", "coordinates":[-15.4599,52.5051]}}
,   {"type":"Feature", "properties":{"level1":36, "nodPos1":76},
    "geometry":{"type": "Point", "coordinates":[-15.7678,52.5690]}}
,   {"type":"Feature", "properties":{"level1":36, "nodPos1":77},
    "geometry":{"type": "Point", "coordinates":[-16.0766,52.6321]}}
,   {"type":"Feature", "properties":{"level1":36, "nodPos1":78},
    "geometry":{"type": "Point", "coordinates":[-16.3862,52.6943]}}
,   {"type":"Feature", "properties":{"level1":36, "nodPos1":79},
    "geometry":{"type": "Point", "coordinates":[-16.6967,52.7558]}}
,   {"type":"Feature", "properties":{"level1":36, "nodPos1":80},
    "geometry":{"type": "Point", "coordinates":[-17.0081,52.8164]}}
,   {"type":"Feature", "properties":{"level1":36, "nodPos1":81},
    "geometry":{"type": "Point", "coordinates":[-17.3204,52.8762]}}
,   {"type":"Feature", "properties":{"level1":36, "nodPos1":82},
    "geometry":{"type": "Point", "coordinates":[-17.6335,52.9352]}}
,   {"type":"Feature", "properties":{"level1":36, "nodPos1":83},
    "geometry":{"type": "Point", "coordinates":[-17.9475,52.9934]}}
,   {"type":"Feature", "properties":{"level1":36, "nodPos1":84},
    "geometry":{"type": "Point", "coordinates":[-18.2623,53.0507]}}
,   {"type":"Feature", "properties":{"level1":36, "nodPos1":85},
    "geometry":{"type": "Point", "coordinates":[-18.5779,53.1072]}}
,   {"type":"Feature", "properties":{"level1":36, "nodPos1":86},
    "geometry":{"type": "Point", "coordinates":[-18.8944,53.1629]}}
,   {"type":"Feature", "properties":{"level1":36, "nodPos1":87},
    "geometry":{"type": "Point", "coordinates":[-19.2117,53.2177]}}
,   {"type":"Feature", "properties":{"level1":36, "nodPos1":88},
    "geometry":{"type": "Point", "coordinates":[-19.5298,53.2717]}}
,   {"type":"Feature", "properties":{"level1":36, "nodPos1":89},
    "geometry":{"type": "Point", "coordinates":[-19.8487,53.3249]}}
,   {"type":"Feature", "properties":{"level1":36, "nodPos1":90},
    "geometry":{"type": "Point", "coordinates":[-20.1683,53.3771]}}
,   {"type":"Feature", "properties":{"level1":37, "nodPos1":26},
    "geometry":{"type": "Point", "coordinates":[-2.5085,47.0264]}}
,   {"type":"Feature", "properties":{"level1":37, "nodPos1":27},
    "geometry":{"type": "Point", "coordinates":[-2.7064,47.1042]}}
,   {"type":"Feature", "properties":{"level1":37, "nodPos1":28},
    "geometry":{"type": "Point", "coordinates":[-2.8920,47.1766]}}
,   {"type":"Feature", "properties":{"level1":37, "nodPos1":30},
    "geometry":{"type": "Point", "coordinates":[-3.4665,47.3976]}}
,   {"type":"Feature", "properties":{"level1":37, "nodPos1":31},
    "geometry":{"type": "Point", "coordinates":[-3.7218,47.4943]}}
,   {"type":"Feature", "properties":{"level1":37, "nodPos1":32},
    "geometry":{"type": "Point", "coordinates":[-3.9780,47.5904]}}
,   {"type":"Feature", "properties":{"level1":37, "nodPos1":33},
    "geometry":{"type": "Point", "coordinates":[-4.0837,47.6297]}}
,   {"type":"Feature", "properties":{"level1":37, "nodPos1":35},
    "geometry":{"type": "Point", "coordinates":[-4.9168,47.9347]}}
,   {"type":"Feature", "properties":{"level1":37, "nodPos1":36},
    "geometry":{"type": "Point", "coordinates":[-5.0121,47.9691]}}
,   {"type":"Feature", "properties":{"level1":37, "nodPos1":37},
    "geometry":{"type": "Point", "coordinates":[-5.2730,48.0623]}}
,   {"type":"Feature", "properties":{"level1":37, "nodPos1":38},
    "geometry":{"type": "Point", "coordinates":[-5.5348,48.1550]}}
,   {"type":"Feature", "properties":{"level1":37, "nodPos1":39},
    "geometry":{"type": "Point", "coordinates":[-5.7976,48.2470]}}
,   {"type":"Feature", "properties":{"level1":37, "nodPos1":40},
    "geometry":{"type": "Point", "coordinates":[-6.0613,48.3384]}}
,   {"type":"Feature", "properties":{"level1":37, "nodPos1":41},
    "geometry":{"type": "Point", "coordinates":[-6.3260,48.4292]}}
,   {"type":"Feature", "properties":{"level1":37, "nodPos1":42},
    "geometry":{"type": "Point", "coordinates":[-6.5916,48.5194]}}
,   {"type":"Feature", "properties":{"level1":37, "nodPos1":43},
    "geometry":{"type": "Point", "coordinates":[-6.8582,48.6090]}}
,   {"type":"Feature", "properties":{"level1":37, "nodPos1":44},
    "geometry":{"type": "Point", "coordinates":[-7.1257,48.6980]}}
,   {"type":"Feature", "properties":{"level1":37, "nodPos1":45},
    "geometry":{"type": "Point", "coordinates":[-7.3941,48.7864]}}
,   {"type":"Feature", "properties":{"level1":37, "nodPos1":46},
    "geometry":{"type": "Point", "coordinates":[-7.6635,48.8741]}}
,   {"type":"Feature", "properties":{"level1":37, "nodPos1":47},
    "geometry":{"type": "Point", "coordinates":[-7.9338,48.9612]}}
,   {"type":"Feature", "properties":{"level1":37, "nodPos1":48},
    "geometry":{"type": "Point", "coordinates":[-8.2051,49.0477]}}
,   {"type":"Feature", "properties":{"level1":37, "nodPos1":49},
    "geometry":{"type": "Point", "coordinates":[-8.4773,49.1335]}}
,   {"type":"Feature", "properties":{"level1":37, "nodPos1":50},
    "geometry":{"type": "Point", "coordinates":[-8.7505,49.2187]}}
,   {"type":"Feature", "properties":{"level1":37, "nodPos1":51},
    "geometry":{"type": "Point", "coordinates":[-9.0246,49.3032]}}
,   {"type":"Feature", "properties":{"level1":37, "nodPos1":52},
    "geometry":{"type": "Point", "coordinates":[-9.2996,49.3871]}}
,   {"type":"Feature", "properties":{"level1":37, "nodPos1":53},
    "geometry":{"type": "Point", "coordinates":[-9.5756,49.4703]}}
,   {"type":"Feature", "properties":{"level1":37, "nodPos1":54},
    "geometry":{"type": "Point", "coordinates":[-9.8525,49.5529]}}
,   {"type":"Feature", "properties":{"level1":37, "nodPos1":55},
    "geometry":{"type": "Point", "coordinates":[-10.1303,49.6348]}}
,   {"type":"Feature", "properties":{"level1":37, "nodPos1":56},
    "geometry":{"type": "Point", "coordinates":[-10.4091,49.7161]}}
,   {"type":"Feature", "properties":{"level1":37, "nodPos1":57},
    "geometry":{"type": "Point", "coordinates":[-10.6888,49.7967]}}
,   {"type":"Feature", "properties":{"level1":37, "nodPos1":58},
    "geometry":{"type": "Point", "coordinates":[-10.9695,49.8766]}}
,   {"type":"Feature", "properties":{"level1":37, "nodPos1":59},
    "geometry":{"type": "Point", "coordinates":[-11.2510,49.9558]}}
,   {"type":"Feature", "properties":{"level1":37, "nodPos1":60},
    "geometry":{"type": "Point", "coordinates":[-11.5335,50.0343]}}
,   {"type":"Feature", "properties":{"level1":37, "nodPos1":61},
    "geometry":{"type": "Point", "coordinates":[-11.8169,50.1122]}}
,   {"type":"Feature", "properties":{"level1":37, "nodPos1":62},
    "geometry":{"type": "Point", "coordinates":[-12.1012,50.1893]}}
,   {"type":"Feature", "properties":{"level1":37, "nodPos1":63},
    "geometry":{"type": "Point", "coordinates":[-12.3865,50.2658]}}
,   {"type":"Feature", "properties":{"level1":37, "nodPos1":64},
    "geometry":{"type": "Point", "coordinates":[-12.6726,50.3415]}}
,   {"type":"Feature", "properties":{"level1":37, "nodPos1":65},
    "geometry":{"type": "Point", "coordinates":[-12.9597,50.4166]}}
,   {"type":"Feature", "properties":{"level1":37, "nodPos1":66},
    "geometry":{"type": "Point", "coordinates":[-13.2477,50.4909]}}
,   {"type":"Feature", "properties":{"level1":37, "nodPos1":67},
    "geometry":{"type": "Point", "coordinates":[-13.5365,50.5646]}}
,   {"type":"Feature", "properties":{"level1":37, "nodPos1":68},
    "geometry":{"type": "Point", "coordinates":[-13.8263,50.6375]}}
,   {"type":"Feature", "properties":{"level1":37, "nodPos1":69},
    "geometry":{"type": "Point", "coordinates":[-14.1170,50.7097]}}
,   {"type":"Feature", "properties":{"level1":37, "nodPos1":70},
    "geometry":{"type": "Point", "coordinates":[-14.4085,50.7812]}}
,   {"type":"Feature", "properties":{"level1":37, "nodPos1":71},
    "geometry":{"type": "Point", "coordinates":[-14.7010,50.8519]}}
,   {"type":"Feature", "properties":{"level1":37, "nodPos1":72},
    "geometry":{"type": "Point", "coordinates":[-14.9943,50.9219]}}
,   {"type":"Feature", "properties":{"level1":37, "nodPos1":73},
    "geometry":{"type": "Point", "coordinates":[-15.2885,50.9912]}}
,   {"type":"Feature", "properties":{"level1":37, "nodPos1":74},
    "geometry":{"type": "Point", "coordinates":[-15.5836,51.0597]}}
,   {"type":"Feature", "properties":{"level1":37, "nodPos1":75},
    "geometry":{"type": "Point", "coordinates":[-15.8796,51.1275]}}
,   {"type":"Feature", "properties":{"level1":37, "nodPos1":76},
    "geometry":{"type": "Point", "coordinates":[-16.1764,51.1945]}}
,   {"type":"Feature", "properties":{"level1":37, "nodPos1":77},
    "geometry":{"type": "Point", "coordinates":[-16.4741,51.2608]}}
,   {"type":"Feature", "properties":{"level1":37, "nodPos1":78},
    "geometry":{"type": "Point", "coordinates":[-16.7726,51.3263]}}
,   {"type":"Feature", "properties":{"level1":37, "nodPos1":79},
    "geometry":{"type": "Point", "coordinates":[-17.0720,51.3911]}}
,   {"type":"Feature", "properties":{"level1":37, "nodPos1":80},
    "geometry":{"type": "Point", "coordinates":[-17.3722,51.4551]}}
,   {"type":"Feature", "properties":{"level1":37, "nodPos1":81},
    "geometry":{"type": "Point", "coordinates":[-17.6733,51.5183]}}
,   {"type":"Feature", "properties":{"level1":37, "nodPos1":82},
    "geometry":{"type": "Point", "coordinates":[-17.9752,51.5808]}}
,   {"type":"Feature", "properties":{"level1":37, "nodPos1":83},
    "geometry":{"type": "Point", "coordinates":[-18.2779,51.6425]}}
,   {"type":"Feature", "properties":{"level1":37, "nodPos1":84},
    "geometry":{"type": "Point", "coordinates":[-18.5815,51.7034]}}
,   {"type":"Feature", "properties":{"level1":37, "nodPos1":85},
    "geometry":{"type": "Point", "coordinates":[-18.8858,51.7635]}}
,   {"type":"Feature", "properties":{"level1":37, "nodPos1":86},
    "geometry":{"type": "Point", "coordinates":[-19.1910,51.8228]}}
,   {"type":"Feature", "properties":{"level1":37, "nodPos1":87},
    "geometry":{"type": "Point", "coordinates":[-19.4970,51.8814]}}
,   {"type":"Feature", "properties":{"level1":37, "nodPos1":88},
    "geometry":{"type": "Point", "coordinates":[-19.8037,51.9391]}}
,   {"type":"Feature", "properties":{"level1":37, "nodPos1":89},
    "geometry":{"type": "Point", "coordinates":[-20.1113,51.9961]}}
,   {"type":"Feature", "properties":{"level1":37, "nodPos1":90},
    "geometry":{"type": "Point", "coordinates":[-20.4196,52.0522]}}
,   {"type":"Feature", "properties":{"level1":38, "nodPos1":18},
    "geometry":{"type": "Point", "coordinates":[-1.4417,44.8597]}}
,   {"type":"Feature", "properties":{"level1":38, "nodPos1":19},
    "geometry":{"type": "Point", "coordinates":[-1.5920,44.9225]}}
,   {"type":"Feature", "properties":{"level1":38, "nodPos1":20},
    "geometry":{"type": "Point", "coordinates":[-1.8041,45.0104]}}
,   {"type":"Feature", "properties":{"level1":38, "nodPos1":21},
    "geometry":{"type": "Point", "coordinates":[-2.0462,45.1099]}}
,   {"type":"Feature", "properties":{"level1":38, "nodPos1":22},
    "geometry":{"type": "Point", "coordinates":[-2.2891,45.2089]}}
,   {"type":"Feature", "properties":{"level1":38, "nodPos1":23},
    "geometry":{"type": "Point", "coordinates":[-2.5329,45.3074]}}
,   {"type":"Feature", "properties":{"level1":38, "nodPos1":24},
    "geometry":{"type": "Point", "coordinates":[-2.7775,45.4054]}}
,   {"type":"Feature", "properties":{"level1":38, "nodPos1":25},
    "geometry":{"type": "Point", "coordinates":[-3.0230,45.5028]}}
,   {"type":"Feature", "properties":{"level1":38, "nodPos1":26},
    "geometry":{"type": "Point", "coordinates":[-3.2693,45.5997]}}
,   {"type":"Feature", "properties":{"level1":38, "nodPos1":27},
    "geometry":{"type": "Point", "coordinates":[-3.5165,45.6961]}}
,   {"type":"Feature", "properties":{"level1":38, "nodPos1":28},
    "geometry":{"type": "Point", "coordinates":[-3.7645,45.7920]}}
,   {"type":"Feature", "properties":{"level1":38, "nodPos1":29},
    "geometry":{"type": "Point", "coordinates":[-4.0134,45.8873]}}
,   {"type":"Feature", "properties":{"level1":38, "nodPos1":30},
    "geometry":{"type": "Point", "coordinates":[-4.2631,45.9820]}}
,   {"type":"Feature", "properties":{"level1":38, "nodPos1":31},
    "geometry":{"type": "Point", "coordinates":[-4.5137,46.0763]}}
,   {"type":"Feature", "properties":{"level1":38, "nodPos1":32},
    "geometry":{"type": "Point", "coordinates":[-4.7651,46.1699]}}
,   {"type":"Feature", "properties":{"level1":38, "nodPos1":33},
    "geometry":{"type": "Point", "coordinates":[-5.0174,46.2631]}}
,   {"type":"Feature", "properties":{"level1":38, "nodPos1":34},
    "geometry":{"type": "Point", "coordinates":[-5.2705,46.3556]}}
,   {"type":"Feature", "properties":{"level1":38, "nodPos1":35},
    "geometry":{"type": "Point", "coordinates":[-5.5245,46.4476]}}
,   {"type":"Feature", "properties":{"level1":38, "nodPos1":36},
    "geometry":{"type": "Point", "coordinates":[-5.7794,46.5391]}}
,   {"type":"Feature", "properties":{"level1":38, "nodPos1":37},
    "geometry":{"type": "Point", "coordinates":[-6.0351,46.6299]}}
,   {"type":"Feature", "properties":{"level1":38, "nodPos1":38},
    "geometry":{"type": "Point", "coordinates":[-6.2917,46.7202]}}
,   {"type":"Feature", "properties":{"level1":38, "nodPos1":39},
    "geometry":{"type": "Point", "coordinates":[-6.5491,46.8100]}}
,   {"type":"Feature", "properties":{"level1":38, "nodPos1":40},
    "geometry":{"type": "Point", "coordinates":[-6.8074,46.8991]}}
,   {"type":"Feature", "properties":{"level1":38, "nodPos1":41},
    "geometry":{"type": "Point", "coordinates":[-7.0665,46.9877]}}
,   {"type":"Feature", "properties":{"level1":38, "nodPos1":42},
    "geometry":{"type": "Point", "coordinates":[-7.3265,47.0756]}}
,   {"type":"Feature", "properties":{"level1":38, "nodPos1":43},
    "geometry":{"type": "Point", "coordinates":[-7.5874,47.1630]}}
,   {"type":"Feature", "properties":{"level1":38, "nodPos1":44},
    "geometry":{"type": "Point", "coordinates":[-7.8491,47.2498]}}
,   {"type":"Feature", "properties":{"level1":38, "nodPos1":45},
    "geometry":{"type": "Point", "coordinates":[-8.1117,47.3360]}}
,   {"type":"Feature", "properties":{"level1":38, "nodPos1":46},
    "geometry":{"type": "Point", "coordinates":[-8.3751,47.4216]}}
,   {"type":"Feature", "properties":{"level1":38, "nodPos1":47},
    "geometry":{"type": "Point", "coordinates":[-8.6394,47.5066]}}
,   {"type":"Feature", "properties":{"level1":38, "nodPos1":48},
    "geometry":{"type": "Point", "coordinates":[-8.9045,47.5910]}}
,   {"type":"Feature", "properties":{"level1":38, "nodPos1":49},
    "geometry":{"type": "Point", "coordinates":[-9.1705,47.6747]}}
,   {"type":"Feature", "properties":{"level1":38, "nodPos1":50},
    "geometry":{"type": "Point", "coordinates":[-9.4373,47.7579]}}
,   {"type":"Feature", "properties":{"level1":38, "nodPos1":51},
    "geometry":{"type": "Point", "coordinates":[-9.7050,47.8404]}}
,   {"type":"Feature", "properties":{"level1":38, "nodPos1":52},
    "geometry":{"type": "Point", "coordinates":[-9.9736,47.9223]}}
,   {"type":"Feature", "properties":{"level1":38, "nodPos1":53},
    "geometry":{"type": "Point", "coordinates":[-10.2430,48.0036]}}
,   {"type":"Feature", "properties":{"level1":38, "nodPos1":54},
    "geometry":{"type": "Point", "coordinates":[-10.5132,48.0842]}}
,   {"type":"Feature", "properties":{"level1":38, "nodPos1":55},
    "geometry":{"type": "Point", "coordinates":[-10.7843,48.1642]}}
,   {"type":"Feature", "properties":{"level1":38, "nodPos1":56},
    "geometry":{"type": "Point", "coordinates":[-11.0562,48.2436]}}
,   {"type":"Feature", "properties":{"level1":38, "nodPos1":57},
    "geometry":{"type": "Point", "coordinates":[-11.3290,48.3223]}}
,   {"type":"Feature", "properties":{"level1":38, "nodPos1":58},
    "geometry":{"type": "Point", "coordinates":[-11.6026,48.4004]}}
,   {"type":"Feature", "properties":{"level1":38, "nodPos1":59},
    "geometry":{"type": "Point", "coordinates":[-11.8770,48.4778]}}
,   {"type":"Feature", "properties":{"level1":38, "nodPos1":60},
    "geometry":{"type": "Point", "coordinates":[-12.1523,48.5546]}}
,   {"type":"Feature", "properties":{"level1":38, "nodPos1":61},
    "geometry":{"type": "Point", "coordinates":[-12.4284,48.6307]}}
,   {"type":"Feature", "properties":{"level1":38, "nodPos1":62},
    "geometry":{"type": "Point", "coordinates":[-12.7054,48.7062]}}
,   {"type":"Feature", "properties":{"level1":38, "nodPos1":63},
    "geometry":{"type": "Point", "coordinates":[-12.9831,48.7810]}}
,   {"type":"Feature", "properties":{"level1":38, "nodPos1":64},
    "geometry":{"type": "Point", "coordinates":[-13.2617,48.8551]}}
,   {"type":"Feature", "properties":{"level1":38, "nodPos1":65},
    "geometry":{"type": "Point", "coordinates":[-13.5411,48.9285]}}
,   {"type":"Feature", "properties":{"level1":38, "nodPos1":66},
    "geometry":{"type": "Point", "coordinates":[-13.8214,49.0013]}}
,   {"type":"Feature", "properties":{"level1":38, "nodPos1":67},
    "geometry":{"type": "Point", "coordinates":[-14.1024,49.0734]}}
,   {"type":"Feature", "properties":{"level1":38, "nodPos1":68},
    "geometry":{"type": "Point", "coordinates":[-14.3843,49.1448]}}
,   {"type":"Feature", "properties":{"level1":38, "nodPos1":69},
    "geometry":{"type": "Point", "coordinates":[-14.6670,49.2155]}}
,   {"type":"Feature", "properties":{"level1":38, "nodPos1":70},
    "geometry":{"type": "Point", "coordinates":[-14.9505,49.2855]}}
,   {"type":"Feature", "properties":{"level1":38, "nodPos1":71},
    "geometry":{"type": "Point", "coordinates":[-15.2348,49.3549]}}
,   {"type":"Feature", "properties":{"level1":38, "nodPos1":72},
    "geometry":{"type": "Point", "coordinates":[-15.5198,49.4235]}}
,   {"type":"Feature", "properties":{"level1":38, "nodPos1":73},
    "geometry":{"type": "Point", "coordinates":[-15.8057,49.4914]}}
,   {"type":"Feature", "properties":{"level1":38, "nodPos1":74},
    "geometry":{"type": "Point", "coordinates":[-16.0924,49.5586]}}
,   {"type":"Feature", "properties":{"level1":38, "nodPos1":75},
    "geometry":{"type": "Point", "coordinates":[-16.3798,49.6251]}}
,   {"type":"Feature", "properties":{"level1":38, "nodPos1":76},
    "geometry":{"type": "Point", "coordinates":[-16.6681,49.6909]}}
,   {"type":"Feature", "properties":{"level1":38, "nodPos1":77},
    "geometry":{"type": "Point", "coordinates":[-16.9571,49.7560]}}
,   {"type":"Feature", "properties":{"level1":38, "nodPos1":78},
    "geometry":{"type": "Point", "coordinates":[-17.2469,49.8204]}}
,   {"type":"Feature", "properties":{"level1":38, "nodPos1":79},
    "geometry":{"type": "Point", "coordinates":[-17.5374,49.8840]}}
,   {"type":"Feature", "properties":{"level1":38, "nodPos1":80},
    "geometry":{"type": "Point", "coordinates":[-17.8288,49.9469]}}
,   {"type":"Feature", "properties":{"level1":38, "nodPos1":81},
    "geometry":{"type": "Point", "coordinates":[-18.1208,50.0091]}}
,   {"type":"Feature", "properties":{"level1":38, "nodPos1":82},
    "geometry":{"type": "Point", "coordinates":[-18.4137,50.0705]}}
,   {"type":"Feature", "properties":{"level1":38, "nodPos1":83},
    "geometry":{"type": "Point", "coordinates":[-18.7072,50.1312]}}
,   {"type":"Feature", "properties":{"level1":38, "nodPos1":84},
    "geometry":{"type": "Point", "coordinates":[-19.0016,50.1912]}}
,   {"type":"Feature", "properties":{"level1":38, "nodPos1":85},
    "geometry":{"type": "Point", "coordinates":[-19.2966,50.2504]}}
,   {"type":"Feature", "properties":{"level1":38, "nodPos1":86},
    "geometry":{"type": "Point", "coordinates":[-19.5924,50.3089]}}
,   {"type":"Feature", "properties":{"level1":38, "nodPos1":87},
    "geometry":{"type": "Point", "coordinates":[-19.8889,50.3666]}}
,   {"type":"Feature", "properties":{"level1":38, "nodPos1":88},
    "geometry":{"type": "Point", "coordinates":[-20.1861,50.4235]}}
,   {"type":"Feature", "properties":{"level1":38, "nodPos1":89},
    "geometry":{"type": "Point", "coordinates":[-20.4840,50.4797]}}
,   {"type":"Feature", "properties":{"level1":38, "nodPos1":90},
    "geometry":{"type": "Point", "coordinates":[-20.7827,50.5352]}}
,   {"type":"Feature", "properties":{"level1":39, "nodPos1":20},
    "geometry":{"type": "Point", "coordinates":[-2.8437,43.6513]}}
,   {"type":"Feature", "properties":{"level1":39, "nodPos1":21},
    "geometry":{"type": "Point", "coordinates":[-2.8814,43.6670]}}
,   {"type":"Feature", "properties":{"level1":39, "nodPos1":22},
    "geometry":{"type": "Point", "coordinates":[-3.1189,43.7654]}}
,   {"type":"Feature", "properties":{"level1":39, "nodPos1":23},
    "geometry":{"type": "Point", "coordinates":[-3.3573,43.8632]}}
,   {"type":"Feature", "properties":{"level1":39, "nodPos1":24},
    "geometry":{"type": "Point", "coordinates":[-3.5964,43.9605]}}
,   {"type":"Feature", "properties":{"level1":39, "nodPos1":25},
    "geometry":{"type": "Point", "coordinates":[-3.8363,44.0573]}}
,   {"type":"Feature", "properties":{"level1":39, "nodPos1":26},
    "geometry":{"type": "Point", "coordinates":[-4.0770,44.1536]}}
,   {"type":"Feature", "properties":{"level1":39, "nodPos1":27},
    "geometry":{"type": "Point", "coordinates":[-4.3184,44.2495]}}
,   {"type":"Feature", "properties":{"level1":39, "nodPos1":28},
    "geometry":{"type": "Point", "coordinates":[-4.5607,44.3448]}}
,   {"type":"Feature", "properties":{"level1":39, "nodPos1":29},
    "geometry":{"type": "Point", "coordinates":[-4.8037,44.4395]}}
,   {"type":"Feature", "properties":{"level1":39, "nodPos1":30},
    "geometry":{"type": "Point", "coordinates":[-5.0475,44.5338]}}
,   {"type":"Feature", "properties":{"level1":39, "nodPos1":31},
    "geometry":{"type": "Point", "coordinates":[-5.2921,44.6276]}}
,   {"type":"Feature", "properties":{"level1":39, "nodPos1":32},
    "geometry":{"type": "Point", "coordinates":[-5.5375,44.7208]}}
,   {"type":"Feature", "properties":{"level1":39, "nodPos1":33},
    "geometry":{"type": "Point", "coordinates":[-5.7837,44.8135]}}
,   {"type":"Feature", "properties":{"level1":39, "nodPos1":34},
    "geometry":{"type": "Point", "coordinates":[-6.0307,44.9057]}}
,   {"type":"Feature", "properties":{"level1":39, "nodPos1":35},
    "geometry":{"type": "Point", "coordinates":[-6.2785,44.9973]}}
,   {"type":"Feature", "properties":{"level1":39, "nodPos1":36},
    "geometry":{"type": "Point", "coordinates":[-6.5271,45.0884]}}
,   {"type":"Feature", "properties":{"level1":39, "nodPos1":37},
    "geometry":{"type": "Point", "coordinates":[-6.7764,45.1790]}}
,   {"type":"Feature", "properties":{"level1":39, "nodPos1":38},
    "geometry":{"type": "Point", "coordinates":[-7.0266,45.2690]}}
,   {"type":"Feature", "properties":{"level1":39, "nodPos1":39},
    "geometry":{"type": "Point", "coordinates":[-7.2775,45.3584]}}
,   {"type":"Feature", "properties":{"level1":39, "nodPos1":40},
    "geometry":{"type": "Point", "coordinates":[-7.5292,45.4473]}}
,   {"type":"Feature", "properties":{"level1":39, "nodPos1":41},
    "geometry":{"type": "Point", "coordinates":[-7.7818,45.5357]}}
,   {"type":"Feature", "properties":{"level1":39, "nodPos1":42},
    "geometry":{"type": "Point", "coordinates":[-8.0351,45.6235]}}
,   {"type":"Feature", "properties":{"level1":39, "nodPos1":43},
    "geometry":{"type": "Point", "coordinates":[-8.2892,45.7107]}}
,   {"type":"Feature", "properties":{"level1":39, "nodPos1":44},
    "geometry":{"type": "Point", "coordinates":[-8.5441,45.7974]}}
,   {"type":"Feature", "properties":{"level1":39, "nodPos1":45},
    "geometry":{"type": "Point", "coordinates":[-8.7998,45.8835]}}
,   {"type":"Feature", "properties":{"level1":39, "nodPos1":46},
    "geometry":{"type": "Point", "coordinates":[-9.0563,45.9691]}}
,   {"type":"Feature", "properties":{"level1":39, "nodPos1":47},
    "geometry":{"type": "Point", "coordinates":[-9.3136,46.0540]}}
,   {"type":"Feature", "properties":{"level1":39, "nodPos1":48},
    "geometry":{"type": "Point", "coordinates":[-9.5716,46.1384]}}
,   {"type":"Feature", "properties":{"level1":39, "nodPos1":49},
    "geometry":{"type": "Point", "coordinates":[-9.8305,46.2222]}}
,   {"type":"Feature", "properties":{"level1":39, "nodPos1":50},
    "geometry":{"type": "Point", "coordinates":[-10.0901,46.3054]}}
,   {"type":"Feature", "properties":{"level1":39, "nodPos1":51},
    "geometry":{"type": "Point", "coordinates":[-10.3505,46.3880]}}
,   {"type":"Feature", "properties":{"level1":39, "nodPos1":52},
    "geometry":{"type": "Point", "coordinates":[-10.6118,46.4701]}}
,   {"type":"Feature", "properties":{"level1":39, "nodPos1":53},
    "geometry":{"type": "Point", "coordinates":[-10.8738,46.5515]}}
,   {"type":"Feature", "properties":{"level1":39, "nodPos1":54},
    "geometry":{"type": "Point", "coordinates":[-11.1366,46.6323]}}
,   {"type":"Feature", "properties":{"level1":39, "nodPos1":55},
    "geometry":{"type": "Point", "coordinates":[-11.4001,46.7125]}}
,   {"type":"Feature", "properties":{"level1":39, "nodPos1":56},
    "geometry":{"type": "Point", "coordinates":[-11.6645,46.7922]}}
,   {"type":"Feature", "properties":{"level1":39, "nodPos1":57},
    "geometry":{"type": "Point", "coordinates":[-11.9296,46.8712]}}
,   {"type":"Feature", "properties":{"level1":39, "nodPos1":58},
    "geometry":{"type": "Point", "coordinates":[-12.1955,46.9496]}}
,   {"type":"Feature", "properties":{"level1":39, "nodPos1":59},
    "geometry":{"type": "Point", "coordinates":[-12.4622,47.0274]}}
,   {"type":"Feature", "properties":{"level1":39, "nodPos1":60},
    "geometry":{"type": "Point", "coordinates":[-12.7297,47.1045]}}
,   {"type":"Feature", "properties":{"level1":39, "nodPos1":61},
    "geometry":{"type": "Point", "coordinates":[-12.9979,47.1810]}}
,   {"type":"Feature", "properties":{"level1":39, "nodPos1":62},
    "geometry":{"type": "Point", "coordinates":[-13.2669,47.2570]}}
,   {"type":"Feature", "properties":{"level1":39, "nodPos1":63},
    "geometry":{"type": "Point", "coordinates":[-13.5367,47.3322]}}
,   {"type":"Feature", "properties":{"level1":39, "nodPos1":64},
    "geometry":{"type": "Point", "coordinates":[-13.8073,47.4069]}}
,   {"type":"Feature", "properties":{"level1":39, "nodPos1":65},
    "geometry":{"type": "Point", "coordinates":[-14.0786,47.4809]}}
,   {"type":"Feature", "properties":{"level1":39, "nodPos1":66},
    "geometry":{"type": "Point", "coordinates":[-14.3506,47.5542]}}
,   {"type":"Feature", "properties":{"level1":39, "nodPos1":67},
    "geometry":{"type": "Point", "coordinates":[-14.6235,47.6269]}}
,   {"type":"Feature", "properties":{"level1":39, "nodPos1":68},
    "geometry":{"type": "Point", "coordinates":[-14.8971,47.6990]}}
,   {"type":"Feature", "properties":{"level1":39, "nodPos1":69},
    "geometry":{"type": "Point", "coordinates":[-15.1714,47.7704]}}
,   {"type":"Feature", "properties":{"level1":39, "nodPos1":70},
    "geometry":{"type": "Point", "coordinates":[-15.4465,47.8412]}}
,   {"type":"Feature", "properties":{"level1":39, "nodPos1":71},
    "geometry":{"type": "Point", "coordinates":[-15.7223,47.9113]}}
,   {"type":"Feature", "properties":{"level1":39, "nodPos1":72},
    "geometry":{"type": "Point", "coordinates":[-15.9989,47.9807]}}
,   {"type":"Feature", "properties":{"level1":39, "nodPos1":73},
    "geometry":{"type": "Point", "coordinates":[-16.2763,48.0495]}}
,   {"type":"Feature", "properties":{"level1":39, "nodPos1":74},
    "geometry":{"type": "Point", "coordinates":[-16.5543,48.1176]}}
,   {"type":"Feature", "properties":{"level1":39, "nodPos1":75},
    "geometry":{"type": "Point", "coordinates":[-16.8331,48.1850]}}
,   {"type":"Feature", "properties":{"level1":39, "nodPos1":76},
    "geometry":{"type": "Point", "coordinates":[-17.1126,48.2518]}}
,   {"type":"Feature", "properties":{"level1":39, "nodPos1":77},
    "geometry":{"type": "Point", "coordinates":[-17.3929,48.3179]}}
,   {"type":"Feature", "properties":{"level1":39, "nodPos1":78},
    "geometry":{"type": "Point", "coordinates":[-17.6739,48.3832]}}
,   {"type":"Feature", "properties":{"level1":39, "nodPos1":79},
    "geometry":{"type": "Point", "coordinates":[-17.9556,48.4480]}}
,   {"type":"Feature", "properties":{"level1":39, "nodPos1":80},
    "geometry":{"type": "Point", "coordinates":[-18.2380,48.5120]}}
,   {"type":"Feature", "properties":{"level1":39, "nodPos1":81},
    "geometry":{"type": "Point", "coordinates":[-18.5211,48.5753]}}
,   {"type":"Feature", "properties":{"level1":39, "nodPos1":82},
    "geometry":{"type": "Point", "coordinates":[-18.8050,48.6379]}}
,   {"type":"Feature", "properties":{"level1":39, "nodPos1":83},
    "geometry":{"type": "Point", "coordinates":[-19.0895,48.6999]}}
,   {"type":"Feature", "properties":{"level1":39, "nodPos1":84},
    "geometry":{"type": "Point", "coordinates":[-19.3747,48.7611]}}
,   {"type":"Feature", "properties":{"level1":39, "nodPos1":85},
    "geometry":{"type": "Point", "coordinates":[-19.6606,48.8216]}}
,   {"type":"Feature", "properties":{"level1":39, "nodPos1":86},
    "geometry":{"type": "Point", "coordinates":[-19.9473,48.8814]}}
,   {"type":"Feature", "properties":{"level1":39, "nodPos1":87},
    "geometry":{"type": "Point", "coordinates":[-20.2345,48.9405]}}
,   {"type":"Feature", "properties":{"level1":39, "nodPos1":88},
    "geometry":{"type": "Point", "coordinates":[-20.5225,48.9989]}}
,   {"type":"Feature", "properties":{"level1":39, "nodPos1":89},
    "geometry":{"type": "Point", "coordinates":[-20.8112,49.0566]}}
,   {"type":"Feature", "properties":{"level1":39, "nodPos1":90},
    "geometry":{"type": "Point", "coordinates":[-21.1005,49.1135]}}
,   {"type":"Feature", "properties":{"level1":40, "nodPos1":0},
    "geometry":{"type": "Point", "coordinates":[1.1579,40.2833]}}
,   {"type":"Feature", "properties":{"level1":40, "nodPos1":1},
    "geometry":{"type": "Point", "coordinates":[0.9361,40.3860]}}
,   {"type":"Feature", "properties":{"level1":40, "nodPos1":2},
    "geometry":{"type": "Point", "coordinates":[0.8496,40.4257]}}
,   {"type":"Feature", "properties":{"level1":40, "nodPos1":39},
    "geometry":{"type": "Point", "coordinates":[-8.0074,43.9457]}}
,   {"type":"Feature", "properties":{"level1":40, "nodPos1":40},
    "geometry":{"type": "Point", "coordinates":[-8.2564,44.0296]}}
,   {"type":"Feature", "properties":{"level1":40, "nodPos1":41},
    "geometry":{"type": "Point", "coordinates":[-8.5062,44.1130]}}
,   {"type":"Feature", "properties":{"level1":40, "nodPos1":42},
    "geometry":{"type": "Point", "coordinates":[-8.7566,44.1958]}}
,   {"type":"Feature", "properties":{"level1":40, "nodPos1":43},
    "geometry":{"type": "Point", "coordinates":[-9.0078,44.2780]}}
,   {"type":"Feature", "properties":{"level1":40, "nodPos1":44},
    "geometry":{"type": "Point", "coordinates":[-9.2596,44.3597]}}
,   {"type":"Feature", "properties":{"level1":40, "nodPos1":45},
    "geometry":{"type": "Point", "coordinates":[-9.5122,44.4409]}}
,   {"type":"Feature", "properties":{"level1":40, "nodPos1":46},
    "geometry":{"type": "Point", "coordinates":[-9.7654,44.5215]}}
,   {"type":"Feature", "properties":{"level1":40, "nodPos1":47},
    "geometry":{"type": "Point", "coordinates":[-10.0194,44.6015]}}
,   {"type":"Feature", "properties":{"level1":40, "nodPos1":48},
    "geometry":{"type": "Point", "coordinates":[-10.2740,44.6810]}}
,   {"type":"Feature", "properties":{"level1":40, "nodPos1":49},
    "geometry":{"type": "Point", "coordinates":[-10.5294,44.7599]}}
,   {"type":"Feature", "properties":{"level1":40, "nodPos1":50},
    "geometry":{"type": "Point", "coordinates":[-10.7854,44.8382]}}
,   {"type":"Feature", "properties":{"level1":40, "nodPos1":51},
    "geometry":{"type": "Point", "coordinates":[-11.0421,44.9160]}}
,   {"type":"Feature", "properties":{"level1":40, "nodPos1":52},
    "geometry":{"type": "Point", "coordinates":[-11.2996,44.9932]}}
,   {"type":"Feature", "properties":{"level1":40, "nodPos1":53},
    "geometry":{"type": "Point", "coordinates":[-11.5577,45.0698]}}
,   {"type":"Feature", "properties":{"level1":40, "nodPos1":54},
    "geometry":{"type": "Point", "coordinates":[-11.8165,45.1458]}}
,   {"type":"Feature", "properties":{"level1":40, "nodPos1":55},
    "geometry":{"type": "Point", "coordinates":[-12.0760,45.2212]}}
,   {"type":"Feature", "properties":{"level1":40, "nodPos1":56},
    "geometry":{"type": "Point", "coordinates":[-12.3362,45.2961]}}
,   {"type":"Feature", "properties":{"level1":40, "nodPos1":57},
    "geometry":{"type": "Point", "coordinates":[-12.5971,45.3703]}}
,   {"type":"Feature", "properties":{"level1":40, "nodPos1":58},
    "geometry":{"type": "Point", "coordinates":[-12.8586,45.4440]}}
,   {"type":"Feature", "properties":{"level1":40, "nodPos1":59},
    "geometry":{"type": "Point", "coordinates":[-13.1209,45.5170]}}
,   {"type":"Feature", "properties":{"level1":40, "nodPos1":60},
    "geometry":{"type": "Point", "coordinates":[-13.3838,45.5895]}}
,   {"type":"Feature", "properties":{"level1":40, "nodPos1":61},
    "geometry":{"type": "Point", "coordinates":[-13.6474,45.6614]}}
,   {"type":"Feature", "properties":{"level1":40, "nodPos1":62},
    "geometry":{"type": "Point", "coordinates":[-13.9116,45.7326]}}
,   {"type":"Feature", "properties":{"level1":40, "nodPos1":63},
    "geometry":{"type": "Point", "coordinates":[-14.1766,45.8032]}}
,   {"type":"Feature", "properties":{"level1":40, "nodPos1":64},
    "geometry":{"type": "Point", "coordinates":[-14.4422,45.8733]}}
,   {"type":"Feature", "properties":{"level1":40, "nodPos1":65},
    "geometry":{"type": "Point", "coordinates":[-14.7085,45.9427]}}
,   {"type":"Feature", "properties":{"level1":40, "nodPos1":66},
    "geometry":{"type": "Point", "coordinates":[-14.9754,46.0114]}}
,   {"type":"Feature", "properties":{"level1":40, "nodPos1":67},
    "geometry":{"type": "Point", "coordinates":[-15.2430,46.0796]}}
,   {"type":"Feature", "properties":{"level1":40, "nodPos1":68},
    "geometry":{"type": "Point", "coordinates":[-15.5113,46.1471]}}
,   {"type":"Feature", "properties":{"level1":40, "nodPos1":69},
    "geometry":{"type": "Point", "coordinates":[-15.7802,46.2140]}}
,   {"type":"Feature", "properties":{"level1":40, "nodPos1":70},
    "geometry":{"type": "Point", "coordinates":[-16.0498,46.2803]}}
,   {"type":"Feature", "properties":{"level1":40, "nodPos1":71},
    "geometry":{"type": "Point", "coordinates":[-16.3200,46.3459]}}
,   {"type":"Feature", "properties":{"level1":40, "nodPos1":72},
    "geometry":{"type": "Point", "coordinates":[-16.5909,46.4109]}}
,   {"type":"Feature", "properties":{"level1":40, "nodPos1":73},
    "geometry":{"type": "Point", "coordinates":[-16.8624,46.4753]}}
,   {"type":"Feature", "properties":{"level1":40, "nodPos1":74},
    "geometry":{"type": "Point", "coordinates":[-17.1345,46.5390]}}
,   {"type":"Feature", "properties":{"level1":40, "nodPos1":75},
    "geometry":{"type": "Point", "coordinates":[-17.4073,46.6021]}}
,   {"type":"Feature", "properties":{"level1":40, "nodPos1":76},
    "geometry":{"type": "Point", "coordinates":[-17.6807,46.6645]}}
,   {"type":"Feature", "properties":{"level1":40, "nodPos1":77},
    "geometry":{"type": "Point", "coordinates":[-17.9548,46.7263]}}
,   {"type":"Feature", "properties":{"level1":40, "nodPos1":78},
    "geometry":{"type": "Point", "coordinates":[-18.2294,46.7874]}}
,   {"type":"Feature", "properties":{"level1":40, "nodPos1":79},
    "geometry":{"type": "Point", "coordinates":[-18.5047,46.8478]}}
,   {"type":"Feature", "properties":{"level1":40, "nodPos1":80},
    "geometry":{"type": "Point", "coordinates":[-18.7806,46.9076]}}
,   {"type":"Feature", "properties":{"level1":40, "nodPos1":81},
    "geometry":{"type": "Point", "coordinates":[-19.0572,46.9667]}}
,   {"type":"Feature", "properties":{"level1":40, "nodPos1":82},
    "geometry":{"type": "Point", "coordinates":[-19.3343,47.0252]}}
,   {"type":"Feature", "properties":{"level1":40, "nodPos1":83},
    "geometry":{"type": "Point", "coordinates":[-19.6120,47.0830]}}
,   {"type":"Feature", "properties":{"level1":40, "nodPos1":84},
    "geometry":{"type": "Point", "coordinates":[-19.8904,47.1401]}}
,   {"type":"Feature", "properties":{"level1":40, "nodPos1":85},
    "geometry":{"type": "Point", "coordinates":[-20.1693,47.1965]}}
,   {"type":"Feature", "properties":{"level1":40, "nodPos1":86},
    "geometry":{"type": "Point", "coordinates":[-20.4488,47.2523]}}
,   {"type":"Feature", "properties":{"level1":40, "nodPos1":87},
    "geometry":{"type": "Point", "coordinates":[-20.7289,47.3074]}}
,   {"type":"Feature", "properties":{"level1":40, "nodPos1":88},
    "geometry":{"type": "Point", "coordinates":[-21.0096,47.3618]}}
,   {"type":"Feature", "properties":{"level1":40, "nodPos1":89},
    "geometry":{"type": "Point", "coordinates":[-21.2909,47.4155]}}
,   {"type":"Feature", "properties":{"level1":40, "nodPos1":90},
    "geometry":{"type": "Point", "coordinates":[-21.5727,47.4685]}}
,   {"type":"Feature", "properties":{"level1":41, "nodPos1":0},
    "geometry":{"type": "Point", "coordinates":[1.4542,40.6966]}}
,   {"type":"Feature", "properties":{"level1":41, "nodPos1":1},
    "geometry":{"type": "Point", "coordinates":[1.2068,40.7599]}}
,   {"type":"Feature", "properties":{"level1":41, "nodPos1":2},
    "geometry":{"type": "Point", "coordinates":[1.0764,40.7929]}}
,   {"type":"Feature", "properties":{"level1":41, "nodPos1":42},
    "geometry":{"type": "Point", "coordinates":[-9.5170,42.9062]}}
,   {"type":"Feature", "properties":{"level1":41, "nodPos1":43},
    "geometry":{"type": "Point", "coordinates":[-9.5743,42.9147]}}
,   {"type":"Feature", "properties":{"level1":41, "nodPos1":44},
    "geometry":{"type": "Point", "coordinates":[-9.8393,42.9534]}}
,   {"type":"Feature", "properties":{"level1":41, "nodPos1":45},
    "geometry":{"type": "Point", "coordinates":[-10.1047,42.9915]}}
,   {"type":"Feature", "properties":{"level1":41, "nodPos1":46},
    "geometry":{"type": "Point", "coordinates":[-10.3703,43.0290]}}
,   {"type":"Feature", "properties":{"level1":41, "nodPos1":47},
    "geometry":{"type": "Point", "coordinates":[-10.6363,43.0658]}}
,   {"type":"Feature", "properties":{"level1":41, "nodPos1":48},
    "geometry":{"type": "Point", "coordinates":[-10.9027,43.1021]}}
,   {"type":"Feature", "properties":{"level1":41, "nodPos1":49},
    "geometry":{"type": "Point", "coordinates":[-11.1693,43.1377]}}
,   {"type":"Feature", "properties":{"level1":41, "nodPos1":50},
    "geometry":{"type": "Point", "coordinates":[-11.4362,43.1727]}}
,   {"type":"Feature", "properties":{"level1":41, "nodPos1":51},
    "geometry":{"type": "Point", "coordinates":[-11.7034,43.2071]}}
,   {"type":"Feature", "properties":{"level1":41, "nodPos1":52},
    "geometry":{"type": "Point", "coordinates":[-11.9710,43.2409]}}
,   {"type":"Feature", "properties":{"level1":41, "nodPos1":53},
    "geometry":{"type": "Point", "coordinates":[-12.2388,43.2740]}}
,   {"type":"Feature", "properties":{"level1":41, "nodPos1":54},
    "geometry":{"type": "Point", "coordinates":[-12.5069,43.3065]}}
,   {"type":"Feature", "properties":{"level1":41, "nodPos1":55},
    "geometry":{"type": "Point", "coordinates":[-12.7753,43.3384]}}
,   {"type":"Feature", "properties":{"level1":41, "nodPos1":56},
    "geometry":{"type": "Point", "coordinates":[-13.0440,43.3697]}}
,   {"type":"Feature", "properties":{"level1":41, "nodPos1":57},
    "geometry":{"type": "Point", "coordinates":[-13.3130,43.4003]}}
,   {"type":"Feature", "properties":{"level1":41, "nodPos1":58},
    "geometry":{"type": "Point", "coordinates":[-13.5822,43.4303]}}
,   {"type":"Feature", "properties":{"level1":41, "nodPos1":59},
    "geometry":{"type": "Point", "coordinates":[-13.8517,43.4597]}}
,   {"type":"Feature", "properties":{"level1":41, "nodPos1":60},
    "geometry":{"type": "Point", "coordinates":[-14.1214,43.4884]}}
,   {"type":"Feature", "properties":{"level1":41, "nodPos1":61},
    "geometry":{"type": "Point", "coordinates":[-14.3914,43.5165]}}
,   {"type":"Feature", "properties":{"level1":41, "nodPos1":62},
    "geometry":{"type": "Point", "coordinates":[-14.6617,43.5440]}}
,   {"type":"Feature", "properties":{"level1":41, "nodPos1":63},
    "geometry":{"type": "Point", "coordinates":[-14.9322,43.5708]}}
,   {"type":"Feature", "properties":{"level1":41, "nodPos1":64},
    "geometry":{"type": "Point", "coordinates":[-15.2029,43.5970]}}
,   {"type":"Feature", "properties":{"level1":41, "nodPos1":65},
    "geometry":{"type": "Point", "coordinates":[-15.4739,43.6225]}}
,   {"type":"Feature", "properties":{"level1":41, "nodPos1":66},
    "geometry":{"type": "Point", "coordinates":[-15.7451,43.6474]}}
,   {"type":"Feature", "properties":{"level1":41, "nodPos1":67},
    "geometry":{"type": "Point", "coordinates":[-16.0165,43.6717]}}
,   {"type":"Feature", "properties":{"level1":41, "nodPos1":68},
    "geometry":{"type": "Point", "coordinates":[-16.2881,43.6953]}}
,   {"type":"Feature", "properties":{"level1":41, "nodPos1":69},
    "geometry":{"type": "Point", "coordinates":[-16.5600,43.7183]}}
,   {"type":"Feature", "properties":{"level1":41, "nodPos1":70},
    "geometry":{"type": "Point", "coordinates":[-16.8320,43.7406]}}
,   {"type":"Feature", "properties":{"level1":41, "nodPos1":71},
    "geometry":{"type": "Point", "coordinates":[-17.1043,43.7623]}}
,   {"type":"Feature", "properties":{"level1":41, "nodPos1":72},
    "geometry":{"type": "Point", "coordinates":[-17.3767,43.7834]}}
,   {"type":"Feature", "properties":{"level1":41, "nodPos1":73},
    "geometry":{"type": "Point", "coordinates":[-17.6493,43.8038]}}
,   {"type":"Feature", "properties":{"level1":41, "nodPos1":74},
    "geometry":{"type": "Point", "coordinates":[-17.9222,43.8235]}}
,   {"type":"Feature", "properties":{"level1":41, "nodPos1":75},
    "geometry":{"type": "Point", "coordinates":[-18.1952,43.8426]}}
,   {"type":"Feature", "properties":{"level1":41, "nodPos1":76},
    "geometry":{"type": "Point", "coordinates":[-18.4683,43.8611]}}
,   {"type":"Feature", "properties":{"level1":41, "nodPos1":77},
    "geometry":{"type": "Point", "coordinates":[-18.7417,43.8789]}}
,   {"type":"Feature", "properties":{"level1":41, "nodPos1":78},
    "geometry":{"type": "Point", "coordinates":[-19.0151,43.8960]}}
,   {"type":"Feature", "properties":{"level1":41, "nodPos1":79},
    "geometry":{"type": "Point", "coordinates":[-19.2888,43.9125]}}
,   {"type":"Feature", "properties":{"level1":41, "nodPos1":80},
    "geometry":{"type": "Point", "coordinates":[-19.5626,43.9283]}}
,   {"type":"Feature", "properties":{"level1":41, "nodPos1":81},
    "geometry":{"type": "Point", "coordinates":[-19.8365,43.9435]}}
,   {"type":"Feature", "properties":{"level1":41, "nodPos1":82},
    "geometry":{"type": "Point", "coordinates":[-20.1106,43.9580]}}
,   {"type":"Feature", "properties":{"level1":41, "nodPos1":83},
    "geometry":{"type": "Point", "coordinates":[-20.3848,43.9719]}}
,   {"type":"Feature", "properties":{"level1":41, "nodPos1":84},
    "geometry":{"type": "Point", "coordinates":[-20.6591,43.9851]}}
,   {"type":"Feature", "properties":{"level1":41, "nodPos1":85},
    "geometry":{"type": "Point", "coordinates":[-20.9336,43.9977]}}
,   {"type":"Feature", "properties":{"level1":41, "nodPos1":86},
    "geometry":{"type": "Point", "coordinates":[-21.2082,44.0096]}}
,   {"type":"Feature", "properties":{"level1":41, "nodPos1":87},
    "geometry":{"type": "Point", "coordinates":[-21.4828,44.0208]}}
,   {"type":"Feature", "properties":{"level1":41, "nodPos1":88},
    "geometry":{"type": "Point", "coordinates":[-21.7576,44.0314]}}
,   {"type":"Feature", "properties":{"level1":41, "nodPos1":89},
    "geometry":{"type": "Point", "coordinates":[-22.0325,44.0414]}}
,   {"type":"Feature", "properties":{"level1":41, "nodPos1":90},
    "geometry":{"type": "Point", "coordinates":[-22.3074,44.0506]}}
,   {"type":"Feature", "properties":{"level1":42, "nodPos1":0},
    "geometry":{"type": "Point", "coordinates":[1.7019,40.8543]}}
,   {"type":"Feature", "properties":{"level1":42, "nodPos1":1},
    "geometry":{"type": "Point", "coordinates":[1.4427,40.8808]}}
,   {"type":"Feature", "properties":{"level1":42, "nodPos1":2},
    "geometry":{"type": "Point", "coordinates":[1.3163,40.8935]}}
,   {"type":"Feature", "properties":{"level1":42, "nodPos1":40},
    "geometry":{"type": "Point", "coordinates":[-9.0004,41.4584]}}
,   {"type":"Feature", "properties":{"level1":42, "nodPos1":41},
    "geometry":{"type": "Point", "coordinates":[-9.0491,41.4589]}}
,   {"type":"Feature", "properties":{"level1":42, "nodPos1":42},
    "geometry":{"type": "Point", "coordinates":[-9.3131,41.4610]}}
,   {"type":"Feature", "properties":{"level1":42, "nodPos1":43},
    "geometry":{"type": "Point", "coordinates":[-9.5771,41.4626]}}
,   {"type":"Feature", "properties":{"level1":42, "nodPos1":44},
    "geometry":{"type": "Point", "coordinates":[-9.8411,41.4636]}}
,   {"type":"Feature", "properties":{"level1":42, "nodPos1":45},
    "geometry":{"type": "Point", "coordinates":[-10.1051,41.4639]}}
,   {"type":"Feature", "properties":{"level1":42, "nodPos1":46},
    "geometry":{"type": "Point", "coordinates":[-10.3691,41.4637]}}
,   {"type":"Feature", "properties":{"level1":42, "nodPos1":47},
    "geometry":{"type": "Point", "coordinates":[-10.6332,41.4628]}}
,   {"type":"Feature", "properties":{"level1":42, "nodPos1":48},
    "geometry":{"type": "Point", "coordinates":[-10.8972,41.4614]}}
,   {"type":"Feature", "properties":{"level1":42, "nodPos1":49},
    "geometry":{"type": "Point", "coordinates":[-11.1612,41.4593]}}
,   {"type":"Feature", "properties":{"level1":42, "nodPos1":50},
    "geometry":{"type": "Point", "coordinates":[-11.4251,41.4567]}}
,   {"type":"Feature", "properties":{"level1":42, "nodPos1":51},
    "geometry":{"type": "Point", "coordinates":[-11.6891,41.4534]}}
,   {"type":"Feature", "properties":{"level1":42, "nodPos1":52},
    "geometry":{"type": "Point", "coordinates":[-11.9530,41.4495]}}
,   {"type":"Feature", "properties":{"level1":42, "nodPos1":53},
    "geometry":{"type": "Point", "coordinates":[-12.2169,41.4451]}}
,   {"type":"Feature", "properties":{"level1":42, "nodPos1":54},
    "geometry":{"type": "Point", "coordinates":[-12.4807,41.4400]}}
,   {"type":"Feature", "properties":{"level1":42, "nodPos1":55},
    "geometry":{"type": "Point", "coordinates":[-12.7445,41.4343]}}
,   {"type":"Feature", "properties":{"level1":42, "nodPos1":56},
    "geometry":{"type": "Point", "coordinates":[-13.0083,41.4280]}}
,   {"type":"Feature", "properties":{"level1":42, "nodPos1":57},
    "geometry":{"type": "Point", "coordinates":[-13.2720,41.4212]}}
,   {"type":"Feature", "properties":{"level1":42, "nodPos1":58},
    "geometry":{"type": "Point", "coordinates":[-13.5356,41.4137]}}
,   {"type":"Feature", "properties":{"level1":42, "nodPos1":59},
    "geometry":{"type": "Point", "coordinates":[-13.7992,41.4056]}}
,   {"type":"Feature", "properties":{"level1":42, "nodPos1":60},
    "geometry":{"type": "Point", "coordinates":[-14.0627,41.3969]}}
,   {"type":"Feature", "properties":{"level1":42, "nodPos1":61},
    "geometry":{"type": "Point", "coordinates":[-14.3262,41.3876]}}
,   {"type":"Feature", "properties":{"level1":42, "nodPos1":62},
    "geometry":{"type": "Point", "coordinates":[-14.5895,41.3777]}}
,   {"type":"Feature", "properties":{"level1":42, "nodPos1":63},
    "geometry":{"type": "Point", "coordinates":[-14.8528,41.3672]}}
,   {"type":"Feature", "properties":{"level1":42, "nodPos1":64},
    "geometry":{"type": "Point", "coordinates":[-15.1160,41.3562]}}
,   {"type":"Feature", "properties":{"level1":42, "nodPos1":65},
    "geometry":{"type": "Point", "coordinates":[-15.3791,41.3445]}}
,   {"type":"Feature", "properties":{"level1":42, "nodPos1":66},
    "geometry":{"type": "Point", "coordinates":[-15.6421,41.3322]}}
,   {"type":"Feature", "properties":{"level1":42, "nodPos1":67},
    "geometry":{"type": "Point", "coordinates":[-15.9050,41.3193]}}
,   {"type":"Feature", "properties":{"level1":42, "nodPos1":68},
    "geometry":{"type": "Point", "coordinates":[-16.1678,41.3058]}}
,   {"type":"Feature", "properties":{"level1":42, "nodPos1":69},
    "geometry":{"type": "Point", "coordinates":[-16.4305,41.2917]}}
,   {"type":"Feature", "properties":{"level1":42, "nodPos1":70},
    "geometry":{"type": "Point", "coordinates":[-16.6931,41.2771]}}
,   {"type":"Feature", "properties":{"level1":42, "nodPos1":71},
    "geometry":{"type": "Point", "coordinates":[-16.9555,41.2618]}}
,   {"type":"Feature", "properties":{"level1":42, "nodPos1":72},
    "geometry":{"type": "Point", "coordinates":[-17.2178,41.2459]}}
,   {"type":"Feature", "properties":{"level1":42, "nodPos1":73},
    "geometry":{"type": "Point", "coordinates":[-17.4800,41.2295]}}
,   {"type":"Feature", "properties":{"level1":42, "nodPos1":74},
    "geometry":{"type": "Point", "coordinates":[-17.7421,41.2124]}}
,   {"type":"Feature", "properties":{"level1":42, "nodPos1":75},
    "geometry":{"type": "Point", "coordinates":[-18.0040,41.1947]}}
,   {"type":"Feature", "properties":{"level1":42, "nodPos1":76},
    "geometry":{"type": "Point", "coordinates":[-18.2658,41.1765]}}
,   {"type":"Feature", "properties":{"level1":42, "nodPos1":77},
    "geometry":{"type": "Point", "coordinates":[-18.5274,41.1577]}}
,   {"type":"Feature", "properties":{"level1":42, "nodPos1":78},
    "geometry":{"type": "Point", "coordinates":[-18.7889,41.1382]}}
,   {"type":"Feature", "properties":{"level1":42, "nodPos1":79},
    "geometry":{"type": "Point", "coordinates":[-19.0502,41.1182]}}
,   {"type":"Feature", "properties":{"level1":42, "nodPos1":80},
    "geometry":{"type": "Point", "coordinates":[-19.3114,41.0976]}}
,   {"type":"Feature", "properties":{"level1":42, "nodPos1":81},
    "geometry":{"type": "Point", "coordinates":[-19.5724,41.0764]}}
,   {"type":"Feature", "properties":{"level1":42, "nodPos1":82},
    "geometry":{"type": "Point", "coordinates":[-19.8332,41.0546]}}
,   {"type":"Feature", "properties":{"level1":42, "nodPos1":83},
    "geometry":{"type": "Point", "coordinates":[-20.0938,41.0323]}}
,   {"type":"Feature", "properties":{"level1":42, "nodPos1":84},
    "geometry":{"type": "Point", "coordinates":[-20.3543,41.0093]}}
,   {"type":"Feature", "properties":{"level1":42, "nodPos1":85},
    "geometry":{"type": "Point", "coordinates":[-20.6146,40.9857]}}
,   {"type":"Feature", "properties":{"level1":42, "nodPos1":86},
    "geometry":{"type": "Point", "coordinates":[-20.8747,40.9616]}}
,   {"type":"Feature", "properties":{"level1":42, "nodPos1":87},
    "geometry":{"type": "Point", "coordinates":[-21.1346,40.9369]}}
,   {"type":"Feature", "properties":{"level1":42, "nodPos1":88},
    "geometry":{"type": "Point", "coordinates":[-21.3943,40.9116]}}
,   {"type":"Feature", "properties":{"level1":42, "nodPos1":89},
    "geometry":{"type": "Point", "coordinates":[-21.6538,40.8857]}}
,   {"type":"Feature", "properties":{"level1":42, "nodPos1":90},
    "geometry":{"type": "Point", "coordinates":[-21.9131,40.8592]}}
,   {"type":"Feature", "properties":{"level1":43, "nodPos1":0},
    "geometry":{"type": "Point", "coordinates":[1.4894,39.6943]}}
,   {"type":"Feature", "properties":{"level1":43, "nodPos1":1},
    "geometry":{"type": "Point", "coordinates":[1.2333,39.7122]}}
,   {"type":"Feature", "properties":{"level1":43, "nodPos1":2},
    "geometry":{"type": "Point", "coordinates":[0.9771,39.7295]}}
,   {"type":"Feature", "properties":{"level1":43, "nodPos1":3},
    "geometry":{"type": "Point", "coordinates":[0.7207,39.7463]}}
,   {"type":"Feature", "properties":{"level1":43, "nodPos1":4},
    "geometry":{"type": "Point", "coordinates":[0.4642,39.7625]}}
,   {"type":"Feature", "properties":{"level1":43, "nodPos1":5},
    "geometry":{"type": "Point", "coordinates":[0.2076,39.7781]}}
,   {"type":"Feature", "properties":{"level1":43, "nodPos1":6},
    "geometry":{"type": "Point", "coordinates":[0.1496,39.7815]}}
,   {"type":"Feature", "properties":{"level1":43, "nodPos1":41},
    "geometry":{"type": "Point", "coordinates":[-9.1761,39.9596]}}
,   {"type":"Feature", "properties":{"level1":43, "nodPos1":42},
    "geometry":{"type": "Point", "coordinates":[-9.3318,39.9563]}}
,   {"type":"Feature", "properties":{"level1":43, "nodPos1":43},
    "geometry":{"type": "Point", "coordinates":[-9.5898,39.9502]}}
,   {"type":"Feature", "properties":{"level1":43, "nodPos1":44},
    "geometry":{"type": "Point", "coordinates":[-9.8477,39.9436]}}
,   {"type":"Feature", "properties":{"level1":43, "nodPos1":45},
    "geometry":{"type": "Point", "coordinates":[-10.1056,39.9364]}}
,   {"type":"Feature", "properties":{"level1":43, "nodPos1":46},
    "geometry":{"type": "Point", "coordinates":[-10.3634,39.9286]}}
,   {"type":"Feature", "properties":{"level1":43, "nodPos1":47},
    "geometry":{"type": "Point", "coordinates":[-10.6211,39.9203]}}
,   {"type":"Feature", "properties":{"level1":43, "nodPos1":48},
    "geometry":{"type": "Point", "coordinates":[-10.8788,39.9113]}}
,   {"type":"Feature", "properties":{"level1":43, "nodPos1":49},
    "geometry":{"type": "Point", "coordinates":[-11.1365,39.9019]}}
,   {"type":"Feature", "properties":{"level1":43, "nodPos1":50},
    "geometry":{"type": "Point", "coordinates":[-11.3940,39.8918]}}
,   {"type":"Feature", "properties":{"level1":43, "nodPos1":51},
    "geometry":{"type": "Point", "coordinates":[-11.6515,39.8812]}}
,   {"type":"Feature", "properties":{"level1":43, "nodPos1":52},
    "geometry":{"type": "Point", "coordinates":[-11.9089,39.8700]}}
,   {"type":"Feature", "properties":{"level1":43, "nodPos1":53},
    "geometry":{"type": "Point", "coordinates":[-12.1662,39.8582]}}
,   {"type":"Feature", "properties":{"level1":43, "nodPos1":54},
    "geometry":{"type": "Point", "coordinates":[-12.4234,39.8459]}}
,   {"type":"Feature", "properties":{"level1":43, "nodPos1":55},
    "geometry":{"type": "Point", "coordinates":[-12.6805,39.8330]}}
,   {"type":"Feature", "properties":{"level1":43, "nodPos1":56},
    "geometry":{"type": "Point", "coordinates":[-12.9376,39.8196]}}
,   {"type":"Feature", "properties":{"level1":43, "nodPos1":57},
    "geometry":{"type": "Point", "coordinates":[-13.1945,39.8055]}}
,   {"type":"Feature", "properties":{"level1":43, "nodPos1":58},
    "geometry":{"type": "Point", "coordinates":[-13.4513,39.7909]}}
,   {"type":"Feature", "properties":{"level1":43, "nodPos1":59},
    "geometry":{"type": "Point", "coordinates":[-13.7080,39.7758]}}
,   {"type":"Feature", "properties":{"level1":43, "nodPos1":60},
    "geometry":{"type": "Point", "coordinates":[-13.9646,39.7600]}}
,   {"type":"Feature", "properties":{"level1":43, "nodPos1":61},
    "geometry":{"type": "Point", "coordinates":[-14.2211,39.7438]}}
,   {"type":"Feature", "properties":{"level1":43, "nodPos1":62},
    "geometry":{"type": "Point", "coordinates":[-14.4774,39.7269]}}
,   {"type":"Feature", "properties":{"level1":43, "nodPos1":63},
    "geometry":{"type": "Point", "coordinates":[-14.7336,39.7095]}}
,   {"type":"Feature", "properties":{"level1":43, "nodPos1":64},
    "geometry":{"type": "Point", "coordinates":[-14.9897,39.6915]}}
,   {"type":"Feature", "properties":{"level1":43, "nodPos1":65},
    "geometry":{"type": "Point", "coordinates":[-15.2457,39.6729]}}
,   {"type":"Feature", "properties":{"level1":43, "nodPos1":66},
    "geometry":{"type": "Point", "coordinates":[-15.5015,39.6538]}}
,   {"type":"Feature", "properties":{"level1":43, "nodPos1":67},
    "geometry":{"type": "Point", "coordinates":[-15.7571,39.6342]}}
,   {"type":"Feature", "properties":{"level1":43, "nodPos1":68},
    "geometry":{"type": "Point", "coordinates":[-16.0127,39.6139]}}
,   {"type":"Feature", "properties":{"level1":43, "nodPos1":69},
    "geometry":{"type": "Point", "coordinates":[-16.2680,39.5932]}}
,   {"type":"Feature", "properties":{"level1":43, "nodPos1":70},
    "geometry":{"type": "Point", "coordinates":[-16.5233,39.5718]}}
,   {"type":"Feature", "properties":{"level1":43, "nodPos1":71},
    "geometry":{"type": "Point", "coordinates":[-16.7783,39.5499]}}
,   {"type":"Feature", "properties":{"level1":43, "nodPos1":72},
    "geometry":{"type": "Point", "coordinates":[-17.0332,39.5275]}}
,   {"type":"Feature", "properties":{"level1":43, "nodPos1":73},
    "geometry":{"type": "Point", "coordinates":[-17.2879,39.5044]}}
,   {"type":"Feature", "properties":{"level1":43, "nodPos1":74},
    "geometry":{"type": "Point", "coordinates":[-17.5425,39.4809]}}
,   {"type":"Feature", "properties":{"level1":43, "nodPos1":75},
    "geometry":{"type": "Point", "coordinates":[-17.7969,39.4567]}}
,   {"type":"Feature", "properties":{"level1":43, "nodPos1":76},
    "geometry":{"type": "Point", "coordinates":[-18.0511,39.4321]}}
,   {"type":"Feature", "properties":{"level1":43, "nodPos1":77},
    "geometry":{"type": "Point", "coordinates":[-18.3051,39.4068]}}
,   {"type":"Feature", "properties":{"level1":43, "nodPos1":78},
    "geometry":{"type": "Point", "coordinates":[-18.5589,39.3810]}}
,   {"type":"Feature", "properties":{"level1":43, "nodPos1":79},
    "geometry":{"type": "Point", "coordinates":[-18.8126,39.3547]}}
,   {"type":"Feature", "properties":{"level1":43, "nodPos1":80},
    "geometry":{"type": "Point", "coordinates":[-19.0660,39.3278]}}
,   {"type":"Feature", "properties":{"level1":43, "nodPos1":81},
    "geometry":{"type": "Point", "coordinates":[-19.3193,39.3004]}}
,   {"type":"Feature", "properties":{"level1":43, "nodPos1":82},
    "geometry":{"type": "Point", "coordinates":[-19.5723,39.2724]}}
,   {"type":"Feature", "properties":{"level1":43, "nodPos1":83},
    "geometry":{"type": "Point", "coordinates":[-19.8252,39.2439]}}
,   {"type":"Feature", "properties":{"level1":43, "nodPos1":84},
    "geometry":{"type": "Point", "coordinates":[-20.0778,39.2148]}}
,   {"type":"Feature", "properties":{"level1":43, "nodPos1":85},
    "geometry":{"type": "Point", "coordinates":[-20.3303,39.1852]}}
,   {"type":"Feature", "properties":{"level1":43, "nodPos1":86},
    "geometry":{"type": "Point", "coordinates":[-20.5825,39.1550]}}
,   {"type":"Feature", "properties":{"level1":43, "nodPos1":87},
    "geometry":{"type": "Point", "coordinates":[-20.8345,39.1243]}}
,   {"type":"Feature", "properties":{"level1":43, "nodPos1":88},
    "geometry":{"type": "Point", "coordinates":[-21.0862,39.0930]}}
,   {"type":"Feature", "properties":{"level1":43, "nodPos1":89},
    "geometry":{"type": "Point", "coordinates":[-21.3378,39.0612]}}
,   {"type":"Feature", "properties":{"level1":43, "nodPos1":90},
    "geometry":{"type": "Point", "coordinates":[-21.5891,39.0289]}}
,   {"type":"Feature", "properties":{"level1":44, "nodPos1":0},
    "geometry":{"type": "Point", "coordinates":[1.2643,40.3752]}}
,   {"type":"Feature", "properties":{"level1":44, "nodPos1":1},
    "geometry":{"type": "Point", "coordinates":[1.0079,40.3439]}}
,   {"type":"Feature", "properties":{"level1":44, "nodPos1":2},
    "geometry":{"type": "Point", "coordinates":[0.7518,40.3120]}}
,   {"type":"Feature", "properties":{"level1":44, "nodPos1":3},
    "geometry":{"type": "Point", "coordinates":[0.6330,40.2970]}}
,   {"type":"Feature", "properties":{"level1":44, "nodPos1":43},
    "geometry":{"type": "Point", "coordinates":[-9.5920,38.5144]}}
,   {"type":"Feature", "properties":{"level1":44, "nodPos1":44},
    "geometry":{"type": "Point", "coordinates":[-9.7441,38.4804]}}
,   {"type":"Feature", "properties":{"level1":44, "nodPos1":45},
    "geometry":{"type": "Point", "coordinates":[-9.9868,38.4255]}}
,   {"type":"Feature", "properties":{"level1":44, "nodPos1":46},
    "geometry":{"type": "Point", "coordinates":[-10.2292,38.3701]}}
,   {"type":"Feature", "properties":{"level1":44, "nodPos1":47},
    "geometry":{"type": "Point", "coordinates":[-10.4712,38.3143]}}
,   {"type":"Feature", "properties":{"level1":44, "nodPos1":48},
    "geometry":{"type": "Point", "coordinates":[-10.7128,38.2579]}}
,   {"type":"Feature", "properties":{"level1":44, "nodPos1":49},
    "geometry":{"type": "Point", "coordinates":[-10.9541,38.2010]}}
,   {"type":"Feature", "properties":{"level1":44, "nodPos1":50},
    "geometry":{"type": "Point", "coordinates":[-11.1949,38.1437]}}
,   {"type":"Feature", "properties":{"level1":44, "nodPos1":51},
    "geometry":{"type": "Point", "coordinates":[-11.4354,38.0858]}}
,   {"type":"Feature", "properties":{"level1":44, "nodPos1":52},
    "geometry":{"type": "Point", "coordinates":[-11.6755,38.0275]}}
,   {"type":"Feature", "properties":{"level1":44, "nodPos1":53},
    "geometry":{"type": "Point", "coordinates":[-11.9152,37.9687]}}
,   {"type":"Feature", "properties":{"level1":44, "nodPos1":54},
    "geometry":{"type": "Point", "coordinates":[-12.1545,37.9093]}}
,   {"type":"Feature", "properties":{"level1":44, "nodPos1":55},
    "geometry":{"type": "Point", "coordinates":[-12.3935,37.8496]}}
,   {"type":"Feature", "properties":{"level1":44, "nodPos1":56},
    "geometry":{"type": "Point", "coordinates":[-12.6320,37.7893]}}
,   {"type":"Feature", "properties":{"level1":44, "nodPos1":57},
    "geometry":{"type": "Point", "coordinates":[-12.8702,37.7285]}}
,   {"type":"Feature", "properties":{"level1":44, "nodPos1":58},
    "geometry":{"type": "Point", "coordinates":[-13.1080,37.6673]}}
,   {"type":"Feature", "properties":{"level1":44, "nodPos1":59},
    "geometry":{"type": "Point", "coordinates":[-13.3454,37.6056]}}
,   {"type":"Feature", "properties":{"level1":44, "nodPos1":60},
    "geometry":{"type": "Point", "coordinates":[-13.5823,37.5434]}}
,   {"type":"Feature", "properties":{"level1":44, "nodPos1":61},
    "geometry":{"type": "Point", "coordinates":[-13.8189,37.4807]}}
,   {"type":"Feature", "properties":{"level1":44, "nodPos1":62},
    "geometry":{"type": "Point", "coordinates":[-14.0551,37.4176]}}
,   {"type":"Feature", "properties":{"level1":44, "nodPos1":63},
    "geometry":{"type": "Point", "coordinates":[-14.2909,37.3540]}}
,   {"type":"Feature", "properties":{"level1":44, "nodPos1":64},
    "geometry":{"type": "Point", "coordinates":[-14.5263,37.2899]}}
,   {"type":"Feature", "properties":{"level1":44, "nodPos1":65},
    "geometry":{"type": "Point", "coordinates":[-14.7613,37.2254]}}
,   {"type":"Feature", "properties":{"level1":44, "nodPos1":66},
    "geometry":{"type": "Point", "coordinates":[-14.9959,37.1604]}}
,   {"type":"Feature", "properties":{"level1":44, "nodPos1":67},
    "geometry":{"type": "Point", "coordinates":[-15.2300,37.0949]}}
,   {"type":"Feature", "properties":{"level1":44, "nodPos1":68},
    "geometry":{"type": "Point", "coordinates":[-15.4638,37.0290]}}
,   {"type":"Feature", "properties":{"level1":44, "nodPos1":69},
    "geometry":{"type": "Point", "coordinates":[-15.6972,36.9627]}}
,   {"type":"Feature", "properties":{"level1":44, "nodPos1":70},
    "geometry":{"type": "Point", "coordinates":[-15.9301,36.8958]}}
,   {"type":"Feature", "properties":{"level1":44, "nodPos1":71},
    "geometry":{"type": "Point", "coordinates":[-16.1627,36.8285]}}
,   {"type":"Feature", "properties":{"level1":44, "nodPos1":72},
    "geometry":{"type": "Point", "coordinates":[-16.3948,36.7608]}}
,   {"type":"Feature", "properties":{"level1":44, "nodPos1":73},
    "geometry":{"type": "Point", "coordinates":[-16.6266,36.6926]}}
,   {"type":"Feature", "properties":{"level1":44, "nodPos1":74},
    "geometry":{"type": "Point", "coordinates":[-16.8579,36.6240]}}
,   {"type":"Feature", "properties":{"level1":44, "nodPos1":75},
    "geometry":{"type": "Point", "coordinates":[-17.0888,36.5549]}}
,   {"type":"Feature", "properties":{"level1":44, "nodPos1":76},
    "geometry":{"type": "Point", "coordinates":[-17.3193,36.4854]}}
,   {"type":"Feature", "properties":{"level1":44, "nodPos1":77},
    "geometry":{"type": "Point", "coordinates":[-17.5493,36.4154]}}
,   {"type":"Feature", "properties":{"level1":44, "nodPos1":78},
    "geometry":{"type": "Point", "coordinates":[-17.7790,36.3450]}}
,   {"type":"Feature", "properties":{"level1":44, "nodPos1":79},
    "geometry":{"type": "Point", "coordinates":[-18.0082,36.2742]}}
,   {"type":"Feature", "properties":{"level1":44, "nodPos1":80},
    "geometry":{"type": "Point", "coordinates":[-18.2371,36.2029]}}
,   {"type":"Feature", "properties":{"level1":44, "nodPos1":81},
    "geometry":{"type": "Point", "coordinates":[-18.4655,36.1312]}}
,   {"type":"Feature", "properties":{"level1":44, "nodPos1":82},
    "geometry":{"type": "Point", "coordinates":[-18.6935,36.0590]}}
,   {"type":"Feature", "properties":{"level1":44, "nodPos1":83},
    "geometry":{"type": "Point", "coordinates":[-18.9210,35.9864]}}
,   {"type":"Feature", "properties":{"level1":44, "nodPos1":84},
    "geometry":{"type": "Point", "coordinates":[-19.1482,35.9134]}}
,   {"type":"Feature", "properties":{"level1":44, "nodPos1":85},
    "geometry":{"type": "Point", "coordinates":[-19.3749,35.8400]}}
,   {"type":"Feature", "properties":{"level1":44, "nodPos1":86},
    "geometry":{"type": "Point", "coordinates":[-19.6012,35.7661]}}
,   {"type":"Feature", "properties":{"level1":44, "nodPos1":87},
    "geometry":{"type": "Point", "coordinates":[-19.8271,35.6918]}}
,   {"type":"Feature", "properties":{"level1":44, "nodPos1":88},
    "geometry":{"type": "Point", "coordinates":[-20.0526,35.6171]}}
,   {"type":"Feature", "properties":{"level1":44, "nodPos1":89},
    "geometry":{"type": "Point", "coordinates":[-20.2776,35.5420]}}
,   {"type":"Feature", "properties":{"level1":44, "nodPos1":90},
    "geometry":{"type": "Point", "coordinates":[-20.5023,35.4664]}}
,   {"type":"Feature", "properties":{"level1":45, "nodPos1":44},
    "geometry":{"type": "Point", "coordinates":[-9.2051,37.0512]}}
,   {"type":"Feature", "properties":{"level1":45, "nodPos1":45},
    "geometry":{"type": "Point", "coordinates":[-9.2427,37.0159]}}
,   {"type":"Feature", "properties":{"level1":45, "nodPos1":46},
    "geometry":{"type": "Point", "coordinates":[-9.4027,36.8649]}}
,   {"type":"Feature", "properties":{"level1":45, "nodPos1":47},
    "geometry":{"type": "Point", "coordinates":[-9.5620,36.7138]}}
,   {"type":"Feature", "properties":{"level1":45, "nodPos1":48},
    "geometry":{"type": "Point", "coordinates":[-9.7208,36.5624]}}
,   {"type":"Feature", "properties":{"level1":45, "nodPos1":49},
    "geometry":{"type": "Point", "coordinates":[-9.8789,36.4108]}}
,   {"type":"Feature", "properties":{"level1":45, "nodPos1":50},
    "geometry":{"type": "Point", "coordinates":[-10.0364,36.2590]}}
,   {"type":"Feature", "properties":{"level1":45, "nodPos1":51},
    "geometry":{"type": "Point", "coordinates":[-10.1933,36.1069]}}
,   {"type":"Feature", "properties":{"level1":45, "nodPos1":52},
    "geometry":{"type": "Point", "coordinates":[-10.3496,35.9547]}}
,   {"type":"Feature", "properties":{"level1":45, "nodPos1":53},
    "geometry":{"type": "Point", "coordinates":[-10.5053,35.8023]}}
,   {"type":"Feature", "properties":{"level1":45, "nodPos1":54},
    "geometry":{"type": "Point", "coordinates":[-10.6603,35.6497]}}
,   {"type":"Feature", "properties":{"level1":45, "nodPos1":55},
    "geometry":{"type": "Point", "coordinates":[-10.8148,35.4969]}}
,   {"type":"Feature", "properties":{"level1":45, "nodPos1":56},
    "geometry":{"type": "Point", "coordinates":[-10.9687,35.3438]}}
,   {"type":"Feature", "properties":{"level1":45, "nodPos1":57},
    "geometry":{"type": "Point", "coordinates":[-11.1221,35.1906]}}
,   {"type":"Feature", "properties":{"level1":45, "nodPos1":58},
    "geometry":{"type": "Point", "coordinates":[-11.2748,35.0372]}}
,   {"type":"Feature", "properties":{"level1":45, "nodPos1":59},
    "geometry":{"type": "Point", "coordinates":[-11.4270,34.8836]}}
,   {"type":"Feature", "properties":{"level1":45, "nodPos1":60},
    "geometry":{"type": "Point", "coordinates":[-11.5786,34.7298]}}
,   {"type":"Feature", "properties":{"level1":45, "nodPos1":61},
    "geometry":{"type": "Point", "coordinates":[-11.7296,34.5759]}}
,   {"type":"Feature", "properties":{"level1":45, "nodPos1":62},
    "geometry":{"type": "Point", "coordinates":[-11.8801,34.4217]}}
,   {"type":"Feature", "properties":{"level1":45, "nodPos1":63},
    "geometry":{"type": "Point", "coordinates":[-12.0301,34.2674]}}
,   {"type":"Feature", "properties":{"level1":45, "nodPos1":64},
    "geometry":{"type": "Point", "coordinates":[-12.1794,34.1129]}}
,   {"type":"Feature", "properties":{"level1":45, "nodPos1":65},
    "geometry":{"type": "Point", "coordinates":[-12.3283,33.9582]}}
,   {"type":"Feature", "properties":{"level1":45, "nodPos1":66},
    "geometry":{"type": "Point", "coordinates":[-12.4766,33.8033]}}
,   {"type":"Feature", "properties":{"level1":45, "nodPos1":67},
    "geometry":{"type": "Point", "coordinates":[-12.6243,33.6482]}}
,   {"type":"Feature", "properties":{"level1":45, "nodPos1":68},
    "geometry":{"type": "Point", "coordinates":[-12.7716,33.4930]}}
,   {"type":"Feature", "properties":{"level1":45, "nodPos1":69},
    "geometry":{"type": "Point", "coordinates":[-12.9183,33.3376]}}
,   {"type":"Feature", "properties":{"level1":45, "nodPos1":70},
    "geometry":{"type": "Point", "coordinates":[-13.0644,33.1820]}}
,   {"type":"Feature", "properties":{"level1":45, "nodPos1":71},
    "geometry":{"type": "Point", "coordinates":[-13.2101,33.0263]}}
,   {"type":"Feature", "properties":{"level1":45, "nodPos1":72},
    "geometry":{"type": "Point", "coordinates":[-13.3552,32.8704]}}
,   {"type":"Feature", "properties":{"level1":45, "nodPos1":73},
    "geometry":{"type": "Point", "coordinates":[-13.4999,32.7143]}}
,   {"type":"Feature", "properties":{"level1":45, "nodPos1":74},
    "geometry":{"type": "Point", "coordinates":[-13.6440,32.5580]}}
,   {"type":"Feature", "properties":{"level1":45, "nodPos1":75},
    "geometry":{"type": "Point", "coordinates":[-13.7876,32.4016]}}
,   {"type":"Feature", "properties":{"level1":45, "nodPos1":76},
    "geometry":{"type": "Point", "coordinates":[-13.9308,32.2450]}}
,   {"type":"Feature", "properties":{"level1":45, "nodPos1":77},
    "geometry":{"type": "Point", "coordinates":[-14.0734,32.0883]}}
,   {"type":"Feature", "properties":{"level1":45, "nodPos1":78},
    "geometry":{"type": "Point", "coordinates":[-14.2156,31.9314]}}
,   {"type":"Feature", "properties":{"level1":45, "nodPos1":79},
    "geometry":{"type": "Point", "coordinates":[-14.3572,31.7744]}}
,   {"type":"Feature", "properties":{"level1":45, "nodPos1":80},
    "geometry":{"type": "Point", "coordinates":[-14.4984,31.6172]}}
,   {"type":"Feature", "properties":{"level1":45, "nodPos1":81},
    "geometry":{"type": "Point", "coordinates":[-14.6391,31.4598]}}
,   {"type":"Feature", "properties":{"level1":45, "nodPos1":82},
    "geometry":{"type": "Point", "coordinates":[-14.7794,31.3023]}}
,   {"type":"Feature", "properties":{"level1":45, "nodPos1":83},
    "geometry":{"type": "Point", "coordinates":[-14.9191,31.1446]}}
,   {"type":"Feature", "properties":{"level1":45, "nodPos1":84},
    "geometry":{"type": "Point", "coordinates":[-15.0584,30.9868]}}
,   {"type":"Feature", "properties":{"level1":45, "nodPos1":85},
    "geometry":{"type": "Point", "coordinates":[-15.1973,30.8288]}}
,   {"type":"Feature", "properties":{"level1":45, "nodPos1":86},
    "geometry":{"type": "Point", "coordinates":[-15.3357,30.6707]}}
,   {"type":"Feature", "properties":{"level1":45, "nodPos1":87},
    "geometry":{"type": "Point", "coordinates":[-15.4736,30.5124]}}
,   {"type":"Feature", "properties":{"level1":45, "nodPos1":88},
    "geometry":{"type": "Point", "coordinates":[-15.6111,30.3540]}}
,   {"type":"Feature", "properties":{"level1":45, "nodPos1":89},
    "geometry":{"type": "Point", "coordinates":[-15.6785,30.2760]}}
,   {"type":"Feature", "properties":{"level1":46, "nodPos1":0},
    "geometry":{"type": "Point", "coordinates":[-3.9593,44.8673]}}
,   {"type":"Feature", "properties":{"level1":46, "nodPos1":1},
    "geometry":{"type": "Point", "coordinates":[-4.0505,44.6804]}}
,   {"type":"Feature", "properties":{"level1":46, "nodPos1":2},
    "geometry":{"type": "Point", "coordinates":[-4.1411,44.4933]}}
,   {"type":"Feature", "properties":{"level1":46, "nodPos1":3},
    "geometry":{"type": "Point", "coordinates":[-4.2311,44.3062]}}
,   {"type":"Feature", "properties":{"level1":46, "nodPos1":4},
    "geometry":{"type": "Point", "coordinates":[-4.3205,44.1190]}}
,   {"type":"Feature", "properties":{"level1":46, "nodPos1":5},
    "geometry":{"type": "Point", "coordinates":[-4.4094,43.9318]}}
,   {"type":"Feature", "properties":{"level1":46, "nodPos1":6},
    "geometry":{"type": "Point", "coordinates":[-4.4977,43.7445]}}
,   {"type":"Feature", "properties":{"level1":46, "nodPos1":7},
    "geometry":{"type": "Point", "coordinates":[-4.5587,43.6143]}}
,   {"type":"Feature", "properties":{"level1":46, "nodPos1":42},
    "geometry":{"type": "Point", "coordinates":[-7.3569,36.9620]}}
,   {"type":"Feature", "properties":{"level1":46, "nodPos1":43},
    "geometry":{"type": "Point", "coordinates":[-7.4287,36.7727]}}
,   {"type":"Feature", "properties":{"level1":46, "nodPos1":44},
    "geometry":{"type": "Point", "coordinates":[-7.5001,36.5833]}}
,   {"type":"Feature", "properties":{"level1":46, "nodPos1":45},
    "geometry":{"type": "Point", "coordinates":[-7.5712,36.3939]}}
,   {"type":"Feature", "properties":{"level1":46, "nodPos1":46},
    "geometry":{"type": "Point", "coordinates":[-7.6419,36.2044]}}
,   {"type":"Feature", "properties":{"level1":46, "nodPos1":47},
    "geometry":{"type": "Point", "coordinates":[-7.7123,36.0149]}}
,   {"type":"Feature", "properties":{"level1":46, "nodPos1":48},
    "geometry":{"type": "Point", "coordinates":[-7.7824,35.8254]}}
,   {"type":"Feature", "properties":{"level1":46, "nodPos1":49},
    "geometry":{"type": "Point", "coordinates":[-7.8521,35.6358]}}
,   {"type":"Feature", "properties":{"level1":46, "nodPos1":50},
    "geometry":{"type": "Point", "coordinates":[-7.9215,35.4462]}}
,   {"type":"Feature", "properties":{"level1":46, "nodPos1":51},
    "geometry":{"type": "Point", "coordinates":[-7.9906,35.2565]}}
,   {"type":"Feature", "properties":{"level1":46, "nodPos1":52},
    "geometry":{"type": "Point", "coordinates":[-8.0593,35.0668]}}
,   {"type":"Feature", "properties":{"level1":46, "nodPos1":53},
    "geometry":{"type": "Point", "coordinates":[-8.1277,34.8771]}}
,   {"type":"Feature", "properties":{"level1":46, "nodPos1":54},
    "geometry":{"type": "Point", "coordinates":[-8.1959,34.6873]}}
,   {"type":"Feature", "properties":{"level1":46, "nodPos1":55},
    "geometry":{"type": "Point", "coordinates":[-8.2637,34.4975]}}
,   {"type":"Feature", "properties":{"level1":46, "nodPos1":56},
    "geometry":{"type": "Point", "coordinates":[-8.3311,34.3076]}}
,   {"type":"Feature", "properties":{"level1":46, "nodPos1":57},
    "geometry":{"type": "Point", "coordinates":[-8.3983,34.1177]}}
,   {"type":"Feature", "properties":{"level1":46, "nodPos1":58},
    "geometry":{"type": "Point", "coordinates":[-8.4652,33.9278]}}
,   {"type":"Feature", "properties":{"level1":46, "nodPos1":59},
    "geometry":{"type": "Point", "coordinates":[-8.5318,33.7378]}}
,   {"type":"Feature", "properties":{"level1":46, "nodPos1":60},
    "geometry":{"type": "Point", "coordinates":[-8.5981,33.5478]}}
,   {"type":"Feature", "properties":{"level1":46, "nodPos1":61},
    "geometry":{"type": "Point", "coordinates":[-8.6337,33.4454]}}
,   {"type":"Feature", "properties":{"level1":47, "nodPos1":0},
    "geometry":{"type": "Point", "coordinates":[-5.7667,35.9500]}}
]}
